C 2 0 0 0 0 0 0 0 5 0
C 2 0 1 0 0 0 0 0 5 0
C 2 0 2 0 0 0 0 0 3 0
C 2 0 3 0 0 0 0 0 5 0
C 2 0 4 0 0 0 0 0 6 0
C 2 0 5 0 0 0 0 0 8 0
C 2 0 6 0 0 0 0 0 5 0
C 2 0 7 0 0 0 0 0 3 0
C 2 0 8 0 0 0 0 0 4 0
C 2 0 9 1 0 0 1 0 3 1
C 2 0 10 1 0 0 1 0 3 1
C 2 0 11 1 0 0 1 0 5 1
C 2 0 12 1 0 0 1 0 3 1
C 2 0 13 1 0 0 1 0 2 1
C 2 0 14 1 0 0 1 0 0 1
C 2 0 15 1 0 0 1 0 4 1
C 2 0 16 1 1 0 0 0 6 1
C 2 0 17 1 0 1 0 0 4 1
C 2 0 18 1 0 0 0 1 3 1
C 2 0 19 1 1 0 0 0 4 1
C 2 0 20 1 0 1 0 0 4 1
C 2 0 21 1 0 0 0 1 5 1
C 2 0 22 1 1 0 0 0 7 1
C 2 0 23 1 0 1 0 0 3 1
C 2 0 24 1 0 0 0 1 1 1
C 2 0 25 1 1 0 0 0 5 1
C 2 0 26 1 0 1 0 0 6 1
C 2 0 27 1 0 0 0 1 6 1
C 2 0 28 1 1 0 0 0 7 1
C 2 0 29 1 0 1 0 0 6 1
C 2 0 30 1 0 0 0 1 4 1
C 2 0 31 1 1 0 0 0 5 1
C 2 0 32 1 0 1 0 0 4 1
C 2 0 33 1 0 0 0 1 4 1
C 2 0 34 1 1 0 0 0 4 1
C 2 0 35 1 0 1 0 0 4 1
C 2 0 36 1 0 0 0 1 5 1
C 2 0 37 1 1 0 0 0 7 1
C 2 0 38 1 0 1 0 0 3 1
C 2 0 39 1 0 0 0 1 1 1
C 2 0 40 1 1 0 0 0 6 1
C 2 0 41 1 0 1 0 0 5 1
C 2 0 42 1 0 0 0 1 4 1
C 2 0 43 1 1 0 0 0 7 1
C 2 0 44 1 0 1 0 0 6 1
C 2 0 45 1 0 0 0 1 4 1
C 2 0 46 1 1 0 0 0 5 1
C 2 0 47 1 0 1 0 0 4 1
C 2 0 48 1 0 0 0 1 4 1
C 2 0 49 1 1 0 0 0 5 1
C 2 0 50 1 0 1 0 0 3 1
C 2 0 51 1 0 0 0 1 3 1
C 2 0 52 1 1 0 0 0 6 1
C 2 0 53 1 0 1 0 0 3 1
C 2 0 54 1 0 0 0 1 2 1
C 2 0 55 1 1 0 0 0 7 1
C 2 0 56 1 0 1 0 0 4 1
C 2 0 57 1 0 0 0 1 2 1
C 2 0 58 1 1 0 0 0 3 1
C 2 0 59 1 0 1 0 0 4 1
C 2 0 60 1 0 0 0 1 6 1
C 2 0 61 1 1 0 0 0 6 1
C 2 0 62 1 0 1 0 0 5 1
C 2 0 63 1 0 0 0 1 4 1
C 2 0 64 1 1 0 0 0 7 1
C 2 0 65 1 0 1 0 0 6 1
C 2 0 66 1 0 0 0 1 4 1
C 2 0 67 1 1 0 0 0 6 1
C 2 0 68 1 0 1 0 0 3 1
C 2 0 69 1 0 0 0 1 2 1
C 2 0 70 1 1 0 0 0 7 1
C 2 0 71 1 0 1 0 0 7 1
C 2 0 72 1 0 0 0 1 5 1
C 2 0 73 1 1 0 0 0 4 1
C 2 0 74 1 0 1 0 0 6 1
C 2 0 75 1 0 0 0 1 7 1
C 2 0 76 1 1 0 0 0 6 1
C 2 0 77 1 0 1 0 0 6 1
C 2 0 78 1 0 0 0 1 5 1
P 2 0 0 0
P 2 0 1 0
P 2 0 2 0
P 2 0 3 1
P 2 0 4 1
P 2 0 5 1
P 2 0 6 1
P 2 0 7 0
P 2 0 8 0
P 2 0 9 0
P 2 0 10 1
P 2 0 11 1
P 2 0 12 1
P 2 0 13 0
P 2 0 14 0
P 2 0 15 1
P 2 0 16 0
P 2 0 17 0
P 2 0 18 0
P 2 0 19 0
P 2 0 20 0
P 2 0 21 1
P 2 0 22 1
P 2 0 23 0
P 2 0 24 0
P 2 0 25 0
P 2 0 26 0
P 2 0 27 1
P 2 0 28 1
P 2 0 29 0
P 2 0 30 0
P 2 0 31 0
P 2 0 32 0
P 2 0 33 0
P 2 0 34 0
P 2 0 35 0
P 2 0 36 1
P 2 0 37 1
P 2 0 38 0
P 2 0 39 0
P 2 0 40 0
P 2 0 41 0
P 2 0 42 0
P 2 0 43 1
P 2 0 44 1
P 2 0 45 0
P 2 0 46 0
P 2 0 47 0
P 2 0 48 0
P 2 0 49 0
P 2 0 50 0
P 2 0 51 0
P 2 0 52 1
P 2 0 53 0
P 2 0 54 0
P 2 0 55 1
P 2 0 56 0
P 2 0 57 0
P 2 0 58 0
P 2 0 59 0
P 2 0 60 1
P 2 0 61 1
P 2 0 62 0
P 2 0 63 0
P 2 0 64 1
P 2 0 65 1
P 2 0 66 1
P 2 0 67 1
P 2 0 68 0
P 2 0 69 0
P 2 0 70 1
P 2 0 71 1
P 2 0 72 1
P 2 0 73 0
P 2 0 74 1
P 2 0 75 1
P 2 0 76 1
P 2 0 77 1
P 2 0 78 1
C 2 1 0 0 0 0 0 0 9 0
C 2 1 1 1 1 0 0 0 8 1
C 2 1 2 1 1 0 0 0 8 1
C 2 1 3 1 0 0 0 1 7 1
C 2 1 4 1 0 1 0 0 8 1
C 2 1 5 1 1 0 0 0 8 1
C 2 1 6 1 1 0 0 0 8 1
C 2 1 7 1 1 0 0 0 8 1
C 2 1 8 1 1 0 0 0 8 1
C 2 1 9 1 1 0 0 0 8 1
C 2 1 10 0 0 0 0 0 7 0
C 2 1 11 1 0 1 0 0 7 1
C 2 1 12 1 1 0 0 0 7 1
C 2 1 13 1 0 1 0 0 6 1
C 2 1 14 1 0 1 0 0 6 1
C 2 1 15 1 1 0 0 0 7 1
C 2 1 16 1 0 1 0 0 6 1
C 2 1 17 1 1 0 0 0 7 1
C 2 1 18 1 1 0 0 0 7 1
C 2 1 19 1 0 0 0 1 6 1
C 2 1 20 1 0 0 0 1 6 1
C 2 1 21 0 0 0 0 0 6 0
C 2 1 22 0 0 0 0 0 6 0
C 2 1 23 1 0 0 0 1 5 1
C 2 1 24 1 0 0 0 1 5 1
C 2 1 25 1 0 0 0 1 6 1
C 2 1 26 1 0 0 0 1 5 1
C 2 1 27 1 0 0 1 0 5 1
C 2 1 28 1 0 0 0 1 5 1
C 2 1 29 1 0 0 1 0 5 1
C 2 1 30 1 0 0 1 0 3 1
C 2 1 31 1 0 0 1 0 4 1
C 2 1 32 1 0 0 1 0 0 1
C 2 1 33 2 1 0 1 0 1 2
C 2 1 34 2 1 0 1 0 1 2
C 2 1 35 2 0 0 1 1 2 2
C 2 1 36 2 0 1 1 0 1 2
C 2 1 37 2 1 0 1 0 1 2
C 2 1 38 2 1 0 1 0 1 2
C 2 1 39 2 1 0 1 0 1 2
C 2 1 40 2 1 0 1 0 1 2
C 2 1 41 2 1 0 1 0 1 2
C 2 1 42 1 0 0 1 0 2 1
C 2 1 43 2 0 1 1 0 2 2
C 2 1 44 2 1 0 1 0 2 2
C 2 1 45 2 0 1 1 0 3 2
C 2 1 46 2 0 1 1 0 3 2
C 2 1 47 2 1 0 1 0 2 2
C 2 1 48 2 0 1 1 0 3 2
C 2 1 49 2 1 0 1 0 2 2
C 2 1 50 2 1 0 1 0 2 2
C 2 1 51 2 0 0 1 1 3 2
C 2 1 52 2 0 0 1 1 3 2
C 2 1 53 0 0 0 0 0 3 0
C 2 1 54 2 0 0 1 1 4 2
C 2 1 55 2 0 0 1 1 4 2
C 2 1 56 2 0 0 1 1 3 2
C 2 1 57 2 0 0 1 1 4 2
C 2 1 58 0 0 0 0 0 4 0
C 2 1 59 2 0 0 1 1 4 2
C 2 1 60 0 0 0 0 0 4 0
C 2 1 61 0 0 0 0 0 5 0
C 2 1 62 2 1 0 0 1 7 2
C 2 1 63 2 1 0 0 1 7 2
C 2 1 64 2 1 0 0 1 9 2
C 2 1 65 2 0 1 0 1 7 2
C 2 1 66 2 0 0 0 2 4 2
C 2 1 67 2 0 1 0 1 5 2
C 2 1 68 2 1 0 0 1 7 2
C 2 1 69 2 1 0 0 1 7 2
C 2 1 70 2 2 0 0 0 8 2
C 2 1 71 2 1 1 0 0 9 2
C 2 1 72 2 1 0 0 1 7 2
C 2 1 73 2 1 0 0 1 7 2
C 2 1 74 2 2 0 0 0 8 2
C 2 1 75 2 1 1 0 0 9 2
C 2 1 76 2 1 0 0 1 7 2
C 2 1 77 2 0 1 0 1 4 2
C 2 1 78 2 2 0 0 0 8 2
C 2 1 79 2 1 1 0 0 8 2
C 2 1 80 2 1 0 0 1 6 2
C 2 1 81 2 0 1 0 1 3 2
C 2 1 82 2 0 1 0 1 3 2
C 2 1 83 2 1 0 0 1 8 2
C 2 1 84 2 1 1 0 0 9 2
C 2 1 85 2 0 2 0 0 6 2
C 2 1 86 2 0 1 0 1 3 2
C 2 1 87 2 2 0 0 0 7 2
C 2 1 88 2 1 1 0 0 9 2
C 2 1 89 2 1 0 0 1 8 2
C 2 1 90 2 2 0 0 0 7 2
C 2 1 91 2 1 1 0 0 9 2
C 2 1 92 2 1 0 0 1 8 2
C 2 1 93 2 1 0 0 1 9 2
C 2 1 94 2 0 1 0 1 6 2
C 2 1 95 2 0 0 0 2 3 2
C 2 1 96 2 1 0 0 1 8 2
C 2 1 97 2 0 1 0 1 7 2
C 2 1 98 2 0 0 0 2 5 2
C 2 1 99 2 1 0 0 1 8 2
C 2 1 100 2 0 1 0 1 6 2
C 2 1 101 2 0 0 0 2 4 2
C 2 1 102 2 1 0 0 1 8 2
C 2 1 103 2 0 1 0 1 6 2
C 2 1 104 2 0 0 0 2 4 2
C 2 1 105 2 0 1 1 0 7 2
C 2 1 106 2 0 0 1 1 6 2
C 2 1 107 2 0 1 1 0 6 2
C 2 1 108 2 0 1 1 0 5 2
C 2 1 109 2 0 1 1 0 6 2
C 2 1 110 2 0 0 1 1 5 2
C 2 1 111 2 2 1 0 0 8 3
C 2 1 112 2 2 0 0 1 6 3
C 2 1 113 2 2 0 0 1 8 3
C 2 1 114 2 1 1 0 1 7 3
C 2 1 115 2 1 0 0 2 5 3
C 2 1 116 2 2 1 0 0 9 3
C 2 1 117 2 2 0 0 1 8 3
C 2 1 118 2 3 0 0 0 7 3
C 2 1 119 2 2 1 0 0 9 3
C 2 1 120 2 2 0 0 1 8 3
C 2 1 121 2 3 0 0 0 7 3
C 2 1 122 2 2 1 0 0 9 3
C 2 1 123 2 2 0 0 1 8 3
C 2 1 124 2 3 0 0 0 7 3
C 2 1 125 2 2 1 0 0 9 3
C 2 1 126 2 3 0 0 0 7 3
C 2 1 127 2 2 1 0 0 9 3
C 2 1 128 2 2 0 0 1 8 3
C 2 1 129 2 1 1 0 1 5 3
C 2 1 130 2 2 1 0 0 7 3
C 2 1 131 2 2 0 0 1 5 3
C 2 1 132 2 1 1 0 1 4 3
C 2 1 133 2 1 1 0 1 4 3
C 2 1 134 2 3 0 0 0 6 3
C 2 1 135 2 1 1 0 1 4 3
C 2 1 136 2 3 0 0 0 6 3
C 2 1 137 2 2 1 0 0 9 3
C 2 1 138 2 2 0 0 1 9 3
C 2 1 139 2 2 1 0 0 8 3
C 2 1 140 2 2 0 0 1 7 3
C 2 1 141 2 2 0 0 1 8 3
C 2 1 142 2 1 1 0 1 6 3
C 2 1 143 2 1 0 0 2 4 3
C 2 1 144 2 2 0 0 1 7 3
C 2 1 145 2 1 1 0 1 7 3
C 2 1 146 2 1 0 0 2 6 3
C 2 1 147 2 1 1 0 0 7 2
C 2 1 148 2 1 0 0 1 6 2
C 2 1 149 2 1 1 0 1 5 3
C 2 1 150 2 1 0 0 2 3 3
C 2 1 151 2 2 0 0 1 7 3
C 2 1 152 2 1 1 0 1 6 3
C 2 1 153 2 1 0 0 2 5 3
C 2 1 154 2 2 0 0 1 7 3
C 2 1 155 2 1 1 0 1 6 3
C 2 1 156 2 1 0 0 2 5 3
C 2 1 157 2 2 0 1 0 6 3
C 2 1 158 2 1 1 1 0 7 3
C 2 1 159 2 1 0 1 1 7 3
C 2 1 160 2 2 0 0 1 7 3
C 2 1 161 2 1 1 0 1 6 3
C 2 1 162 2 1 0 0 2 5 3
C 2 1 163 2 1 1 1 0 5 3
C 2 1 164 2 1 0 1 1 3 3
C 2 1 165 2 1 1 1 0 4 3
C 2 1 166 2 1 0 1 1 3 3
C 2 1 167 2 2 0 1 0 7 3
C 2 1 168 2 1 1 1 0 5 3
C 2 1 169 2 1 0 1 1 4 3
C 2 1 170 2 2 0 0 1 8 3
C 2 1 171 2 1 1 0 1 7 3
C 2 1 172 2 1 0 0 2 5 3
C 2 1 173 2 1 1 0 1 6 3
C 2 1 174 2 3 0 0 0 7 3
C 2 1 175 2 2 1 0 0 9 3
C 2 1 176 2 2 0 0 1 8 3
C 2 1 177 2 3 0 0 0 7 3
C 2 1 178 2 2 1 0 0 9 3
C 2 1 179 2 3 0 0 0 7 3
C 2 1 180 2 2 1 0 0 9 3
C 2 1 181 2 2 0 0 1 8 3
C 2 1 182 2 3 0 0 0 7 3
C 2 1 183 2 2 1 0 0 9 3
C 2 1 184 2 3 0 0 0 7 3
C 2 1 185 2 2 1 0 0 9 3
C 2 1 186 2 2 0 0 1 8 3
C 2 1 187 2 1 1 0 0 7 2
C 2 1 188 2 1 0 0 1 5 2
C 2 1 189 2 1 1 0 1 5 3
C 2 1 190 2 2 1 0 0 7 3
C 2 1 191 2 2 0 0 1 5 3
C 2 1 192 2 1 1 0 1 4 3
C 2 1 193 2 1 1 0 1 4 3
C 2 1 194 2 3 0 0 0 6 3
C 2 1 195 2 2 1 0 0 9 3
C 2 1 196 2 2 1 0 0 8 3
C 2 1 197 2 1 2 0 0 6 3
C 2 1 198 2 1 1 0 1 4 3
C 2 1 199 2 3 0 0 0 6 3
C 2 1 200 2 2 1 0 0 9 3
C 2 1 201 2 2 0 0 1 9 3
C 2 1 202 2 3 0 0 0 7 3
C 2 1 203 2 2 1 0 0 8 3
C 2 1 204 2 2 0 0 1 7 3
C 2 1 205 2 2 0 0 1 8 3
C 2 1 206 2 1 1 0 1 6 3
C 2 1 207 2 1 0 0 2 4 3
C 2 1 208 2 2 0 0 1 7 3
C 2 1 209 2 1 1 0 1 7 3
C 2 1 210 2 1 0 0 2 6 3
C 2 1 211 2 1 1 0 0 7 2
C 2 1 212 2 1 0 0 1 6 2
C 2 1 213 2 1 1 0 1 5 3
C 2 1 214 2 1 0 0 2 3 3
C 2 1 215 2 2 0 0 1 7 3
C 2 1 216 2 1 1 0 1 6 3
C 2 1 217 2 1 0 0 2 5 3
C 2 1 218 2 2 0 0 1 6 3
C 2 1 219 2 1 1 0 1 8 3
C 2 1 220 2 1 0 0 2 8 3
C 2 1 221 2 2 0 0 1 7 3
C 2 1 222 2 1 1 0 1 6 3
C 2 1 223 2 1 0 0 2 5 3
C 2 1 224 2 2 0 0 1 7 3
C 2 1 225 2 1 1 0 1 6 3
C 2 1 226 2 1 0 0 2 5 3
C 2 1 227 2 1 1 1 0 5 3
C 2 1 228 2 1 0 1 1 3 3
C 2 1 229 2 1 1 1 0 4 3
C 2 1 230 2 1 0 1 1 3 3
C 2 1 231 2 1 1 1 0 5 3
C 2 1 232 2 1 0 1 1 4 3
C 2 1 233 2 1 1 0 1 9 3
C 2 1 234 2 2 0 0 1 8 3
C 2 1 235 2 1 1 0 1 7 3
C 2 1 236 2 1 0 0 2 5 3
C 2 1 237 2 2 0 0 1 8 3
C 2 1 238 2 1 1 0 1 7 3
C 2 1 239 2 1 0 0 2 5 3
C 2 1 240 2 2 0 0 1 8 3
C 2 1 241 2 1 1 0 1 7 3
C 2 1 242 2 1 0 0 2 5 3
C 2 1 243 2 2 0 0 1 8 3
C 2 1 244 2 1 1 0 1 7 3
C 2 1 245 2 1 0 0 2 5 3
C 2 1 246 2 2 0 0 1 8 3
C 2 1 247 2 1 1 0 1 7 3
C 2 1 248 2 1 0 0 2 5 3
C 2 1 249 2 1 0 0 1 8 2
C 2 1 250 2 1 1 0 1 9 3
C 2 1 251 2 0 2 0 1 5 3
C 2 1 252 2 0 1 0 2 2 3
C 2 1 253 2 2 0 0 1 8 3
C 2 1 254 2 1 1 0 1 6 3
C 2 1 255 2 1 0 0 2 4 3
C 2 1 256 2 1 1 0 1 7 3
C 2 1 257 2 0 2 0 1 6 3
C 2 1 258 2 0 1 0 2 5 3
C 2 1 259 2 1 1 0 1 7 3
C 2 1 260 2 0 1 0 2 5 3
C 2 1 261 2 2 0 0 1 7 3
C 2 1 262 2 1 0 0 2 6 3
C 2 1 263 1 1 0 0 0 5 1
C 2 1 264 2 2 0 0 1 7 3
C 2 1 265 2 1 1 0 1 7 3
C 2 1 266 2 1 0 0 2 6 3
C 2 1 267 2 2 0 0 1 7 3
C 2 1 268 2 1 0 0 2 6 3
C 2 1 269 2 1 0 0 2 8 3
C 2 1 270 2 0 1 0 2 5 3
C 2 1 271 1 0 0 0 1 3 1
C 2 1 272 2 1 0 0 2 7 3
C 2 1 273 2 0 1 0 2 6 3
C 2 1 274 1 0 0 0 1 5 1
C 2 1 275 2 1 0 0 1 8 2
C 2 1 276 2 0 1 0 1 5 2
C 2 1 277 2 0 0 0 2 3 2
C 2 1 278 2 1 0 0 2 6 3
C 2 1 279 2 0 1 0 2 6 3
C 2 1 280 2 1 0 0 2 6 3
C 2 1 281 2 0 1 0 2 6 3
C 2 1 282 2 0 0 0 3 6 3
C 2 1 283 2 1 0 0 2 7 3
C 2 1 284 2 1 0 0 2 7 3
C 2 1 285 2 0 1 0 2 5 3
C 2 1 286 2 0 0 0 3 4 3
C 2 1 287 2 1 0 1 1 6 3
C 2 1 288 2 0 1 1 1 6 3
C 2 1 289 2 0 0 1 2 6 3
C 2 1 290 2 1 0 0 2 7 3
C 2 1 291 2 0 1 0 2 5 3
C 2 1 292 2 0 0 0 3 4 3
C 2 1 293 2 0 1 1 1 4 3
C 2 1 294 2 1 0 1 1 5 3
C 2 1 295 2 0 1 1 1 5 3
C 2 1 296 2 0 0 1 2 6 3
C 2 1 297 2 1 0 1 1 7 3
C 2 1 298 2 0 1 1 1 4 3
C 2 1 299 2 0 0 1 2 3 3
C 2 1 300 2 1 1 0 1 6 3
C 2 1 301 2 1 1 0 1 6 3
C 2 1 302 2 2 1 0 0 8 3
C 2 1 303 2 1 2 0 0 8 3
C 2 1 304 2 1 1 0 1 6 3
C 2 1 305 2 1 1 0 1 6 3
C 2 1 306 2 2 1 0 0 8 3
C 2 1 307 2 1 2 0 0 8 3
C 2 1 308 2 1 1 0 1 6 3
C 2 1 309 2 0 3 0 0 6 3
C 2 1 310 2 0 2 0 1 3 3
C 2 1 311 2 1 1 0 1 7 3
C 2 1 312 2 1 2 0 0 9 3
C 2 1 313 2 0 3 0 0 5 3
C 2 1 314 2 0 2 0 1 2 3
C 2 1 315 2 1 2 0 0 8 3
C 2 1 316 2 0 2 0 1 4 3
C 2 1 317 2 1 1 0 1 7 3
C 2 1 318 2 1 2 0 0 8 3
C 2 1 319 2 0 2 0 1 4 3
C 2 1 320 2 2 1 0 0 7 3
C 2 1 321 2 1 2 0 0 8 3
C 2 1 322 2 1 1 0 1 7 3
C 2 1 323 2 1 1 0 1 7 3
C 2 1 324 2 1 1 0 1 9 3
C 2 1 325 2 0 2 0 1 5 3
C 2 1 326 2 0 1 0 2 2 3
C 2 1 327 2 1 1 0 1 8 3
C 2 1 328 2 0 2 0 1 6 3
C 2 1 329 2 0 1 0 2 4 3
C 2 1 330 2 1 1 0 0 8 2
C 2 1 331 2 0 1 0 1 4 2
C 2 1 332 2 1 1 0 1 7 3
C 2 1 333 2 1 1 0 1 8 3
C 2 1 334 2 0 2 0 1 5 3
C 2 1 335 2 0 1 0 2 3 3
C 2 1 336 2 1 1 0 1 7 3
C 2 1 337 2 0 2 0 1 6 3
C 2 1 338 2 0 1 0 2 5 3
C 2 1 339 2 1 1 1 0 7 3
C 2 1 340 2 0 2 1 0 6 3
C 2 1 341 2 0 1 1 1 5 3
C 2 1 342 2 1 1 0 1 7 3
C 2 1 343 2 0 1 0 2 5 3
C 2 1 344 2 1 1 1 0 8 3
C 2 1 345 2 0 2 1 0 5 3
C 2 1 346 2 0 1 1 1 3 3
C 2 1 347 2 1 1 1 0 6 3
C 2 1 348 2 0 2 1 0 5 3
C 2 1 349 2 0 1 1 1 5 3
C 2 1 350 2 1 1 1 0 6 3
C 2 1 351 2 0 2 1 0 6 3
C 2 1 352 2 0 1 1 1 6 3
C 2 1 353 2 2 1 0 0 8 3
C 2 1 354 2 2 0 0 1 6 3
C 2 1 355 2 2 1 0 0 8 3
C 2 1 356 2 2 0 0 1 6 3
C 2 1 357 2 2 1 0 0 8 3
C 2 1 358 2 2 0 0 1 6 3
C 2 1 359 2 2 1 0 0 8 3
C 2 1 360 2 2 0 0 1 6 3
C 2 1 361 2 1 1 0 0 8 2
C 2 1 362 2 1 0 0 1 7 2
C 2 1 363 2 2 1 0 0 8 3
C 2 1 364 2 2 0 0 1 7 3
C 2 1 365 2 1 1 0 1 4 3
C 2 1 366 2 1 1 0 1 4 3
C 2 1 367 2 2 1 0 0 8 3
C 2 1 368 2 2 0 0 1 7 3
C 2 1 369 2 2 1 0 0 8 3
C 2 1 370 2 1 2 0 0 6 3
C 2 1 371 2 1 1 0 1 4 3
C 2 1 372 2 2 1 0 0 8 3
C 2 1 373 2 2 0 0 1 7 3
C 2 1 374 2 2 0 0 1 7 3
C 2 1 375 2 2 0 0 1 8 3
C 2 1 376 2 1 1 0 1 6 3
C 2 1 377 2 1 0 0 2 4 3
C 2 1 378 2 2 0 0 1 7 3
C 2 1 379 2 1 1 0 1 7 3
C 2 1 380 2 1 0 0 2 6 3
C 2 1 381 2 2 0 0 1 7 3
C 2 1 382 2 1 1 0 1 6 3
C 2 1 383 2 1 0 0 2 5 3
C 2 1 384 2 2 0 0 1 7 3
C 2 1 385 2 1 1 0 1 6 3
C 2 1 386 2 1 0 0 2 5 3
C 2 1 387 2 2 0 0 1 7 3
C 2 1 388 2 1 1 0 1 7 3
C 2 1 389 2 1 0 0 2 6 3
C 2 1 390 2 2 0 0 1 7 3
C 2 1 391 2 1 1 0 1 6 3
C 2 1 392 2 1 0 0 2 5 3
C 2 1 393 2 2 0 1 0 7 3
C 2 1 394 2 1 1 1 0 6 3
C 2 1 395 2 1 0 1 1 5 3
C 2 1 396 2 1 1 1 0 6 3
C 2 1 397 2 1 0 1 1 5 3
C 2 1 398 2 2 0 1 0 6 3
C 2 1 399 2 1 1 1 0 6 3
C 2 1 400 2 1 0 1 1 6 3
C 2 1 401 2 2 1 0 0 8 3
C 2 1 402 2 2 0 0 1 6 3
C 2 1 403 2 3 0 0 0 8 3
C 2 1 404 2 2 1 0 0 8 3
C 2 1 405 2 2 0 0 1 6 3
C 2 1 406 2 3 0 0 0 8 3
C 2 1 407 2 2 1 0 0 8 3
C 2 1 408 2 2 0 0 1 6 3
C 2 1 409 2 1 1 0 0 8 2
C 2 1 410 2 1 0 0 1 7 2
C 2 1 411 2 1 1 0 1 5 3
C 2 1 412 2 3 0 0 0 7 3
C 2 1 413 2 2 1 0 0 8 3
C 2 1 414 2 2 0 0 1 7 3
C 2 1 415 1 0 0 0 1 4 1
C 2 1 416 2 1 1 0 1 4 3
C 2 1 417 2 3 0 0 0 7 3
C 2 1 418 2 2 1 0 0 8 3
C 2 1 419 2 2 0 0 1 7 3
C 2 1 420 2 2 1 0 0 8 3
C 2 1 421 2 1 2 0 0 6 3
C 2 1 422 2 1 1 0 1 4 3
C 2 1 423 2 3 0 0 0 7 3
C 2 1 424 2 2 1 0 0 8 3
C 2 1 425 2 2 0 0 1 7 3
C 2 1 426 2 2 1 0 0 8 3
C 2 1 427 2 2 0 0 1 7 3
C 2 1 428 2 1 1 0 1 6 3
C 2 1 429 2 1 0 0 2 4 3
C 2 1 430 2 2 0 0 1 7 3
C 2 1 431 2 1 1 0 1 7 3
C 2 1 432 2 1 0 0 2 6 3
C 2 1 433 2 1 1 0 0 6 2
C 2 1 434 2 1 0 0 1 4 2
C 2 1 435 2 2 0 0 1 7 3
C 2 1 436 2 1 1 0 1 6 3
C 2 1 437 2 1 0 0 2 5 3
C 2 1 438 2 1 1 0 1 6 3
C 2 1 439 2 1 0 0 2 5 3
C 2 1 440 2 2 0 0 1 7 3
C 2 1 441 2 1 1 0 1 7 3
C 2 1 442 2 1 0 0 2 6 3
C 2 1 443 2 2 0 0 1 7 3
C 2 1 444 2 1 0 0 2 5 3
C 2 1 445 2 1 1 1 0 6 3
C 2 1 446 2 1 0 1 1 5 3
C 2 1 447 2 2 0 0 1 6 3
C 2 1 448 2 1 1 0 1 7 3
C 2 1 449 2 1 0 0 2 7 3
C 2 1 450 2 1 1 1 0 6 3
C 2 1 451 2 1 0 1 1 5 3
C 2 1 452 2 1 1 1 0 5 3
C 2 1 453 2 1 0 1 1 5 3
C 2 1 454 2 2 1 0 0 8 3
C 2 1 455 2 2 0 0 1 6 3
C 2 1 456 2 3 0 0 0 8 3
C 2 1 457 2 2 1 0 0 8 3
C 2 1 458 2 2 0 0 1 6 3
C 2 1 459 2 2 0 0 0 7 2
C 2 1 460 2 1 1 0 0 8 2
C 2 1 461 2 1 0 0 1 7 2
C 2 1 462 2 1 1 0 1 5 3
C 2 1 463 2 3 0 0 0 7 3
C 2 1 464 2 2 1 0 0 8 3
C 2 1 465 2 2 0 0 1 7 3
C 2 1 466 2 1 1 0 1 4 3
C 2 1 467 2 2 1 0 0 8 3
C 2 1 468 2 1 2 0 0 6 3
C 2 1 469 2 1 1 0 1 4 3
C 2 1 470 2 2 1 0 0 8 3
C 2 1 471 2 2 0 0 1 7 3
C 2 1 472 2 2 1 0 0 8 3
C 2 1 473 2 1 2 0 0 6 3
C 2 1 474 2 1 1 0 1 4 3
C 2 1 475 2 3 0 0 0 7 3
C 2 1 476 2 2 1 0 0 8 3
C 2 1 477 2 2 0 0 1 7 3
C 2 1 478 2 2 1 0 0 8 3
C 2 1 479 2 2 0 0 1 7 3
C 2 1 480 2 1 1 0 1 6 3
C 2 1 481 2 1 0 0 2 4 3
C 2 1 482 2 2 0 0 1 7 3
C 2 1 483 2 1 1 0 1 7 3
C 2 1 484 2 1 0 0 2 6 3
C 2 1 485 2 1 0 0 1 4 2
C 2 1 486 2 2 0 0 1 7 3
C 2 1 487 2 1 1 0 1 6 3
C 2 1 488 2 1 0 0 2 5 3
C 2 1 489 2 1 1 0 1 6 3
C 2 1 490 2 1 0 0 2 5 3
C 2 1 491 2 2 0 0 1 7 3
C 2 1 492 2 1 1 0 1 7 3
C 2 1 493 2 1 0 0 2 6 3
C 2 1 494 2 2 0 0 1 7 3
C 2 1 495 2 1 1 0 1 6 3
C 2 1 496 2 1 0 0 2 5 3
C 2 1 497 2 1 1 1 0 6 3
C 2 1 498 2 1 0 1 1 5 3
C 2 1 499 2 2 0 0 1 6 3
C 2 1 500 2 1 0 0 2 7 3
C 2 1 501 2 2 0 1 0 7 3
C 2 1 502 2 1 1 1 0 6 3
C 2 1 503 2 1 0 1 1 5 3
C 2 1 504 2 1 1 1 0 5 3
C 2 1 505 2 1 1 1 0 6 3
C 2 1 506 2 2 1 0 0 8 3
C 2 1 507 2 2 0 0 1 6 3
C 2 1 508 2 1 1 0 0 8 2
C 2 1 509 2 1 0 0 1 7 2
C 2 1 510 2 1 1 0 1 5 3
C 2 1 511 2 3 0 0 0 7 3
C 2 1 512 2 2 1 0 0 8 3
C 2 1 513 2 2 0 0 1 7 3
C 2 1 514 2 1 1 0 1 4 3
C 2 1 515 2 1 1 0 1 4 3
C 2 1 516 2 3 0 0 0 7 3
C 2 1 517 2 2 1 0 0 8 3
C 2 1 518 2 2 0 0 1 7 3
C 2 1 519 2 2 1 0 0 8 3
C 2 1 520 2 1 2 0 0 6 3
C 2 1 521 2 1 1 0 1 4 3
C 2 1 522 2 3 0 0 0 7 3
C 2 1 523 2 2 1 0 0 8 3
C 2 1 524 2 2 0 0 1 7 3
C 2 1 525 2 2 1 0 0 8 3
C 2 1 526 2 2 0 0 1 7 3
C 2 1 527 2 1 1 0 1 6 3
C 2 1 528 2 1 0 0 2 4 3
C 2 1 529 2 2 0 0 1 7 3
C 2 1 530 2 1 0 0 2 6 3
C 2 1 531 2 1 1 0 0 6 2
C 2 1 532 2 1 0 0 1 4 2
C 2 1 533 2 2 0 0 1 7 3
C 2 1 534 2 1 1 0 1 6 3
C 2 1 535 2 1 0 0 2 5 3
C 2 1 536 2 2 0 0 1 7 3
C 2 1 537 2 1 0 0 2 5 3
C 2 1 538 2 1 1 0 1 7 3
C 2 1 539 2 1 0 0 2 6 3
C 2 1 540 2 1 1 0 1 6 3
C 2 1 541 2 1 0 0 2 5 3
C 2 1 542 2 1 1 1 0 6 3
C 2 1 543 2 1 0 1 1 5 3
C 2 1 544 2 2 0 0 1 6 3
C 2 1 545 2 1 1 0 1 7 3
C 2 1 546 2 1 0 0 2 7 3
C 2 1 547 2 1 1 1 0 6 3
C 2 1 548 2 1 0 1 1 5 3
C 2 1 549 2 1 1 1 0 5 3
C 2 1 550 2 1 0 1 1 5 3
C 2 1 551 2 2 0 1 0 6 3
C 2 1 552 2 1 1 1 0 6 3
C 2 1 553 2 1 0 1 1 6 3
C 2 1 554 2 2 0 0 0 7 2
C 2 1 555 2 1 1 0 0 8 2
C 2 1 556 2 1 0 0 1 7 2
C 2 1 557 2 1 1 0 1 5 3
C 2 1 558 2 3 0 0 0 7 3
C 2 1 559 2 2 1 0 0 8 3
C 2 1 560 2 2 0 0 1 7 3
C 2 1 561 2 2 1 0 0 8 3
C 2 1 562 2 1 2 0 0 6 3
C 2 1 563 2 1 1 0 1 4 3
C 2 1 564 2 2 1 0 0 8 3
C 2 1 565 2 1 2 0 0 6 3
C 2 1 566 2 1 1 0 1 4 3
C 2 1 567 2 2 1 0 0 8 3
C 2 1 568 2 2 0 0 1 7 3
C 2 1 569 2 2 1 0 0 8 3
C 2 1 570 2 1 2 0 0 6 3
C 2 1 571 2 1 1 0 1 4 3
C 2 1 572 2 3 0 0 0 7 3
C 2 1 573 2 2 1 0 0 8 3
C 2 1 574 2 2 0 0 1 7 3
C 2 1 575 2 2 1 0 0 8 3
C 2 1 576 2 2 0 0 1 7 3
C 2 1 577 2 1 1 0 1 6 3
C 2 1 578 2 1 0 0 2 4 3
C 2 1 579 2 2 0 0 1 7 3
C 2 1 580 2 1 1 0 1 7 3
C 2 1 581 2 1 0 0 2 6 3
C 2 1 582 2 1 0 0 1 4 2
C 2 1 583 2 2 0 0 1 7 3
C 2 1 584 2 1 1 0 1 6 3
C 2 1 585 2 1 0 0 2 5 3
C 2 1 586 2 2 0 0 1 7 3
C 2 1 587 2 1 1 0 1 6 3
C 2 1 588 2 1 0 0 2 5 3
C 2 1 589 2 2 0 0 1 7 3
C 2 1 590 2 1 1 0 1 7 3
C 2 1 591 2 1 0 0 2 6 3
C 2 1 592 2 1 1 0 1 6 3
C 2 1 593 2 1 0 0 2 5 3
C 2 1 594 2 1 1 1 0 6 3
C 2 1 595 2 1 0 1 1 5 3
C 2 1 596 2 2 0 0 1 6 3
C 2 1 597 2 1 0 0 2 7 3
C 2 1 598 2 2 0 1 0 7 3
C 2 1 599 2 1 1 1 0 6 3
C 2 1 600 2 1 0 1 1 5 3
C 2 1 601 2 1 1 1 0 5 3
C 2 1 602 2 2 0 1 0 6 3
C 2 1 603 2 1 1 1 0 6 3
C 2 1 604 2 1 0 1 1 6 3
C 2 1 605 2 0 1 0 1 4 2
C 2 1 606 2 1 0 0 1 6 2
C 2 1 607 2 1 1 0 0 8 2
C 2 1 608 2 0 1 0 1 3 2
C 2 1 609 2 1 1 0 0 7 2
C 2 1 610 2 0 1 0 1 5 2
C 2 1 611 2 1 0 0 1 8 2
C 2 1 612 2 0 1 0 1 5 2
C 2 1 613 2 2 0 0 0 6 2
C 2 1 614 2 1 1 0 0 8 2
C 2 1 615 2 1 0 0 1 8 2
C 2 1 616 2 1 0 0 1 6 2
C 2 1 617 2 1 0 0 1 8 2
C 2 1 618 2 0 1 0 1 5 2
C 2 1 619 2 0 0 0 2 3 2
C 2 1 620 2 1 0 0 1 7 2
C 2 1 621 1 0 1 0 0 6 1
C 2 1 622 0 0 0 0 0 5 0
C 2 1 623 1 0 1 0 0 6 1
C 2 1 624 1 0 0 0 1 5 1
C 2 1 625 2 1 0 0 1 7 2
C 2 1 626 2 0 1 0 1 5 2
C 2 1 627 2 1 0 0 1 7 2
C 2 1 628 2 0 1 0 1 5 2
C 2 1 629 2 0 0 0 2 4 2
C 2 1 630 2 1 0 0 1 6 2
C 2 1 631 2 0 1 0 1 6 2
C 2 1 632 2 0 0 0 2 6 2
C 2 1 633 2 0 1 1 0 6 2
C 2 1 634 2 0 0 1 1 6 2
C 2 1 635 2 0 1 0 1 5 2
C 2 1 636 2 0 0 0 2 4 2
C 2 1 637 2 0 1 1 0 4 2
C 2 1 638 2 0 1 1 0 4 2
C 2 1 639 2 0 0 1 1 4 2
C 2 1 640 2 1 0 1 0 6 2
C 2 1 641 2 0 1 1 0 5 2
C 2 1 642 2 0 0 1 1 5 2
C 2 1 643 2 2 1 0 0 8 3
C 2 1 644 2 1 2 0 0 6 3
C 2 1 645 2 1 1 0 1 4 3
C 2 1 646 2 0 3 0 0 4 3
C 2 1 647 2 0 2 0 1 1 3
C 2 1 648 2 0 3 0 0 4 3
C 2 1 649 2 0 2 0 1 1 3
C 2 1 650 2 1 1 0 1 6 3
C 2 1 651 2 1 2 0 0 9 3
C 2 1 652 2 0 3 0 0 4 3
C 2 1 653 2 0 2 0 1 1 3
C 2 1 654 2 1 1 0 1 6 3
C 2 1 655 2 1 1 0 1 6 3
C 2 1 656 2 1 1 0 1 8 3
C 2 1 657 2 0 2 0 1 5 3
C 2 1 658 2 0 1 0 2 3 3
C 2 1 659 2 1 1 0 1 8 3
C 2 1 660 2 0 2 0 1 5 3
C 2 1 661 2 0 1 0 2 3 3
C 2 1 662 2 1 1 0 1 8 3
C 2 1 663 2 0 1 0 2 2 3
C 2 1 664 2 1 1 0 1 7 3
C 2 1 665 2 0 2 0 1 5 3
C 2 1 666 2 0 1 0 2 4 3
C 2 1 667 2 1 1 0 1 7 3
C 2 1 668 2 0 1 0 2 5 3
C 2 1 669 2 1 1 0 1 7 3
C 2 1 670 2 0 2 0 1 5 3
C 2 1 671 2 0 1 0 2 4 3
C 2 1 672 2 1 1 1 0 6 3
C 2 1 673 2 0 2 1 0 6 3
C 2 1 674 2 0 1 1 1 6 3
C 2 1 675 2 1 1 1 0 6 3
C 2 1 676 2 0 2 1 0 6 3
C 2 1 677 2 0 1 1 1 6 3
C 2 1 678 2 0 1 1 1 2 3
C 2 1 679 2 1 1 1 0 5 3
C 2 1 680 2 0 2 1 0 6 3
C 2 1 681 2 0 1 1 1 7 3
C 2 1 682 2 2 1 0 0 8 3
C 2 1 683 2 1 2 0 0 5 3
C 2 1 684 2 1 1 0 1 3 3
C 2 1 685 2 2 1 0 0 7 3
C 2 1 686 2 1 2 0 0 6 3
C 2 1 687 2 1 1 0 1 5 3
C 2 1 688 2 3 0 0 0 6 3
C 2 1 689 2 2 1 0 0 8 3
C 2 1 690 2 2 0 0 1 8 3
C 2 1 691 2 1 1 0 1 5 3
C 2 1 692 2 3 0 0 0 6 3
C 2 1 693 2 2 1 0 0 8 3
C 2 1 694 2 2 0 0 1 8 3
C 2 1 695 2 3 0 0 0 7 3
C 2 1 696 2 2 1 0 0 7 3
C 2 1 697 2 2 0 0 1 6 3
C 2 1 698 2 1 1 0 1 5 3
C 2 1 699 2 1 0 0 2 3 3
C 2 1 700 2 2 0 0 1 7 3
C 2 1 701 2 1 1 0 1 6 3
C 2 1 702 2 1 0 0 2 5 3
C 2 1 703 2 1 1 0 0 6 2
C 2 1 704 2 1 0 0 1 5 2
C 2 1 705 2 2 0 0 1 7 3
C 2 1 706 2 1 1 0 1 5 3
C 2 1 707 2 1 0 0 2 4 3
C 2 1 708 2 1 1 0 1 5 3
C 2 1 709 2 1 0 0 2 4 3
C 2 1 710 2 2 0 0 1 5 3
C 2 1 711 2 1 0 0 2 9 3
C 2 1 712 2 2 0 0 1 6 3
C 2 1 713 2 1 1 0 1 6 3
C 2 1 714 2 1 0 0 2 6 3
C 2 1 715 2 2 0 0 1 7 3
C 2 1 716 2 1 1 0 1 5 3
C 2 1 717 2 1 0 0 2 4 3
C 2 1 718 2 1 1 1 0 4 3
C 2 1 719 2 1 0 1 1 2 3
C 2 1 720 2 2 0 1 0 6 3
C 2 1 721 2 1 1 1 0 4 3
C 2 1 722 2 1 0 1 1 4 3
C 2 1 723 2 1 1 1 0 5 3
C 2 1 724 2 1 0 1 1 5 3
C 2 1 725 2 1 2 0 0 7 3
C 2 1 726 2 0 3 0 0 5 3
C 2 1 727 2 0 2 0 1 4 3
C 2 1 728 2 1 1 0 1 5 3
C 2 1 729 2 1 2 0 0 7 3
C 2 1 730 2 0 3 0 0 5 3
C 2 1 731 2 0 2 0 1 4 3
C 2 1 732 2 2 1 0 0 7 3
C 2 1 733 2 1 2 0 0 6 3
C 2 1 734 2 1 1 0 1 5 3
C 2 1 735 2 2 1 0 0 7 3
C 2 1 736 2 1 2 0 0 6 3
C 2 1 737 2 1 1 0 1 5 3
C 2 1 738 2 1 1 0 1 7 3
C 2 1 739 2 0 2 0 1 5 3
C 2 1 740 2 0 1 0 2 4 3
C 2 1 741 2 1 1 0 1 6 3
C 2 1 742 2 0 2 0 1 6 3
C 2 1 743 2 0 1 0 2 6 3
C 2 1 744 2 0 1 0 1 2 2
C 2 1 745 2 1 1 0 1 6 3
C 2 1 746 2 0 1 0 2 5 3
C 2 1 747 2 1 1 0 1 6 3
C 2 1 748 2 0 2 0 1 5 3
C 2 1 749 2 0 1 0 2 5 3
C 2 1 750 2 1 1 0 1 7 3
C 2 1 751 2 0 1 0 2 4 3
C 2 1 752 2 1 1 0 1 7 3
C 2 1 753 2 0 2 0 1 4 3
C 2 1 754 2 0 1 0 2 3 3
C 2 1 755 2 1 1 1 0 6 3
C 2 1 756 2 0 2 1 0 5 3
C 2 1 757 2 0 1 1 1 5 3
C 2 1 758 2 1 1 0 1 7 3
C 2 1 759 2 0 1 0 2 3 3
C 2 1 760 2 1 1 1 0 7 3
C 2 1 761 2 0 2 1 0 4 3
C 2 1 762 2 0 1 1 1 3 3
C 2 1 763 2 1 1 1 0 4 3
C 2 1 764 2 0 2 1 0 5 3
C 2 1 765 2 0 1 1 1 7 3
C 2 1 766 2 0 1 1 1 2 3
C 2 1 767 2 1 2 0 0 6 3
C 2 1 768 2 0 2 0 1 6 3
C 2 1 769 2 1 1 0 1 5 3
C 2 1 770 2 2 1 0 0 7 3
C 2 1 771 2 1 2 0 0 6 3
C 2 1 772 2 1 1 0 1 5 3
C 2 1 773 2 1 1 0 1 8 3
C 2 1 774 2 0 2 0 1 4 3
C 2 1 775 2 0 1 0 2 2 3
C 2 1 776 2 1 1 0 1 7 3
C 2 1 777 2 0 2 0 1 5 3
C 2 1 778 2 0 1 0 2 4 3
C 2 1 779 2 0 1 0 1 2 2
C 2 1 780 2 0 2 0 1 5 3
C 2 1 781 2 0 1 0 2 5 3
C 2 1 782 2 1 1 0 1 6 3
C 2 1 783 2 1 1 0 1 6 3
C 2 1 784 2 0 2 0 1 5 3
C 2 1 785 2 0 1 0 2 5 3
C 2 1 786 2 1 1 1 0 6 3
C 2 1 787 2 0 2 1 0 5 3
C 2 1 788 2 0 1 1 1 5 3
C 2 1 789 2 1 1 0 1 7 3
C 2 1 790 2 0 1 0 2 3 3
C 2 1 791 2 0 1 1 1 1 3
C 2 1 792 2 1 1 1 0 4 3
C 2 1 793 2 0 2 1 0 5 3
C 2 1 794 2 0 1 1 1 7 3
C 2 1 795 2 1 1 1 0 6 3
C 2 1 796 2 0 2 1 0 4 3
C 2 1 797 2 0 1 1 1 4 3
C 2 1 798 2 1 1 0 1 5 3
C 2 1 799 2 2 1 0 0 7 3
C 2 1 800 2 2 0 0 1 6 3
C 2 1 801 2 2 1 0 0 8 3
C 2 1 802 2 2 0 0 1 8 3
C 2 1 803 2 2 0 0 1 7 3
C 2 1 804 2 1 0 0 2 5 3
C 2 1 805 2 2 0 0 1 7 3
C 2 1 806 2 1 1 0 1 6 3
C 2 1 807 2 1 0 0 2 5 3
C 2 1 808 2 1 1 0 0 6 2
C 2 1 809 2 1 0 0 1 5 2
C 2 1 810 2 1 1 0 1 5 3
C 2 1 811 2 1 0 0 2 4 3
C 2 1 812 2 1 1 0 1 6 3
C 2 1 813 2 1 1 0 1 5 3
C 2 1 814 2 1 0 0 2 4 3
C 2 1 815 2 1 1 1 0 5 3
C 2 1 816 2 1 0 1 1 4 3
C 2 1 817 2 2 0 0 1 6 3
C 2 1 818 2 1 1 0 1 6 3
C 2 1 819 2 1 0 0 2 6 3
C 2 1 820 2 1 1 1 0 4 3
C 2 1 821 2 1 0 1 1 4 3
C 2 1 822 2 2 0 1 0 6 3
C 2 1 823 2 1 1 1 0 5 3
C 2 1 824 2 1 0 1 1 5 3
C 2 1 825 2 1 1 0 1 5 3
C 2 1 826 2 1 1 0 1 5 3
C 2 1 827 2 1 1 0 1 8 3
C 2 1 828 2 0 2 0 1 4 3
C 2 1 829 2 0 1 0 2 2 3
C 2 1 830 2 1 1 0 1 7 3
C 2 1 831 2 0 2 0 1 5 3
C 2 1 832 2 0 1 0 2 4 3
C 2 1 833 2 1 1 0 0 8 2
C 2 1 834 2 0 2 0 0 4 2
C 2 1 835 2 0 1 0 1 2 2
C 2 1 836 2 1 1 0 1 5 3
C 2 1 837 2 0 1 0 2 7 3
C 2 1 838 2 1 1 0 1 6 3
C 2 1 839 2 0 2 0 1 5 3
C 2 1 840 2 0 1 0 2 5 3
C 2 1 841 2 1 1 0 1 6 3
C 2 1 842 2 0 1 0 2 6 3
C 2 1 843 2 1 1 0 1 6 3
C 2 1 844 2 0 2 0 1 5 3
C 2 1 845 2 0 1 0 2 5 3
C 2 1 846 2 1 1 1 0 6 3
C 2 1 847 2 0 2 1 0 5 3
C 2 1 848 2 0 1 1 1 5 3
C 2 1 849 2 1 1 0 1 7 3
C 2 1 850 2 0 2 0 1 4 3
C 2 1 851 2 0 1 0 2 3 3
C 2 1 852 2 0 1 1 1 1 3
C 2 1 853 2 1 1 1 0 4 3
C 2 1 854 2 0 2 1 0 5 3
C 2 1 855 2 0 1 1 1 7 3
C 2 1 856 2 1 1 1 0 6 3
C 2 1 857 2 0 2 1 0 4 3
C 2 1 858 2 0 1 1 1 4 3
C 2 1 859 2 2 0 0 1 7 3
C 2 1 860 2 1 1 0 1 6 3
C 2 1 861 2 1 0 0 2 5 3
C 2 1 862 2 2 0 0 1 7 3
C 2 1 863 2 1 1 0 1 6 3
C 2 1 864 2 1 0 0 2 5 3
C 2 1 865 2 1 0 0 1 5 2
C 2 1 866 2 2 0 0 1 6 3
C 2 1 867 2 1 0 0 2 6 3
C 2 1 868 2 1 1 0 1 5 3
C 2 1 869 2 1 0 0 2 4 3
C 2 1 870 2 2 0 0 1 7 3
C 2 1 871 2 1 1 0 1 6 3
C 2 1 872 2 1 0 0 2 5 3
C 2 1 873 2 1 1 0 1 5 3
C 2 1 874 2 1 0 0 2 4 3
C 2 1 875 2 1 1 1 0 5 3
C 2 1 876 2 1 0 1 1 4 3
C 2 1 877 2 1 0 0 2 6 3
C 2 1 878 2 1 1 1 0 6 3
C 2 1 879 2 1 1 1 0 4 3
C 2 1 880 2 2 0 1 0 6 3
C 2 1 881 2 1 1 1 0 5 3
C 2 1 882 2 1 0 1 1 5 3
C 2 1 883 2 2 0 0 1 7 3
C 2 1 884 2 1 1 0 1 6 3
C 2 1 885 2 1 0 0 2 5 3
C 2 1 886 2 2 0 0 1 6 3
C 2 1 887 2 1 0 0 2 7 3
C 2 1 888 2 1 0 0 1 5 2
C 2 1 889 2 2 0 0 1 7 3
C 2 1 890 2 1 1 0 1 5 3
C 2 1 891 2 1 0 0 2 4 3
C 2 1 892 2 2 0 0 1 6 3
C 2 1 893 2 1 1 0 1 6 3
C 2 1 894 2 1 0 0 2 6 3
C 2 1 895 2 2 0 0 1 6 3
C 2 1 896 2 1 0 0 2 7 3
C 2 1 897 2 2 0 0 1 6 3
C 2 1 898 2 1 1 0 1 6 3
C 2 1 899 2 1 0 0 2 6 3
C 2 1 900 2 2 0 1 0 6 3
C 2 1 901 2 1 1 1 0 6 3
C 2 1 902 2 1 0 1 1 6 3
C 2 1 903 2 1 0 0 2 6 3
C 2 1 904 2 1 1 1 0 5 3
C 2 1 905 2 1 0 1 1 4 3
C 2 1 906 2 2 0 1 0 6 3
C 2 1 907 2 1 1 1 0 5 3
C 2 1 908 2 1 0 1 1 5 3
C 2 1 909 2 1 0 0 2 6 3
C 2 1 910 2 0 1 0 2 6 3
C 2 1 911 2 1 0 0 1 7 2
C 2 1 912 2 0 1 0 1 5 2
C 2 1 913 2 0 0 0 2 4 2
C 2 1 914 2 1 0 0 2 7 3
C 2 1 915 2 0 1 0 2 4 3
C 2 1 916 1 0 0 0 1 3 1
C 2 1 917 2 1 0 0 2 6 3
C 2 1 918 2 0 1 0 2 5 3
C 2 1 919 2 1 0 0 2 7 3
C 2 1 920 2 0 1 0 2 5 3
C 2 1 921 2 0 0 0 3 4 3
C 2 1 922 2 0 1 0 2 5 3
C 2 1 923 1 0 0 0 1 5 1
C 2 1 924 2 1 0 1 1 6 3
C 2 1 925 2 0 1 1 1 5 3
C 2 1 926 2 1 0 0 2 6 3
C 2 1 927 2 0 1 0 2 5 3
C 2 1 928 2 0 0 0 3 5 3
C 2 1 929 2 1 0 1 1 6 3
C 2 1 930 2 1 0 1 1 5 3
C 2 1 931 2 0 1 1 1 4 3
C 2 1 932 2 0 0 1 2 5 3
C 2 1 933 2 1 0 1 1 6 3
C 2 1 934 2 0 1 1 1 4 3
C 2 1 935 2 0 0 1 2 4 3
C 2 1 936 2 0 1 0 1 5 2
C 2 1 937 2 0 0 0 2 4 2
C 2 1 938 2 1 0 0 2 6 3
C 2 1 939 2 0 1 0 2 5 3
C 2 1 940 2 0 0 0 3 5 3
C 2 1 941 2 1 0 0 2 7 3
C 2 1 942 2 0 1 0 2 4 3
C 2 1 943 2 1 0 0 2 7 3
C 2 1 944 2 0 1 0 2 5 3
C 2 1 945 1 0 0 0 1 4 1
C 2 1 946 2 0 1 0 2 4 3
C 2 1 947 2 0 0 0 3 3 3
C 2 1 948 2 1 0 1 1 6 3
C 2 1 949 2 0 1 1 1 5 3
C 2 1 950 2 0 0 1 2 5 3
C 2 1 951 2 1 0 0 2 7 3
C 2 1 952 2 0 1 0 2 4 3
C 2 1 953 2 0 0 0 3 3 3
C 2 1 954 2 1 0 1 1 6 3
C 2 1 955 2 0 1 1 1 5 3
C 2 1 956 2 0 0 1 2 5 3
C 2 1 957 2 1 0 1 1 5 3
C 2 1 958 2 0 1 1 1 4 3
C 2 1 959 2 0 0 1 2 5 3
C 2 1 960 2 1 0 1 1 7 3
C 2 1 961 2 0 1 1 1 3 3
C 2 1 962 2 0 0 1 2 2 3
C 2 1 963 2 0 1 0 1 4 2
C 2 1 964 2 0 0 0 2 3 2
C 2 1 965 2 1 0 0 1 6 2
C 2 1 966 2 0 1 0 1 5 2
C 2 1 967 2 0 0 0 2 5 2
C 2 1 968 2 0 1 0 1 5 2
C 2 1 969 2 1 0 0 1 6 2
C 2 1 970 2 0 1 0 1 5 2
C 2 1 971 2 0 0 0 2 5 2
C 2 1 972 2 1 0 1 0 6 2
C 2 1 973 2 0 1 1 0 5 2
C 2 1 974 2 0 0 1 1 5 2
C 2 1 975 2 0 0 1 1 7 2
C 2 1 976 2 0 0 1 1 8 2
C 2 1 977 2 1 0 0 2 5 3
C 2 1 978 2 0 1 0 2 5 3
C 2 1 979 2 0 0 0 3 6 3
C 2 1 980 2 1 0 0 2 5 3
C 2 1 981 2 1 0 0 2 5 3
C 2 1 982 2 0 1 0 2 5 3
C 2 1 983 2 0 0 0 3 6 3
C 2 1 984 2 1 0 1 1 5 3
C 2 1 985 2 0 1 1 1 5 3
C 2 1 986 2 0 0 1 2 6 3
C 2 1 987 2 1 0 0 2 7 3
C 2 1 988 2 0 1 0 2 3 3
C 2 1 989 1 0 0 0 1 2 1
C 2 1 990 2 1 0 1 1 4 3
C 2 1 991 2 0 1 1 1 4 3
C 2 1 992 2 0 0 1 2 6 3
C 2 1 993 2 1 0 1 1 6 3
C 2 1 994 2 0 1 1 1 3 3
C 2 1 995 2 0 0 1 2 3 3
C 2 1 996 2 1 0 0 2 7 3
C 2 1 997 2 0 1 0 2 4 3
C 2 1 998 2 0 0 0 3 3 3
C 2 1 999 2 0 1 0 2 4 3
C 2 1 1000 1 0 0 0 1 4 1
C 2 1 1001 2 1 0 1 1 6 3
C 2 1 1002 2 0 1 1 1 4 3
C 2 1 1003 1 0 0 1 0 4 1
C 2 1 1004 2 1 0 0 2 6 3
C 2 1 1005 2 0 1 0 2 4 3
C 2 1 1006 2 0 0 0 3 4 3
C 2 1 1007 2 1 0 1 1 6 3
C 2 1 1008 2 0 1 1 1 4 3
C 2 1 1009 2 0 0 1 2 4 3
C 2 1 1010 2 1 0 1 1 5 3
C 2 1 1011 2 0 1 1 1 3 3
C 2 1 1012 2 0 0 1 2 4 3
C 2 1 1013 2 0 1 1 1 3 3
C 2 1 1014 2 0 0 1 2 3 3
C 2 1 1015 2 1 0 0 2 6 3
C 2 1 1016 2 0 1 0 2 5 3
C 2 1 1017 2 0 0 0 3 5 3
C 2 1 1018 2 1 0 1 1 7 3
C 2 1 1019 2 0 1 1 1 4 3
C 2 1 1020 2 0 0 1 2 3 3
C 2 1 1021 2 1 0 0 2 6 3
C 2 1 1022 2 0 1 0 2 5 3
C 2 1 1023 2 0 1 1 1 5 3
C 2 1 1024 2 0 0 1 2 5 3
C 2 1 1025 2 1 0 1 1 5 3
C 2 1 1026 2 0 1 1 1 4 3
C 2 1 1027 2 0 0 1 2 5 3
C 2 1 1028 2 1 0 1 1 5 3
C 2 1 1029 2 0 1 1 1 5 3
C 2 1 1030 2 0 0 1 2 6 3
C 2 1 1031 2 1 0 1 1 6 3
C 2 1 1032 2 0 1 1 1 4 3
C 2 1 1033 2 1 0 0 2 6 3
C 2 1 1034 2 0 1 0 2 4 3
C 2 1 1035 2 0 0 0 3 4 3
C 2 1 1036 2 1 0 1 1 6 3
C 2 1 1037 2 0 1 1 1 4 3
C 2 1 1038 2 1 0 1 1 5 3
C 2 1 1039 2 0 1 1 1 3 3
C 2 1 1040 2 0 0 1 2 4 3
C 2 1 1041 2 1 0 1 1 5 3
C 2 1 1042 2 1 0 1 1 5 3
C 2 1 1043 2 0 1 1 1 5 3
C 2 1 1044 2 0 0 1 2 6 3
C 2 1 1045 2 1 0 2 0 5 3
C 2 1 1046 2 1 0 2 0 5 3
C 2 1 1047 2 0 1 2 0 3 3
C 2 1 1048 1 0 0 0 1 4 1
C 2 1 1049 2 1 0 2 0 5 3
C 2 1 1050 2 1 0 1 1 5 3
C 2 1 1051 2 0 1 1 1 5 3
C 2 1 1052 2 1 0 1 1 5 3
C 2 1 1053 2 0 1 1 1 4 3
C 2 1 1054 2 0 0 1 2 5 3
C 2 1 1055 2 1 0 2 0 6 3
C 2 1 1056 2 1 0 2 0 5 3
C 2 1 1057 2 0 1 2 0 4 3
C 2 1 1058 2 1 0 2 0 6 3
C 2 1 1059 1 0 0 0 1 1 1
M 2 1 2 0 2 0 0
M 2 1 2 1 0 2 0
M 2 1 2 0 3 0 0
M 2 1 2 2 0 0 0
M 2 1 2 0 1 2 0
M 2 1 2 1 0 1 0
M 2 1 1 0 0 1 0
M 2 1 2 0 1 1 0
M 2 1 1 0 1 0 0
M 2 1 2 0 0 1 1
M 2 1 0 0 0 0 0
M 2 1 2 1 1 0 0
M 2 1 2 1 2 0 0
M 2 1 2 0 0 0 3
M 2 1 2 3 0 0 0
M 2 1 2 0 2 1 0
M 2 1 1 0 0 0 1
M 2 1 2 1 0 0 1
M 2 1 1 1 0 0 0
M 2 1 2 2 0 1 0
M 2 1 2 1 0 1 1
M 2 1 2 0 0 0 2
M 2 1 2 0 2 0 1
M 2 1 2 0 1 1 1
P 2 1 0 1
P 2 1 1 0
P 2 1 2 0
P 2 1 3 0
P 2 1 4 1
P 2 1 5 0
P 2 1 6 0
P 2 1 7 0
P 2 1 8 0
P 2 1 9 0
P 2 1 10 0
P 2 1 11 0
P 2 1 12 0
P 2 1 13 0
P 2 1 14 0
P 2 1 15 0
P 2 1 16 0
P 2 1 17 0
P 2 1 18 0
P 2 1 19 0
P 2 1 20 0
P 2 1 21 0
P 2 1 22 0
P 2 1 23 0
P 2 1 24 0
P 2 1 25 0
P 2 1 26 0
P 2 1 27 0
P 2 1 28 0
P 2 1 29 0
P 2 1 30 0
P 2 1 31 0
P 2 1 32 0
P 2 1 33 0
P 2 1 34 0
P 2 1 35 0
P 2 1 36 0
P 2 1 37 0
P 2 1 38 0
P 2 1 39 0
P 2 1 40 0
P 2 1 41 0
P 2 1 42 0
P 2 1 43 0
P 2 1 44 0
P 2 1 45 0
P 2 1 46 0
P 2 1 47 0
P 2 1 48 0
P 2 1 49 0
P 2 1 50 0
P 2 1 51 0
P 2 1 52 0
P 2 1 53 0
P 2 1 54 0
P 2 1 55 0
P 2 1 56 0
P 2 1 57 0
P 2 1 58 0
P 2 1 59 0
P 2 1 60 0
P 2 1 61 0
P 2 1 62 0
P 2 1 63 0
P 2 1 64 0
P 2 1 65 0
P 2 1 66 0
P 2 1 67 0
P 2 1 68 0
P 2 1 69 0
P 2 1 70 0
P 2 1 71 0
P 2 1 72 0
P 2 1 73 0
P 2 1 74 1
P 2 1 75 0
P 2 1 76 0
P 2 1 77 0
P 2 1 78 1
P 2 1 79 0
P 2 1 80 0
P 2 1 81 0
P 2 1 82 0
P 2 1 83 0
P 2 1 84 1
P 2 1 85 0
P 2 1 86 0
P 2 1 87 0
P 2 1 88 1
P 2 1 89 0
P 2 1 90 0
P 2 1 91 1
P 2 1 92 0
P 2 1 93 1
P 2 1 94 0
P 2 1 95 0
P 2 1 96 0
P 2 1 97 0
P 2 1 98 0
P 2 1 99 0
P 2 1 100 0
P 2 1 101 0
P 2 1 102 0
P 2 1 103 0
P 2 1 104 0
P 2 1 105 1
P 2 1 106 0
P 2 1 107 0
P 2 1 108 0
P 2 1 109 0
P 2 1 110 0
P 2 1 111 0
P 2 1 112 0
P 2 1 113 0
P 2 1 114 0
P 2 1 115 0
P 2 1 116 0
P 2 1 117 0
P 2 1 118 0
P 2 1 119 0
P 2 1 120 0
P 2 1 121 0
P 2 1 122 0
P 2 1 123 0
P 2 1 124 0
P 2 1 125 0
P 2 1 126 0
P 2 1 127 0
P 2 1 128 0
P 2 1 129 0
P 2 1 130 0
P 2 1 131 0
P 2 1 132 0
P 2 1 133 0
P 2 1 134 0
P 2 1 135 0
P 2 1 136 0
P 2 1 137 0
P 2 1 138 1
P 2 1 139 0
P 2 1 140 0
P 2 1 141 0
P 2 1 142 0
P 2 1 143 0
P 2 1 144 0
P 2 1 145 0
P 2 1 146 0
P 2 1 147 0
P 2 1 148 0
P 2 1 149 0
P 2 1 150 0
P 2 1 151 0
P 2 1 152 0
P 2 1 153 0
P 2 1 154 0
P 2 1 155 0
P 2 1 156 0
P 2 1 157 0
P 2 1 158 0
P 2 1 159 0
P 2 1 160 0
P 2 1 161 0
P 2 1 162 0
P 2 1 163 0
P 2 1 164 0
P 2 1 165 0
P 2 1 166 0
P 2 1 167 0
P 2 1 168 0
P 2 1 169 0
P 2 1 170 0
P 2 1 171 0
P 2 1 172 0
P 2 1 173 0
P 2 1 174 0
P 2 1 175 0
P 2 1 176 0
P 2 1 177 0
P 2 1 178 0
P 2 1 179 0
P 2 1 180 0
P 2 1 181 0
P 2 1 182 0
P 2 1 183 0
P 2 1 184 0
P 2 1 185 1
P 2 1 186 0
P 2 1 187 0
P 2 1 188 0
P 2 1 189 0
P 2 1 190 0
P 2 1 191 0
P 2 1 192 0
P 2 1 193 0
P 2 1 194 0
P 2 1 195 1
P 2 1 196 0
P 2 1 197 0
P 2 1 198 0
P 2 1 199 0
P 2 1 200 1
P 2 1 201 1
P 2 1 202 0
P 2 1 203 0
P 2 1 204 0
P 2 1 205 0
P 2 1 206 0
P 2 1 207 0
P 2 1 208 0
P 2 1 209 0
P 2 1 210 0
P 2 1 211 0
P 2 1 212 0
P 2 1 213 0
P 2 1 214 0
P 2 1 215 0
P 2 1 216 0
P 2 1 217 0
P 2 1 218 0
P 2 1 219 0
P 2 1 220 1
P 2 1 221 0
P 2 1 222 0
P 2 1 223 0
P 2 1 224 0
P 2 1 225 0
P 2 1 226 0
P 2 1 227 0
P 2 1 228 0
P 2 1 229 0
P 2 1 230 0
P 2 1 231 0
P 2 1 232 0
P 2 1 233 1
P 2 1 234 0
P 2 1 235 0
P 2 1 236 0
P 2 1 237 0
P 2 1 238 0
P 2 1 239 0
P 2 1 240 0
P 2 1 241 0
P 2 1 242 0
P 2 1 243 0
P 2 1 244 0
P 2 1 245 0
P 2 1 246 0
P 2 1 247 0
P 2 1 248 0
P 2 1 249 0
P 2 1 250 1
P 2 1 251 0
P 2 1 252 0
P 2 1 253 0
P 2 1 254 0
P 2 1 255 0
P 2 1 256 0
P 2 1 257 0
P 2 1 258 0
P 2 1 259 0
P 2 1 260 0
P 2 1 261 0
P 2 1 262 0
P 2 1 263 0
P 2 1 264 0
P 2 1 265 0
P 2 1 266 0
P 2 1 267 0
P 2 1 268 0
P 2 1 269 1
P 2 1 270 0
P 2 1 271 0
P 2 1 272 0
P 2 1 273 0
P 2 1 274 0
P 2 1 275 0
P 2 1 276 0
P 2 1 277 0
P 2 1 278 0
P 2 1 279 0
P 2 1 280 0
P 2 1 281 0
P 2 1 282 0
P 2 1 283 0
P 2 1 284 0
P 2 1 285 0
P 2 1 286 0
P 2 1 287 0
P 2 1 288 0
P 2 1 289 0
P 2 1 290 0
P 2 1 291 0
P 2 1 292 0
P 2 1 293 0
P 2 1 294 0
P 2 1 295 0
P 2 1 296 0
P 2 1 297 0
P 2 1 298 0
P 2 1 299 0
P 2 1 300 0
P 2 1 301 0
P 2 1 302 0
P 2 1 303 0
P 2 1 304 0
P 2 1 305 0
P 2 1 306 0
P 2 1 307 0
P 2 1 308 0
P 2 1 309 1
P 2 1 310 0
P 2 1 311 0
P 2 1 312 0
P 2 1 313 1
P 2 1 314 0
P 2 1 315 0
P 2 1 316 0
P 2 1 317 0
P 2 1 318 0
P 2 1 319 0
P 2 1 320 0
P 2 1 321 0
P 2 1 322 0
P 2 1 323 0
P 2 1 324 1
P 2 1 325 0
P 2 1 326 0
P 2 1 327 0
P 2 1 328 0
P 2 1 329 0
P 2 1 330 0
P 2 1 331 0
P 2 1 332 0
P 2 1 333 0
P 2 1 334 0
P 2 1 335 0
P 2 1 336 0
P 2 1 337 0
P 2 1 338 0
P 2 1 339 0
P 2 1 340 0
P 2 1 341 0
P 2 1 342 0
P 2 1 343 0
P 2 1 344 1
P 2 1 345 0
P 2 1 346 0
P 2 1 347 0
P 2 1 348 0
P 2 1 349 0
P 2 1 350 0
P 2 1 351 0
P 2 1 352 0
P 2 1 353 0
P 2 1 354 0
P 2 1 355 0
P 2 1 356 0
P 2 1 357 0
P 2 1 358 0
P 2 1 359 0
P 2 1 360 0
P 2 1 361 0
P 2 1 362 0
P 2 1 363 0
P 2 1 364 0
P 2 1 365 0
P 2 1 366 0
P 2 1 367 0
P 2 1 368 0
P 2 1 369 0
P 2 1 370 0
P 2 1 371 0
P 2 1 372 0
P 2 1 373 0
P 2 1 374 0
P 2 1 375 0
P 2 1 376 0
P 2 1 377 0
P 2 1 378 0
P 2 1 379 0
P 2 1 380 0
P 2 1 381 0
P 2 1 382 0
P 2 1 383 0
P 2 1 384 0
P 2 1 385 0
P 2 1 386 0
P 2 1 387 0
P 2 1 388 0
P 2 1 389 0
P 2 1 390 0
P 2 1 391 0
P 2 1 392 0
P 2 1 393 0
P 2 1 394 0
P 2 1 395 0
P 2 1 396 0
P 2 1 397 0
P 2 1 398 0
P 2 1 399 0
P 2 1 400 0
P 2 1 401 0
P 2 1 402 0
P 2 1 403 0
P 2 1 404 0
P 2 1 405 0
P 2 1 406 0
P 2 1 407 0
P 2 1 408 0
P 2 1 409 0
P 2 1 410 0
P 2 1 411 0
P 2 1 412 0
P 2 1 413 0
P 2 1 414 0
P 2 1 415 0
P 2 1 416 0
P 2 1 417 0
P 2 1 418 0
P 2 1 419 0
P 2 1 420 0
P 2 1 421 0
P 2 1 422 0
P 2 1 423 0
P 2 1 424 0
P 2 1 425 0
P 2 1 426 0
P 2 1 427 0
P 2 1 428 0
P 2 1 429 0
P 2 1 430 0
P 2 1 431 0
P 2 1 432 0
P 2 1 433 0
P 2 1 434 0
P 2 1 435 0
P 2 1 436 0
P 2 1 437 0
P 2 1 438 0
P 2 1 439 0
P 2 1 440 0
P 2 1 441 0
P 2 1 442 0
P 2 1 443 0
P 2 1 444 0
P 2 1 445 0
P 2 1 446 0
P 2 1 447 0
P 2 1 448 0
P 2 1 449 0
P 2 1 450 0
P 2 1 451 0
P 2 1 452 0
P 2 1 453 0
P 2 1 454 0
P 2 1 455 0
P 2 1 456 0
P 2 1 457 0
P 2 1 458 0
P 2 1 459 0
P 2 1 460 0
P 2 1 461 0
P 2 1 462 0
P 2 1 463 0
P 2 1 464 0
P 2 1 465 0
P 2 1 466 0
P 2 1 467 0
P 2 1 468 0
P 2 1 469 0
P 2 1 470 0
P 2 1 471 0
P 2 1 472 0
P 2 1 473 0
P 2 1 474 0
P 2 1 475 0
P 2 1 476 0
P 2 1 477 0
P 2 1 478 0
P 2 1 479 0
P 2 1 480 0
P 2 1 481 0
P 2 1 482 0
P 2 1 483 0
P 2 1 484 0
P 2 1 485 0
P 2 1 486 0
P 2 1 487 0
P 2 1 488 0
P 2 1 489 0
P 2 1 490 0
P 2 1 491 0
P 2 1 492 0
P 2 1 493 0
P 2 1 494 0
P 2 1 495 0
P 2 1 496 0
P 2 1 497 0
P 2 1 498 0
P 2 1 499 0
P 2 1 500 0
P 2 1 501 0
P 2 1 502 0
P 2 1 503 0
P 2 1 504 0
P 2 1 505 0
P 2 1 506 0
P 2 1 507 0
P 2 1 508 0
P 2 1 509 0
P 2 1 510 0
P 2 1 511 0
P 2 1 512 0
P 2 1 513 0
P 2 1 514 0
P 2 1 515 0
P 2 1 516 0
P 2 1 517 0
P 2 1 518 0
P 2 1 519 0
P 2 1 520 0
P 2 1 521 0
P 2 1 522 0
P 2 1 523 0
P 2 1 524 0
P 2 1 525 0
P 2 1 526 0
P 2 1 527 0
P 2 1 528 0
P 2 1 529 0
P 2 1 530 0
P 2 1 531 0
P 2 1 532 0
P 2 1 533 0
P 2 1 534 0
P 2 1 535 0
P 2 1 536 0
P 2 1 537 0
P 2 1 538 0
P 2 1 539 0
P 2 1 540 0
P 2 1 541 0
P 2 1 542 0
P 2 1 543 0
P 2 1 544 0
P 2 1 545 0
P 2 1 546 0
P 2 1 547 0
P 2 1 548 0
P 2 1 549 0
P 2 1 550 0
P 2 1 551 0
P 2 1 552 0
P 2 1 553 0
P 2 1 554 0
P 2 1 555 0
P 2 1 556 0
P 2 1 557 0
P 2 1 558 0
P 2 1 559 0
P 2 1 560 0
P 2 1 561 0
P 2 1 562 0
P 2 1 563 0
P 2 1 564 0
P 2 1 565 0
P 2 1 566 0
P 2 1 567 0
P 2 1 568 0
P 2 1 569 0
P 2 1 570 0
P 2 1 571 0
P 2 1 572 0
P 2 1 573 0
P 2 1 574 0
P 2 1 575 0
P 2 1 576 0
P 2 1 577 0
P 2 1 578 0
P 2 1 579 0
P 2 1 580 0
P 2 1 581 0
P 2 1 582 0
P 2 1 583 0
P 2 1 584 0
P 2 1 585 0
P 2 1 586 0
P 2 1 587 0
P 2 1 588 0
P 2 1 589 0
P 2 1 590 0
P 2 1 591 0
P 2 1 592 0
P 2 1 593 0
P 2 1 594 0
P 2 1 595 0
P 2 1 596 0
P 2 1 597 0
P 2 1 598 1
P 2 1 599 0
P 2 1 600 0
P 2 1 601 0
P 2 1 602 0
P 2 1 603 0
P 2 1 604 0
P 2 1 605 0
P 2 1 606 0
P 2 1 607 0
P 2 1 608 0
P 2 1 609 0
P 2 1 610 0
P 2 1 611 0
P 2 1 612 0
P 2 1 613 0
P 2 1 614 0
P 2 1 615 0
P 2 1 616 0
P 2 1 617 0
P 2 1 618 0
P 2 1 619 0
P 2 1 620 0
P 2 1 621 0
P 2 1 622 0
P 2 1 623 0
P 2 1 624 0
P 2 1 625 0
P 2 1 626 0
P 2 1 627 0
P 2 1 628 0
P 2 1 629 0
P 2 1 630 0
P 2 1 631 0
P 2 1 632 0
P 2 1 633 0
P 2 1 634 0
P 2 1 635 0
P 2 1 636 0
P 2 1 637 0
P 2 1 638 0
P 2 1 639 0
P 2 1 640 0
P 2 1 641 0
P 2 1 642 0
P 2 1 643 0
P 2 1 644 0
P 2 1 645 0
P 2 1 646 0
P 2 1 647 0
P 2 1 648 0
P 2 1 649 0
P 2 1 650 0
P 2 1 651 0
P 2 1 652 0
P 2 1 653 0
P 2 1 654 0
P 2 1 655 0
P 2 1 656 0
P 2 1 657 0
P 2 1 658 0
P 2 1 659 0
P 2 1 660 0
P 2 1 661 0
P 2 1 662 0
P 2 1 663 0
P 2 1 664 0
P 2 1 665 0
P 2 1 666 0
P 2 1 667 0
P 2 1 668 0
P 2 1 669 0
P 2 1 670 0
P 2 1 671 0
P 2 1 672 0
P 2 1 673 0
P 2 1 674 0
P 2 1 675 0
P 2 1 676 0
P 2 1 677 0
P 2 1 678 0
P 2 1 679 0
P 2 1 680 0
P 2 1 681 0
P 2 1 682 0
P 2 1 683 0
P 2 1 684 0
P 2 1 685 0
P 2 1 686 0
P 2 1 687 0
P 2 1 688 0
P 2 1 689 0
P 2 1 690 0
P 2 1 691 0
P 2 1 692 0
P 2 1 693 0
P 2 1 694 1
P 2 1 695 0
P 2 1 696 0
P 2 1 697 0
P 2 1 698 0
P 2 1 699 0
P 2 1 700 0
P 2 1 701 0
P 2 1 702 0
P 2 1 703 0
P 2 1 704 0
P 2 1 705 0
P 2 1 706 0
P 2 1 707 0
P 2 1 708 0
P 2 1 709 0
P 2 1 710 0
P 2 1 711 1
P 2 1 712 0
P 2 1 713 0
P 2 1 714 0
P 2 1 715 0
P 2 1 716 0
P 2 1 717 0
P 2 1 718 0
P 2 1 719 0
P 2 1 720 0
P 2 1 721 0
P 2 1 722 0
P 2 1 723 0
P 2 1 724 0
P 2 1 725 0
P 2 1 726 1
P 2 1 727 0
P 2 1 728 0
P 2 1 729 0
P 2 1 730 1
P 2 1 731 0
P 2 1 732 0
P 2 1 733 0
P 2 1 734 0
P 2 1 735 0
P 2 1 736 0
P 2 1 737 0
P 2 1 738 0
P 2 1 739 0
P 2 1 740 0
P 2 1 741 0
P 2 1 742 0
P 2 1 743 0
P 2 1 744 0
P 2 1 745 0
P 2 1 746 0
P 2 1 747 0
P 2 1 748 0
P 2 1 749 0
P 2 1 750 0
P 2 1 751 0
P 2 1 752 0
P 2 1 753 0
P 2 1 754 0
P 2 1 755 0
P 2 1 756 0
P 2 1 757 0
P 2 1 758 0
P 2 1 759 0
P 2 1 760 1
P 2 1 761 0
P 2 1 762 0
P 2 1 763 0
P 2 1 764 0
P 2 1 765 0
P 2 1 766 0
P 2 1 767 0
P 2 1 768 0
P 2 1 769 0
P 2 1 770 0
P 2 1 771 0
P 2 1 772 0
P 2 1 773 0
P 2 1 774 0
P 2 1 775 0
P 2 1 776 0
P 2 1 777 0
P 2 1 778 0
P 2 1 779 0
P 2 1 780 0
P 2 1 781 0
P 2 1 782 0
P 2 1 783 0
P 2 1 784 0
P 2 1 785 0
P 2 1 786 0
P 2 1 787 0
P 2 1 788 0
P 2 1 789 0
P 2 1 790 0
P 2 1 791 0
P 2 1 792 0
P 2 1 793 0
P 2 1 794 0
P 2 1 795 0
P 2 1 796 0
P 2 1 797 0
P 2 1 798 0
P 2 1 799 0
P 2 1 800 0
P 2 1 801 0
P 2 1 802 1
P 2 1 803 0
P 2 1 804 0
P 2 1 805 0
P 2 1 806 0
P 2 1 807 0
P 2 1 808 0
P 2 1 809 0
P 2 1 810 0
P 2 1 811 0
P 2 1 812 0
P 2 1 813 0
P 2 1 814 0
P 2 1 815 0
P 2 1 816 0
P 2 1 817 0
P 2 1 818 0
P 2 1 819 0
P 2 1 820 0
P 2 1 821 0
P 2 1 822 0
P 2 1 823 0
P 2 1 824 0
P 2 1 825 0
P 2 1 826 0
P 2 1 827 1
P 2 1 828 0
P 2 1 829 0
P 2 1 830 0
P 2 1 831 0
P 2 1 832 0
P 2 1 833 0
P 2 1 834 0
P 2 1 835 0
P 2 1 836 0
P 2 1 837 0
P 2 1 838 0
P 2 1 839 0
P 2 1 840 0
P 2 1 841 0
P 2 1 842 0
P 2 1 843 0
P 2 1 844 0
P 2 1 845 0
P 2 1 846 0
P 2 1 847 0
P 2 1 848 0
P 2 1 849 0
P 2 1 850 0
P 2 1 851 0
P 2 1 852 0
P 2 1 853 0
P 2 1 854 0
P 2 1 855 0
P 2 1 856 0
P 2 1 857 0
P 2 1 858 0
P 2 1 859 0
P 2 1 860 0
P 2 1 861 0
P 2 1 862 0
P 2 1 863 0
P 2 1 864 0
P 2 1 865 0
P 2 1 866 0
P 2 1 867 0
P 2 1 868 0
P 2 1 869 0
P 2 1 870 0
P 2 1 871 0
P 2 1 872 0
P 2 1 873 0
P 2 1 874 0
P 2 1 875 0
P 2 1 876 0
P 2 1 877 0
P 2 1 878 0
P 2 1 879 0
P 2 1 880 0
P 2 1 881 0
P 2 1 882 0
P 2 1 883 0
P 2 1 884 0
P 2 1 885 0
P 2 1 886 0
P 2 1 887 0
P 2 1 888 0
P 2 1 889 0
P 2 1 890 0
P 2 1 891 0
P 2 1 892 0
P 2 1 893 0
P 2 1 894 0
P 2 1 895 0
P 2 1 896 0
P 2 1 897 0
P 2 1 898 0
P 2 1 899 0
P 2 1 900 0
P 2 1 901 0
P 2 1 902 0
P 2 1 903 0
P 2 1 904 0
P 2 1 905 0
P 2 1 906 0
P 2 1 907 0
P 2 1 908 0
P 2 1 909 0
P 2 1 910 0
P 2 1 911 0
P 2 1 912 0
P 2 1 913 0
P 2 1 914 1
P 2 1 915 0
P 2 1 916 0
P 2 1 917 0
P 2 1 918 0
P 2 1 919 0
P 2 1 920 0
P 2 1 921 0
P 2 1 922 0
P 2 1 923 0
P 2 1 924 0
P 2 1 925 0
P 2 1 926 0
P 2 1 927 0
P 2 1 928 0
P 2 1 929 0
P 2 1 930 0
P 2 1 931 0
P 2 1 932 0
P 2 1 933 0
P 2 1 934 0
P 2 1 935 0
P 2 1 936 0
P 2 1 937 0
P 2 1 938 0
P 2 1 939 0
P 2 1 940 0
P 2 1 941 0
P 2 1 942 0
P 2 1 943 0
P 2 1 944 0
P 2 1 945 0
P 2 1 946 0
P 2 1 947 0
P 2 1 948 0
P 2 1 949 0
P 2 1 950 0
P 2 1 951 0
P 2 1 952 0
P 2 1 953 0
P 2 1 954 0
P 2 1 955 0
P 2 1 956 0
P 2 1 957 0
P 2 1 958 0
P 2 1 959 0
P 2 1 960 0
P 2 1 961 0
P 2 1 962 0
P 2 1 963 0
P 2 1 964 0
P 2 1 965 0
P 2 1 966 0
P 2 1 967 0
P 2 1 968 0
P 2 1 969 0
P 2 1 970 0
P 2 1 971 0
P 2 1 972 0
P 2 1 973 0
P 2 1 974 0
P 2 1 975 0
P 2 1 976 1
P 2 1 977 0
P 2 1 978 0
P 2 1 979 0
P 2 1 980 0
P 2 1 981 0
P 2 1 982 0
P 2 1 983 0
P 2 1 984 0
P 2 1 985 0
P 2 1 986 0
P 2 1 987 0
P 2 1 988 0
P 2 1 989 0
P 2 1 990 0
P 2 1 991 0
P 2 1 992 0
P 2 1 993 0
P 2 1 994 0
P 2 1 995 0
P 2 1 996 0
P 2 1 997 0
P 2 1 998 0
P 2 1 999 0
P 2 1 1000 0
P 2 1 1001 0
P 2 1 1002 0
P 2 1 1003 0
P 2 1 1004 0
P 2 1 1005 0
P 2 1 1006 0
P 2 1 1007 0
P 2 1 1008 0
P 2 1 1009 0
P 2 1 1010 0
P 2 1 1011 0
P 2 1 1012 0
P 2 1 1013 0
P 2 1 1014 0
P 2 1 1015 0
P 2 1 1016 0
P 2 1 1017 0
P 2 1 1018 0
P 2 1 1019 0
P 2 1 1020 0
P 2 1 1021 0
P 2 1 1022 0
P 2 1 1023 0
P 2 1 1024 0
P 2 1 1025 0
P 2 1 1026 0
P 2 1 1027 0
P 2 1 1028 0
P 2 1 1029 0
P 2 1 1030 0
P 2 1 1031 0
P 2 1 1032 0
P 2 1 1033 0
P 2 1 1034 0
P 2 1 1035 0
P 2 1 1036 0
P 2 1 1037 0
P 2 1 1038 0
P 2 1 1039 0
P 2 1 1040 0
P 2 1 1041 0
P 2 1 1042 0
P 2 1 1043 0
P 2 1 1044 0
P 2 1 1045 0
P 2 1 1046 0
P 2 1 1047 0
P 2 1 1048 0
P 2 1 1049 0
P 2 1 1050 0
P 2 1 1051 0
P 2 1 1052 0
P 2 1 1053 0
P 2 1 1054 0
P 2 1 1055 0
P 2 1 1056 0
P 2 1 1057 0
P 2 1 1058 0
P 2 1 1059 0
C 2 2 0 0 0 0 0 0 9 0
C 2 2 1 2 1 0 0 1 9 2
C 2 2 2 2 1 1 0 0 9 2
C 2 2 3 2 1 1 0 0 9 2
C 2 2 4 2 1 1 0 0 9 2
C 2 2 5 2 1 0 0 2 10 3
C 2 2 6 2 1 1 0 1 9 3
C 2 2 7 2 1 1 0 1 9 3
C 2 2 8 2 1 1 0 1 10 3
C 2 2 9 2 2 0 0 1 9 3
C 2 2 10 2 2 1 0 0 9 3
C 2 2 11 2 2 1 0 0 9 3
C 2 2 12 2 2 1 0 0 9 3
C 2 2 13 2 2 0 0 1 9 3
C 2 2 14 1 0 1 0 0 9 1
C 2 2 15 2 0 0 1 1 9 2
C 2 2 16 2 2 0 0 0 8 2
C 2 2 17 2 2 0 0 0 8 2
C 2 2 18 2 1 1 0 1 8 3
C 2 2 19 2 2 0 0 1 8 3
C 2 2 20 2 2 0 0 1 8 3
C 2 2 21 2 1 0 0 2 8 3
C 2 2 22 2 1 0 0 2 9 3
C 2 2 23 2 1 1 1 0 9 3
C 2 2 24 2 0 1 1 0 8 2
C 2 2 25 2 1 0 0 2 7 3
C 2 2 26 2 1 1 1 0 7 3
C 2 2 27 2 2 0 1 0 7 3
C 2 2 28 2 0 3 0 0 7 3
C 2 2 29 2 0 3 0 0 6 3
C 2 2 30 2 0 3 0 0 5 3
C 2 2 31 2 0 3 0 0 6 3
C 2 2 32 1 0 0 1 0 1 1
C 2 2 33 3 1 0 1 1 1 3
C 2 2 34 3 1 1 1 0 1 3
C 2 2 35 3 1 1 1 0 1 3
C 2 2 36 3 1 1 1 0 1 3
C 2 2 37 3 1 0 1 2 0 4
C 2 2 38 3 1 1 1 1 1 4
C 2 2 39 3 1 1 1 1 1 4
C 2 2 40 3 1 1 1 1 0 4
C 2 2 41 3 2 0 1 1 1 4
C 2 2 42 3 2 1 1 0 1 4
C 2 2 43 3 2 1 1 0 1 4
C 2 2 44 3 2 1 1 0 1 4
C 2 2 45 3 2 0 1 1 1 4
C 2 2 46 2 0 1 1 0 1 2
C 2 2 47 1 0 0 0 1 1 1
C 2 2 48 3 2 0 1 0 2 3
C 2 2 49 3 2 0 1 0 2 3
C 2 2 50 3 1 1 1 1 2 4
C 2 2 51 3 2 0 1 1 2 4
C 2 2 52 3 2 0 1 1 2 4
C 2 2 53 3 1 0 1 2 2 4
C 2 2 54 3 1 0 1 2 1 4
C 2 2 55 3 1 1 2 0 1 4
C 2 2 56 3 0 1 2 0 2 3
C 2 2 57 3 1 0 1 2 3 4
C 2 2 58 3 1 1 2 0 3 4
C 2 2 59 3 2 0 2 0 3 4
C 2 2 60 3 0 3 1 0 3 4
C 2 2 61 3 0 3 1 0 4 4
C 2 2 62 3 0 3 1 0 5 4
C 2 2 63 3 0 3 1 0 4 4
C 2 2 64 0 0 0 0 0 6 0
C 2 2 65 3 1 0 0 2 6 3
C 2 2 66 2 2 0 0 1 6 3
C 2 2 67 2 2 0 0 1 6 3
C 2 2 68 3 1 1 0 1 6 3
C 2 2 69 3 2 0 0 2 9 4
C 2 2 70 3 1 1 0 2 10 4
C 2 2 71 2 1 0 0 1 7 2
C 2 2 72 3 1 2 0 1 9 4
C 2 2 73 3 1 1 0 2 6 4
C 2 2 74 2 1 0 0 1 9 2
C 2 2 75 3 1 2 0 1 9 4
C 2 2 76 3 1 1 0 2 6 4
C 2 2 77 3 1 2 0 1 10 4
C 2 2 78 3 1 1 0 2 7 4
C 2 2 79 3 3 0 0 1 9 4
C 2 2 80 3 2 0 0 2 6 4
C 2 2 81 3 3 1 0 0 9 4
C 2 2 82 3 2 1 0 1 6 4
C 2 2 83 3 2 1 0 1 6 4
C 2 2 84 3 3 1 0 0 9 4
C 2 2 85 2 1 1 0 0 9 2
C 2 2 86 3 2 1 0 1 6 4
C 2 2 87 3 3 0 0 1 9 4
C 2 2 88 3 2 0 0 2 6 4
C 2 2 89 2 0 1 0 1 6 2
C 2 2 90 3 1 0 1 1 9 3
C 2 2 91 3 0 1 1 1 9 3
C 2 2 92 2 0 0 1 2 6 3
C 2 2 93 3 2 0 0 1 7 3
C 2 2 94 3 2 0 0 1 7 3
C 2 2 95 3 2 1 0 1 9 4
C 2 2 96 3 1 2 0 1 8 4
C 2 2 97 3 1 1 0 2 5 4
C 2 2 98 3 3 0 0 1 8 4
C 2 2 99 3 2 0 0 2 7 4
C 2 2 100 3 3 0 0 1 9 4
C 2 2 101 3 2 1 0 1 8 4
C 2 2 102 3 2 0 0 2 5 4
C 2 2 103 3 2 0 0 2 9 4
C 2 2 104 3 1 1 0 2 8 4
C 2 2 105 3 1 0 0 3 5 4
C 2 2 106 3 2 0 0 2 9 4
C 2 2 107 2 1 0 0 1 6 2
C 2 2 108 2 1 0 0 1 8 2
C 2 2 109 3 1 1 1 1 8 4
C 2 2 110 3 0 1 1 1 5 3
C 2 2 111 2 2 0 0 1 8 3
C 2 2 112 3 1 1 0 2 8 4
C 2 2 113 3 1 0 0 3 6 4
C 2 2 114 3 1 2 1 0 8 4
C 2 2 115 3 1 1 1 1 6 4
C 2 2 116 3 3 0 1 0 7 4
C 2 2 117 3 2 1 1 0 9 4
C 2 2 118 3 2 0 1 1 8 4
C 2 2 119 3 0 3 0 1 4 4
C 2 2 120 3 0 3 0 1 3 4
C 2 2 121 3 0 3 0 1 2 4
C 2 2 122 3 0 3 0 1 3 4
C 2 2 123 3 2 1 0 2 6 5
C 2 2 124 3 2 1 0 2 6 5
C 2 2 125 3 2 2 0 1 9 5
C 2 2 126 3 2 1 0 2 6 5
C 2 2 127 3 3 0 0 3 9 6
C 2 2 128 3 2 1 0 3 10 6
C 2 2 129 3 2 0 0 4 7 6
C 2 2 130 3 2 1 0 2 6 6
C 2 2 131 3 2 2 0 2 9 6
C 2 2 132 3 2 1 0 3 6 6
C 2 2 133 3 2 2 0 2 10 6
C 2 2 134 3 2 1 0 3 7 6
C 2 2 135 3 4 0 0 2 9 6
C 2 2 136 3 3 1 0 2 9 6
C 2 2 137 2 2 0 0 1 6 3
C 2 2 138 3 3 2 0 1 9 6
C 2 2 139 3 3 1 0 2 6 6
C 2 2 140 2 3 0 0 0 6 3
C 2 2 141 3 3 2 0 1 9 6
C 2 2 142 3 3 1 0 2 6 6
C 2 2 143 3 4 0 0 2 9 6
C 2 2 144 3 3 1 0 2 9 6
C 2 2 145 3 3 0 0 3 6 6
C 2 2 146 3 1 1 0 2 6 4
C 2 2 147 3 2 0 1 2 9 5
C 2 2 148 3 1 1 1 2 9 5
C 2 2 149 3 1 0 1 3 6 5
C 2 2 150 3 4 0 0 1 8 5
C 2 2 151 3 3 1 0 1 9 5
C 2 2 152 3 3 0 0 2 7 5
C 2 2 153 2 3 0 0 0 8 3
C 2 2 154 3 3 1 0 1 9 5
C 2 2 155 3 3 0 0 2 7 5
C 2 2 156 3 2 2 0 1 8 6
C 2 2 157 3 2 1 0 2 5 6
C 2 2 158 3 4 0 0 2 8 6
C 2 2 159 3 3 1 0 2 9 6
C 2 2 160 2 2 0 0 1 7 3
C 2 2 161 3 4 0 0 2 9 6
C 2 2 162 3 3 1 0 2 8 6
C 2 2 163 3 3 0 0 3 5 6
C 2 2 164 3 2 1 0 2 8 6
C 2 2 165 3 2 0 0 3 5 6
C 2 2 166 3 2 1 0 3 9 6
C 2 2 167 2 0 1 0 2 6 3
C 2 2 168 3 2 2 1 1 10 6
C 2 2 169 3 2 1 1 2 8 6
C 2 2 170 2 1 0 1 1 5 3
C 2 2 171 2 1 1 0 1 8 3
C 2 2 172 2 1 0 1 1 6 3
C 2 2 173 3 2 2 1 1 8 6
C 2 2 174 3 2 1 1 2 6 6
C 2 2 175 3 4 0 1 1 7 6
C 2 2 176 3 3 1 1 1 9 6
C 2 2 177 3 3 0 1 2 8 6
C 2 2 178 3 1 3 0 2 4 6
C 2 2 179 3 1 3 0 2 3 6
C 2 2 180 3 1 3 0 2 2 6
C 2 2 181 3 1 3 0 2 3 6
C 2 2 182 3 3 2 0 0 9 5
C 2 2 183 3 2 3 0 0 9 5
C 2 2 184 3 2 2 0 1 6 5
C 2 2 185 3 2 2 0 1 6 5
C 2 2 186 3 3 1 0 2 9 6
C 2 2 187 3 2 2 0 2 10 6
C 2 2 188 3 2 1 0 3 7 6
C 2 2 189 3 3 2 0 1 9 6
C 2 2 190 3 2 3 0 1 9 6
C 2 2 191 3 2 2 0 2 6 6
C 2 2 192 3 3 2 0 1 9 6
C 2 2 193 3 2 2 0 2 6 6
C 2 2 194 3 2 3 0 1 10 6
C 2 2 195 3 2 2 0 2 7 6
C 2 2 196 3 4 1 0 1 9 6
C 2 2 197 3 3 1 0 2 6 6
C 2 2 198 3 4 2 0 0 9 6
C 2 2 199 3 3 2 0 1 6 6
C 2 2 200 3 3 2 0 1 6 6
C 2 2 201 3 4 2 0 0 9 6
C 2 2 202 3 3 3 0 0 9 6
C 2 2 203 3 3 2 0 1 6 6
C 2 2 204 3 4 1 0 1 9 6
C 2 2 205 3 3 1 0 2 6 6
C 2 2 206 3 1 2 0 1 6 4
C 2 2 207 3 2 1 1 1 9 5
C 2 2 208 3 1 2 1 1 9 5
C 2 2 209 3 1 1 1 2 6 5
C 2 2 210 3 3 1 0 1 7 5
C 2 2 211 3 3 1 0 1 7 5
C 2 2 212 3 3 2 0 1 9 6
C 2 2 213 3 2 3 0 1 8 6
C 2 2 214 3 2 2 0 2 5 6
C 2 2 215 3 2 1 0 2 7 6
C 2 2 216 3 4 1 0 1 9 6
C 2 2 217 3 3 2 0 1 8 6
C 2 2 218 3 3 1 0 2 5 6
C 2 2 219 3 3 1 0 2 9 6
C 2 2 220 3 2 2 0 2 8 6
C 2 2 221 3 2 1 0 3 5 6
C 2 2 222 3 3 1 0 2 9 6
C 2 2 223 3 2 1 0 3 6 6
C 2 2 224 3 3 2 1 0 8 6
C 2 2 225 3 2 2 1 1 8 6
C 2 2 226 3 2 2 1 0 9 5
C 2 2 227 3 1 3 1 0 8 5
C 2 2 228 3 1 2 1 1 5 5
C 2 2 229 3 3 1 0 2 8 6
C 2 2 230 3 2 2 0 2 8 6
C 2 2 231 3 2 1 0 3 6 6
C 2 2 232 3 3 2 1 0 8 6
C 2 2 233 3 2 3 1 0 8 6
C 2 2 234 3 2 2 1 1 6 6
C 2 2 235 3 4 1 1 0 7 6
C 2 2 236 3 3 2 1 0 9 6
C 2 2 237 3 3 1 1 1 8 6
C 2 2 238 2 0 2 0 1 4 3
C 2 2 239 3 1 4 0 1 3 6
C 2 2 240 3 2 4 0 0 9 6
C 2 2 241 3 1 5 0 0 5 6
C 2 2 242 3 1 4 0 1 2 6
C 2 2 243 3 1 4 0 1 3 6
C 2 2 244 3 2 2 0 1 6 5
C 2 2 245 3 3 1 0 2 9 6
C 2 2 246 3 2 2 0 2 10 6
C 2 2 247 3 2 1 0 3 7 6
C 2 2 248 3 3 2 0 1 9 6
C 2 2 249 3 2 3 0 1 9 6
C 2 2 250 3 2 2 0 2 6 6
C 2 2 251 3 3 2 0 1 9 6
C 2 2 252 3 2 2 0 2 6 6
C 2 2 253 3 2 3 0 1 10 6
C 2 2 254 3 2 2 0 2 7 6
C 2 2 255 3 2 1 0 2 6 6
C 2 2 256 3 2 2 0 1 6 6
C 2 2 257 3 3 2 0 1 6 6
C 2 2 258 3 4 2 0 0 9 6
C 2 2 259 3 3 3 0 0 9 6
C 2 2 260 3 3 2 0 1 6 6
C 2 2 261 3 2 1 0 2 6 6
C 2 2 262 2 1 2 0 0 9 3
C 2 2 263 3 1 2 0 1 6 4
C 2 2 264 3 2 1 1 1 9 5
C 2 2 265 3 1 2 1 1 9 5
C 2 2 266 3 1 1 1 2 6 5
C 2 2 267 3 3 1 0 1 7 5
C 2 2 268 3 3 1 0 1 7 5
C 2 2 269 3 3 2 0 1 9 6
C 2 2 270 3 2 3 0 1 8 6
C 2 2 271 3 2 2 0 2 5 6
C 2 2 272 3 4 1 0 1 8 6
C 2 2 273 3 3 1 0 2 7 6
C 2 2 274 3 3 1 0 1 9 6
C 2 2 275 3 2 2 0 1 8 6
C 2 2 276 3 2 1 0 2 5 6
C 2 2 277 3 3 1 0 2 9 6
C 2 2 278 3 2 2 0 2 8 6
C 2 2 279 3 2 1 0 3 5 6
C 2 2 280 3 3 1 0 2 9 6
C 2 2 281 3 2 1 0 3 6 6
C 2 2 282 3 2 2 1 1 8 6
C 2 2 283 3 2 2 1 0 9 5
C 2 2 284 3 1 3 1 0 8 5
C 2 2 285 3 1 2 1 1 5 5
C 2 2 286 3 3 1 0 2 8 6
C 2 2 287 3 2 2 0 2 8 6
C 2 2 288 3 2 1 0 3 6 6
C 2 2 289 3 2 3 1 0 8 6
C 2 2 290 3 2 2 1 1 6 6
C 2 2 291 3 3 1 1 1 8 6
C 2 2 292 3 1 4 0 1 4 6
C 2 2 293 3 1 4 0 1 3 6
C 2 2 294 3 1 4 0 1 2 6
C 2 2 295 3 2 4 0 0 9 6
C 2 2 296 3 1 5 0 0 6 6
C 2 2 297 3 1 4 0 1 3 6
C 2 2 298 3 3 1 0 2 9 6
C 2 2 299 3 2 1 0 3 7 6
C 2 2 300 3 2 3 0 1 9 6
C 2 2 301 3 2 2 0 2 6 6
C 2 2 302 3 2 3 0 1 9 6
C 2 2 303 3 2 2 0 2 6 6
C 2 2 304 3 2 3 0 1 10 6
C 2 2 305 3 2 2 0 2 7 6
C 2 2 306 3 4 1 0 1 9 6
C 2 2 307 3 3 2 0 1 9 6
C 2 2 308 3 3 1 0 2 6 6
C 2 2 309 3 4 2 0 0 9 6
C 2 2 310 3 3 2 0 1 6 6
C 2 2 311 3 4 2 0 0 9 6
C 2 2 312 3 3 2 0 1 6 6
C 2 2 313 3 4 2 0 0 9 6
C 2 2 314 3 3 3 0 0 9 6
C 2 2 315 3 3 2 0 1 6 6
C 2 2 316 3 3 2 0 1 9 6
C 2 2 317 3 3 1 0 2 6 6
C 2 2 318 3 1 2 0 1 6 4
C 2 2 319 3 2 1 1 1 9 5
C 2 2 320 3 1 2 1 1 9 5
C 2 2 321 3 1 1 1 2 6 5
C 2 2 322 3 3 1 0 1 7 5
C 2 2 323 3 4 1 0 0 8 5
C 2 2 324 3 3 2 0 0 9 5
C 2 2 325 3 3 1 0 1 7 5
C 2 2 326 3 2 2 0 1 8 6
C 2 2 327 3 2 1 0 2 5 6
C 2 2 328 3 3 2 0 1 9 6
C 2 2 329 3 3 1 0 2 7 6
C 2 2 330 3 3 2 0 1 8 6
C 2 2 331 3 3 1 0 2 5 6
C 2 2 332 3 2 2 0 2 8 6
C 2 2 333 3 2 1 0 3 5 6
C 2 2 334 3 3 1 0 2 9 6
C 2 2 335 3 2 2 0 2 9 6
C 2 2 336 3 2 1 0 3 6 6
C 2 2 337 2 2 0 0 1 8 3
C 2 2 338 2 0 1 0 2 8 3
C 2 2 339 3 1 2 1 1 5 5
C 2 2 340 3 2 2 0 2 8 6
C 2 2 341 3 2 1 0 3 6 6
C 2 2 342 3 2 2 1 1 6 6
C 2 2 343 3 4 1 1 0 7 6
C 2 2 344 3 3 2 1 0 9 6
C 2 2 345 3 3 1 1 1 8 6
C 2 2 346 3 1 4 0 1 4 6
C 2 2 347 3 1 3 0 1 3 6
C 2 2 348 3 1 4 0 1 2 6
C 2 2 349 3 1 4 0 1 3 6
C 2 2 350 3 3 1 0 3 9 7
C 2 2 351 3 2 2 0 3 10 7
C 2 2 352 3 2 1 0 4 7 7
C 2 2 353 3 3 1 0 3 9 7
C 2 2 354 3 2 2 0 3 10 7
C 2 2 355 3 2 1 0 4 7 7
C 2 2 356 3 3 1 0 3 10 7
C 2 2 357 3 2 2 0 3 10 7
C 2 2 358 3 2 1 0 4 6 7
C 2 2 359 3 4 0 0 3 9 7
C 2 2 360 3 3 1 0 3 10 7
C 2 2 361 3 3 0 0 4 7 7
C 2 2 362 3 4 1 0 2 9 7
C 2 2 363 3 3 1 0 3 7 7
C 2 2 364 3 4 1 0 2 9 7
C 2 2 365 3 3 1 0 3 7 7
C 2 2 366 3 4 1 0 2 9 7
C 2 2 367 3 3 2 0 2 10 7
C 2 2 368 3 3 1 0 3 7 7
C 2 2 369 3 4 0 0 3 9 7
C 2 2 370 3 3 1 0 3 10 7
C 2 2 371 3 3 0 0 4 7 7
C 2 2 372 2 2 0 0 1 5 3
C 2 2 373 3 2 0 1 3 10 6
C 2 2 374 3 1 1 1 3 9 6
C 2 2 375 3 1 0 1 4 5 6
C 2 2 376 3 2 0 0 3 8 6
C 2 2 377 3 4 0 0 2 8 6
C 2 2 378 3 3 1 0 2 10 6
C 2 2 379 3 3 0 0 3 8 6
C 2 2 380 3 3 1 0 3 9 7
C 2 2 381 3 2 2 0 3 9 7
C 2 2 382 3 2 1 0 4 6 7
C 2 2 383 3 4 0 0 3 8 7
C 2 2 384 3 3 1 0 3 10 7
C 2 2 385 3 3 0 0 4 8 7
C 2 2 386 3 2 1 0 3 9 7
C 2 2 387 2 1 0 0 2 6 3
C 2 2 388 3 2 1 0 4 9 7
C 2 2 389 3 2 0 0 5 6 7
C 2 2 390 3 3 0 0 3 10 7
C 2 2 391 2 1 1 0 1 9 3
C 2 2 392 2 2 0 0 1 5 3
C 2 2 393 3 3 1 1 2 9 7
C 2 2 394 3 2 1 1 3 7 7
C 2 2 395 3 1 1 1 3 4 6
C 2 2 396 3 3 0 0 4 8 7
C 2 2 397 3 2 1 0 4 9 7
C 2 2 398 3 2 0 0 5 7 7
C 2 2 399 3 3 1 1 2 8 7
C 2 2 400 3 2 2 1 2 9 7
C 2 2 401 3 2 1 1 3 7 7
C 2 2 402 3 4 0 1 2 7 7
C 2 2 403 3 3 1 1 2 10 7
C 2 2 404 3 3 0 1 3 9 7
C 2 2 405 3 1 3 0 3 3 7
C 2 2 406 3 1 3 0 3 2 7
C 2 2 407 3 2 3 0 2 9 7
C 2 2 408 3 1 4 0 2 6 7
C 2 2 409 3 1 3 0 3 3 7
C 2 2 410 3 1 3 0 3 2 7
C 2 2 411 3 2 3 0 2 9 7
C 2 2 412 3 2 2 0 3 6 7
C 2 2 413 3 3 1 0 2 9 7
C 2 2 414 3 2 2 0 2 10 7
C 2 2 415 3 2 1 0 3 7 7
C 2 2 416 3 4 1 0 2 9 7
C 2 2 417 3 3 2 0 2 9 7
C 2 2 418 3 3 1 0 3 6 7
C 2 2 419 3 3 3 0 1 9 7
C 2 2 420 3 3 2 0 2 6 7
C 2 2 421 3 3 3 0 1 9 7
C 2 2 422 3 3 2 0 2 6 7
C 2 2 423 3 4 2 0 1 9 7
C 2 2 424 3 3 3 0 1 9 7
C 2 2 425 3 3 2 0 2 6 7
C 2 2 426 3 4 1 0 2 9 7
C 2 2 427 3 3 2 0 2 9 7
C 2 2 428 3 3 1 0 3 6 7
C 2 2 429 3 1 1 0 2 6 5
C 2 2 430 3 2 1 1 2 9 6
C 2 2 431 3 1 2 1 2 9 6
C 2 2 432 3 1 1 1 3 6 6
C 2 2 433 3 3 2 0 1 9 6
C 2 2 434 3 3 1 0 2 7 6
C 2 2 435 3 3 2 0 1 9 6
C 2 2 436 3 3 1 0 2 7 6
C 2 2 437 3 3 2 0 1 9 7
C 2 2 438 3 2 2 0 2 5 7
C 2 2 439 3 4 1 0 2 8 7
C 2 2 440 3 3 2 0 2 9 7
C 2 2 441 3 3 1 0 3 7 7
C 2 2 442 3 4 1 0 2 9 7
C 2 2 443 3 3 2 0 2 8 7
C 2 2 444 3 3 1 0 3 5 7
C 2 2 445 3 2 1 0 3 5 7
C 2 2 446 3 3 1 0 3 9 7
C 2 2 447 3 2 1 0 4 6 7
C 2 2 448 3 3 1 1 1 8 7
C 2 2 449 3 2 2 1 1 10 7
C 2 2 450 2 1 1 1 0 8 3
C 2 2 451 3 2 2 1 1 9 6
C 2 2 452 3 1 3 1 1 8 6
C 2 2 453 3 1 2 1 2 5 6
C 2 2 454 3 2 1 0 3 6 7
C 2 2 455 3 3 2 1 1 8 7
C 2 2 456 3 2 3 1 1 8 7
C 2 2 457 3 2 2 1 2 6 7
C 2 2 458 3 4 1 1 1 7 7
C 2 2 459 3 3 2 1 1 9 7
C 2 2 460 3 3 1 1 2 8 7
C 2 2 461 3 1 3 0 2 4 7
C 2 2 462 3 1 4 0 2 3 7
C 2 2 463 3 2 4 0 1 9 7
C 2 2 464 3 1 5 0 1 5 7
C 2 2 465 3 1 4 0 2 2 7
C 2 2 466 3 1 3 0 2 3 7
C 2 2 467 3 2 3 0 1 10 7
C 2 2 468 3 2 2 0 2 7 7
C 2 2 469 3 4 1 0 2 9 7
C 2 2 470 3 3 2 0 2 9 7
C 2 2 471 3 3 1 0 3 6 7
C 2 2 472 3 4 2 0 1 9 7
C 2 2 473 3 3 3 0 1 9 7
C 2 2 474 3 3 2 0 2 6 7
C 2 2 475 3 4 2 0 1 9 7
C 2 2 476 3 3 3 0 1 9 7
C 2 2 477 3 3 2 0 2 6 7
C 2 2 478 3 4 2 0 1 9 7
C 2 2 479 3 3 3 0 1 9 7
C 2 2 480 3 3 2 0 2 6 7
C 2 2 481 3 4 1 0 2 9 7
C 2 2 482 3 3 2 0 2 9 7
C 2 2 483 3 3 1 0 3 6 7
C 2 2 484 3 1 2 0 2 6 5
C 2 2 485 3 2 1 1 2 9 6
C 2 2 486 3 1 2 1 2 9 6
C 2 2 487 3 1 1 1 3 6 6
C 2 2 488 3 3 2 0 1 9 6
C 2 2 489 3 3 1 0 2 7 6
C 2 2 490 3 4 1 0 1 8 6
C 2 2 491 3 3 2 0 1 9 6
C 2 2 492 3 3 1 0 2 7 6
C 2 2 493 3 3 2 0 2 9 7
C 2 2 494 3 2 3 0 2 8 7
C 2 2 495 3 2 2 0 3 5 7
C 2 2 496 3 4 1 0 2 8 7
C 2 2 497 3 3 1 0 3 7 7
C 2 2 498 3 4 1 0 2 9 7
C 2 2 499 3 3 2 0 2 8 7
C 2 2 500 3 3 1 0 3 5 7
C 2 2 501 3 2 2 0 2 8 7
C 2 2 502 3 2 1 0 3 5 7
C 2 2 503 3 3 1 0 3 9 7
C 2 2 504 3 2 2 0 3 9 7
C 2 2 505 3 2 1 0 4 6 7
C 2 2 506 3 3 2 1 1 8 7
C 2 2 507 3 2 3 1 1 10 7
C 2 2 508 3 2 2 1 2 8 7
C 2 2 509 3 2 2 1 1 9 6
C 2 2 510 3 1 3 1 1 8 6
C 2 2 511 3 1 2 1 2 5 6
C 2 2 512 3 3 1 0 3 8 7
C 2 2 513 3 2 2 0 3 8 7
C 2 2 514 3 2 1 0 4 6 7
C 2 2 515 3 3 2 1 1 8 7
C 2 2 516 3 2 3 1 1 8 7
C 2 2 517 3 2 2 1 2 6 7
C 2 2 518 3 4 1 1 1 7 7
C 2 2 519 3 3 2 1 1 9 7
C 2 2 520 3 3 1 1 2 8 7
C 2 2 521 3 1 3 0 2 4 7
C 2 2 522 3 1 4 0 2 3 7
C 2 2 523 3 2 4 0 1 9 7
C 2 2 524 3 1 4 0 2 2 7
C 2 2 525 3 2 4 0 1 9 7
C 2 2 526 3 1 4 0 2 3 7
C 2 2 527 3 4 1 0 2 9 7
C 2 2 528 3 3 2 0 2 10 7
C 2 2 529 3 3 1 0 3 7 7
C 2 2 530 3 4 2 0 1 9 7
C 2 2 531 3 3 3 0 1 10 7
C 2 2 532 3 3 2 0 2 7 7
C 2 2 533 3 3 3 0 1 10 7
C 2 2 534 3 3 2 0 2 7 7
C 2 2 535 3 4 2 0 1 9 7
C 2 2 536 3 3 3 0 1 10 7
C 2 2 537 3 3 2 0 2 7 7
C 2 2 538 3 4 1 0 2 9 7
C 2 2 539 3 3 2 0 2 10 7
C 2 2 540 3 3 1 0 3 7 7
C 2 2 541 3 1 1 0 2 5 5
C 2 2 542 3 2 1 1 2 10 6
C 2 2 543 3 1 2 1 2 9 6
C 2 2 544 3 1 1 1 3 5 6
C 2 2 545 3 3 2 0 1 10 6
C 2 2 546 3 3 1 0 2 8 6
C 2 2 547 3 3 2 0 1 10 6
C 2 2 548 3 3 1 0 2 8 6
C 2 2 549 3 2 3 0 2 9 7
C 2 2 550 3 2 2 0 3 6 7
C 2 2 551 3 3 2 0 2 10 7
C 2 2 552 3 3 1 0 3 8 7
C 2 2 553 3 4 1 0 2 9 7
C 2 2 554 3 3 2 0 2 9 7
C 2 2 555 3 3 1 0 3 6 7
C 2 2 556 3 2 2 0 2 9 7
C 2 2 557 3 2 1 0 3 6 7
C 2 2 558 3 3 1 0 3 10 7
C 2 2 559 3 2 2 0 3 9 7
C 2 2 560 3 2 1 0 4 5 7
C 2 2 561 2 1 0 0 1 9 2
C 2 2 562 3 2 2 1 1 10 7
C 2 2 563 2 1 0 0 1 7 2
C 2 2 564 3 2 2 1 1 10 6
C 2 2 565 3 1 2 1 2 4 6
C 2 2 566 3 2 2 0 3 9 7
C 2 2 567 3 2 1 0 4 7 7
C 2 2 568 3 3 2 1 1 8 7
C 2 2 569 3 2 3 1 1 9 7
C 2 2 570 3 2 2 1 2 7 7
C 2 2 571 3 3 2 1 1 10 7
C 2 2 572 3 3 1 1 2 9 7
C 2 2 573 3 1 3 0 2 3 7
C 2 2 574 3 1 4 0 2 2 7
C 2 2 575 3 2 4 0 1 9 7
C 2 2 576 3 1 4 0 2 3 7
C 2 2 577 3 1 3 0 2 2 7
C 2 2 578 2 3 0 0 0 6 3
C 2 2 579 3 3 1 0 2 6 7
C 2 2 580 3 4 1 0 1 9 7
C 2 2 581 3 3 2 0 1 9 7
C 2 2 582 3 3 1 0 2 6 7
C 2 2 583 3 4 0 0 2 9 7
C 2 2 584 3 3 1 0 2 9 7
C 2 2 585 2 2 0 0 1 6 3
C 2 2 586 3 2 1 0 2 6 5
C 2 2 587 3 3 0 1 2 9 6
C 2 2 588 3 2 1 1 2 9 6
C 2 2 589 3 2 0 1 3 6 6
C 2 2 590 3 5 0 0 1 8 6
C 2 2 591 3 4 1 0 1 9 6
C 2 2 592 3 4 0 0 2 7 6
C 2 2 593 3 4 1 0 1 9 6
C 2 2 594 3 4 0 0 2 7 6
C 2 2 595 3 4 1 0 2 9 7
C 2 2 596 3 3 2 0 2 8 7
C 2 2 597 3 3 1 0 3 5 7
C 2 2 598 3 5 0 0 2 8 7
C 2 2 599 3 4 1 0 2 9 7
C 2 2 600 3 4 0 0 3 7 7
C 2 2 601 3 4 0 0 2 9 7
C 2 2 602 3 3 1 0 2 8 7
C 2 2 603 3 4 0 0 3 9 7
C 2 2 604 3 3 1 0 3 8 7
C 2 2 605 3 3 0 0 4 5 7
C 2 2 606 3 3 0 0 3 9 7
C 2 2 607 3 2 1 0 3 9 7
C 2 2 608 3 3 2 1 1 10 7
C 2 2 609 3 3 1 1 2 8 7
C 2 2 610 3 3 1 1 1 9 6
C 2 2 611 2 1 0 1 1 5 3
C 2 2 612 3 3 1 0 3 8 7
C 2 2 613 3 3 0 0 4 6 7
C 2 2 614 3 3 2 1 1 8 7
C 2 2 615 3 3 1 1 2 6 7
C 2 2 616 3 4 1 1 1 9 7
C 2 2 617 3 4 0 1 2 8 7
C 2 2 618 3 2 3 0 2 4 7
C 2 2 619 3 2 3 0 2 3 7
C 2 2 620 3 2 3 0 2 2 7
C 2 2 621 3 3 3 0 1 9 7
C 2 2 622 3 2 3 0 2 3 7
C 2 2 623 3 3 2 0 1 6 7
C 2 2 624 3 4 2 0 0 9 7
C 2 2 625 3 3 2 0 1 6 7
C 2 2 626 3 4 1 0 1 9 7
C 2 2 627 3 3 2 0 1 9 7
C 2 2 628 3 3 1 0 2 6 7
C 2 2 629 3 2 2 0 1 6 5
C 2 2 630 3 3 1 1 1 9 6
C 2 2 631 3 2 2 1 1 9 6
C 2 2 632 3 2 1 1 2 6 6
C 2 2 633 3 4 1 0 1 7 6
C 2 2 634 3 5 1 0 0 8 6
C 2 2 635 3 4 2 0 0 9 6
C 2 2 636 3 4 1 0 1 7 6
C 2 2 637 3 3 3 0 1 8 7
C 2 2 638 3 3 2 0 2 5 7
C 2 2 639 3 5 1 0 1 8 7
C 2 2 640 3 4 2 0 1 9 7
C 2 2 641 3 4 1 0 2 7 7
C 2 2 642 3 3 2 0 1 8 7
C 2 2 643 3 3 1 0 2 5 7
C 2 2 644 3 3 2 0 2 8 7
C 2 2 645 3 3 1 0 3 5 7
C 2 2 646 3 3 1 0 2 9 7
C 2 2 647 3 2 2 0 2 9 7
C 2 2 648 3 2 1 0 3 6 7
C 2 2 649 3 3 3 1 0 10 7
C 2 2 650 3 3 2 1 1 8 7
C 2 2 651 3 3 2 1 0 9 6
C 2 2 652 3 2 2 1 1 5 6
C 2 2 653 3 3 2 0 2 8 7
C 2 2 654 3 3 1 0 3 6 7
C 2 2 655 3 3 3 1 0 8 7
C 2 2 656 3 3 2 1 1 6 7
C 2 2 657 3 4 1 1 1 8 7
C 2 2 658 3 2 4 0 1 4 7
C 2 2 659 3 2 4 0 1 3 7
C 2 2 660 3 2 4 0 1 2 7
C 2 2 661 3 3 4 0 0 9 7
C 2 2 662 3 2 4 0 1 3 7
C 2 2 663 3 3 2 0 1 6 7
C 2 2 664 3 5 1 0 1 9 7
C 2 2 665 3 4 1 0 2 6 7
C 2 2 666 3 2 2 0 1 6 5
C 2 2 667 3 3 1 1 1 9 6
C 2 2 668 3 2 2 1 1 9 6
C 2 2 669 3 2 1 1 2 6 6
C 2 2 670 3 4 1 0 1 7 6
C 2 2 671 3 4 2 0 0 9 6
C 2 2 672 3 4 1 0 1 7 6
C 2 2 673 3 3 3 0 1 8 7
C 2 2 674 3 3 2 0 2 5 7
C 2 2 675 3 4 1 0 1 8 7
C 2 2 676 3 3 2 0 1 9 7
C 2 2 677 3 3 1 0 2 7 7
C 2 2 678 3 4 2 0 1 8 7
C 2 2 679 3 4 1 0 2 5 7
C 2 2 680 3 3 2 0 2 8 7
C 2 2 681 3 3 1 0 3 5 7
C 2 2 682 3 2 2 0 2 9 7
C 2 2 683 3 2 1 0 3 6 7
C 2 2 684 3 3 2 1 1 8 7
C 2 2 685 3 2 2 1 1 5 6
C 2 2 686 3 3 2 0 2 8 7
C 2 2 687 3 3 1 0 3 6 7
C 2 2 688 3 3 2 1 1 6 7
C 2 2 689 3 4 2 1 0 9 7
C 2 2 690 3 4 1 1 1 8 7
C 2 2 691 3 2 4 0 1 4 7
C 2 2 692 3 2 4 0 1 3 7
C 2 2 693 3 2 4 0 1 2 7
C 2 2 694 3 2 4 0 1 3 7
C 2 2 695 3 5 1 0 1 9 7
C 2 2 696 3 4 2 0 1 9 7
C 2 2 697 3 4 1 0 2 6 7
C 2 2 698 2 1 2 0 0 9 3
C 2 2 699 3 2 2 0 1 6 5
C 2 2 700 3 3 1 1 1 9 6
C 2 2 701 3 2 2 1 1 9 6
C 2 2 702 3 2 1 1 2 6 6
C 2 2 703 3 4 1 0 1 7 6
C 2 2 704 3 3 1 0 1 7 6
C 2 2 705 3 4 2 0 1 9 7
C 2 2 706 3 3 3 0 1 8 7
C 2 2 707 3 3 2 0 2 5 7
C 2 2 708 3 5 1 0 1 8 7
C 2 2 709 3 4 2 0 1 9 7
C 2 2 710 3 4 1 0 2 7 7
C 2 2 711 3 5 1 0 1 9 7
C 2 2 712 3 4 2 0 1 8 7
C 2 2 713 3 4 1 0 2 5 7
C 2 2 714 3 4 1 0 2 9 7
C 2 2 715 3 3 2 0 2 8 7
C 2 2 716 3 3 1 0 3 5 7
C 2 2 717 3 3 1 0 2 9 7
C 2 2 718 3 2 2 0 2 9 7
C 2 2 719 3 2 1 0 3 6 7
C 2 2 720 3 4 2 1 0 8 7
C 2 2 721 3 3 3 1 0 10 7
C 2 2 722 3 3 2 1 1 8 7
C 2 2 723 3 3 2 1 0 9 6
C 2 2 724 3 2 3 1 0 8 6
C 2 2 725 3 2 2 1 1 5 6
C 2 2 726 3 3 2 0 2 8 7
C 2 2 727 3 3 1 0 3 6 7
C 2 2 728 3 4 2 1 0 8 7
C 2 2 729 3 3 3 1 0 8 7
C 2 2 730 3 3 2 1 1 6 7
C 2 2 731 3 3 1 1 1 8 7
C 2 2 732 3 2 4 0 1 4 7
C 2 2 733 3 3 4 0 0 9 7
C 2 2 734 3 2 5 0 0 6 7
C 2 2 735 3 2 4 0 1 3 7
C 2 2 736 3 3 4 0 0 9 7
C 2 2 737 3 2 5 0 0 5 7
C 2 2 738 3 2 4 0 1 2 7
C 2 2 739 3 3 4 0 0 9 7
C 2 2 740 3 2 5 0 0 6 7
C 2 2 741 3 2 4 0 1 3 7
C 2 2 742 3 3 0 1 2 9 6
C 2 2 743 3 2 1 1 2 9 6
C 2 2 744 3 2 0 1 3 6 6
C 2 2 745 3 4 1 0 1 9 6
C 2 2 746 3 4 0 0 2 7 6
C 2 2 747 3 4 1 0 1 9 6
C 2 2 748 3 4 0 0 2 7 6
C 2 2 749 3 4 1 0 2 9 7
C 2 2 750 3 3 2 0 2 8 7
C 2 2 751 3 3 1 0 3 5 7
C 2 2 752 3 5 0 0 2 8 7
C 2 2 753 2 1 0 0 2 7 3
C 2 2 754 3 4 0 0 2 9 7
C 2 2 755 3 3 1 0 2 8 7
C 2 2 756 3 3 1 0 3 8 7
C 2 2 757 3 3 0 0 4 5 7
C 2 2 758 3 3 1 0 3 9 7
C 2 2 759 3 3 2 1 1 10 7
C 2 2 760 3 3 1 1 2 8 7
C 2 2 761 3 3 1 1 1 9 6
C 2 2 762 3 2 1 1 2 5 6
C 2 2 763 3 4 0 0 3 8 7
C 2 2 764 3 3 1 0 3 8 7
C 2 2 765 3 3 0 0 4 6 7
C 2 2 766 3 3 2 1 1 8 7
C 2 2 767 3 3 1 1 2 6 7
C 2 2 768 3 4 1 1 1 9 7
C 2 2 769 3 4 0 1 2 8 7
C 2 2 770 3 2 3 0 2 4 7
C 2 2 771 3 2 3 0 2 3 7
C 2 2 772 3 2 3 0 2 2 7
C 2 2 773 3 3 3 0 1 9 7
C 2 2 774 3 2 3 0 2 3 7
C 2 2 775 3 1 1 1 1 9 4
C 2 2 776 3 0 2 1 1 9 4
C 2 2 777 3 0 1 1 2 6 4
C 2 2 778 3 2 1 0 1 7 4
C 2 2 779 3 2 1 0 1 7 4
C 2 2 780 3 1 3 0 1 8 5
C 2 2 781 3 1 2 0 2 5 5
C 2 2 782 3 2 1 0 2 7 5
C 2 2 783 3 3 1 0 1 8 5
C 2 2 784 3 1 1 0 3 5 5
C 2 2 785 3 1 1 1 1 6 5
C 2 2 786 2 0 2 1 0 7 3
C 2 2 787 3 0 2 1 1 3 4
C 2 2 788 3 1 1 0 3 6 5
C 2 2 789 3 2 2 1 0 8 5
C 2 2 790 3 1 3 1 0 8 5
C 2 2 791 3 1 2 1 1 6 5
C 2 2 792 3 2 2 1 0 9 5
C 2 2 793 3 2 1 1 1 8 5
C 2 2 794 3 0 3 0 1 4 5
C 2 2 795 3 0 4 0 1 3 5
C 2 2 796 3 1 4 0 0 8 5
C 2 2 797 3 0 4 0 1 4 5
C 2 2 798 3 0 3 0 1 3 5
C 2 2 799 3 3 0 1 1 8 5
C 2 2 800 3 2 1 1 1 9 5
C 2 2 801 3 2 0 1 2 7 5
C 2 2 802 3 2 1 1 1 9 5
C 2 2 803 3 2 0 1 2 7 5
C 2 2 804 3 2 1 1 2 9 6
C 2 2 805 3 1 2 1 2 8 6
C 2 2 806 3 1 1 1 3 5 6
C 2 2 807 3 3 0 1 2 8 6
C 2 2 808 3 2 1 1 2 9 6
C 2 2 809 3 2 0 1 3 7 6
C 2 2 810 3 3 0 1 2 8 6
C 2 2 811 3 2 1 1 2 9 6
C 2 2 812 3 2 0 1 3 7 6
C 2 2 813 3 2 0 1 3 9 6
C 2 2 814 3 1 1 1 3 8 6
C 2 2 815 3 1 0 1 4 5 6
C 2 2 816 3 2 0 1 3 9 6
C 2 2 817 3 1 1 1 3 9 6
C 2 2 818 3 1 0 1 4 6 6
C 2 2 819 3 2 1 2 1 9 6
C 2 2 820 3 1 2 2 1 9 6
C 2 2 821 3 1 1 2 2 6 6
C 2 2 822 3 1 1 2 1 10 5
C 2 2 823 3 0 2 2 1 7 5
C 2 2 824 3 0 1 2 2 3 5
C 2 2 825 3 2 0 1 3 8 6
C 2 2 826 3 1 1 1 3 8 6
C 2 2 827 3 1 0 1 4 6 6
C 2 2 828 3 2 1 2 1 8 6
C 2 2 829 3 1 2 2 1 8 6
C 2 2 830 3 1 1 2 2 6 6
C 2 2 831 3 3 0 2 1 7 6
C 2 2 832 3 2 1 2 1 9 6
C 2 2 833 3 2 0 2 2 8 6
C 2 2 834 3 1 3 1 1 9 6
C 2 2 835 3 0 4 1 1 7 6
C 2 2 836 3 0 3 1 2 4 6
C 2 2 837 3 1 3 1 1 9 6
C 2 2 838 3 0 4 1 1 6 6
C 2 2 839 3 0 3 1 2 3 6
C 2 2 840 3 1 3 1 1 8 6
C 2 2 841 3 0 4 1 1 6 6
C 2 2 842 3 0 3 1 2 4 6
C 2 2 843 3 0 4 1 1 6 6
C 2 2 844 3 0 3 1 2 3 6
C 2 2 845 3 5 0 0 0 7 5
C 2 2 846 3 4 1 0 0 9 5
C 2 2 847 3 4 0 0 1 8 5
C 2 2 848 3 3 2 0 1 8 6
C 2 2 849 3 3 1 0 2 6 6
C 2 2 850 3 5 0 0 1 7 6
C 2 2 851 3 4 1 0 1 9 6
C 2 2 852 3 4 0 0 2 8 6
C 2 2 853 3 3 1 0 1 8 6
C 2 2 854 3 3 0 0 2 6 6
C 2 2 855 3 3 1 0 2 8 6
C 2 2 856 3 3 0 0 3 6 6
C 2 2 857 3 3 0 0 3 7 6
C 2 2 858 3 3 2 1 0 9 6
C 2 2 859 3 3 1 1 1 7 6
C 2 2 860 3 2 1 1 1 6 5
C 2 2 861 3 3 1 0 2 7 6
C 2 2 862 3 3 0 0 3 5 6
C 2 2 863 3 3 2 1 0 7 6
C 2 2 864 3 3 1 1 1 5 6
C 2 2 865 3 5 0 1 0 7 6
C 2 2 866 3 4 1 1 0 8 6
C 2 2 867 3 4 0 1 1 7 6
C 2 2 868 3 2 3 0 1 5 6
C 2 2 869 3 2 3 0 1 4 6
C 2 2 870 3 2 3 0 1 3 6
C 2 2 871 3 2 3 0 1 4 6
C 2 2 872 3 4 1 0 1 8 6
C 2 2 873 3 3 2 0 1 8 6
C 2 2 874 3 3 1 0 2 6 6
C 2 2 875 3 4 1 0 1 8 6
C 2 2 876 3 4 0 0 2 6 6
C 2 2 877 3 5 0 0 1 8 6
C 2 2 878 3 4 1 0 1 8 6
C 2 2 879 3 4 0 0 2 6 6
C 2 2 880 3 4 0 0 2 8 6
C 2 2 881 3 3 1 0 2 8 6
C 2 2 882 3 3 0 0 3 6 6
C 2 2 883 3 4 0 0 2 8 6
C 2 2 884 3 3 1 0 2 9 6
C 2 2 885 3 3 0 0 3 7 6
C 2 2 886 3 3 2 1 0 10 6
C 2 2 887 3 3 1 1 1 9 6
C 2 2 888 3 2 1 1 1 6 5
C 2 2 889 3 3 1 0 2 8 6
C 2 2 890 3 3 0 0 3 7 6
C 2 2 891 3 3 2 1 0 8 6
C 2 2 892 3 3 1 1 1 7 6
C 2 2 893 3 3 1 1 0 8 6
C 2 2 894 3 3 0 1 1 7 6
C 2 2 895 3 2 3 0 1 5 6
C 2 2 896 3 2 3 0 1 4 6
C 2 2 897 3 2 3 0 1 3 6
C 2 2 898 3 2 3 0 1 4 6
C 2 2 899 3 3 2 0 2 8 7
C 2 2 900 3 3 1 0 3 6 7
C 2 2 901 3 4 1 0 2 9 7
C 2 2 902 3 3 2 0 2 7 7
C 2 2 903 3 3 1 0 3 4 7
C 2 2 904 3 2 1 0 3 6 7
C 2 2 905 3 2 2 0 3 8 7
C 2 2 906 3 2 1 0 4 5 7
C 2 2 907 2 2 0 0 1 8 3
C 2 2 908 3 2 3 1 1 9 7
C 2 2 909 3 2 2 1 2 7 7
C 2 2 910 3 2 2 1 1 8 6
C 2 2 911 3 1 2 1 2 6 6
C 2 2 912 3 3 1 0 2 7 7
C 2 2 913 3 2 1 0 3 7 7
C 2 2 914 3 3 2 1 1 8 7
C 2 2 915 3 2 3 1 1 7 7
C 2 2 916 3 2 2 1 2 5 7
C 2 2 917 3 4 1 1 1 7 7
C 2 2 918 3 3 2 1 1 8 7
C 2 2 919 3 3 1 1 2 7 7
C 2 2 920 3 2 4 0 1 9 7
C 2 2 921 3 1 5 0 1 6 7
C 2 2 922 3 1 4 0 2 3 7
C 2 2 923 3 1 3 0 2 4 7
C 2 2 924 3 2 4 0 1 8 7
C 2 2 925 3 1 4 0 2 3 7
C 2 2 926 3 1 4 0 2 4 7
C 2 2 927 3 5 0 0 2 8 7
C 2 2 928 3 4 1 0 2 8 7
C 2 2 929 3 4 0 0 3 6 7
C 2 2 930 3 4 0 0 3 8 7
C 2 2 931 3 3 1 0 3 8 7
C 2 2 932 3 3 0 0 4 6 7
C 2 2 933 3 4 0 0 3 8 7
C 2 2 934 3 3 1 0 3 9 7
C 2 2 935 3 3 0 0 4 7 7
C 2 2 936 2 2 0 0 1 7 3
C 2 2 937 3 3 2 1 1 10 7
C 2 2 938 3 3 1 1 2 9 7
C 2 2 939 3 3 1 1 1 8 6
C 2 2 940 3 2 1 1 2 6 6
C 2 2 941 3 4 0 0 3 7 7
C 2 2 942 3 3 1 0 3 8 7
C 2 2 943 3 3 0 0 4 7 7
C 2 2 944 3 4 1 1 1 7 7
C 2 2 945 3 3 2 1 1 8 7
C 2 2 946 3 3 1 1 2 7 7
C 2 2 947 3 4 1 1 1 8 7
C 2 2 948 3 4 0 1 2 7 7
C 2 2 949 3 2 3 0 2 5 7
C 2 2 950 3 2 3 0 2 4 7
C 2 2 951 3 3 3 0 1 8 7
C 2 2 952 3 2 3 0 2 3 7
C 2 2 953 3 2 3 0 2 4 7
C 2 2 954 3 4 0 0 3 9 7
C 2 2 955 3 3 1 0 3 7 7
C 2 2 956 3 3 0 0 4 4 7
C 2 2 957 3 4 0 0 3 8 7
C 2 2 958 3 3 1 0 3 9 7
C 2 2 959 3 3 2 1 1 9 7
C 2 2 960 3 3 1 1 2 7 7
C 2 2 961 3 3 1 1 1 9 6
C 2 2 962 3 2 2 1 1 7 6
C 2 2 963 3 2 1 1 2 4 6
C 2 2 964 3 3 1 0 3 7 7
C 2 2 965 3 3 0 0 4 5 7
C 2 2 966 3 3 2 1 1 7 7
C 2 2 967 3 3 1 1 2 5 7
C 2 2 968 3 4 1 1 1 8 7
C 2 2 969 3 4 0 1 2 7 7
C 2 2 970 3 2 3 0 2 5 7
C 2 2 971 3 2 3 0 2 4 7
C 2 2 972 3 3 3 0 1 8 7
C 2 2 973 3 2 3 0 2 3 7
C 2 2 974 3 3 3 0 1 8 7
C 2 2 975 3 2 3 0 2 4 7
C 2 2 976 3 2 1 0 4 8 7
C 2 2 977 3 2 0 0 5 5 7
C 2 2 978 3 2 2 1 2 9 7
C 2 2 979 3 2 1 1 3 7 7
C 2 2 980 3 2 1 1 2 8 6
C 2 2 981 3 1 1 1 3 6 6
C 2 2 982 3 3 0 0 3 7 7
C 2 2 983 3 2 1 0 3 8 7
C 2 2 984 2 1 0 0 2 7 3
C 2 2 985 3 2 2 1 2 7 7
C 2 2 986 3 2 1 1 3 5 7
C 2 2 987 3 3 1 1 2 8 7
C 2 2 988 3 3 0 1 3 7 7
C 2 2 989 3 2 3 0 2 9 7
C 2 2 990 3 1 3 0 3 3 7
C 2 2 991 3 1 3 0 3 4 7
C 2 2 992 3 2 3 0 2 8 7
C 2 2 993 3 1 3 0 3 3 7
C 2 2 994 3 1 3 0 3 4 7
C 2 2 995 3 3 1 1 2 9 7
C 2 2 996 3 2 2 1 2 9 7
C 2 2 997 3 2 1 1 3 6 7
C 2 2 998 2 0 0 1 2 3 3
C 2 2 999 3 3 0 0 4 8 7
C 2 2 1000 3 2 1 0 4 8 7
C 2 2 1001 3 2 0 0 5 6 7
C 2 2 1002 3 3 1 1 2 8 7
C 2 2 1003 3 2 2 1 2 8 7
C 2 2 1004 3 2 1 1 3 6 7
C 2 2 1005 3 4 0 1 2 7 7
C 2 2 1006 3 3 1 1 2 9 7
C 2 2 1007 3 3 0 1 3 8 7
C 2 2 1008 3 1 3 0 3 4 7
C 2 2 1009 3 1 3 0 3 3 7
C 2 2 1010 3 2 3 0 2 8 7
C 2 2 1011 3 1 3 0 3 4 7
C 2 2 1012 3 1 3 0 3 3 7
C 2 2 1013 3 2 2 2 0 9 6
C 2 2 1014 3 1 2 2 1 5 6
C 2 2 1015 3 2 2 1 2 8 7
C 2 2 1016 3 2 1 1 3 6 7
C 2 2 1017 3 2 3 1 0 8 7
C 2 2 1018 3 2 2 1 1 6 7
C 2 2 1019 3 3 2 1 0 9 7
C 2 2 1020 3 3 1 1 1 8 7
C 2 2 1021 3 1 3 1 1 4 7
C 2 2 1022 3 1 4 1 1 3 7
C 2 2 1023 3 1 4 1 1 4 7
C 2 2 1024 3 1 3 1 1 3 7
C 2 2 1025 3 1 1 1 3 7 6
C 2 2 1026 3 2 2 2 0 8 6
C 2 2 1027 3 1 3 2 0 7 6
C 2 2 1028 3 1 2 2 1 5 6
C 2 2 1029 3 3 1 2 0 7 6
C 2 2 1030 3 2 2 2 0 8 6
C 2 2 1031 3 2 1 2 1 7 6
C 2 2 1032 3 1 4 1 0 9 6
C 2 2 1033 3 0 5 1 0 6 6
C 2 2 1034 3 0 4 1 1 3 6
C 2 2 1035 3 1 4 1 0 9 6
C 2 2 1036 3 0 5 1 0 5 6
C 2 2 1037 3 0 4 1 1 2 6
C 2 2 1038 3 1 4 1 0 8 6
C 2 2 1039 3 0 5 1 0 5 6
C 2 2 1040 3 0 4 1 1 3 6
C 2 2 1041 3 0 5 1 0 5 6
C 2 2 1042 3 0 4 1 1 2 6
C 2 2 1043 3 2 2 1 2 6 7
C 2 2 1044 3 2 1 1 3 4 7
C 2 2 1045 3 3 1 1 2 7 7
C 2 2 1046 3 3 0 1 3 6 7
C 2 2 1047 3 2 3 0 2 8 7
C 2 2 1048 3 1 3 0 3 4 7
C 2 2 1049 3 1 3 0 3 5 7
C 2 2 1050 3 1 3 0 3 4 7
C 2 2 1051 3 1 3 0 3 5 7
C 2 2 1052 3 4 1 1 0 7 7
C 2 2 1053 3 3 2 1 0 7 7
C 2 2 1054 3 3 1 1 1 6 7
C 2 2 1055 3 2 4 1 0 8 7
C 2 2 1056 3 1 5 1 0 6 7
C 2 2 1057 3 1 4 1 1 4 7
C 2 2 1058 3 1 3 1 1 5 7
C 2 2 1059 0 0 0 0 0 4 0
C 2 2 1060 3 1 3 1 1 5 7
C 2 2 1061 3 2 3 1 1 6 7
C 2 2 1062 3 3 3 1 0 7 7
C 2 2 1063 3 2 3 1 1 5 7
C 2 2 1064 3 2 3 1 1 4 7
C 2 2 1065 3 2 4 1 0 6 7
C 2 2 1066 3 2 3 1 1 5 7
C 2 2 1067 3 1 6 0 0 9 7
C 2 2 1068 3 0 7 0 0 4 7
C 2 2 1069 3 0 6 0 1 1 7
C 2 2 1070 3 1 6 0 0 8 7
C 2 2 1071 3 0 6 0 1 2 7
C 2 2 1072 2 1 2 0 0 9 3
C 2 2 1073 3 0 6 0 0 4 7
C 2 2 1074 3 0 5 0 1 1 7
C 2 2 1075 3 0 5 0 1 7 7
C 2 2 1076 3 0 5 0 1 6 7
C 2 2 1077 3 1 5 0 0 5 7
C 2 2 1078 3 0 5 0 1 7 7
M 2 2 1 0 0 0 1
M 2 2 3 2 0 2 0
M 2 2 3 0 6 0 0
M 2 2 3 0 7 0 0
M 2 2 3 1 1 0 1
M 2 2 3 1 0 1 3
M 2 2 3 0 1 1 2
M 2 2 3 3 0 1 0
M 2 2 2 0 2 1 0
M 2 2 3 3 0 2 1
M 2 2 3 5 0 0 0
M 2 2 3 5 0 1 0
M 2 2 3 5 1 0 0
M 2 2 3 2 0 2 2
M 2 2 1 0 1 0 0
M 2 2 3 2 3 0 0
M 2 2 1 0 0 1 0
M 2 2 3 0 6 0 1
M 2 2 3 0 1 2 0
M 2 2 3 0 4 0 1
M 2 2 3 1 0 0 2
M 2 2 2 0 0 1 2
M 2 2 3 1 5 1 0
M 2 2 3 1 2 0 2
M 2 2 3 1 1 0 3
M 2 2 3 0 2 2 1
M 2 2 3 2 0 0 4
M 2 2 3 1 3 2 0
M 2 2 2 2 0 0 0
M 2 2 3 1 2 1 0
M 2 2 3 4 0 0 1
M 2 2 2 0 1 0 2
M 2 2 3 1 4 0 0
M 2 2 2 0 0 1 1
M 2 2 3 3 1 1 0
M 2 2 3 3 1 0 0
M 2 2 3 3 2 0 0
M 2 2 3 2 4 0 0
M 2 2 3 1 1 1 0
M 2 2 3 2 5 0 0
M 2 2 3 1 5 0 0
M 2 2 3 5 0 0 2
M 2 2 3 1 3 1 0
M 2 2 0 0 0 0 0
M 2 2 2 1 1 1 0
M 2 2 3 4 2 1 0
M 2 2 3 2 0 1 2
M 2 2 2 1 2 0 0
M 2 2 3 2 0 1 0
M 2 2 3 1 1 2 0
M 2 2 2 0 2 0 1
M 2 2 3 1 1 2 2
M 2 2 2 0 1 0 1
M 2 2 3 0 5 1 0
M 2 2 3 1 0 1 4
M 2 2 2 0 3 0 0
M 2 2 3 2 0 0 1
M 2 2 3 2 0 0 5
M 2 2 2 0 1 1 0
M 2 2 3 2 0 0 3
M 2 2 3 2 3 1 0
M 2 2 2 1 1 0 0
M 2 2 3 2 1 1 0
M 2 2 3 3 0 0 1
M 2 2 3 0 1 1 1
M 2 2 3 1 1 1 2
M 2 2 3 0 2 1 1
M 2 2 3 3 0 1 3
M 2 2 3 2 0 1 1
M 2 2 3 5 1 0 1
M 2 2 3 3 3 1 0
M 2 2 3 1 4 1 1
M 2 2 3 4 0 1 2
M 2 2 3 3 0 0 2
M 2 2 3 2 2 2 0
M 2 2 3 5 0 0 1
M 2 2 2 1 1 0 1
M 2 2 3 2 0 0 2
M 2 2 3 1 2 1 1
M 2 2 3 1 2 0 1
M 2 2 3 1 0 1 2
M 2 2 3 0 3 1 0
M 2 2 3 1 5 0 1
M 2 2 2 2 0 1 0
M 2 2 3 0 4 1 1
M 2 2 3 4 0 1 1
M 2 2 3 3 0 1 1
M 2 2 3 2 1 1 1
M 2 2 3 2 2 1 0
M 2 2 3 1 2 1 2
M 2 2 3 4 1 1 0
M 2 2 3 2 1 2 1
M 2 2 3 2 0 1 3
M 2 2 3 1 3 0 1
M 2 2 3 1 3 0 2
M 2 2 3 4 1 1 1
M 2 2 3 4 1 0 0
M 2 2 3 1 1 0 2
M 2 2 3 1 1 1 3
M 2 2 3 0 3 0 1
M 2 2 2 3 0 0 0
M 2 2 3 4 0 0 3
M 2 2 3 1 4 1 0
M 2 2 3 2 2 0 3
M 2 2 3 3 2 1 0
M 2 2 3 2 2 1 2
M 2 2 3 3 0 0 4
M 2 2 3 2 1 0 4
M 2 2 2 1 0 0 2
M 2 2 3 1 1 2 1
M 2 2 3 0 3 1 2
M 2 2 3 2 1 1 3
M 2 2 3 1 0 0 3
M 2 2 3 1 0 1 1
M 2 2 3 1 6 0 0
M 2 2 3 3 4 0 0
M 2 2 3 4 0 0 2
M 2 2 3 2 1 1 2
M 2 2 3 1 3 1 1
M 2 2 3 3 1 1 1
M 2 2 3 1 4 0 1
M 2 2 3 2 3 1 1
M 2 2 3 2 2 1 1
M 2 2 3 4 1 0 1
M 2 2 3 3 2 1 1
M 2 2 2 2 1 0 0
M 2 2 3 4 2 0 1
M 2 2 3 3 3 0 0
M 2 2 3 2 1 0 2
M 2 2 2 1 0 0 1
M 2 2 3 2 1 0 3
M 2 2 3 2 2 0 2
M 2 2 3 0 1 2 2
M 2 2 3 2 4 1 0
M 2 2 3 1 1 1 1
M 2 2 3 3 3 0 1
M 2 2 3 2 4 0 1
M 2 2 3 3 2 0 1
M 2 2 3 3 1 1 2
M 2 2 3 1 4 0 2
M 2 2 3 3 1 0 3
M 2 2 3 2 3 0 2
M 2 2 3 3 1 0 2
M 2 2 3 3 0 0 3
M 2 2 2 2 0 0 1
M 2 2 3 0 5 0 1
M 2 2 3 1 2 2 1
M 2 2 3 2 3 0 1
M 2 2 3 3 0 1 2
M 2 2 2 1 0 1 1
P 2 2 0 0
P 2 2 1 0
P 2 2 2 0
P 2 2 3 0
P 2 2 4 0
P 2 2 5 1
P 2 2 6 0
P 2 2 7 0
P 2 2 8 1
P 2 2 9 0
P 2 2 10 0
P 2 2 11 0
P 2 2 12 0
P 2 2 13 0
P 2 2 14 0
P 2 2 15 0
P 2 2 16 0
P 2 2 17 0
P 2 2 18 0
P 2 2 19 0
P 2 2 20 0
P 2 2 21 0
P 2 2 22 0
P 2 2 23 0
P 2 2 24 0
P 2 2 25 0
P 2 2 26 0
P 2 2 27 0
P 2 2 28 0
P 2 2 29 0
P 2 2 30 0
P 2 2 31 0
P 2 2 32 0
P 2 2 33 0
P 2 2 34 0
P 2 2 35 0
P 2 2 36 0
P 2 2 37 0
P 2 2 38 0
P 2 2 39 0
P 2 2 40 0
P 2 2 41 0
P 2 2 42 0
P 2 2 43 0
P 2 2 44 0
P 2 2 45 0
P 2 2 46 0
P 2 2 47 0
P 2 2 48 0
P 2 2 49 0
P 2 2 50 0
P 2 2 51 0
P 2 2 52 0
P 2 2 53 0
P 2 2 54 0
P 2 2 55 0
P 2 2 56 0
P 2 2 57 0
P 2 2 58 0
P 2 2 59 0
P 2 2 60 0
P 2 2 61 0
P 2 2 62 0
P 2 2 63 0
P 2 2 64 0
P 2 2 65 0
P 2 2 66 0
P 2 2 67 0
P 2 2 68 0
P 2 2 69 0
P 2 2 70 1
P 2 2 71 0
P 2 2 72 0
P 2 2 73 0
P 2 2 74 0
P 2 2 75 0
P 2 2 76 0
P 2 2 77 1
P 2 2 78 0
P 2 2 79 0
P 2 2 80 0
P 2 2 81 0
P 2 2 82 0
P 2 2 83 0
P 2 2 84 0
P 2 2 85 0
P 2 2 86 0
P 2 2 87 0
P 2 2 88 0
P 2 2 89 0
P 2 2 90 0
P 2 2 91 0
P 2 2 92 0
P 2 2 93 0
P 2 2 94 0
P 2 2 95 0
P 2 2 96 0
P 2 2 97 0
P 2 2 98 0
P 2 2 99 0
P 2 2 100 0
P 2 2 101 0
P 2 2 102 0
P 2 2 103 0
P 2 2 104 0
P 2 2 105 0
P 2 2 106 0
P 2 2 107 0
P 2 2 108 0
P 2 2 109 0
P 2 2 110 0
P 2 2 111 0
P 2 2 112 0
P 2 2 113 0
P 2 2 114 0
P 2 2 115 0
P 2 2 116 0
P 2 2 117 0
P 2 2 118 0
P 2 2 119 0
P 2 2 120 0
P 2 2 121 0
P 2 2 122 0
P 2 2 123 0
P 2 2 124 0
P 2 2 125 0
P 2 2 126 0
P 2 2 127 0
P 2 2 128 0
P 2 2 129 0
P 2 2 130 0
P 2 2 131 0
P 2 2 132 0
P 2 2 133 0
P 2 2 134 0
P 2 2 135 0
P 2 2 136 0
P 2 2 137 0
P 2 2 138 0
P 2 2 139 0
P 2 2 140 0
P 2 2 141 0
P 2 2 142 0
P 2 2 143 0
P 2 2 144 0
P 2 2 145 0
P 2 2 146 0
P 2 2 147 0
P 2 2 148 0
P 2 2 149 0
P 2 2 150 0
P 2 2 151 0
P 2 2 152 0
P 2 2 153 0
P 2 2 154 0
P 2 2 155 0
P 2 2 156 0
P 2 2 157 0
P 2 2 158 0
P 2 2 159 0
P 2 2 160 0
P 2 2 161 0
P 2 2 162 0
P 2 2 163 0
P 2 2 164 0
P 2 2 165 0
P 2 2 166 0
P 2 2 167 0
P 2 2 168 0
P 2 2 169 0
P 2 2 170 0
P 2 2 171 0
P 2 2 172 0
P 2 2 173 0
P 2 2 174 0
P 2 2 175 0
P 2 2 176 0
P 2 2 177 0
P 2 2 178 0
P 2 2 179 0
P 2 2 180 0
P 2 2 181 0
P 2 2 182 0
P 2 2 183 0
P 2 2 184 0
P 2 2 185 0
P 2 2 186 0
P 2 2 187 0
P 2 2 188 0
P 2 2 189 0
P 2 2 190 0
P 2 2 191 0
P 2 2 192 0
P 2 2 193 0
P 2 2 194 0
P 2 2 195 0
P 2 2 196 0
P 2 2 197 0
P 2 2 198 0
P 2 2 199 0
P 2 2 200 0
P 2 2 201 0
P 2 2 202 0
P 2 2 203 0
P 2 2 204 0
P 2 2 205 0
P 2 2 206 0
P 2 2 207 0
P 2 2 208 0
P 2 2 209 0
P 2 2 210 0
P 2 2 211 0
P 2 2 212 0
P 2 2 213 0
P 2 2 214 0
P 2 2 215 0
P 2 2 216 0
P 2 2 217 0
P 2 2 218 0
P 2 2 219 0
P 2 2 220 0
P 2 2 221 0
P 2 2 222 0
P 2 2 223 0
P 2 2 224 0
P 2 2 225 0
P 2 2 226 0
P 2 2 227 0
P 2 2 228 0
P 2 2 229 0
P 2 2 230 0
P 2 2 231 0
P 2 2 232 0
P 2 2 233 0
P 2 2 234 0
P 2 2 235 0
P 2 2 236 0
P 2 2 237 0
P 2 2 238 0
P 2 2 239 0
P 2 2 240 0
P 2 2 241 0
P 2 2 242 0
P 2 2 243 0
P 2 2 244 0
P 2 2 245 0
P 2 2 246 0
P 2 2 247 0
P 2 2 248 0
P 2 2 249 0
P 2 2 250 0
P 2 2 251 0
P 2 2 252 0
P 2 2 253 0
P 2 2 254 0
P 2 2 255 0
P 2 2 256 0
P 2 2 257 0
P 2 2 258 0
P 2 2 259 0
P 2 2 260 0
P 2 2 261 0
P 2 2 262 0
P 2 2 263 0
P 2 2 264 0
P 2 2 265 0
P 2 2 266 0
P 2 2 267 0
P 2 2 268 0
P 2 2 269 0
P 2 2 270 0
P 2 2 271 0
P 2 2 272 0
P 2 2 273 0
P 2 2 274 0
P 2 2 275 0
P 2 2 276 0
P 2 2 277 0
P 2 2 278 0
P 2 2 279 0
P 2 2 280 0
P 2 2 281 0
P 2 2 282 0
P 2 2 283 0
P 2 2 284 0
P 2 2 285 0
P 2 2 286 0
P 2 2 287 0
P 2 2 288 0
P 2 2 289 0
P 2 2 290 0
P 2 2 291 0
P 2 2 292 0
P 2 2 293 0
P 2 2 294 0
P 2 2 295 0
P 2 2 296 0
P 2 2 297 0
P 2 2 298 0
P 2 2 299 0
P 2 2 300 0
P 2 2 301 0
P 2 2 302 0
P 2 2 303 0
P 2 2 304 1
P 2 2 305 0
P 2 2 306 0
P 2 2 307 0
P 2 2 308 0
P 2 2 309 0
P 2 2 310 0
P 2 2 311 0
P 2 2 312 0
P 2 2 313 0
P 2 2 314 0
P 2 2 315 0
P 2 2 316 0
P 2 2 317 0
P 2 2 318 0
P 2 2 319 0
P 2 2 320 0
P 2 2 321 0
P 2 2 322 0
P 2 2 323 0
P 2 2 324 0
P 2 2 325 0
P 2 2 326 0
P 2 2 327 0
P 2 2 328 0
P 2 2 329 0
P 2 2 330 0
P 2 2 331 0
P 2 2 332 0
P 2 2 333 0
P 2 2 334 0
P 2 2 335 0
P 2 2 336 0
P 2 2 337 0
P 2 2 338 0
P 2 2 339 0
P 2 2 340 0
P 2 2 341 0
P 2 2 342 0
P 2 2 343 0
P 2 2 344 0
P 2 2 345 0
P 2 2 346 0
P 2 2 347 0
P 2 2 348 0
P 2 2 349 0
P 2 2 350 0
P 2 2 351 0
P 2 2 352 0
P 2 2 353 0
P 2 2 354 0
P 2 2 355 0
P 2 2 356 0
P 2 2 357 1
P 2 2 358 0
P 2 2 359 0
P 2 2 360 0
P 2 2 361 0
P 2 2 362 0
P 2 2 363 0
P 2 2 364 0
P 2 2 365 0
P 2 2 366 0
P 2 2 367 0
P 2 2 368 0
P 2 2 369 0
P 2 2 370 0
P 2 2 371 0
P 2 2 372 0
P 2 2 373 1
P 2 2 374 0
P 2 2 375 0
P 2 2 376 0
P 2 2 377 0
P 2 2 378 1
P 2 2 379 0
P 2 2 380 0
P 2 2 381 0
P 2 2 382 0
P 2 2 383 0
P 2 2 384 0
P 2 2 385 0
P 2 2 386 0
P 2 2 387 0
P 2 2 388 0
P 2 2 389 0
P 2 2 390 1
P 2 2 391 0
P 2 2 392 0
P 2 2 393 0
P 2 2 394 0
P 2 2 395 0
P 2 2 396 0
P 2 2 397 0
P 2 2 398 0
P 2 2 399 0
P 2 2 400 0
P 2 2 401 0
P 2 2 402 0
P 2 2 403 0
P 2 2 404 0
P 2 2 405 0
P 2 2 406 0
P 2 2 407 0
P 2 2 408 0
P 2 2 409 0
P 2 2 410 0
P 2 2 411 0
P 2 2 412 0
P 2 2 413 0
P 2 2 414 1
P 2 2 415 0
P 2 2 416 0
P 2 2 417 0
P 2 2 418 0
P 2 2 419 0
P 2 2 420 0
P 2 2 421 0
P 2 2 422 0
P 2 2 423 0
P 2 2 424 0
P 2 2 425 0
P 2 2 426 0
P 2 2 427 0
P 2 2 428 0
P 2 2 429 0
P 2 2 430 0
P 2 2 431 0
P 2 2 432 0
P 2 2 433 0
P 2 2 434 0
P 2 2 435 0
P 2 2 436 0
P 2 2 437 0
P 2 2 438 0
P 2 2 439 0
P 2 2 440 0
P 2 2 441 0
P 2 2 442 0
P 2 2 443 0
P 2 2 444 0
P 2 2 445 0
P 2 2 446 0
P 2 2 447 0
P 2 2 448 0
P 2 2 449 1
P 2 2 450 0
P 2 2 451 0
P 2 2 452 0
P 2 2 453 0
P 2 2 454 0
P 2 2 455 0
P 2 2 456 0
P 2 2 457 0
P 2 2 458 0
P 2 2 459 0
P 2 2 460 0
P 2 2 461 0
P 2 2 462 0
P 2 2 463 0
P 2 2 464 0
P 2 2 465 0
P 2 2 466 0
P 2 2 467 1
P 2 2 468 0
P 2 2 469 0
P 2 2 470 0
P 2 2 471 0
P 2 2 472 0
P 2 2 473 0
P 2 2 474 0
P 2 2 475 0
P 2 2 476 0
P 2 2 477 0
P 2 2 478 0
P 2 2 479 0
P 2 2 480 0
P 2 2 481 0
P 2 2 482 0
P 2 2 483 0
P 2 2 484 0
P 2 2 485 0
P 2 2 486 0
P 2 2 487 0
P 2 2 488 0
P 2 2 489 0
P 2 2 490 0
P 2 2 491 0
P 2 2 492 0
P 2 2 493 0
P 2 2 494 0
P 2 2 495 0
P 2 2 496 0
P 2 2 497 0
P 2 2 498 0
P 2 2 499 0
P 2 2 500 0
P 2 2 501 0
P 2 2 502 0
P 2 2 503 0
P 2 2 504 0
P 2 2 505 0
P 2 2 506 0
P 2 2 507 0
P 2 2 508 0
P 2 2 509 0
P 2 2 510 0
P 2 2 511 0
P 2 2 512 0
P 2 2 513 0
P 2 2 514 0
P 2 2 515 0
P 2 2 516 0
P 2 2 517 0
P 2 2 518 0
P 2 2 519 0
P 2 2 520 0
P 2 2 521 0
P 2 2 522 0
P 2 2 523 0
P 2 2 524 0
P 2 2 525 0
P 2 2 526 0
P 2 2 527 0
P 2 2 528 0
P 2 2 529 0
P 2 2 530 0
P 2 2 531 0
P 2 2 532 0
P 2 2 533 1
P 2 2 534 0
P 2 2 535 0
P 2 2 536 1
P 2 2 537 0
P 2 2 538 0
P 2 2 539 0
P 2 2 540 0
P 2 2 541 0
P 2 2 542 1
P 2 2 543 0
P 2 2 544 0
P 2 2 545 1
P 2 2 546 0
P 2 2 547 1
P 2 2 548 0
P 2 2 549 0
P 2 2 550 0
P 2 2 551 0
P 2 2 552 0
P 2 2 553 0
P 2 2 554 0
P 2 2 555 0
P 2 2 556 0
P 2 2 557 0
P 2 2 558 0
P 2 2 559 0
P 2 2 560 0
P 2 2 561 1
P 2 2 562 1
P 2 2 563 0
P 2 2 564 1
P 2 2 565 0
P 2 2 566 0
P 2 2 567 0
P 2 2 568 0
P 2 2 569 0
P 2 2 570 0
P 2 2 571 1
P 2 2 572 0
P 2 2 573 0
P 2 2 574 0
P 2 2 575 0
P 2 2 576 0
P 2 2 577 0
P 2 2 578 0
P 2 2 579 0
P 2 2 580 0
P 2 2 581 0
P 2 2 582 0
P 2 2 583 0
P 2 2 584 0
P 2 2 585 0
P 2 2 586 0
P 2 2 587 0
P 2 2 588 0
P 2 2 589 0
P 2 2 590 0
P 2 2 591 0
P 2 2 592 0
P 2 2 593 0
P 2 2 594 0
P 2 2 595 0
P 2 2 596 0
P 2 2 597 0
P 2 2 598 0
P 2 2 599 0
P 2 2 600 0
P 2 2 601 0
P 2 2 602 0
P 2 2 603 0
P 2 2 604 0
P 2 2 605 0
P 2 2 606 0
P 2 2 607 0
P 2 2 608 1
P 2 2 609 0
P 2 2 610 0
P 2 2 611 0
P 2 2 612 0
P 2 2 613 0
P 2 2 614 0
P 2 2 615 0
P 2 2 616 0
P 2 2 617 0
P 2 2 618 0
P 2 2 619 0
P 2 2 620 0
P 2 2 621 0
P 2 2 622 0
P 2 2 623 0
P 2 2 624 0
P 2 2 625 0
P 2 2 626 0
P 2 2 627 0
P 2 2 628 0
P 2 2 629 0
P 2 2 630 0
P 2 2 631 0
P 2 2 632 0
P 2 2 633 0
P 2 2 634 0
P 2 2 635 0
P 2 2 636 0
P 2 2 637 0
P 2 2 638 0
P 2 2 639 0
P 2 2 640 0
P 2 2 641 0
P 2 2 642 0
P 2 2 643 0
P 2 2 644 0
P 2 2 645 0
P 2 2 646 0
P 2 2 647 0
P 2 2 648 0
P 2 2 649 0
P 2 2 650 0
P 2 2 651 0
P 2 2 652 0
P 2 2 653 0
P 2 2 654 0
P 2 2 655 0
P 2 2 656 0
P 2 2 657 0
P 2 2 658 0
P 2 2 659 0
P 2 2 660 0
P 2 2 661 0
P 2 2 662 0
P 2 2 663 0
P 2 2 664 0
P 2 2 665 0
P 2 2 666 0
P 2 2 667 0
P 2 2 668 0
P 2 2 669 0
P 2 2 670 0
P 2 2 671 0
P 2 2 672 0
P 2 2 673 0
P 2 2 674 0
P 2 2 675 0
P 2 2 676 0
P 2 2 677 0
P 2 2 678 0
P 2 2 679 0
P 2 2 680 0
P 2 2 681 0
P 2 2 682 0
P 2 2 683 0
P 2 2 684 0
P 2 2 685 0
P 2 2 686 0
P 2 2 687 0
P 2 2 688 0
P 2 2 689 0
P 2 2 690 0
P 2 2 691 0
P 2 2 692 0
P 2 2 693 0
P 2 2 694 0
P 2 2 695 0
P 2 2 696 0
P 2 2 697 0
P 2 2 698 0
P 2 2 699 0
P 2 2 700 0
P 2 2 701 0
P 2 2 702 0
P 2 2 703 0
P 2 2 704 0
P 2 2 705 0
P 2 2 706 0
P 2 2 707 0
P 2 2 708 0
P 2 2 709 0
P 2 2 710 0
P 2 2 711 0
P 2 2 712 0
P 2 2 713 0
P 2 2 714 0
P 2 2 715 0
P 2 2 716 0
P 2 2 717 0
P 2 2 718 0
P 2 2 719 0
P 2 2 720 0
P 2 2 721 0
P 2 2 722 0
P 2 2 723 0
P 2 2 724 0
P 2 2 725 0
P 2 2 726 0
P 2 2 727 0
P 2 2 728 0
P 2 2 729 0
P 2 2 730 0
P 2 2 731 0
P 2 2 732 0
P 2 2 733 0
P 2 2 734 0
P 2 2 735 0
P 2 2 736 0
P 2 2 737 0
P 2 2 738 0
P 2 2 739 0
P 2 2 740 0
P 2 2 741 0
P 2 2 742 0
P 2 2 743 0
P 2 2 744 0
P 2 2 745 0
P 2 2 746 0
P 2 2 747 0
P 2 2 748 0
P 2 2 749 0
P 2 2 750 0
P 2 2 751 0
P 2 2 752 0
P 2 2 753 0
P 2 2 754 0
P 2 2 755 0
P 2 2 756 0
P 2 2 757 0
P 2 2 758 0
P 2 2 759 1
P 2 2 760 0
P 2 2 761 0
P 2 2 762 0
P 2 2 763 0
P 2 2 764 0
P 2 2 765 0
P 2 2 766 0
P 2 2 767 0
P 2 2 768 0
P 2 2 769 0
P 2 2 770 0
P 2 2 771 0
P 2 2 772 0
P 2 2 773 0
P 2 2 774 0
P 2 2 775 0
P 2 2 776 0
P 2 2 777 0
P 2 2 778 0
P 2 2 779 0
P 2 2 780 0
P 2 2 781 0
P 2 2 782 0
P 2 2 783 0
P 2 2 784 0
P 2 2 785 0
P 2 2 786 0
P 2 2 787 0
P 2 2 788 0
P 2 2 789 0
P 2 2 790 0
P 2 2 791 0
P 2 2 792 0
P 2 2 793 0
P 2 2 794 0
P 2 2 795 0
P 2 2 796 0
P 2 2 797 0
P 2 2 798 0
P 2 2 799 0
P 2 2 800 0
P 2 2 801 0
P 2 2 802 0
P 2 2 803 0
P 2 2 804 0
P 2 2 805 0
P 2 2 806 0
P 2 2 807 0
P 2 2 808 0
P 2 2 809 0
P 2 2 810 0
P 2 2 811 0
P 2 2 812 0
P 2 2 813 0
P 2 2 814 0
P 2 2 815 0
P 2 2 816 0
P 2 2 817 0
P 2 2 818 0
P 2 2 819 0
P 2 2 820 0
P 2 2 821 0
P 2 2 822 1
P 2 2 823 0
P 2 2 824 0
P 2 2 825 0
P 2 2 826 0
P 2 2 827 0
P 2 2 828 0
P 2 2 829 0
P 2 2 830 0
P 2 2 831 0
P 2 2 832 0
P 2 2 833 0
P 2 2 834 0
P 2 2 835 0
P 2 2 836 0
P 2 2 837 0
P 2 2 838 0
P 2 2 839 0
P 2 2 840 0
P 2 2 841 0
P 2 2 842 0
P 2 2 843 0
P 2 2 844 0
P 2 2 845 0
P 2 2 846 0
P 2 2 847 0
P 2 2 848 0
P 2 2 849 0
P 2 2 850 0
P 2 2 851 0
P 2 2 852 0
P 2 2 853 0
P 2 2 854 0
P 2 2 855 0
P 2 2 856 0
P 2 2 857 0
P 2 2 858 0
P 2 2 859 0
P 2 2 860 0
P 2 2 861 0
P 2 2 862 0
P 2 2 863 0
P 2 2 864 0
P 2 2 865 0
P 2 2 866 0
P 2 2 867 0
P 2 2 868 0
P 2 2 869 0
P 2 2 870 0
P 2 2 871 0
P 2 2 872 0
P 2 2 873 0
P 2 2 874 0
P 2 2 875 0
P 2 2 876 0
P 2 2 877 0
P 2 2 878 0
P 2 2 879 0
P 2 2 880 0
P 2 2 881 0
P 2 2 882 0
P 2 2 883 0
P 2 2 884 0
P 2 2 885 0
P 2 2 886 1
P 2 2 887 0
P 2 2 888 0
P 2 2 889 0
P 2 2 890 0
P 2 2 891 0
P 2 2 892 0
P 2 2 893 0
P 2 2 894 0
P 2 2 895 0
P 2 2 896 0
P 2 2 897 0
P 2 2 898 0
P 2 2 899 0
P 2 2 900 0
P 2 2 901 0
P 2 2 902 0
P 2 2 903 0
P 2 2 904 0
P 2 2 905 0
P 2 2 906 0
P 2 2 907 0
P 2 2 908 0
P 2 2 909 0
P 2 2 910 0
P 2 2 911 0
P 2 2 912 0
P 2 2 913 0
P 2 2 914 0
P 2 2 915 0
P 2 2 916 0
P 2 2 917 0
P 2 2 918 0
P 2 2 919 0
P 2 2 920 0
P 2 2 921 0
P 2 2 922 0
P 2 2 923 0
P 2 2 924 0
P 2 2 925 0
P 2 2 926 0
P 2 2 927 0
P 2 2 928 0
P 2 2 929 0
P 2 2 930 0
P 2 2 931 0
P 2 2 932 0
P 2 2 933 0
P 2 2 934 0
P 2 2 935 0
P 2 2 936 0
P 2 2 937 1
P 2 2 938 0
P 2 2 939 0
P 2 2 940 0
P 2 2 941 0
P 2 2 942 0
P 2 2 943 0
P 2 2 944 0
P 2 2 945 0
P 2 2 946 0
P 2 2 947 0
P 2 2 948 0
P 2 2 949 0
P 2 2 950 0
P 2 2 951 0
P 2 2 952 0
P 2 2 953 0
P 2 2 954 0
P 2 2 955 0
P 2 2 956 0
P 2 2 957 0
P 2 2 958 0
P 2 2 959 0
P 2 2 960 0
P 2 2 961 0
P 2 2 962 0
P 2 2 963 0
P 2 2 964 0
P 2 2 965 0
P 2 2 966 0
P 2 2 967 0
P 2 2 968 0
P 2 2 969 0
P 2 2 970 0
P 2 2 971 0
P 2 2 972 0
P 2 2 973 0
P 2 2 974 0
P 2 2 975 0
P 2 2 976 0
P 2 2 977 0
P 2 2 978 1
P 2 2 979 0
P 2 2 980 0
P 2 2 981 0
P 2 2 982 0
P 2 2 983 0
P 2 2 984 0
P 2 2 985 0
P 2 2 986 0
P 2 2 987 0
P 2 2 988 0
P 2 2 989 0
P 2 2 990 0
P 2 2 991 0
P 2 2 992 0
P 2 2 993 0
P 2 2 994 0
P 2 2 995 0
P 2 2 996 1
P 2 2 997 0
P 2 2 998 0
P 2 2 999 0
P 2 2 1000 0
P 2 2 1001 0
P 2 2 1002 0
P 2 2 1003 0
P 2 2 1004 0
P 2 2 1005 0
P 2 2 1006 0
P 2 2 1007 0
P 2 2 1008 0
P 2 2 1009 0
P 2 2 1010 0
P 2 2 1011 0
P 2 2 1012 0
P 2 2 1013 0
P 2 2 1014 0
P 2 2 1015 0
P 2 2 1016 0
P 2 2 1017 0
P 2 2 1018 0
P 2 2 1019 0
P 2 2 1020 0
P 2 2 1021 0
P 2 2 1022 0
P 2 2 1023 0
P 2 2 1024 0
P 2 2 1025 0
P 2 2 1026 0
P 2 2 1027 0
P 2 2 1028 0
P 2 2 1029 0
P 2 2 1030 0
P 2 2 1031 0
P 2 2 1032 0
P 2 2 1033 1
P 2 2 1034 0
P 2 2 1035 0
P 2 2 1036 0
P 2 2 1037 0
P 2 2 1038 0
P 2 2 1039 0
P 2 2 1040 0
P 2 2 1041 1
P 2 2 1042 0
P 2 2 1043 0
P 2 2 1044 0
P 2 2 1045 0
P 2 2 1046 0
P 2 2 1047 0
P 2 2 1048 0
P 2 2 1049 0
P 2 2 1050 0
P 2 2 1051 0
P 2 2 1052 0
P 2 2 1053 0
P 2 2 1054 0
P 2 2 1055 0
P 2 2 1056 0
P 2 2 1057 0
P 2 2 1058 0
P 2 2 1059 0
P 2 2 1060 0
P 2 2 1061 0
P 2 2 1062 0
P 2 2 1063 0
P 2 2 1064 0
P 2 2 1065 0
P 2 2 1066 0
P 2 2 1067 1
P 2 2 1068 0
P 2 2 1069 0
P 2 2 1070 1
P 2 2 1071 0
P 2 2 1072 0
P 2 2 1073 0
P 2 2 1074 0
P 2 2 1075 0
P 2 2 1076 0
P 2 2 1077 0
P 2 2 1078 0
C 2 3 0 2 1 0 0 2 10 3
C 2 3 1 2 1 1 0 1 11 3
C 2 3 2 3 1 2 0 1 11 4
C 2 3 3 3 1 1 0 2 10 4
C 2 3 4 3 1 1 2 1 11 5
C 2 3 5 3 3 2 1 0 11 6
C 2 3 6 3 2 2 1 1 11 6
C 2 3 7 3 3 2 0 1 11 6
C 2 3 8 3 3 2 0 1 11 6
C 2 3 9 3 2 1 1 2 11 6
C 2 3 10 3 3 1 0 2 10 6
C 2 3 11 3 2 0 1 3 11 6
C 2 3 12 3 2 3 0 1 11 6
C 2 3 13 3 2 2 1 1 11 7
C 2 3 14 3 2 3 0 1 11 7
C 2 3 15 3 2 2 1 1 10 7
C 2 3 16 3 2 2 0 2 10 7
C 2 3 17 3 3 0 0 3 10 7
C 2 3 18 3 3 2 1 1 11 7
C 2 3 19 3 3 2 1 1 11 7
C 2 3 20 3 3 2 1 1 11 7
C 2 3 21 3 3 2 1 1 11 7
C 2 3 22 3 3 3 0 1 11 7
C 2 3 23 3 3 3 0 1 11 7
C 2 3 24 3 2 2 0 3 10 7
C 2 3 25 2 1 0 0 1 10 2
C 2 3 26 3 1 6 0 0 9 7
C 2 3 27 3 2 2 1 2 9 7
C 2 3 28 3 2 2 1 2 10 7
C 2 3 29 3 1 6 0 0 8 7
C 2 3 30 3 0 5 1 0 6 6
C 2 3 31 3 0 5 1 0 5 6
C 2 3 32 3 1 0 1 2 1 4
C 2 3 33 3 1 1 1 1 0 4
C 2 3 34 4 1 2 1 1 0 5
C 2 3 35 4 1 1 1 2 1 5
C 2 3 36 4 1 1 3 1 0 6
C 2 3 37 4 3 2 2 0 0 7
C 2 3 38 4 2 2 2 1 0 7
C 2 3 39 4 3 2 1 1 0 7
C 2 3 40 4 3 2 1 1 0 7
C 2 3 41 4 2 1 2 2 0 7
C 2 3 42 4 3 1 1 2 1 7
C 2 3 43 4 2 0 2 3 0 7
C 2 3 44 4 2 3 1 1 0 7
C 2 3 45 4 2 2 2 1 0 8
C 2 3 46 4 2 3 1 1 0 8
C 2 3 47 4 2 2 2 1 1 8
C 2 3 48 4 2 2 1 2 1 8
C 2 3 49 4 3 0 1 3 1 8
C 2 3 50 4 3 2 2 1 0 8
C 2 3 51 4 3 2 2 1 0 8
C 2 3 52 4 3 2 2 1 0 8
C 2 3 53 4 3 2 2 1 0 8
C 2 3 54 4 3 3 1 1 0 8
C 2 3 55 4 3 3 1 1 0 8
C 2 3 56 4 2 2 1 3 1 8
C 2 3 57 2 0 1 1 1 1 3
C 2 3 58 4 1 6 1 0 2 8
C 2 3 59 4 2 2 2 2 2 8
C 2 3 60 4 2 2 2 2 1 8
C 2 3 61 4 1 6 1 0 3 8
C 2 3 62 4 0 5 2 0 5 7
C 2 3 63 4 0 5 2 0 6 7
C 2 3 64 0 0 0 0 0 7 0
C 2 3 65 3 3 1 0 3 11 7
C 2 3 66 3 2 1 0 4 6 7
C 2 3 67 4 3 2 0 3 11 8
C 2 3 68 4 2 3 0 3 10 8
C 2 3 69 4 2 2 0 4 6 8
C 2 3 70 2 2 0 1 0 7 3
C 2 3 71 4 2 2 2 3 10 9
C 2 3 72 4 2 1 2 4 6 9
C 2 3 73 4 5 2 1 2 11 10
C 2 3 74 4 4 3 1 2 10 10
C 2 3 75 4 4 2 1 3 6 10
C 2 3 76 4 3 3 1 3 10 10
C 2 3 77 4 3 2 1 4 6 10
C 2 3 78 4 5 2 0 3 11 10
C 2 3 79 4 4 2 0 4 6 10
C 2 3 80 4 4 2 0 3 11 10
C 2 3 81 4 3 2 0 4 6 10
C 2 3 82 4 4 1 1 4 11 10
C 2 3 83 4 3 2 1 4 10 10
C 2 3 84 4 3 1 1 5 6 10
C 2 3 85 4 3 1 0 3 7 10
C 2 3 86 4 2 0 1 4 6 10
C 2 3 87 4 3 3 0 4 6 10
C 2 3 88 4 4 2 1 3 11 11
C 2 3 89 4 3 2 1 4 6 11
C 2 3 90 4 3 4 0 3 10 11
C 2 3 91 4 3 3 0 4 6 11
C 2 3 92 4 4 2 1 3 10 11
C 2 3 93 4 3 2 1 4 7 11
C 2 3 94 4 4 2 0 4 10 11
C 2 3 95 4 3 2 0 5 7 11
C 2 3 96 2 2 0 0 1 7 3
C 2 3 97 4 5 2 1 3 11 11
C 2 3 98 4 4 3 1 3 10 11
C 2 3 99 4 4 2 1 4 6 11
C 2 3 100 4 5 2 1 3 11 11
C 2 3 101 4 4 3 1 3 10 11
C 2 3 102 4 4 2 1 4 6 11
C 2 3 103 4 5 2 1 3 11 11
C 2 3 104 4 4 3 1 3 10 11
C 2 3 105 4 4 2 1 4 6 11
C 2 3 106 4 5 2 1 3 11 11
C 2 3 107 4 4 3 1 3 10 11
C 2 3 108 4 4 2 1 4 6 11
C 2 3 109 4 5 3 0 3 11 11
C 2 3 110 4 4 4 0 3 10 11
C 2 3 111 4 4 3 0 4 6 11
C 2 3 112 4 5 3 0 3 11 11
C 2 3 113 4 4 3 0 4 6 11
C 2 3 114 4 2 2 0 4 7 11
C 2 3 115 3 3 0 0 3 10 6
C 2 3 116 3 2 0 0 4 7 6
C 2 3 117 4 2 6 0 3 6 11
C 2 3 118 4 4 2 1 3 10 11
C 2 3 119 4 3 3 1 3 9 11
C 2 3 120 4 3 2 1 4 6 11
C 2 3 121 4 4 2 1 4 11 11
C 2 3 122 4 3 3 1 4 9 11
C 2 3 123 3 2 1 0 2 5 6
C 2 3 124 3 2 3 0 2 9 7
C 2 3 125 4 2 7 0 2 9 11
C 2 3 126 4 2 6 0 3 7 11
C 2 3 127 4 1 5 1 3 3 10
C 2 3 128 4 1 5 1 3 2 10
C 2 3 129 4 1 2 0 2 7 8
C 2 3 130 4 2 2 0 4 6 8
C 2 3 131 4 3 2 2 2 11 9
C 2 3 132 4 2 3 2 2 11 9
C 2 3 133 4 2 2 2 3 7 9
C 2 3 134 4 5 2 1 1 11 10
C 2 3 135 4 4 3 1 1 11 10
C 2 3 136 4 4 2 1 2 7 10
C 2 3 137 4 2 2 1 2 7 10
C 2 3 138 4 3 2 0 2 7 10
C 2 3 139 2 3 0 0 0 7 3
C 2 3 140 4 2 1 1 3 7 10
C 2 3 141 4 5 2 0 3 11 10
C 2 3 142 4 4 2 0 4 6 10
C 2 3 143 4 3 2 1 4 11 10
C 2 3 144 4 3 1 1 5 7 10
C 2 3 145 2 3 0 0 0 7 3
C 2 3 146 3 1 1 0 1 7 3
C 2 3 147 4 2 3 0 2 7 11
C 2 3 148 4 4 2 1 2 11 11
C 2 3 149 4 3 3 1 2 10 11
C 2 3 150 4 3 2 1 3 6 11
C 2 3 151 4 2 2 0 3 6 11
C 2 3 152 4 5 1 0 4 11 11
C 2 3 153 4 4 2 0 4 10 11
C 2 3 154 3 1 1 0 2 6 4
C 2 3 155 4 4 2 1 3 7 11
C 2 3 156 4 5 2 1 2 11 11
C 2 3 157 4 4 3 1 2 11 11
C 2 3 158 4 4 2 1 3 7 11
C 2 3 159 4 5 2 1 2 11 11
C 2 3 160 4 4 3 1 2 11 11
C 2 3 161 4 4 2 1 3 7 11
C 2 3 162 4 3 2 1 2 7 11
C 2 3 163 4 3 3 0 2 7 11
C 2 3 164 4 3 3 0 2 7 11
C 2 3 165 4 2 2 0 4 6 11
C 2 3 166 2 2 0 0 1 8 3
C 2 3 167 4 2 6 0 2 5 11
C 2 3 168 4 3 2 1 4 5 11
C 2 3 169 4 3 3 1 2 10 11
C 2 3 170 4 3 2 1 3 6 11
C 2 3 171 3 2 4 0 1 10 7
C 2 3 172 4 2 6 0 2 6 11
C 2 3 173 4 1 5 1 2 2 10
C 2 3 174 4 1 5 1 2 1 10
C 2 3 175 4 3 3 0 3 11 9
C 2 3 176 3 2 1 0 2 6 6
C 2 3 177 4 3 3 2 2 11 10
C 2 3 178 4 2 4 2 2 11 10
C 2 3 179 4 2 3 2 3 7 10
C 2 3 180 4 4 3 1 2 7 11
C 2 3 181 4 2 3 1 2 7 11
C 2 3 182 4 3 3 0 2 7 11
C 2 3 183 4 3 3 0 2 7 11
C 2 3 184 4 2 2 1 3 7 11
C 2 3 185 4 5 3 0 3 11 11
C 2 3 186 4 4 3 0 4 6 11
C 2 3 187 4 4 2 1 4 11 11
C 2 3 188 4 3 3 1 4 11 11
C 2 3 189 4 3 2 1 5 7 11
C 2 3 190 4 2 5 0 1 11 12
C 2 3 191 4 2 4 0 2 7 12
C 2 3 192 3 2 2 1 1 11 6
C 2 3 193 4 3 3 1 3 6 12
C 2 3 194 3 2 2 0 2 11 6
C 2 3 195 4 2 3 0 3 6 12
C 2 3 196 4 5 2 0 4 11 12
C 2 3 197 4 4 2 0 5 6 12
C 2 3 198 4 5 3 1 2 11 12
C 2 3 199 3 2 3 0 1 11 6
C 2 3 200 2 2 0 0 0 7 2
C 2 3 201 4 5 3 1 2 11 12
C 2 3 202 3 2 3 0 1 11 6
C 2 3 203 3 3 1 0 2 7 6
C 2 3 204 4 5 3 1 2 11 12
C 2 3 205 3 3 1 0 2 7 7
C 2 3 206 4 4 3 1 1 11 12
C 2 3 207 4 3 4 1 1 11 12
C 2 3 208 4 3 3 1 2 7 12
C 2 3 209 4 4 4 0 1 11 12
C 2 3 210 4 3 5 0 1 11 12
C 2 3 211 4 3 4 0 2 7 12
C 2 3 212 4 3 4 0 2 7 12
C 2 3 213 4 3 3 0 3 11 12
C 2 3 214 3 2 1 0 3 6 7
C 2 3 215 4 2 2 0 2 8 7
C 2 3 216 4 2 7 0 2 5 12
C 2 3 217 4 4 3 1 3 11 12
C 2 3 218 1 0 1 0 0 9 1
C 2 3 219 4 3 3 1 4 5 12
C 2 3 220 4 4 3 1 2 11 12
C 2 3 221 4 3 4 1 2 10 12
C 2 3 222 4 3 3 1 3 6 12
C 2 3 223 4 3 7 0 1 10 12
C 2 3 224 4 2 7 0 2 6 12
C 2 3 225 4 1 6 1 2 2 11
C 2 3 226 4 1 6 1 2 1 11
C 2 3 227 4 3 2 2 3 11 10
C 2 3 228 4 2 3 2 3 10 10
C 2 3 229 4 2 2 2 4 6 10
C 2 3 230 4 5 3 1 2 11 11
C 2 3 231 4 4 3 1 3 6 11
C 2 3 232 4 3 3 1 4 6 11
C 2 3 233 4 5 3 0 3 11 11
C 2 3 234 4 4 3 0 4 6 11
C 2 3 235 4 4 3 0 3 11 11
C 2 3 236 4 3 3 0 4 6 11
C 2 3 237 4 3 3 1 4 10 11
C 2 3 238 4 3 2 1 5 6 11
C 2 3 239 4 3 2 0 3 7 11
C 2 3 240 4 2 1 1 4 6 11
C 2 3 241 4 4 4 0 3 11 11
C 2 3 242 4 3 4 0 4 6 11
C 2 3 243 4 4 3 1 3 11 12
C 2 3 244 4 3 3 1 4 6 12
C 2 3 245 4 3 5 0 3 10 12
C 2 3 246 4 3 4 0 4 6 12
C 2 3 247 4 4 3 1 3 10 12
C 2 3 248 4 3 3 1 4 7 12
C 2 3 249 4 4 3 0 4 10 12
C 2 3 250 4 3 3 0 5 7 12
C 2 3 251 2 2 0 0 1 7 3
C 2 3 252 4 5 3 1 3 11 12
C 2 3 253 4 4 4 1 3 10 12
C 2 3 254 4 4 3 1 4 6 12
C 2 3 255 4 5 3 1 3 11 12
C 2 3 256 4 4 4 1 3 10 12
C 2 3 257 4 4 3 1 4 6 12
C 2 3 258 4 5 3 1 3 11 12
C 2 3 259 4 4 3 1 4 6 12
C 2 3 260 4 5 3 1 3 11 12
C 2 3 261 4 4 4 1 3 10 12
C 2 3 262 4 4 3 1 4 6 12
C 2 3 263 4 5 4 0 3 11 12
C 2 3 264 4 4 5 0 3 10 12
C 2 3 265 4 4 4 0 4 6 12
C 2 3 266 4 5 4 0 3 11 12
C 2 3 267 4 4 4 0 4 6 12
C 2 3 268 4 2 3 0 4 7 12
C 2 3 269 4 3 1 0 3 10 7
C 2 3 270 4 2 1 0 4 7 7
C 2 3 271 4 2 7 0 3 6 12
C 2 3 272 4 4 3 1 3 10 12
C 2 3 273 4 3 3 1 4 6 12
C 2 3 274 4 4 3 1 4 11 12
C 2 3 275 4 3 4 1 4 9 12
C 2 3 276 4 3 3 1 5 5 12
C 2 3 277 4 3 7 0 2 9 12
C 2 3 278 4 2 7 0 3 7 12
C 2 3 279 4 1 6 1 3 3 11
C 2 3 280 4 1 6 1 3 2 11
C 2 3 281 4 5 3 3 1 11 12
C 2 3 282 4 4 4 3 1 11 12
C 2 3 283 4 4 3 3 2 7 12
C 2 3 284 4 3 3 2 2 11 12
C 2 3 285 4 3 2 2 3 7 12
C 2 3 286 4 5 3 2 2 11 12
C 2 3 287 4 4 4 2 2 11 12
C 2 3 288 4 4 3 2 3 7 12
C 2 3 289 4 5 3 2 2 11 12
C 2 3 290 4 4 4 2 2 11 12
C 2 3 291 4 4 3 2 3 7 12
C 2 3 292 4 3 3 2 2 11 12
C 2 3 293 4 3 2 2 3 7 12
C 2 3 294 4 5 2 2 3 11 12
C 2 3 295 4 4 3 2 3 10 12
C 2 3 296 4 4 2 2 4 6 12
C 2 3 297 4 3 1 2 4 7 12
C 2 3 298 4 4 4 2 2 11 12
C 2 3 299 4 3 5 2 2 11 12
C 2 3 300 4 3 4 2 3 7 12
C 2 3 301 4 4 3 3 2 11 13
C 2 3 302 4 3 4 3 2 11 13
C 2 3 303 4 3 3 3 3 7 13
C 2 3 304 4 4 4 2 2 11 13
C 2 3 305 4 3 5 2 2 11 13
C 2 3 306 4 3 4 2 3 7 13
C 2 3 307 4 4 3 3 2 11 13
C 2 3 308 4 3 4 3 2 10 13
C 2 3 309 4 3 3 3 3 6 13
C 2 3 310 4 4 3 2 3 11 13
C 2 3 311 4 3 4 2 3 10 13
C 2 3 312 4 3 3 2 4 6 13
C 2 3 313 4 5 1 2 4 11 13
C 2 3 314 4 4 2 2 4 10 13
C 2 3 315 4 4 1 2 5 6 13
C 2 3 316 4 5 3 3 2 11 13
C 2 3 317 4 4 4 3 2 11 13
C 2 3 318 4 4 3 3 3 7 13
C 2 3 319 4 5 3 3 2 11 13
C 2 3 320 4 4 4 3 2 11 13
C 2 3 321 4 4 3 3 3 7 13
C 2 3 322 4 5 3 3 2 11 13
C 2 3 323 4 4 4 3 2 11 13
C 2 3 324 4 4 3 3 3 7 13
C 2 3 325 4 5 3 3 2 11 13
C 2 3 326 4 4 4 3 2 11 13
C 2 3 327 4 4 3 3 3 7 13
C 2 3 328 4 5 4 2 2 11 13
C 2 3 329 4 4 5 2 2 11 13
C 2 3 330 4 4 4 2 3 7 13
C 2 3 331 4 5 4 2 2 11 13
C 2 3 332 4 4 5 2 2 11 13
C 2 3 333 4 4 4 2 3 7 13
C 2 3 334 4 4 3 2 4 11 13
C 2 3 335 4 3 4 2 4 10 13
C 2 3 336 4 3 3 2 5 6 13
C 2 3 337 4 3 1 2 2 10 8
C 2 3 338 4 2 2 2 2 11 8
C 2 3 339 4 2 1 2 3 8 8
C 2 3 340 4 3 7 2 1 11 13
C 2 3 341 4 2 8 2 1 9 13
C 2 3 342 4 2 7 2 2 5 13
C 2 3 343 4 4 3 3 3 11 13
C 2 3 344 4 3 4 3 3 9 13
C 2 3 345 4 3 3 3 4 5 13
C 2 3 346 4 4 3 3 3 11 13
C 2 3 347 4 3 4 3 3 10 13
C 2 3 348 4 3 3 3 4 6 13
C 2 3 349 4 3 7 2 1 10 13
C 2 3 350 4 2 8 2 1 9 13
C 2 3 351 4 2 7 2 2 6 13
C 2 3 352 4 1 5 2 2 2 12
C 2 3 353 4 1 5 2 2 1 12
C 2 3 354 4 6 3 2 1 11 13
C 2 3 355 4 5 3 2 2 7 13
C 2 3 356 4 5 3 1 1 11 13
C 2 3 357 4 4 3 1 2 7 13
C 2 3 358 4 7 3 1 1 11 13
C 2 3 359 4 6 4 1 1 11 13
C 2 3 360 4 6 3 1 2 7 13
C 2 3 361 4 6 2 2 2 11 13
C 2 3 362 4 5 3 2 2 11 13
C 2 3 363 4 5 2 2 3 7 13
C 2 3 364 4 5 3 1 2 11 13
C 2 3 365 4 4 3 1 3 6 13
C 2 3 366 4 6 2 2 3 11 13
C 2 3 367 4 5 3 2 3 11 13
C 2 3 368 4 5 2 2 4 7 13
C 2 3 369 4 6 4 1 1 11 13
C 2 3 370 4 5 4 1 2 7 13
C 2 3 371 4 5 3 1 1 11 14
C 2 3 372 4 4 3 1 2 7 14
C 2 3 373 4 5 5 1 1 11 14
C 2 3 374 4 5 4 1 2 7 14
C 2 3 375 4 5 3 1 1 11 14
C 2 3 376 4 4 4 1 1 10 14
C 2 3 377 4 4 3 1 2 6 14
C 2 3 378 4 6 3 1 2 11 14
C 2 3 379 4 5 4 1 2 10 14
C 2 3 380 4 5 3 1 3 6 14
C 2 3 381 4 7 2 1 3 11 14
C 2 3 382 4 6 3 1 3 10 14
C 2 3 383 4 6 2 1 4 6 14
C 2 3 384 4 5 4 1 1 11 14
C 2 3 385 4 5 3 1 2 7 14
C 2 3 386 4 5 4 1 1 11 14
C 2 3 387 4 5 3 1 2 7 14
C 2 3 388 4 5 4 1 1 11 14
C 2 3 389 4 5 3 1 2 7 14
C 2 3 390 4 6 3 1 1 11 14
C 2 3 391 4 5 4 1 1 11 14
C 2 3 392 4 5 3 1 2 7 14
C 2 3 393 4 6 4 1 1 11 14
C 2 3 394 4 5 5 1 1 11 14
C 2 3 395 4 5 4 1 2 7 14
C 2 3 396 4 7 4 1 1 11 14
C 2 3 397 4 6 4 1 2 7 14
C 2 3 398 4 6 3 1 3 11 14
C 2 3 399 4 5 3 1 4 6 14
C 2 3 400 4 4 2 1 2 8 9
C 2 3 401 4 4 7 1 1 5 14
C 2 3 402 4 5 3 1 2 11 14
C 2 3 403 4 4 4 1 2 9 14
C 2 3 404 4 4 3 1 3 5 14
C 2 3 405 4 5 3 1 2 11 14
C 2 3 406 4 4 4 1 2 10 14
C 2 3 407 4 4 3 1 3 6 14
C 2 3 408 4 5 7 1 0 10 14
C 2 3 409 4 4 7 1 1 6 14
C 2 3 410 4 3 6 2 1 2 13
C 2 3 411 4 3 6 2 1 1 13
C 2 3 412 4 4 3 1 2 7 13
C 2 3 413 4 4 3 1 2 7 13
C 2 3 414 4 3 3 2 2 11 13
C 2 3 415 4 3 2 2 3 7 13
C 2 3 416 4 5 4 1 3 10 13
C 2 3 417 4 5 3 1 4 6 13
C 2 3 418 4 4 3 2 4 11 13
C 2 3 419 4 4 2 2 5 7 13
C 2 3 420 4 3 4 1 2 7 13
C 2 3 421 4 3 3 2 2 7 14
C 2 3 422 4 3 4 1 2 7 14
C 2 3 423 4 5 3 2 2 11 14
C 2 3 424 4 4 3 2 3 6 14
C 2 3 425 4 3 3 1 3 6 14
C 2 3 426 4 5 3 1 4 10 14
C 2 3 427 4 5 2 1 5 6 14
C 2 3 428 4 5 3 2 3 7 14
C 2 3 429 4 6 3 2 2 11 14
C 2 3 430 4 5 3 2 3 7 14
C 2 3 431 4 6 3 2 2 11 14
C 2 3 432 4 5 3 2 3 7 14
C 2 3 433 4 4 3 2 2 7 14
C 2 3 434 4 4 4 1 2 7 14
C 2 3 435 4 4 4 1 2 7 14
C 2 3 436 4 3 3 1 4 6 14
C 2 3 437 4 3 2 1 2 8 9
C 2 3 438 4 3 7 1 2 5 14
C 2 3 439 4 4 3 2 4 5 14
C 2 3 440 4 4 3 2 3 6 14
C 2 3 441 4 4 7 1 1 10 14
C 2 3 442 4 3 7 1 2 6 14
C 2 3 443 4 2 5 1 2 2 13
C 2 3 444 4 2 5 1 2 1 13
C 2 3 445 4 6 3 0 1 11 13
C 2 3 446 4 5 4 0 1 11 13
C 2 3 447 4 5 3 0 2 7 13
C 2 3 448 4 4 2 1 3 7 13
C 2 3 449 4 5 3 0 3 11 13
C 2 3 450 4 4 3 0 4 6 13
C 2 3 451 4 6 2 1 4 11 13
C 2 3 452 4 5 3 1 4 11 13
C 2 3 453 4 5 2 1 5 7 13
C 2 3 454 4 5 4 0 1 11 13
C 2 3 455 4 4 5 0 1 11 13
C 2 3 456 4 4 4 0 2 7 13
C 2 3 457 4 4 3 1 2 7 14
C 2 3 458 4 4 5 0 1 11 14
C 2 3 459 4 4 4 0 2 7 14
C 2 3 460 4 6 3 1 2 11 14
C 2 3 461 4 5 3 1 3 6 14
C 2 3 462 4 5 3 0 2 11 14
C 2 3 463 4 4 4 0 2 10 14
C 2 3 464 4 4 3 0 3 6 14
C 2 3 465 4 7 2 0 4 11 14
C 2 3 466 4 6 3 0 4 10 14
C 2 3 467 4 6 2 0 5 6 14
C 2 3 468 4 6 3 1 3 7 14
C 2 3 469 4 7 3 1 2 11 14
C 2 3 470 4 6 4 1 2 11 14
C 2 3 471 4 6 3 1 3 7 14
C 2 3 472 4 7 3 1 2 11 14
C 2 3 473 4 6 4 1 2 11 14
C 2 3 474 4 6 3 1 3 7 14
C 2 3 475 4 4 4 1 1 11 14
C 2 3 476 4 4 3 1 2 7 14
C 2 3 477 4 4 4 0 2 7 14
C 2 3 478 4 6 4 0 1 11 14
C 2 3 479 4 5 5 0 1 11 14
C 2 3 480 4 5 4 0 2 7 14
C 2 3 481 4 5 3 0 3 11 14
C 2 3 482 4 4 3 0 4 6 14
C 2 3 483 4 4 2 0 2 8 9
C 2 3 484 4 4 7 0 2 5 14
C 2 3 485 4 6 3 1 3 11 14
C 2 3 486 4 5 4 1 3 9 14
C 2 3 487 4 5 3 1 4 5 14
C 2 3 488 4 6 3 1 2 11 14
C 2 3 489 4 5 4 1 2 10 14
C 2 3 490 4 5 3 1 3 6 14
C 2 3 491 4 5 7 0 1 10 14
C 2 3 492 4 4 7 0 2 6 14
C 2 3 493 4 3 6 1 2 2 13
C 2 3 494 4 3 6 1 2 1 13
C 2 3 495 4 4 2 1 3 7 13
C 2 3 496 4 6 3 0 3 11 13
C 2 3 497 4 5 3 0 4 6 13
C 2 3 498 4 5 2 1 4 11 13
C 2 3 499 4 4 3 1 4 11 13
C 2 3 500 4 4 2 1 5 7 13
C 2 3 501 4 4 4 0 2 7 13
C 2 3 502 4 4 3 1 2 7 14
C 2 3 503 4 4 5 0 1 11 14
C 2 3 504 4 4 4 0 2 7 14
C 2 3 505 4 5 3 1 3 6 14
C 2 3 506 4 4 4 0 2 10 14
C 2 3 507 4 4 3 0 3 6 14
C 2 3 508 4 6 2 0 4 11 14
C 2 3 509 4 5 2 0 5 6 14
C 2 3 510 4 7 3 1 2 11 14
C 2 3 511 4 6 4 1 2 11 14
C 2 3 512 4 6 3 1 3 7 14
C 2 3 513 4 7 3 1 2 11 14
C 2 3 514 4 6 4 1 2 11 14
C 2 3 515 4 6 3 1 3 7 14
C 2 3 516 4 7 3 1 2 11 14
C 2 3 517 4 6 4 1 2 11 14
C 2 3 518 4 6 3 1 3 7 14
C 2 3 519 4 5 4 1 1 11 14
C 2 3 520 4 5 3 1 2 7 14
C 2 3 521 4 5 4 0 2 7 14
C 2 3 522 4 5 4 0 2 7 14
C 2 3 523 4 3 3 0 4 6 14
C 2 3 524 4 4 2 0 2 8 9
C 2 3 525 4 4 7 0 2 5 14
C 2 3 526 4 6 3 1 3 11 14
C 2 3 527 4 5 3 1 4 5 14
C 2 3 528 4 5 4 1 2 10 14
C 2 3 529 4 5 3 1 3 6 14
C 2 3 530 4 5 7 0 1 10 14
C 2 3 531 4 4 7 0 2 6 14
C 2 3 532 4 3 6 1 2 2 13
C 2 3 533 4 3 6 1 2 1 13
C 2 3 534 4 5 3 1 4 10 13
C 2 3 535 4 5 2 1 5 6 13
C 2 3 536 4 4 2 1 4 11 13
C 2 3 537 4 4 1 1 5 7 13
C 2 3 538 4 3 3 1 3 7 13
C 2 3 539 4 3 2 2 3 7 14
C 2 3 540 4 3 3 1 3 7 14
C 2 3 541 4 4 3 2 3 10 14
C 2 3 542 4 4 2 2 4 6 14
C 2 3 543 4 3 2 1 4 6 14
C 2 3 544 4 6 1 1 5 11 14
C 2 3 545 4 5 2 1 5 10 14
C 2 3 546 4 5 1 1 6 6 14
C 2 3 547 4 5 2 2 4 7 14
C 2 3 548 4 6 2 2 3 11 14
C 2 3 549 4 5 3 2 3 11 14
C 2 3 550 4 5 2 2 4 7 14
C 2 3 551 4 6 2 2 3 11 14
C 2 3 552 4 5 3 2 3 11 14
C 2 3 553 4 5 2 2 4 7 14
C 2 3 554 4 4 2 2 3 7 14
C 2 3 555 4 4 3 1 3 7 14
C 2 3 556 4 4 3 1 3 7 14
C 2 3 557 4 3 2 1 5 6 14
C 2 3 558 4 4 1 1 2 10 9
C 2 3 559 4 3 2 1 2 11 9
C 2 3 560 4 3 1 1 3 8 9
C 2 3 561 4 3 6 1 3 5 14
C 2 3 562 4 4 3 2 4 9 14
C 2 3 563 4 4 2 2 5 5 14
C 2 3 564 4 4 3 2 3 10 14
C 2 3 565 4 4 2 2 4 6 14
C 2 3 566 4 4 6 1 2 10 14
C 2 3 567 4 3 7 1 2 9 14
C 2 3 568 4 3 6 1 3 6 14
C 2 3 569 4 2 5 2 3 2 13
C 2 3 570 4 2 5 2 3 1 13
C 2 3 571 4 4 1 1 4 6 13
C 2 3 572 4 6 4 0 3 11 13
C 2 3 573 4 5 4 0 4 6 13
C 2 3 574 4 6 3 1 3 11 14
C 2 3 575 4 5 3 1 4 6 14
C 2 3 576 4 5 5 0 3 10 14
C 2 3 577 4 5 4 0 4 6 14
C 2 3 578 4 6 3 1 3 10 14
C 2 3 579 4 5 3 1 4 7 14
C 2 3 580 4 6 3 0 4 10 14
C 2 3 581 4 5 3 0 5 7 14
C 2 3 582 4 5 1 0 4 7 14
C 2 3 583 4 7 3 1 3 11 14
C 2 3 584 4 6 3 1 4 6 14
C 2 3 585 4 7 3 1 3 11 14
C 2 3 586 4 6 3 1 4 6 14
C 2 3 587 4 7 3 1 3 11 14
C 2 3 588 4 6 3 1 4 6 14
C 2 3 589 4 6 3 1 3 11 14
C 2 3 590 4 5 4 1 3 10 14
C 2 3 591 4 5 3 1 4 6 14
C 2 3 592 4 6 4 0 3 11 14
C 2 3 593 4 5 4 0 4 6 14
C 2 3 594 4 7 4 0 3 11 14
C 2 3 595 4 6 4 0 4 6 14
C 2 3 596 4 5 3 0 3 10 14
C 2 3 597 4 4 3 0 4 7 14
C 2 3 598 4 5 1 0 3 10 9
C 2 3 599 4 4 1 0 4 7 9
C 2 3 600 4 4 7 0 3 6 14
C 2 3 601 4 6 3 1 3 10 14
C 2 3 602 4 5 3 1 4 6 14
C 2 3 603 4 6 3 1 4 11 14
C 2 3 604 4 5 4 1 4 9 14
C 2 3 605 4 5 3 1 5 5 14
C 2 3 606 4 5 7 0 2 9 14
C 2 3 607 4 4 7 0 3 7 14
C 2 3 608 4 3 6 1 3 3 13
C 2 3 609 4 3 6 1 3 2 13
C 2 3 610 4 4 4 1 4 11 13
C 2 3 611 4 4 3 1 5 7 13
C 2 3 612 4 5 2 2 4 11 14
C 2 3 613 4 4 3 2 4 11 14
C 2 3 614 4 4 2 2 5 7 14
C 2 3 615 4 4 4 1 4 11 14
C 2 3 616 4 4 3 1 5 7 14
C 2 3 617 4 5 2 2 4 11 14
C 2 3 618 4 4 3 2 4 10 14
C 2 3 619 4 4 2 2 5 6 14
C 2 3 620 4 5 2 1 5 11 14
C 2 3 621 4 4 3 1 5 10 14
C 2 3 622 4 4 2 1 6 6 14
C 2 3 623 4 4 1 1 4 10 14
C 2 3 624 4 4 0 1 5 6 14
C 2 3 625 4 6 2 2 4 11 14
C 2 3 626 4 5 3 2 4 11 14
C 2 3 627 4 5 2 2 5 7 14
C 2 3 628 4 6 2 2 4 11 14
C 2 3 629 4 5 3 2 4 11 14
C 2 3 630 4 5 2 2 5 7 14
C 2 3 631 4 6 2 2 4 11 14
C 2 3 632 4 5 3 2 4 11 14
C 2 3 633 4 5 2 2 5 7 14
C 2 3 634 4 5 3 2 4 11 14
C 2 3 635 4 5 2 2 5 7 14
C 2 3 636 4 6 3 1 4 11 14
C 2 3 637 4 5 4 1 4 11 14
C 2 3 638 4 5 3 1 5 7 14
C 2 3 639 4 6 3 1 4 11 14
C 2 3 640 4 5 4 1 4 11 14
C 2 3 641 4 5 3 1 5 7 14
C 2 3 642 4 3 2 1 5 6 14
C 2 3 643 4 4 0 1 4 10 9
C 2 3 644 4 3 1 1 4 11 9
C 2 3 645 4 3 0 1 5 8 9
C 2 3 646 4 3 6 1 4 5 14
C 2 3 647 4 5 2 2 4 11 14
C 2 3 648 4 4 2 2 5 5 14
C 2 3 649 4 4 3 2 5 10 14
C 2 3 650 4 4 2 2 6 6 14
C 2 3 651 4 4 6 1 3 10 14
C 2 3 652 4 3 7 1 3 9 14
C 2 3 653 4 3 6 1 4 6 14
C 2 3 654 4 2 5 2 4 2 13
C 2 3 655 4 2 5 2 4 1 13
C 2 3 656 4 3 6 0 1 11 14
C 2 3 657 4 3 5 0 2 7 14
C 2 3 658 4 5 4 1 2 11 14
C 2 3 659 4 4 4 1 3 6 14
C 2 3 660 4 4 4 0 2 11 14
C 2 3 661 4 3 4 0 3 6 14
C 2 3 662 4 5 4 0 4 10 14
C 2 3 663 4 5 3 0 5 6 14
C 2 3 664 4 6 4 1 2 11 14
C 2 3 665 4 5 4 1 3 7 14
C 2 3 666 4 6 4 1 2 11 14
C 2 3 667 3 2 0 0 2 7 4
C 2 3 668 4 6 4 1 2 11 14
C 2 3 669 4 5 4 1 3 7 14
C 2 3 670 4 4 5 1 1 11 14
C 2 3 671 4 4 4 1 2 7 14
C 2 3 672 4 5 5 0 1 11 14
C 2 3 673 4 4 6 0 1 11 14
C 2 3 674 4 4 5 0 2 7 14
C 2 3 675 4 4 5 0 2 7 14
C 2 3 676 4 3 4 0 4 6 14
C 2 3 677 1 1 0 0 0 8 1
C 2 3 678 4 3 7 0 2 5 14
C 2 3 679 4 4 4 1 4 5 14
C 2 3 680 4 4 4 1 3 6 14
C 2 3 681 4 4 8 0 1 10 14
C 2 3 682 4 3 8 0 2 6 14
C 2 3 683 4 2 7 1 2 2 13
C 2 3 684 4 2 7 1 2 1 13
C 2 3 685 3 2 3 1 1 11 7
C 2 3 686 4 3 4 1 2 7 15
C 2 3 687 4 3 3 1 3 6 15
C 2 3 688 4 4 3 1 2 11 15
C 2 3 689 4 3 3 1 3 6 15
C 2 3 690 4 6 2 1 4 11 15
C 2 3 691 3 2 2 0 2 6 6
C 2 3 692 4 4 3 1 3 7 15
C 2 3 693 4 5 3 1 2 11 15
C 2 3 694 2 2 0 0 1 7 3
C 2 3 695 4 5 3 1 2 11 15
C 2 3 696 4 4 3 1 3 7 15
C 2 3 697 4 4 4 1 1 11 15
C 2 3 698 4 4 3 1 2 7 15
C 2 3 699 4 5 4 1 1 11 15
C 2 3 700 4 4 4 1 2 7 15
C 2 3 701 4 4 4 1 2 7 15
C 2 3 702 4 3 3 1 4 6 15
C 2 3 703 2 1 0 0 1 8 2
C 2 3 704 4 3 7 1 2 5 15
C 2 3 705 4 3 3 1 4 5 15
C 2 3 706 4 3 3 1 3 6 15
C 2 3 707 4 4 7 1 1 10 15
C 2 3 708 4 3 7 1 2 6 15
C 2 3 709 4 2 6 2 2 2 14
C 2 3 710 4 2 6 2 2 1 14
C 2 3 711 4 4 5 1 2 10 15
C 2 3 712 4 4 4 1 3 6 15
C 2 3 713 4 3 5 0 2 10 15
C 2 3 714 4 3 4 0 3 6 15
C 2 3 715 4 5 4 0 4 10 15
C 2 3 716 4 5 3 0 5 6 15
C 2 3 717 4 5 4 1 3 7 15
C 2 3 718 4 6 4 1 2 11 15
C 2 3 719 4 5 4 1 3 7 15
C 2 3 720 4 6 4 1 2 11 15
C 2 3 721 4 5 4 1 3 7 15
C 2 3 722 4 4 5 1 1 11 15
C 2 3 723 4 4 4 1 2 7 15
C 2 3 724 4 5 5 0 1 11 15
C 2 3 725 4 4 6 0 1 11 15
C 2 3 726 4 4 5 0 2 7 15
C 2 3 727 4 4 6 0 1 11 15
C 2 3 728 4 4 5 0 2 7 15
C 2 3 729 4 3 4 0 4 6 15
C 2 3 730 4 3 3 0 2 8 10
C 2 3 731 4 3 7 0 2 5 15
C 2 3 732 4 4 5 1 3 9 15
C 2 3 733 4 4 4 1 4 5 15
C 2 3 734 4 5 4 1 2 11 15
C 2 3 735 4 4 5 1 2 10 15
C 2 3 736 4 4 4 1 3 6 15
C 2 3 737 4 4 7 0 1 10 15
C 2 3 738 4 3 7 0 2 6 15
C 2 3 739 4 2 6 1 2 2 14
C 2 3 740 4 3 7 1 1 11 14
C 2 3 741 4 2 8 1 1 5 14
C 2 3 742 4 2 7 1 2 1 14
C 2 3 743 4 4 3 1 2 10 15
C 2 3 744 4 3 3 1 3 7 15
C 2 3 745 4 6 2 1 4 10 15
C 2 3 746 4 5 3 1 4 10 15
C 2 3 747 4 5 2 1 5 7 15
C 2 3 748 4 5 3 1 2 11 15
C 2 3 749 4 4 4 1 2 10 15
C 2 3 750 4 4 3 1 3 6 15
C 2 3 751 4 5 3 1 2 11 15
C 2 3 752 4 4 4 1 2 10 15
C 2 3 753 4 4 3 1 3 6 15
C 2 3 754 4 5 3 1 2 11 15
C 2 3 755 4 4 4 1 2 10 15
C 2 3 756 4 4 3 1 3 6 15
C 2 3 757 4 5 4 1 2 10 15
C 2 3 758 4 5 3 1 3 6 15
C 2 3 759 4 6 4 1 2 11 15
C 2 3 760 4 5 4 1 3 6 15
C 2 3 761 4 6 4 1 2 11 15
C 2 3 762 4 5 4 1 3 6 15
C 2 3 763 4 5 3 1 4 10 15
C 2 3 764 4 4 3 1 5 7 15
C 2 3 765 4 3 2 1 3 7 10
C 2 3 766 4 3 7 1 2 6 15
C 2 3 767 4 3 4 1 3 9 15
C 2 3 768 4 3 3 1 4 6 15
C 2 3 769 3 2 3 1 1 9 7
C 2 3 770 4 3 3 1 3 5 15
C 2 3 771 4 4 7 1 1 9 15
C 2 3 772 4 3 7 1 2 7 15
C 2 3 773 4 2 6 2 2 3 14
C 2 3 774 4 2 6 2 2 2 14
C 2 3 775 4 6 2 0 5 10 15
C 2 3 776 4 5 2 0 6 7 15
C 2 3 777 4 6 3 1 3 11 15
C 2 3 778 4 5 3 1 4 6 15
C 2 3 779 4 6 3 1 3 11 15
C 2 3 780 4 5 4 1 3 10 15
C 2 3 781 4 5 3 1 4 6 15
C 2 3 782 4 6 3 1 3 11 15
C 2 3 783 4 5 3 1 4 6 15
C 2 3 784 4 5 3 1 2 11 15
C 2 3 785 4 4 4 1 2 10 15
C 2 3 786 4 4 3 1 3 6 15
C 2 3 787 4 5 4 0 2 11 15
C 2 3 788 4 4 5 0 2 10 15
C 2 3 789 4 4 4 0 3 6 15
C 2 3 790 4 4 3 0 4 10 15
C 2 3 791 4 3 2 0 3 7 10
C 2 3 792 4 3 7 0 3 6 15
C 2 3 793 4 5 3 1 4 10 15
C 2 3 794 4 4 3 1 5 6 15
C 2 3 795 4 5 3 1 2 11 15
C 2 3 796 4 4 4 1 2 9 15
C 2 3 797 4 4 3 1 3 5 15
C 2 3 798 4 4 7 0 2 9 15
C 2 3 799 4 3 7 0 3 7 15
C 2 3 800 4 2 6 1 3 3 14
C 2 3 801 4 2 6 1 3 2 14
C 2 3 802 4 7 2 1 4 11 15
C 2 3 803 4 6 2 1 5 6 15
C 2 3 804 4 7 2 1 4 11 15
C 2 3 805 4 6 3 1 4 10 15
C 2 3 806 4 6 2 1 5 6 15
C 2 3 807 4 5 3 1 4 10 15
C 2 3 808 4 5 2 1 5 6 15
C 2 3 809 4 7 2 1 4 11 15
C 2 3 810 4 6 3 1 4 10 15
C 2 3 811 4 6 2 1 5 6 15
C 2 3 812 4 6 3 0 4 11 15
C 2 3 813 4 5 3 0 5 6 15
C 2 3 814 4 5 3 0 5 6 15
C 2 3 815 4 4 2 0 5 7 15
C 2 3 816 4 4 1 0 4 10 10
C 2 3 817 4 4 0 0 5 7 10
C 2 3 818 4 4 6 0 4 6 15
C 2 3 819 4 4 2 1 4 6 15
C 2 3 820 4 5 3 1 5 9 15
C 2 3 821 4 5 2 1 6 5 15
C 2 3 822 4 5 6 0 3 9 15
C 2 3 823 4 4 6 0 4 7 15
C 2 3 824 4 3 5 1 4 3 14
C 2 3 825 4 3 5 1 4 2 14
C 2 3 826 4 6 3 1 2 11 15
C 2 3 827 4 5 3 1 3 7 15
C 2 3 828 4 6 3 1 2 11 15
C 2 3 829 4 5 4 1 2 11 15
C 2 3 830 4 5 3 1 3 7 15
C 2 3 831 4 6 4 1 2 11 15
C 2 3 832 4 6 3 1 3 7 15
C 2 3 833 4 7 4 1 2 11 15
C 2 3 834 4 6 5 1 2 11 15
C 2 3 835 4 6 4 1 3 7 15
C 2 3 836 4 6 4 1 2 11 15
C 2 3 837 4 5 4 1 3 7 15
C 2 3 838 4 6 3 1 4 11 15
C 2 3 839 4 5 3 1 5 6 15
C 2 3 840 4 4 2 1 3 8 10
C 2 3 841 4 4 7 1 2 5 15
C 2 3 842 4 5 3 1 3 11 15
C 2 3 843 4 4 4 1 3 9 15
C 2 3 844 4 4 3 1 4 5 15
C 2 3 845 4 4 4 1 3 10 15
C 2 3 846 4 4 3 1 4 6 15
C 2 3 847 4 5 7 1 1 10 15
C 2 3 848 4 4 7 1 2 6 15
C 2 3 849 4 3 6 2 2 2 14
C 2 3 850 4 3 6 2 2 1 14
C 2 3 851 4 5 3 1 2 11 15
C 2 3 852 4 4 4 1 2 11 15
C 2 3 853 4 4 3 1 3 7 15
C 2 3 854 4 6 4 1 2 11 15
C 2 3 855 4 6 3 1 3 7 15
C 2 3 856 4 7 4 1 2 11 15
C 2 3 857 4 6 5 1 2 11 15
C 2 3 858 4 6 4 1 3 7 15
C 2 3 859 4 7 4 1 2 11 15
C 2 3 860 4 6 4 1 3 7 15
C 2 3 861 4 6 3 1 4 11 15
C 2 3 862 4 5 3 1 5 6 15
C 2 3 863 4 4 2 1 3 8 10
C 2 3 864 4 4 7 1 2 5 15
C 2 3 865 4 5 3 1 3 11 15
C 2 3 866 4 4 4 1 3 9 15
C 2 3 867 4 4 3 1 4 5 15
C 2 3 868 4 5 3 1 3 11 15
C 2 3 869 4 4 4 1 3 10 15
C 2 3 870 4 4 3 1 4 6 15
C 2 3 871 4 5 7 1 1 10 15
C 2 3 872 4 4 7 1 2 6 15
C 2 3 873 4 3 6 2 2 2 14
C 2 3 874 4 4 6 2 1 11 14
C 2 3 875 4 3 6 2 2 1 14
C 2 3 876 4 7 3 1 2 11 15
C 2 3 877 4 6 4 1 2 11 15
C 2 3 878 4 6 3 1 3 7 15
C 2 3 879 4 6 4 1 2 11 15
C 2 3 880 4 5 5 1 2 11 15
C 2 3 881 4 5 4 1 3 7 15
C 2 3 882 4 6 4 1 2 11 15
C 2 3 883 4 5 4 1 3 7 15
C 2 3 884 4 6 3 1 4 11 15
C 2 3 885 4 5 3 1 5 6 15
C 2 3 886 4 4 2 1 3 8 10
C 2 3 887 4 4 7 1 2 5 15
C 2 3 888 4 3 4 1 3 9 15
C 2 3 889 4 3 3 1 4 5 15
C 2 3 890 4 4 4 1 3 10 15
C 2 3 891 4 4 3 1 4 6 15
C 2 3 892 4 5 7 1 1 10 15
C 2 3 893 4 4 7 1 2 6 15
C 2 3 894 4 3 6 2 2 2 14
C 2 3 895 4 4 6 2 1 11 14
C 2 3 896 4 3 6 2 2 1 14
C 2 3 897 4 4 4 1 2 7 15
C 2 3 898 4 5 5 1 1 11 15
C 2 3 899 4 5 4 1 2 7 15
C 2 3 900 4 4 3 1 4 6 15
C 2 3 901 4 4 2 1 2 8 10
C 2 3 902 4 5 7 1 1 11 15
C 2 3 903 4 4 8 1 1 9 15
C 2 3 904 4 4 7 1 2 5 15
C 2 3 905 4 5 4 1 3 9 15
C 2 3 906 4 5 3 1 4 5 15
C 2 3 907 4 5 4 1 2 10 15
C 2 3 908 4 5 3 1 3 6 15
C 2 3 909 4 5 7 1 1 10 15
C 2 3 910 4 4 7 1 2 6 15
C 2 3 911 4 3 6 2 2 2 14
C 2 3 912 4 3 6 2 2 1 14
C 2 3 913 4 5 5 0 1 11 15
C 2 3 914 4 4 5 0 2 7 15
C 2 3 915 4 5 4 0 3 11 15
C 2 3 916 4 4 4 0 4 6 15
C 2 3 917 4 4 3 0 2 8 10
C 2 3 918 4 5 8 0 1 11 15
C 2 3 919 4 4 8 0 2 5 15
C 2 3 920 4 5 4 1 3 11 15
C 2 3 921 4 4 5 1 3 9 15
C 2 3 922 4 4 4 1 4 5 15
C 2 3 923 4 6 4 1 2 11 15
C 2 3 924 4 5 5 1 2 10 15
C 2 3 925 4 5 4 1 3 6 15
C 2 3 926 4 5 8 0 1 10 15
C 2 3 927 4 4 8 0 2 6 15
C 2 3 928 4 3 7 1 2 2 14
C 2 3 929 4 4 7 1 1 11 14
C 2 3 930 4 3 7 1 2 1 14
C 2 3 931 4 5 4 0 3 11 15
C 2 3 932 4 4 3 0 2 8 10
C 2 3 933 4 4 8 0 2 5 15
C 2 3 934 4 5 4 1 3 11 15
C 2 3 935 4 4 4 1 4 5 15
C 2 3 936 4 5 4 1 3 6 15
C 2 3 937 4 5 8 0 1 10 15
C 2 3 938 4 4 8 0 2 6 15
C 2 3 939 4 3 7 1 2 2 14
C 2 3 940 4 3 7 1 2 1 14
C 2 3 941 4 3 2 0 4 7 10
C 2 3 942 4 3 7 0 4 6 15
C 2 3 943 4 5 3 1 4 10 15
C 2 3 944 4 4 3 1 5 6 15
C 2 3 945 4 4 3 1 5 5 15
C 2 3 946 4 4 7 0 3 9 15
C 2 3 947 4 3 7 0 4 7 15
C 2 3 948 4 2 6 1 4 3 14
C 2 3 949 4 2 6 1 4 2 14
C 2 3 950 4 2 6 0 2 6 10
C 2 3 951 4 3 2 1 4 6 10
C 2 3 952 4 3 2 1 3 7 10
C 2 3 953 3 3 2 1 1 9 7
C 2 3 954 4 2 6 0 2 7 10
C 2 3 955 4 1 5 1 2 3 9
C 2 3 956 4 1 5 1 2 2 9
C 2 3 957 4 3 7 1 3 7 15
C 2 3 958 4 4 7 1 2 11 15
C 2 3 959 4 3 8 1 2 8 15
C 2 3 960 4 3 7 1 3 4 15
C 2 3 961 3 0 5 0 1 8 7
C 2 3 962 4 1 8 1 1 4 14
C 2 3 963 2 1 2 0 0 9 3
C 2 3 964 4 1 9 1 1 3 14
C 2 3 965 4 3 4 1 4 8 15
C 2 3 966 4 3 3 1 5 4 15
C 2 3 967 4 4 7 1 2 8 15
C 2 3 968 4 3 7 1 3 8 15
C 2 3 969 4 2 6 2 3 4 14
C 2 3 970 4 2 6 2 3 3 14
C 2 3 971 4 4 7 1 2 10 15
C 2 3 972 4 3 7 1 3 5 15
C 2 3 973 4 2 6 2 3 3 14
C 2 3 974 4 2 6 2 3 2 14
C 2 3 975 4 1 8 1 1 5 14
C 2 3 976 4 2 9 1 0 8 14
C 2 3 977 4 1 9 1 1 4 14
C 2 3 978 4 1 8 1 0 7 13
C 2 3 979 4 0 9 1 0 4 13
C 2 3 980 4 0 8 1 1 4 13
M 2 3 4 1 2 1 1
M 2 3 4 3 2 2 0
M 2 3 4 2 0 2 3
M 2 3 4 1 1 1 2
M 2 3 4 3 0 1 3
M 2 3 4 2 6 1 2
M 2 3 4 0 9 1 0
M 2 3 4 5 2 1 6
M 2 3 4 2 1 2 4
M 2 3 4 2 2 0 3
M 2 3 4 2 2 2 4
M 2 3 4 3 3 2 4
M 2 3 4 3 3 2 5
M 2 3 4 5 2 0 5
M 2 3 4 6 4 0 4
M 2 3 4 4 0 1 5
M 2 3 4 3 8 0 2
M 2 3 0 0 0 0 0
M 2 3 4 3 2 0 5
M 2 3 4 1 2 0 2
M 2 3 4 2 1 1 3
M 2 3 4 2 3 0 2
M 2 3 4 2 4 0 2
M 2 3 4 3 3 0 5
M 2 3 4 2 1 0 4
M 2 3 4 4 3 2 2
M 2 3 4 4 1 1 5
M 2 3 3 2 0 0 2
M 2 3 4 4 0 0 5
M 2 3 3 0 5 0 1
M 2 3 4 2 2 0 2
M 2 3 4 3 1 1 3
M 2 3 1 1 0 0 0
M 2 3 3 2 3 0 2
M 2 3 4 5 6 0 3
M 2 3 4 4 8 1 1
M 2 3 3 2 2 0 3
M 2 3 4 3 7 0 1
M 2 3 4 4 5 0 3
M 2 3 4 3 4 2 4
M 2 3 4 5 7 1 0
M 2 3 4 4 6 1 2
M 2 3 4 5 1 0 3
M 2 3 4 4 3 2 5
M 2 3 4 4 8 0 1
M 2 3 3 1 2 0 1
M 2 3 3 3 2 1 0
M 2 3 3 2 0 1 3
M 2 3 3 3 1 0 3
M 2 3 4 3 2 2 2
M 2 3 4 5 2 1 1
M 2 3 4 2 5 0 1
M 2 3 4 3 4 1 1
M 2 3 4 4 4 0 1
M 2 3 4 5 3 3 1
M 2 3 4 5 1 2 4
M 2 3 4 7 3 1 1
M 2 3 4 7 2 1 3
M 2 3 4 7 4 1 1
M 2 3 4 7 2 0 4
M 2 3 4 6 3 0 3
M 2 3 4 5 2 1 4
M 2 3 4 6 1 1 5
M 2 3 3 1 1 1 1
M 2 3 4 3 2 1 1
M 2 3 4 2 3 1 1
M 2 3 3 1 0 1 2
M 2 3 2 0 1 1 1
M 2 3 4 1 6 1 2
M 2 3 4 3 6 2 1
M 2 3 4 2 5 2 3
M 2 3 4 1 5 1 3
M 2 3 4 3 5 1 4
M 2 3 4 2 6 1 3
M 2 3 4 1 9 1 1
M 2 3 4 3 3 1 5
M 2 3 3 0 5 1 0
M 2 3 4 0 5 2 0
M 2 3 4 2 0 1 4
M 2 3 3 2 1 0 3
M 2 3 4 4 1 2 5
M 2 3 4 3 3 3 4
M 2 3 4 3 6 1 4
M 2 3 4 5 1 1 6
M 2 3 4 1 8 1 0
M 2 3 4 2 2 1 3
M 2 3 4 3 2 0 4
M 2 3 3 2 0 0 4
M 2 3 4 5 2 0 6
M 2 3 4 4 6 0 4
M 2 3 2 3 0 0 0
M 2 3 4 2 3 1 2
M 2 3 2 2 0 0 0
M 2 3 4 2 3 0 4
M 2 3 4 3 1 2 4
M 2 3 4 3 3 3 3
M 2 3 4 4 4 2 3
M 2 3 4 3 8 1 2
M 2 3 4 2 1 2 3
M 2 3 4 4 2 0 2
M 2 3 2 1 2 0 0
M 2 3 4 3 4 1 4
M 2 3 4 2 8 2 1
M 2 3 4 3 4 1 3
M 2 3 3 1 1 0 2
M 2 3 2 1 0 0 1
M 2 3 4 2 3 0 3
M 2 3 4 2 2 2 3
M 2 3 4 3 1 0 3
M 2 3 3 2 4 0 1
M 2 3 4 3 5 0 2
M 2 3 4 4 7 0 1
M 2 3 4 4 0 1 4
M 2 3 4 5 5 0 3
M 2 3 4 3 4 3 3
M 2 3 2 1 1 0 1
M 2 3 4 6 4 0 1
M 2 3 3 3 2 0 1
M 2 3 3 2 1 1 2
M 2 3 4 3 7 1 1
M 2 3 4 5 2 0 3
M 2 3 4 4 5 1 1
M 2 3 4 4 3 1 1
M 2 3 4 5 1 0 4
M 2 3 4 2 4 2 2
M 2 3 4 5 2 0 4
M 2 3 4 3 5 0 1
M 2 3 4 5 3 0 2
M 2 3 4 6 2 0 4
M 2 3 4 4 4 3 1
M 2 3 4 3 5 2 2
M 2 3 4 5 4 0 1
M 2 3 4 5 4 2 2
M 2 3 4 3 7 2 1
M 2 3 4 6 2 2 2
M 2 3 4 2 7 1 2
M 2 3 4 4 4 0 4
M 2 3 4 2 7 0 2
M 2 3 3 3 1 0 2
M 2 3 4 3 3 1 2
M 2 3 4 6 2 2 3
M 2 3 4 7 4 0 3
M 2 3 4 6 2 2 4
M 2 3 4 4 6 0 1
M 2 3 4 3 2 0 3
M 2 3 4 5 2 1 2
M 2 3 4 7 3 1 3
M 2 3 4 5 4 1 4
M 2 3 4 3 2 1 2
M 2 3 4 5 8 0 1
M 2 3 4 4 3 0 3
M 2 3 4 7 4 1 2
M 2 3 4 1 1 3 1
M 2 3 4 3 2 2 1
M 2 3 4 3 1 1 2
M 2 3 4 2 5 1 2
M 2 3 4 3 6 1 2
M 2 3 4 1 6 1 0
M 2 3 4 2 6 1 4
M 2 3 4 0 8 1 1
M 2 3 4 2 8 1 1
M 2 3 4 4 2 2 6
M 2 3 4 3 6 1 3
M 2 3 4 3 3 0 4
M 2 3 4 2 7 2 2
M 2 3 4 2 1 1 4
M 2 3 4 5 3 0 4
M 2 3 4 2 2 1 2
M 2 3 2 2 0 1 0
M 2 3 4 2 6 0 3
M 2 3 4 4 2 2 3
M 2 3 4 5 2 2 5
M 2 3 4 3 2 1 3
M 2 3 4 2 6 0 2
M 2 3 4 4 2 0 5
M 2 3 4 2 7 0 3
M 2 3 4 3 0 1 5
M 2 3 4 4 3 0 2
M 2 3 4 4 5 1 3
M 2 3 1 0 1 0 0
M 2 3 2 1 0 0 2
M 2 3 3 2 2 1 2
M 2 3 4 3 1 2 2
M 2 3 4 4 2 0 4
M 2 3 4 4 6 1 3
M 2 3 4 4 2 2 4
M 2 3 4 3 4 1 2
M 2 3 4 5 5 1 2
M 2 3 4 5 5 0 1
M 2 3 3 2 2 1 1
M 2 3 3 2 3 0 1
M 2 3 4 5 3 2 4
M 2 3 4 5 3 3 2
M 2 3 4 6 3 0 1
M 2 3 4 4 6 2 1
M 2 3 4 6 2 1 4
M 2 3 4 6 3 1 1
M 2 3 4 2 3 2 2
M 2 3 4 4 2 1 2
M 2 3 4 3 1 1 4
M 2 3 4 4 4 2 2
M 2 3 4 3 3 0 3
M 2 3 4 5 4 0 2
M 2 3 4 4 2 2 5
M 2 3 4 3 3 0 2
M 2 3 4 4 7 0 2
M 2 3 3 3 2 1 1
M 2 3 4 3 2 2 3
M 2 3 4 5 3 2 2
M 2 3 4 6 2 1 5
M 2 3 4 4 5 0 2
M 2 3 4 3 4 0 3
M 2 3 4 7 2 1 4
M 2 3 4 7 3 1 2
M 2 3 4 6 4 1 1
M 2 3 4 3 4 2 3
M 2 3 4 5 3 1 1
M 2 3 4 6 3 0 4
M 2 3 4 4 1 1 4
M 2 3 4 4 4 0 3
M 2 3 4 4 3 2 4
M 2 3 4 5 5 1 1
M 2 3 4 4 3 1 5
M 2 3 4 4 3 3 2
M 2 3 4 5 2 2 4
M 2 3 4 2 5 2 4
M 2 3 4 1 5 2 2
M 2 3 4 2 6 2 2
M 2 3 4 1 6 1 3
M 2 3 4 4 2 1 6
M 2 3 4 4 8 0 2
M 2 3 3 2 1 0 4
M 2 3 4 3 7 0 3
M 2 3 4 3 4 0 2
M 2 3 3 1 1 0 1
M 2 3 4 3 1 1 5
M 2 3 4 3 7 0 4
M 2 3 2 2 0 0 1
M 2 3 4 5 7 0 2
M 2 3 4 5 7 0 1
M 2 3 4 6 2 0 5
M 2 3 4 3 7 0 2
M 2 3 4 5 4 0 3
M 2 3 4 5 2 2 3
M 2 3 4 6 5 1 2
M 2 3 4 3 4 3 2
M 2 3 4 4 4 0 2
M 2 3 4 4 4 3 2
M 2 3 4 4 5 2 2
M 2 3 3 2 3 1 1
M 2 3 4 4 5 1 2
M 2 3 4 5 2 1 3
M 2 3 4 3 2 1 4
M 2 3 4 5 3 0 5
M 2 3 4 5 7 1 1
M 2 3 4 5 4 0 4
M 2 3 4 6 3 1 4
M 2 3 4 2 2 2 1
M 2 3 4 6 4 1 3
M 2 3 4 4 7 0 3
M 2 3 4 6 3 1 2
M 2 3 4 4 5 0 1
M 2 3 4 4 3 3 3
M 2 3 4 5 3 2 3
M 2 3 4 5 4 1 2
M 2 3 4 4 7 1 1
M 2 3 4 3 3 1 4
M 2 3 4 5 2 1 5
M 2 3 4 4 4 1 2
M 2 3 4 3 3 1 1
M 2 3 4 1 5 1 2
M 2 3 4 2 6 2 3
M 2 3 3 2 1 0 2
M 2 3 4 4 2 1 5
M 2 3 4 3 2 0 2
M 2 3 3 1 6 0 0
M 2 3 4 4 1 0 4
M 2 3 3 1 1 2 1
M 2 3 4 5 3 1 3
M 2 3 3 3 3 0 1
M 2 3 4 4 2 0 3
M 2 3 4 4 1 1 2
M 2 3 4 4 3 2 3
M 2 3 4 4 3 0 4
M 2 3 4 3 6 0 1
M 2 3 4 3 3 2 2
M 2 3 4 5 3 1 2
M 2 3 4 5 3 1 4
M 2 3 4 4 3 1 3
M 2 3 4 4 4 1 3
M 2 3 4 4 3 1 4
M 2 3 4 4 4 1 4
M 2 3 4 5 4 1 1
M 2 3 4 4 2 1 3
M 2 3 4 5 3 0 3
M 2 3 4 3 6 2 2
M 2 3 4 3 4 0 4
M 2 3 4 2 2 0 4
M 2 3 3 3 0 0 3
M 2 3 4 2 3 2 3
M 2 3 4 6 3 2 2
M 2 3 4 6 3 2 1
M 2 3 4 5 4 1 3
M 2 3 4 6 3 1 3
M 2 3 4 3 7 1 2
M 2 3 4 4 4 1 1
M 2 3 3 2 2 0 2
M 2 3 4 5 3 1 5
M 2 3 4 3 2 1 5
M 2 3 4 2 9 1 0
M 2 3 4 3 5 0 3
M 2 3 4 6 4 0 3
M 2 3 4 6 4 1 2
P 2 3 0 1
P 2 3 1 1
P 2 3 2 1
P 2 3 3 1
P 2 3 4 1
P 2 3 5 1
P 2 3 6 1
P 2 3 7 0
P 2 3 8 0
P 2 3 9 0
P 2 3 10 0
P 2 3 11 0
P 2 3 12 0
P 2 3 13 1
P 2 3 14 0
P 2 3 15 0
P 2 3 16 0
P 2 3 17 0
P 2 3 18 1
P 2 3 19 1
P 2 3 20 1
P 2 3 21 1
P 2 3 22 1
P 2 3 23 1
P 2 3 24 0
P 2 3 25 1
P 2 3 26 0
P 2 3 27 0
P 2 3 28 0
P 2 3 29 0
P 2 3 30 0
P 2 3 31 0
P 2 3 32 0
P 2 3 33 0
P 2 3 34 0
P 2 3 35 0
P 2 3 36 0
P 2 3 37 0
P 2 3 38 0
P 2 3 39 0
P 2 3 40 0
P 2 3 41 0
P 2 3 42 0
P 2 3 43 0
P 2 3 44 0
P 2 3 45 0
P 2 3 46 0
P 2 3 47 0
P 2 3 48 0
P 2 3 49 0
P 2 3 50 0
P 2 3 51 0
P 2 3 52 0
P 2 3 53 0
P 2 3 54 0
P 2 3 55 0
P 2 3 56 0
P 2 3 57 0
P 2 3 58 0
P 2 3 59 0
P 2 3 60 0
P 2 3 61 0
P 2 3 62 0
P 2 3 63 0
P 2 3 64 0
P 2 3 65 0
P 2 3 66 0
P 2 3 67 1
P 2 3 68 0
P 2 3 69 0
P 2 3 70 0
P 2 3 71 0
P 2 3 72 0
P 2 3 73 0
P 2 3 74 0
P 2 3 75 0
P 2 3 76 0
P 2 3 77 0
P 2 3 78 0
P 2 3 79 0
P 2 3 80 0
P 2 3 81 0
P 2 3 82 0
P 2 3 83 0
P 2 3 84 0
P 2 3 85 0
P 2 3 86 0
P 2 3 87 0
P 2 3 88 0
P 2 3 89 0
P 2 3 90 0
P 2 3 91 0
P 2 3 92 0
P 2 3 93 0
P 2 3 94 0
P 2 3 95 0
P 2 3 96 0
P 2 3 97 0
P 2 3 98 0
P 2 3 99 0
P 2 3 100 0
P 2 3 101 0
P 2 3 102 0
P 2 3 103 0
P 2 3 104 0
P 2 3 105 0
P 2 3 106 0
P 2 3 107 0
P 2 3 108 0
P 2 3 109 0
P 2 3 110 0
P 2 3 111 0
P 2 3 112 0
P 2 3 113 0
P 2 3 114 0
P 2 3 115 1
P 2 3 116 0
P 2 3 117 0
P 2 3 118 0
P 2 3 119 0
P 2 3 120 0
P 2 3 121 0
P 2 3 122 0
P 2 3 123 0
P 2 3 124 0
P 2 3 125 0
P 2 3 126 0
P 2 3 127 0
P 2 3 128 0
P 2 3 129 0
P 2 3 130 0
P 2 3 131 0
P 2 3 132 0
P 2 3 133 0
P 2 3 134 0
P 2 3 135 0
P 2 3 136 0
P 2 3 137 0
P 2 3 138 0
P 2 3 139 0
P 2 3 140 0
P 2 3 141 0
P 2 3 142 0
P 2 3 143 0
P 2 3 144 0
P 2 3 145 0
P 2 3 146 0
P 2 3 147 0
P 2 3 148 0
P 2 3 149 0
P 2 3 150 0
P 2 3 151 0
P 2 3 152 0
P 2 3 153 0
P 2 3 154 0
P 2 3 155 0
P 2 3 156 0
P 2 3 157 0
P 2 3 158 0
P 2 3 159 1
P 2 3 160 0
P 2 3 161 0
P 2 3 162 0
P 2 3 163 0
P 2 3 164 0
P 2 3 165 0
P 2 3 166 0
P 2 3 167 0
P 2 3 168 0
P 2 3 169 0
P 2 3 170 0
P 2 3 171 0
P 2 3 172 0
P 2 3 173 0
P 2 3 174 0
P 2 3 175 0
P 2 3 176 0
P 2 3 177 0
P 2 3 178 0
P 2 3 179 0
P 2 3 180 0
P 2 3 181 0
P 2 3 182 0
P 2 3 183 0
P 2 3 184 0
P 2 3 185 0
P 2 3 186 0
P 2 3 187 0
P 2 3 188 0
P 2 3 189 0
P 2 3 190 0
P 2 3 191 0
P 2 3 192 0
P 2 3 193 0
P 2 3 194 1
P 2 3 195 0
P 2 3 196 0
P 2 3 197 0
P 2 3 198 0
P 2 3 199 0
P 2 3 200 0
P 2 3 201 0
P 2 3 202 0
P 2 3 203 0
P 2 3 204 0
P 2 3 205 0
P 2 3 206 0
P 2 3 207 0
P 2 3 208 0
P 2 3 209 0
P 2 3 210 0
P 2 3 211 0
P 2 3 212 0
P 2 3 213 0
P 2 3 214 0
P 2 3 215 0
P 2 3 216 0
P 2 3 217 0
P 2 3 218 0
P 2 3 219 0
P 2 3 220 0
P 2 3 221 0
P 2 3 222 0
P 2 3 223 0
P 2 3 224 0
P 2 3 225 0
P 2 3 226 0
P 2 3 227 0
P 2 3 228 0
P 2 3 229 0
P 2 3 230 0
P 2 3 231 0
P 2 3 232 0
P 2 3 233 0
P 2 3 234 0
P 2 3 235 0
P 2 3 236 0
P 2 3 237 0
P 2 3 238 0
P 2 3 239 0
P 2 3 240 0
P 2 3 241 0
P 2 3 242 0
P 2 3 243 0
P 2 3 244 0
P 2 3 245 0
P 2 3 246 0
P 2 3 247 0
P 2 3 248 0
P 2 3 249 0
P 2 3 250 0
P 2 3 251 0
P 2 3 252 0
P 2 3 253 0
P 2 3 254 0
P 2 3 255 0
P 2 3 256 0
P 2 3 257 0
P 2 3 258 0
P 2 3 259 0
P 2 3 260 0
P 2 3 261 0
P 2 3 262 0
P 2 3 263 0
P 2 3 264 0
P 2 3 265 0
P 2 3 266 0
P 2 3 267 0
P 2 3 268 0
P 2 3 269 0
P 2 3 270 0
P 2 3 271 0
P 2 3 272 0
P 2 3 273 0
P 2 3 274 0
P 2 3 275 0
P 2 3 276 0
P 2 3 277 0
P 2 3 278 0
P 2 3 279 0
P 2 3 280 0
P 2 3 281 0
P 2 3 282 0
P 2 3 283 0
P 2 3 284 0
P 2 3 285 0
P 2 3 286 0
P 2 3 287 0
P 2 3 288 0
P 2 3 289 0
P 2 3 290 0
P 2 3 291 0
P 2 3 292 0
P 2 3 293 0
P 2 3 294 0
P 2 3 295 0
P 2 3 296 0
P 2 3 297 0
P 2 3 298 0
P 2 3 299 0
P 2 3 300 0
P 2 3 301 0
P 2 3 302 0
P 2 3 303 0
P 2 3 304 0
P 2 3 305 0
P 2 3 306 0
P 2 3 307 0
P 2 3 308 0
P 2 3 309 0
P 2 3 310 0
P 2 3 311 0
P 2 3 312 0
P 2 3 313 0
P 2 3 314 0
P 2 3 315 0
P 2 3 316 0
P 2 3 317 0
P 2 3 318 0
P 2 3 319 0
P 2 3 320 0
P 2 3 321 0
P 2 3 322 0
P 2 3 323 0
P 2 3 324 0
P 2 3 325 0
P 2 3 326 0
P 2 3 327 0
P 2 3 328 0
P 2 3 329 0
P 2 3 330 0
P 2 3 331 0
P 2 3 332 0
P 2 3 333 0
P 2 3 334 0
P 2 3 335 0
P 2 3 336 0
P 2 3 337 0
P 2 3 338 1
P 2 3 339 0
P 2 3 340 0
P 2 3 341 0
P 2 3 342 0
P 2 3 343 0
P 2 3 344 0
P 2 3 345 0
P 2 3 346 0
P 2 3 347 0
P 2 3 348 0
P 2 3 349 0
P 2 3 350 0
P 2 3 351 0
P 2 3 352 0
P 2 3 353 0
P 2 3 354 0
P 2 3 355 0
P 2 3 356 0
P 2 3 357 0
P 2 3 358 0
P 2 3 359 0
P 2 3 360 0
P 2 3 361 0
P 2 3 362 0
P 2 3 363 0
P 2 3 364 0
P 2 3 365 0
P 2 3 366 0
P 2 3 367 0
P 2 3 368 0
P 2 3 369 0
P 2 3 370 0
P 2 3 371 1
P 2 3 372 0
P 2 3 373 0
P 2 3 374 0
P 2 3 375 1
P 2 3 376 0
P 2 3 377 0
P 2 3 378 0
P 2 3 379 0
P 2 3 380 0
P 2 3 381 0
P 2 3 382 0
P 2 3 383 0
P 2 3 384 0
P 2 3 385 0
P 2 3 386 0
P 2 3 387 0
P 2 3 388 0
P 2 3 389 0
P 2 3 390 0
P 2 3 391 0
P 2 3 392 0
P 2 3 393 0
P 2 3 394 0
P 2 3 395 0
P 2 3 396 0
P 2 3 397 0
P 2 3 398 0
P 2 3 399 0
P 2 3 400 0
P 2 3 401 0
P 2 3 402 0
P 2 3 403 0
P 2 3 404 0
P 2 3 405 0
P 2 3 406 0
P 2 3 407 0
P 2 3 408 0
P 2 3 409 0
P 2 3 410 0
P 2 3 411 0
P 2 3 412 0
P 2 3 413 0
P 2 3 414 0
P 2 3 415 0
P 2 3 416 0
P 2 3 417 0
P 2 3 418 0
P 2 3 419 0
P 2 3 420 0
P 2 3 421 0
P 2 3 422 0
P 2 3 423 0
P 2 3 424 0
P 2 3 425 0
P 2 3 426 0
P 2 3 427 0
P 2 3 428 0
P 2 3 429 0
P 2 3 430 0
P 2 3 431 0
P 2 3 432 0
P 2 3 433 0
P 2 3 434 0
P 2 3 435 0
P 2 3 436 0
P 2 3 437 0
P 2 3 438 0
P 2 3 439 0
P 2 3 440 0
P 2 3 441 0
P 2 3 442 0
P 2 3 443 0
P 2 3 444 0
P 2 3 445 0
P 2 3 446 0
P 2 3 447 0
P 2 3 448 0
P 2 3 449 0
P 2 3 450 0
P 2 3 451 0
P 2 3 452 0
P 2 3 453 0
P 2 3 454 0
P 2 3 455 1
P 2 3 456 0
P 2 3 457 0
P 2 3 458 1
P 2 3 459 0
P 2 3 460 0
P 2 3 461 0
P 2 3 462 0
P 2 3 463 0
P 2 3 464 0
P 2 3 465 0
P 2 3 466 0
P 2 3 467 0
P 2 3 468 0
P 2 3 469 0
P 2 3 470 0
P 2 3 471 0
P 2 3 472 0
P 2 3 473 0
P 2 3 474 0
P 2 3 475 1
P 2 3 476 0
P 2 3 477 0
P 2 3 478 0
P 2 3 479 0
P 2 3 480 0
P 2 3 481 0
P 2 3 482 0
P 2 3 483 0
P 2 3 484 0
P 2 3 485 0
P 2 3 486 0
P 2 3 487 0
P 2 3 488 0
P 2 3 489 0
P 2 3 490 0
P 2 3 491 0
P 2 3 492 0
P 2 3 493 0
P 2 3 494 0
P 2 3 495 0
P 2 3 496 0
P 2 3 497 0
P 2 3 498 0
P 2 3 499 0
P 2 3 500 0
P 2 3 501 0
P 2 3 502 0
P 2 3 503 1
P 2 3 504 0
P 2 3 505 0
P 2 3 506 0
P 2 3 507 0
P 2 3 508 0
P 2 3 509 0
P 2 3 510 0
P 2 3 511 0
P 2 3 512 0
P 2 3 513 0
P 2 3 514 0
P 2 3 515 0
P 2 3 516 0
P 2 3 517 0
P 2 3 518 0
P 2 3 519 0
P 2 3 520 0
P 2 3 521 0
P 2 3 522 0
P 2 3 523 0
P 2 3 524 0
P 2 3 525 0
P 2 3 526 0
P 2 3 527 0
P 2 3 528 0
P 2 3 529 0
P 2 3 530 0
P 2 3 531 0
P 2 3 532 0
P 2 3 533 0
P 2 3 534 0
P 2 3 535 0
P 2 3 536 0
P 2 3 537 0
P 2 3 538 0
P 2 3 539 0
P 2 3 540 0
P 2 3 541 0
P 2 3 542 0
P 2 3 543 0
P 2 3 544 0
P 2 3 545 0
P 2 3 546 0
P 2 3 547 0
P 2 3 548 0
P 2 3 549 0
P 2 3 550 0
P 2 3 551 0
P 2 3 552 0
P 2 3 553 0
P 2 3 554 0
P 2 3 555 0
P 2 3 556 0
P 2 3 557 0
P 2 3 558 0
P 2 3 559 1
P 2 3 560 0
P 2 3 561 0
P 2 3 562 0
P 2 3 563 0
P 2 3 564 0
P 2 3 565 0
P 2 3 566 0
P 2 3 567 0
P 2 3 568 0
P 2 3 569 0
P 2 3 570 0
P 2 3 571 0
P 2 3 572 0
P 2 3 573 0
P 2 3 574 0
P 2 3 575 0
P 2 3 576 0
P 2 3 577 0
P 2 3 578 0
P 2 3 579 0
P 2 3 580 0
P 2 3 581 0
P 2 3 582 0
P 2 3 583 0
P 2 3 584 0
P 2 3 585 0
P 2 3 586 0
P 2 3 587 0
P 2 3 588 0
P 2 3 589 0
P 2 3 590 0
P 2 3 591 0
P 2 3 592 0
P 2 3 593 0
P 2 3 594 0
P 2 3 595 0
P 2 3 596 0
P 2 3 597 0
P 2 3 598 0
P 2 3 599 0
P 2 3 600 0
P 2 3 601 0
P 2 3 602 0
P 2 3 603 0
P 2 3 604 0
P 2 3 605 0
P 2 3 606 0
P 2 3 607 0
P 2 3 608 0
P 2 3 609 0
P 2 3 610 0
P 2 3 611 0
P 2 3 612 0
P 2 3 613 0
P 2 3 614 0
P 2 3 615 0
P 2 3 616 0
P 2 3 617 0
P 2 3 618 0
P 2 3 619 0
P 2 3 620 0
P 2 3 621 0
P 2 3 622 0
P 2 3 623 0
P 2 3 624 0
P 2 3 625 0
P 2 3 626 0
P 2 3 627 0
P 2 3 628 0
P 2 3 629 0
P 2 3 630 0
P 2 3 631 0
P 2 3 632 0
P 2 3 633 0
P 2 3 634 0
P 2 3 635 0
P 2 3 636 0
P 2 3 637 0
P 2 3 638 0
P 2 3 639 0
P 2 3 640 0
P 2 3 641 0
P 2 3 642 0
P 2 3 643 0
P 2 3 644 0
P 2 3 645 0
P 2 3 646 0
P 2 3 647 0
P 2 3 648 0
P 2 3 649 0
P 2 3 650 0
P 2 3 651 0
P 2 3 652 0
P 2 3 653 0
P 2 3 654 0
P 2 3 655 0
P 2 3 656 0
P 2 3 657 0
P 2 3 658 0
P 2 3 659 0
P 2 3 660 0
P 2 3 661 0
P 2 3 662 0
P 2 3 663 0
P 2 3 664 0
P 2 3 665 0
P 2 3 666 0
P 2 3 667 0
P 2 3 668 0
P 2 3 669 0
P 2 3 670 0
P 2 3 671 0
P 2 3 672 0
P 2 3 673 0
P 2 3 674 0
P 2 3 675 0
P 2 3 676 0
P 2 3 677 0
P 2 3 678 0
P 2 3 679 0
P 2 3 680 0
P 2 3 681 0
P 2 3 682 0
P 2 3 683 0
P 2 3 684 0
P 2 3 685 0
P 2 3 686 0
P 2 3 687 0
P 2 3 688 0
P 2 3 689 0
P 2 3 690 0
P 2 3 691 0
P 2 3 692 0
P 2 3 693 0
P 2 3 694 0
P 2 3 695 0
P 2 3 696 0
P 2 3 697 1
P 2 3 698 0
P 2 3 699 0
P 2 3 700 0
P 2 3 701 0
P 2 3 702 0
P 2 3 703 0
P 2 3 704 0
P 2 3 705 0
P 2 3 706 0
P 2 3 707 0
P 2 3 708 0
P 2 3 709 0
P 2 3 710 0
P 2 3 711 0
P 2 3 712 0
P 2 3 713 0
P 2 3 714 0
P 2 3 715 0
P 2 3 716 0
P 2 3 717 0
P 2 3 718 0
P 2 3 719 0
P 2 3 720 0
P 2 3 721 0
P 2 3 722 0
P 2 3 723 0
P 2 3 724 0
P 2 3 725 0
P 2 3 726 0
P 2 3 727 0
P 2 3 728 0
P 2 3 729 0
P 2 3 730 0
P 2 3 731 0
P 2 3 732 0
P 2 3 733 0
P 2 3 734 0
P 2 3 735 0
P 2 3 736 0
P 2 3 737 0
P 2 3 738 0
P 2 3 739 0
P 2 3 740 0
P 2 3 741 0
P 2 3 742 0
P 2 3 743 0
P 2 3 744 0
P 2 3 745 0
P 2 3 746 0
P 2 3 747 0
P 2 3 748 0
P 2 3 749 0
P 2 3 750 0
P 2 3 751 0
P 2 3 752 0
P 2 3 753 0
P 2 3 754 0
P 2 3 755 0
P 2 3 756 0
P 2 3 757 0
P 2 3 758 0
P 2 3 759 0
P 2 3 760 0
P 2 3 761 0
P 2 3 762 0
P 2 3 763 0
P 2 3 764 0
P 2 3 765 0
P 2 3 766 0
P 2 3 767 0
P 2 3 768 0
P 2 3 769 0
P 2 3 770 0
P 2 3 771 0
P 2 3 772 0
P 2 3 773 0
P 2 3 774 0
P 2 3 775 0
P 2 3 776 0
P 2 3 777 0
P 2 3 778 0
P 2 3 779 0
P 2 3 780 0
P 2 3 781 0
P 2 3 782 0
P 2 3 783 0
P 2 3 784 0
P 2 3 785 0
P 2 3 786 0
P 2 3 787 0
P 2 3 788 0
P 2 3 789 0
P 2 3 790 0
P 2 3 791 0
P 2 3 792 0
P 2 3 793 0
P 2 3 794 0
P 2 3 795 0
P 2 3 796 0
P 2 3 797 0
P 2 3 798 0
P 2 3 799 0
P 2 3 800 0
P 2 3 801 0
P 2 3 802 0
P 2 3 803 0
P 2 3 804 0
P 2 3 805 0
P 2 3 806 0
P 2 3 807 0
P 2 3 808 0
P 2 3 809 0
P 2 3 810 0
P 2 3 811 0
P 2 3 812 0
P 2 3 813 0
P 2 3 814 0
P 2 3 815 0
P 2 3 816 0
P 2 3 817 0
P 2 3 818 0
P 2 3 819 0
P 2 3 820 0
P 2 3 821 0
P 2 3 822 0
P 2 3 823 0
P 2 3 824 0
P 2 3 825 0
P 2 3 826 0
P 2 3 827 0
P 2 3 828 0
P 2 3 829 0
P 2 3 830 0
P 2 3 831 0
P 2 3 832 0
P 2 3 833 0
P 2 3 834 0
P 2 3 835 0
P 2 3 836 0
P 2 3 837 0
P 2 3 838 0
P 2 3 839 0
P 2 3 840 0
P 2 3 841 0
P 2 3 842 0
P 2 3 843 0
P 2 3 844 0
P 2 3 845 0
P 2 3 846 0
P 2 3 847 0
P 2 3 848 0
P 2 3 849 0
P 2 3 850 0
P 2 3 851 0
P 2 3 852 0
P 2 3 853 0
P 2 3 854 0
P 2 3 855 0
P 2 3 856 0
P 2 3 857 0
P 2 3 858 0
P 2 3 859 0
P 2 3 860 0
P 2 3 861 0
P 2 3 862 0
P 2 3 863 0
P 2 3 864 0
P 2 3 865 0
P 2 3 866 0
P 2 3 867 0
P 2 3 868 0
P 2 3 869 0
P 2 3 870 0
P 2 3 871 0
P 2 3 872 0
P 2 3 873 0
P 2 3 874 0
P 2 3 875 0
P 2 3 876 0
P 2 3 877 0
P 2 3 878 0
P 2 3 879 0
P 2 3 880 0
P 2 3 881 0
P 2 3 882 0
P 2 3 883 0
P 2 3 884 0
P 2 3 885 0
P 2 3 886 0
P 2 3 887 0
P 2 3 888 0
P 2 3 889 0
P 2 3 890 0
P 2 3 891 0
P 2 3 892 0
P 2 3 893 0
P 2 3 894 0
P 2 3 895 0
P 2 3 896 0
P 2 3 897 0
P 2 3 898 0
P 2 3 899 0
P 2 3 900 0
P 2 3 901 0
P 2 3 902 0
P 2 3 903 0
P 2 3 904 0
P 2 3 905 0
P 2 3 906 0
P 2 3 907 0
P 2 3 908 0
P 2 3 909 0
P 2 3 910 0
P 2 3 911 0
P 2 3 912 0
P 2 3 913 0
P 2 3 914 0
P 2 3 915 0
P 2 3 916 0
P 2 3 917 0
P 2 3 918 1
P 2 3 919 0
P 2 3 920 0
P 2 3 921 0
P 2 3 922 0
P 2 3 923 0
P 2 3 924 0
P 2 3 925 0
P 2 3 926 0
P 2 3 927 0
P 2 3 928 0
P 2 3 929 0
P 2 3 930 0
P 2 3 931 0
P 2 3 932 0
P 2 3 933 0
P 2 3 934 0
P 2 3 935 0
P 2 3 936 0
P 2 3 937 1
P 2 3 938 0
P 2 3 939 0
P 2 3 940 0
P 2 3 941 0
P 2 3 942 0
P 2 3 943 0
P 2 3 944 0
P 2 3 945 0
P 2 3 946 0
P 2 3 947 0
P 2 3 948 0
P 2 3 949 0
P 2 3 950 0
P 2 3 951 0
P 2 3 952 0
P 2 3 953 0
P 2 3 954 0
P 2 3 955 0
P 2 3 956 0
P 2 3 957 0
P 2 3 958 0
P 2 3 959 0
P 2 3 960 0
P 2 3 961 0
P 2 3 962 0
P 2 3 963 0
P 2 3 964 0
P 2 3 965 0
P 2 3 966 0
P 2 3 967 0
P 2 3 968 0
P 2 3 969 0
P 2 3 970 0
P 2 3 971 0
P 2 3 972 0
P 2 3 973 0
P 2 3 974 0
P 2 3 975 0
P 2 3 976 1
P 2 3 977 0
P 2 3 978 1
P 2 3 979 0
P 2 3 980 0
C 2 4 0 2 1 1 0 1 11 3
C 2 4 1 3 1 2 0 1 11 4
C 2 4 2 3 1 1 2 1 12 5
C 2 4 3 3 3 2 1 0 11 6
C 2 4 4 3 2 2 1 1 11 6
C 2 4 5 3 2 2 0 2 11 6
C 2 4 6 3 2 2 1 1 11 7
C 2 4 7 3 3 2 1 1 12 7
C 2 4 8 3 3 2 1 1 12 7
C 2 4 9 3 3 2 1 1 12 7
C 2 4 10 3 3 2 1 1 11 7
C 2 4 11 3 3 3 0 1 12 7
C 2 4 12 3 3 3 0 1 11 7
C 2 4 13 4 2 2 2 2 12 8
C 2 4 14 4 3 2 0 3 11 8
C 2 4 15 4 3 2 1 2 11 9
C 2 4 16 4 5 2 1 2 11 11
C 2 4 17 4 4 5 0 1 11 13
C 2 4 18 4 4 5 0 1 11 14
C 2 4 19 4 4 4 1 1 11 14
C 2 4 20 4 4 5 0 1 11 14
C 2 4 21 4 5 3 1 1 11 14
C 2 4 22 4 5 3 1 1 11 14
C 2 4 23 4 4 4 1 1 11 15
C 2 4 24 4 5 8 0 1 12 15
C 2 4 25 2 1 0 0 1 10 2
C 2 4 26 2 1 0 0 2 11 3
C 2 4 27 3 1 1 0 2 11 4
C 2 4 28 3 3 0 0 3 10 6
C 2 4 29 4 5 8 0 1 10 15
C 2 4 30 4 2 9 1 0 9 14
C 2 4 31 4 1 8 1 0 8 13
C 2 4 32 3 1 1 1 1 1 4
C 2 4 33 4 1 2 1 1 1 5
C 2 4 34 4 1 1 3 1 0 6
C 2 4 35 4 3 2 2 0 1 7
C 2 4 36 4 2 2 2 1 1 7
C 2 4 37 4 2 2 1 2 1 7
C 2 4 38 4 2 2 2 1 1 8
C 2 4 39 4 3 2 2 1 0 8
C 2 4 40 4 3 2 2 1 0 8
C 2 4 41 4 3 2 2 1 0 8
C 2 4 42 4 3 2 2 1 1 8
C 2 4 43 4 3 3 1 1 0 8
C 2 4 44 4 3 3 1 1 1 8
C 2 4 45 5 2 2 3 2 0 9
C 2 4 46 5 3 2 1 3 1 9
C 2 4 47 5 3 2 2 2 1 10
C 2 4 48 5 5 2 2 2 1 12
C 2 4 49 5 4 5 1 1 1 14
C 2 4 50 5 4 5 1 1 1 15
C 2 4 51 5 4 4 2 1 1 15
C 2 4 52 5 4 5 1 1 1 15
C 2 4 53 5 5 3 2 1 1 15
C 2 4 54 5 5 3 2 1 1 15
C 2 4 55 5 4 4 2 1 1 16
C 2 4 56 5 5 8 1 1 0 16
C 2 4 57 2 0 1 1 1 2 3
C 2 4 58 3 1 0 1 2 1 4
C 2 4 59 4 1 1 1 2 1 5
C 2 4 60 4 3 0 1 3 2 7
C 2 4 61 5 5 8 1 1 2 16
C 2 4 62 5 2 9 2 0 3 15
C 2 4 63 5 1 8 2 0 4 14
C 2 4 64 0 0 0 0 0 7 0
C 2 4 65 4 1 2 0 2 7 8
C 2 4 66 4 3 2 2 2 11 9
C 2 4 67 4 2 3 2 2 12 9
C 2 4 68 4 2 2 2 3 8 9
C 2 4 69 4 5 2 1 1 11 10
C 2 4 70 4 4 3 1 1 11 10
C 2 4 71 4 4 2 1 2 7 10
C 2 4 72 4 2 2 1 2 7 10
C 2 4 73 4 5 4 0 2 7 14
C 2 4 74 3 1 1 0 1 7 3
C 2 4 75 4 4 2 1 3 8 11
C 2 4 76 4 5 2 1 2 11 11
C 2 4 77 4 4 3 1 2 12 11
C 2 4 78 4 4 2 1 3 8 11
C 2 4 79 4 4 3 1 2 12 11
C 2 4 80 4 4 2 1 3 8 11
C 2 4 81 4 3 2 1 2 7 11
C 2 4 82 4 3 3 0 2 8 11
C 2 4 83 4 3 3 0 2 7 11
C 2 4 84 5 3 3 2 3 8 12
C 2 4 85 3 3 1 0 3 11 7
C 2 4 86 4 3 3 0 3 11 12
C 2 4 87 5 3 2 0 4 7 12
C 2 4 88 5 3 2 1 3 7 13
C 2 4 89 5 5 2 1 3 7 15
C 2 4 90 5 4 5 0 2 7 17
C 2 4 91 4 4 4 0 2 7 14
C 2 4 92 5 4 4 1 2 7 18
C 2 4 93 4 4 4 0 2 7 14
C 2 4 94 5 7 3 1 2 11 18
C 2 4 95 5 6 4 1 2 11 18
C 2 4 96 5 6 3 1 3 7 18
C 2 4 97 5 5 3 1 2 7 18
C 2 4 98 5 4 4 1 2 7 19
C 2 4 99 5 5 8 0 2 8 19
C 2 4 100 2 2 0 0 1 8 3
C 2 4 101 3 2 2 0 3 11 7
C 2 4 102 3 2 1 0 4 7 7
C 2 4 103 4 2 3 0 3 11 8
C 2 4 104 4 2 2 0 4 7 8
C 2 4 105 4 4 1 0 4 8 10
C 2 4 106 3 2 4 0 1 10 7
C 2 4 107 5 5 8 0 2 8 19
C 2 4 108 2 1 2 0 0 10 3
C 2 4 109 5 3 9 1 2 7 18
C 2 4 110 5 2 8 1 2 4 17
C 2 4 111 4 3 3 2 2 11 10
C 2 4 112 4 2 4 2 2 12 10
C 2 4 113 4 2 3 2 3 8 10
C 2 4 114 4 4 3 1 2 7 11
C 2 4 115 4 2 3 1 2 7 11
C 2 4 116 4 2 3 0 3 7 11
C 2 4 117 2 3 0 0 0 7 3
C 2 4 118 4 5 3 1 2 11 12
C 2 4 119 3 2 3 0 1 12 6
C 2 4 120 2 2 0 0 0 8 2
C 2 4 121 4 5 3 1 2 11 12
C 2 4 122 3 2 3 0 1 12 6
C 2 4 123 3 3 1 0 2 8 6
C 2 4 124 4 5 3 1 2 11 12
C 2 4 125 3 3 1 0 2 8 7
C 2 4 126 4 4 3 1 1 11 12
C 2 4 127 4 3 4 1 1 11 12
C 2 4 128 4 3 3 1 2 7 12
C 2 4 129 4 4 4 0 1 11 12
C 2 4 130 4 3 5 0 1 12 12
C 2 4 131 4 3 4 0 2 8 12
C 2 4 132 4 3 4 0 2 7 12
C 2 4 133 5 4 4 2 2 11 13
C 2 4 134 5 3 4 2 3 8 13
C 2 4 135 5 3 2 0 4 7 13
C 2 4 136 5 3 3 1 3 7 14
C 2 4 137 5 5 3 1 3 7 16
C 2 4 138 5 4 6 0 2 7 18
C 2 4 139 3 3 2 0 1 11 6
C 2 4 140 4 2 5 0 1 11 12
C 2 4 141 5 4 6 0 2 7 19
C 2 4 142 3 3 2 0 1 11 6
C 2 4 143 5 4 5 1 2 7 19
C 2 4 144 5 4 6 0 2 7 19
C 2 4 145 5 6 4 1 3 7 19
C 2 4 146 5 5 4 1 2 7 19
C 2 4 147 5 4 5 1 2 7 20
C 2 4 148 5 5 10 0 1 12 20
C 2 4 149 5 5 9 0 2 8 20
C 2 4 150 4 2 2 0 2 8 7
C 2 4 151 4 2 2 0 4 7 8
C 2 4 152 4 3 3 0 3 11 9
C 2 4 153 3 2 1 0 2 7 6
C 2 4 154 4 4 2 0 4 8 11
C 2 4 155 5 5 9 0 2 8 20
C 2 4 156 4 3 7 0 1 10 12
C 2 4 157 5 3 10 1 2 7 19
C 2 4 158 5 2 9 1 2 4 18
C 2 4 159 4 5 3 3 1 11 12
C 2 4 160 4 4 4 3 1 12 12
C 2 4 161 4 4 3 3 2 8 12
C 2 4 162 4 3 3 2 2 12 12
C 2 4 163 4 3 2 2 3 8 12
C 2 4 164 4 4 3 2 3 11 12
C 2 4 165 4 3 4 2 3 12 12
C 2 4 166 4 3 3 2 4 8 12
C 2 4 167 4 4 3 3 2 11 13
C 2 4 168 4 3 4 3 2 12 13
C 2 4 169 4 3 3 3 3 8 13
C 2 4 170 4 5 3 3 2 12 13
C 2 4 171 4 4 4 3 2 12 13
C 2 4 172 4 4 3 3 3 7 13
C 2 4 173 4 5 3 3 2 12 13
C 2 4 174 4 4 4 3 2 12 13
C 2 4 175 4 4 3 3 3 7 13
C 2 4 176 4 5 3 3 2 12 13
C 2 4 177 4 4 4 3 2 12 13
C 2 4 178 4 4 3 3 3 7 13
C 2 4 179 4 5 3 3 2 11 13
C 2 4 180 4 4 4 3 2 12 13
C 2 4 181 4 4 3 3 3 8 13
C 2 4 182 4 5 4 2 2 12 13
C 2 4 183 4 4 5 2 2 12 13
C 2 4 184 4 4 4 2 3 7 13
C 2 4 185 4 5 4 2 2 11 13
C 2 4 186 4 4 5 2 2 12 13
C 2 4 187 4 4 4 2 3 8 13
C 2 4 188 5 2 2 2 3 7 14
C 2 4 189 4 4 2 1 4 11 11
C 2 4 190 5 4 4 2 4 12 14
C 2 4 191 5 4 3 2 5 8 14
C 2 4 192 5 4 3 2 3 8 15
C 2 4 193 5 7 3 3 3 11 17
C 2 4 194 5 6 4 3 3 12 17
C 2 4 195 5 6 3 3 4 8 17
C 2 4 196 5 6 6 2 2 11 19
C 2 4 197 5 5 7 2 2 12 19
C 2 4 198 5 5 6 2 3 8 19
C 2 4 199 5 6 6 2 2 11 20
C 2 4 200 5 5 7 2 2 12 20
C 2 4 201 5 5 6 2 3 8 20
C 2 4 202 4 5 3 2 2 11 12
C 2 4 203 5 5 6 3 2 12 20
C 2 4 204 5 5 5 3 3 8 20
C 2 4 205 5 6 6 2 2 11 20
C 2 4 206 5 5 7 2 2 12 20
C 2 4 207 5 5 6 2 3 8 20
C 2 4 208 5 6 5 3 2 12 20
C 2 4 209 5 6 4 3 3 8 20
C 2 4 210 5 7 4 3 2 11 20
C 2 4 211 5 6 5 3 2 12 20
C 2 4 212 5 6 4 3 3 8 20
C 2 4 213 5 5 6 3 2 12 21
C 2 4 214 5 5 5 3 3 8 21
C 2 4 215 5 6 10 2 2 12 21
C 2 4 216 5 6 9 2 3 7 21
C 2 4 217 4 3 1 2 2 10 8
C 2 4 218 4 2 1 2 3 9 8
C 2 4 219 3 2 0 1 3 12 6
C 2 4 220 4 2 2 2 3 11 9
C 2 4 221 4 2 1 2 4 6 9
C 2 4 222 4 3 2 2 3 12 10
C 2 4 223 4 2 3 2 3 11 10
C 2 4 224 4 2 2 2 4 6 10
C 2 4 225 4 4 0 1 4 10 9
C 2 4 226 4 4 2 2 4 12 12
C 2 4 227 4 4 1 2 5 9 12
C 2 4 228 5 7 9 2 2 10 21
C 2 4 229 5 6 10 2 2 12 21
C 2 4 230 5 6 9 2 3 9 21
C 2 4 231 4 3 7 2 1 11 13
C 2 4 232 5 3 10 2 1 10 20
C 2 4 233 5 3 9 2 2 6 20
C 2 4 234 5 2 8 2 2 3 19
C 2 4 235 4 6 3 2 1 11 13
C 2 4 236 4 5 3 2 2 7 13
C 2 4 237 4 6 3 1 2 11 14
C 2 4 238 4 5 4 1 2 11 13
C 2 4 239 4 5 3 1 3 7 13
C 2 4 240 4 4 3 1 2 7 14
C 2 4 241 4 5 4 1 1 12 14
C 2 4 242 4 5 3 1 2 8 14
C 2 4 243 4 5 4 1 1 12 14
C 2 4 244 4 5 3 1 2 8 14
C 2 4 245 4 5 4 1 1 12 14
C 2 4 246 4 5 3 1 2 8 14
C 2 4 247 4 6 3 1 1 11 14
C 2 4 248 4 5 4 1 1 11 14
C 2 4 249 4 5 3 1 2 7 14
C 2 4 250 4 6 4 1 1 11 14
C 2 4 251 4 5 5 1 1 12 14
C 2 4 252 4 5 4 1 2 8 14
C 2 4 253 4 7 4 1 1 11 14
C 2 4 254 4 6 4 1 2 7 14
C 2 4 255 5 6 4 3 2 11 15
C 2 4 256 5 5 4 3 3 8 15
C 2 4 257 4 5 2 1 2 11 10
C 2 4 258 4 6 4 1 1 11 13
C 2 4 259 5 6 3 1 4 7 15
C 2 4 260 4 5 3 2 2 11 13
C 2 4 261 5 6 3 2 3 7 16
C 2 4 262 5 7 4 1 2 11 18
C 2 4 263 5 7 3 1 3 7 18
C 2 4 264 4 5 3 1 1 11 13
C 2 4 265 5 5 6 1 2 7 20
C 2 4 266 4 7 3 1 1 11 13
C 2 4 267 5 7 7 1 1 11 21
C 2 4 268 5 7 6 1 2 7 21
C 2 4 269 5 5 5 1 2 7 21
C 2 4 270 4 5 5 1 1 11 14
C 2 4 271 5 5 6 1 2 7 21
C 2 4 272 5 5 3 1 2 7 21
C 2 4 273 5 5 3 1 2 7 21
C 2 4 274 5 5 5 1 2 7 22
C 2 4 275 5 7 10 1 1 12 22
C 2 4 276 5 7 9 1 2 8 22
C 2 4 277 4 4 2 1 2 8 9
C 2 4 278 4 4 3 1 2 11 10
C 2 4 279 4 4 2 1 3 7 10
C 2 4 280 4 5 3 1 2 11 11
C 2 4 281 4 4 3 1 3 7 11
C 2 4 282 4 6 2 1 4 8 13
C 2 4 283 5 9 9 1 1 10 22
C 2 4 284 5 8 9 1 2 8 22
C 2 4 285 4 5 7 1 0 10 14
C 2 4 286 5 5 10 2 1 7 21
C 2 4 287 5 4 9 2 1 4 20
C 2 4 288 4 3 3 1 3 7 13
C 2 4 289 4 3 3 2 2 7 14
C 2 4 290 4 5 3 2 3 8 14
C 2 4 291 4 6 3 2 2 11 14
C 2 4 292 4 5 3 2 3 8 14
C 2 4 293 4 6 3 2 2 11 14
C 2 4 294 4 5 3 2 3 8 14
C 2 4 295 4 4 3 2 2 7 14
C 2 4 296 4 4 4 1 2 8 14
C 2 4 297 4 4 4 1 2 7 14
C 2 4 298 5 5 3 2 2 11 15
C 2 4 299 5 4 3 2 3 8 15
C 2 4 300 5 4 4 1 3 11 15
C 2 4 301 5 4 3 1 4 7 15
C 2 4 302 5 4 3 2 3 7 16
C 2 4 303 5 6 3 2 3 7 18
C 2 4 304 5 5 6 1 2 7 20
C 2 4 305 5 5 6 1 2 7 21
C 2 4 306 5 5 5 2 2 7 21
C 2 4 307 5 5 6 1 2 7 21
C 2 4 308 5 8 4 2 2 11 21
C 2 4 309 5 7 4 2 3 7 21
C 2 4 310 5 6 4 2 2 7 21
C 2 4 311 5 5 5 2 2 7 22
C 2 4 312 5 6 9 1 2 8 22
C 2 4 313 4 3 1 0 3 10 7
C 2 4 314 4 3 2 1 2 8 9
C 2 4 315 4 3 3 1 3 11 10
C 2 4 316 4 3 2 1 4 7 10
C 2 4 317 4 3 3 1 4 7 11
C 2 4 318 4 5 2 1 4 8 13
C 2 4 319 4 4 7 1 1 10 14
C 2 4 320 5 6 10 1 1 11 22
C 2 4 321 5 6 9 1 2 8 22
C 2 4 322 5 4 10 1 1 10 21
C 2 4 323 5 4 9 1 2 7 21
C 2 4 324 5 3 8 1 2 4 20
C 2 4 325 4 4 3 1 2 11 15
C 2 4 326 4 3 4 1 2 11 14
C 2 4 327 4 3 3 1 3 7 14
C 2 4 328 4 6 3 1 3 11 14
C 2 4 329 4 5 4 1 3 12 14
C 2 4 330 4 5 3 1 4 8 14
C 2 4 331 4 6 3 1 3 11 14
C 2 4 332 4 5 4 1 2 12 15
C 2 4 333 4 5 3 1 4 8 14
C 2 4 334 4 6 3 1 3 11 14
C 2 4 335 4 5 3 1 4 8 14
C 2 4 336 4 5 3 1 2 11 15
C 2 4 337 4 4 4 1 2 11 14
C 2 4 338 4 4 3 1 3 7 14
C 2 4 339 4 5 4 0 2 11 14
C 2 4 340 4 4 6 0 1 12 14
C 2 4 341 4 4 4 0 3 8 14
C 2 4 342 2 3 0 0 0 7 3
C 2 4 343 5 5 4 2 3 11 15
C 2 4 344 5 4 4 2 4 8 15
C 2 4 345 5 5 3 0 4 11 15
C 2 4 346 4 3 2 0 5 7 11
C 2 4 347 5 4 3 1 4 7 16
C 2 4 348 5 6 3 1 4 7 18
C 2 4 349 5 6 6 0 2 11 20
C 2 4 350 4 5 5 0 1 11 14
C 2 4 351 5 5 6 0 3 7 20
C 2 4 352 4 4 6 0 1 11 15
C 2 4 353 4 4 5 0 2 7 15
C 2 4 354 4 5 3 0 2 11 14
C 2 4 355 5 5 6 1 2 11 21
C 2 4 356 5 5 5 1 3 7 21
C 2 4 357 5 5 7 0 2 11 21
C 2 4 358 5 5 6 0 3 7 21
C 2 4 359 5 8 4 1 2 11 21
C 2 4 360 5 7 4 1 3 7 21
C 2 4 361 5 7 4 1 2 11 21
C 2 4 362 5 6 4 1 3 7 21
C 2 4 363 5 5 6 1 2 11 22
C 2 4 364 5 5 5 1 3 7 22
C 2 4 365 5 6 10 0 2 12 22
C 2 4 366 5 6 9 0 3 8 22
C 2 4 367 3 4 1 0 1 8 6
C 2 4 368 4 3 2 0 5 7 10
C 2 4 369 4 4 3 0 4 11 11
C 2 4 370 4 3 3 0 5 7 11
C 2 4 371 4 5 2 0 5 8 13
C 2 4 372 5 7 9 0 2 10 22
C 2 4 373 5 6 9 0 3 8 22
C 2 4 374 5 4 10 1 3 7 21
C 2 4 375 5 3 9 1 3 4 20
C 2 4 376 4 4 3 1 3 8 15
C 2 4 377 4 5 3 1 2 11 15
C 2 4 378 2 2 0 0 1 8 3
C 2 4 379 4 5 3 1 2 11 15
C 2 4 380 4 4 3 1 3 8 15
C 2 4 381 4 4 3 1 2 7 15
C 2 4 382 4 5 4 1 1 11 15
C 2 4 383 4 4 4 1 2 8 15
C 2 4 384 4 4 4 1 2 7 15
C 2 4 385 5 5 4 3 2 11 16
C 2 4 386 5 4 4 3 3 8 16
C 2 4 387 4 4 2 1 3 11 11
C 2 4 388 5 4 3 1 4 7 16
C 2 4 389 5 4 3 2 3 7 17
C 2 4 390 5 5 3 1 3 7 19
C 2 4 391 5 5 6 1 2 7 21
C 2 4 392 5 5 7 1 1 11 22
C 2 4 393 5 5 6 1 2 7 22
C 2 4 394 5 5 5 1 2 7 22
C 2 4 395 5 5 6 1 2 7 22
C 2 4 396 4 5 3 1 2 11 14
C 2 4 397 5 6 4 1 3 7 22
C 2 4 398 5 5 3 1 2 7 22
C 2 4 399 5 4 4 1 2 7 23
C 2 4 400 5 6 9 1 2 8 23
C 2 4 401 2 1 0 0 1 8 2
C 2 4 402 4 3 2 1 4 7 11
C 2 4 403 4 4 3 1 3 11 12
C 2 4 404 4 3 3 1 4 7 12
C 2 4 405 4 5 2 1 4 8 14
C 2 4 406 5 7 9 1 1 10 23
C 2 4 407 5 6 9 1 2 8 23
C 2 4 408 4 4 7 1 1 10 15
C 2 4 409 5 4 10 2 2 7 22
C 2 4 410 5 3 9 2 2 4 21
C 2 4 411 4 6 3 1 2 12 15
C 2 4 412 4 5 3 1 3 7 15
C 2 4 413 4 6 3 1 2 12 15
C 2 4 414 4 5 3 1 3 7 15
C 2 4 415 4 6 4 1 2 12 15
C 2 4 416 4 6 3 1 3 8 15
C 2 4 417 4 7 4 1 2 12 15
C 2 4 418 4 6 5 1 2 12 15
C 2 4 419 4 6 4 1 3 7 15
C 2 4 420 4 6 4 1 2 11 15
C 2 4 421 4 5 4 1 3 8 15
C 2 4 422 5 6 4 3 3 12 16
C 2 4 423 5 5 4 3 4 7 16
C 2 4 424 5 7 3 1 4 11 16
C 2 4 425 4 6 4 1 2 12 14
C 2 4 426 5 6 3 1 5 8 16
C 2 4 427 5 6 3 2 4 8 17
C 2 4 428 5 7 3 1 4 8 19
C 2 4 429 5 8 6 1 2 11 21
C 2 4 430 5 7 6 1 3 8 21
C 2 4 431 4 7 3 1 2 11 14
C 2 4 432 4 6 4 1 2 12 14
C 2 4 433 5 7 6 1 3 8 22
C 2 4 434 5 7 6 1 2 12 22
C 2 4 435 5 7 5 1 3 8 22
C 2 4 436 4 6 4 1 2 12 14
C 2 4 437 5 7 6 1 3 8 22
C 2 4 438 5 7 4 1 3 8 22
C 2 4 439 5 7 4 1 3 8 22
C 2 4 440 5 6 5 1 3 8 23
C 2 4 441 5 8 10 1 2 12 23
C 2 4 442 5 8 9 1 3 7 23
C 2 4 443 4 4 2 1 3 9 10
C 2 4 444 4 5 2 1 3 12 11
C 2 4 445 4 4 3 1 3 11 11
C 2 4 446 4 4 2 1 4 6 11
C 2 4 447 4 5 3 1 3 12 12
C 2 4 448 4 4 4 1 3 11 12
C 2 4 449 4 4 3 1 4 6 12
C 2 4 450 4 6 2 1 5 9 14
C 2 4 451 5 8 9 1 2 10 23
C 2 4 452 5 7 9 1 3 9 23
C 2 4 453 4 5 7 1 1 11 15
C 2 4 454 5 5 10 2 2 6 22
C 2 4 455 5 4 9 2 2 3 21
C 2 4 456 4 5 3 1 2 12 15
C 2 4 457 4 4 4 1 2 12 15
C 2 4 458 4 4 3 1 3 7 15
C 2 4 459 4 7 3 1 2 11 14
C 2 4 460 4 6 4 1 2 12 15
C 2 4 461 4 6 3 1 3 8 15
C 2 4 462 4 7 4 1 2 12 15
C 2 4 463 4 6 5 1 2 12 15
C 2 4 464 4 6 4 1 3 7 15
C 2 4 465 4 7 4 1 2 11 15
C 2 4 466 4 6 4 1 3 8 15
C 2 4 467 5 6 4 3 3 12 16
C 2 4 468 5 5 4 3 4 7 16
C 2 4 469 5 7 3 1 4 11 16
C 2 4 470 5 6 3 1 5 8 16
C 2 4 471 5 7 3 2 3 11 17
C 2 4 472 4 5 3 2 3 12 14
C 2 4 473 5 6 3 2 4 8 17
C 2 4 474 5 6 4 1 3 12 19
C 2 4 475 5 6 3 1 4 8 19
C 2 4 476 5 8 6 1 2 11 21
C 2 4 477 5 7 6 1 3 8 21
C 2 4 478 5 8 6 1 2 11 22
C 2 4 479 5 7 6 1 3 8 22
C 2 4 480 5 7 6 1 2 12 22
C 2 4 481 5 7 5 1 3 8 22
C 2 4 482 5 8 6 1 2 11 22
C 2 4 483 5 7 6 1 3 8 22
C 2 4 484 5 7 5 1 2 12 22
C 2 4 485 5 7 4 1 3 8 22
C 2 4 486 5 7 4 1 3 8 22
C 2 4 487 5 6 5 1 3 8 23
C 2 4 488 5 8 10 1 2 12 23
C 2 4 489 5 8 9 1 3 7 23
C 2 4 490 4 4 2 1 3 9 10
C 2 4 491 4 5 2 1 3 12 11
C 2 4 492 4 4 3 1 3 11 11
C 2 4 493 4 4 2 1 4 6 11
C 2 4 494 4 5 3 1 3 12 12
C 2 4 495 4 4 4 1 3 11 12
C 2 4 496 4 4 3 1 4 6 12
C 2 4 497 4 6 2 1 5 9 14
C 2 4 498 5 9 9 1 2 10 23
C 2 4 499 5 8 9 1 3 9 23
C 2 4 500 5 6 10 2 1 11 22
C 2 4 501 3 1 6 0 0 10 7
C 2 4 502 5 5 10 2 2 6 22
C 2 4 503 4 4 6 2 1 12 14
C 2 4 504 5 4 10 2 1 8 21
C 2 4 505 5 4 9 2 2 3 21
C 2 4 506 4 7 3 1 2 11 15
C 2 4 507 4 6 4 1 2 12 15
C 2 4 508 4 6 3 1 3 8 15
C 2 4 509 4 6 4 1 2 12 15
C 2 4 510 4 5 5 1 2 12 15
C 2 4 511 4 5 4 1 3 7 15
C 2 4 512 4 6 4 1 2 11 15
C 2 4 513 4 5 4 1 3 8 15
C 2 4 514 5 6 4 3 3 12 16
C 2 4 515 5 5 4 3 4 7 16
C 2 4 516 5 7 3 1 4 11 16
C 2 4 517 4 6 4 1 2 12 14
C 2 4 518 5 6 3 1 5 8 16
C 2 4 519 5 7 3 2 3 11 17
C 2 4 520 4 5 3 2 3 12 14
C 2 4 521 5 6 3 2 4 8 17
C 2 4 522 5 5 2 1 3 8 19
C 2 4 523 5 8 6 1 2 11 21
C 2 4 524 5 7 6 1 3 8 21
C 2 4 525 5 8 6 1 2 11 22
C 2 4 526 5 7 6 1 3 8 22
C 2 4 527 4 7 3 1 2 11 14
C 2 4 528 5 7 6 1 2 12 22
C 2 4 529 5 7 5 1 3 8 22
C 2 4 530 5 8 6 1 2 11 22
C 2 4 531 4 6 4 1 2 12 14
C 2 4 532 5 7 6 1 3 8 22
C 2 4 533 5 7 4 1 3 8 22
C 2 4 534 5 7 5 1 2 12 22
C 2 4 535 5 7 4 1 3 8 22
C 2 4 536 5 6 5 1 3 8 23
C 2 4 537 5 7 10 1 2 12 23
C 2 4 538 5 7 9 1 3 7 23
C 2 4 539 4 4 2 1 3 9 10
C 2 4 540 4 5 2 1 3 12 11
C 2 4 541 4 4 3 1 3 11 11
C 2 4 542 4 4 2 1 4 6 11
C 2 4 543 4 5 3 1 3 12 12
C 2 4 544 4 4 3 1 4 6 12
C 2 4 545 4 6 2 1 5 9 14
C 2 4 546 5 8 9 1 2 10 23
C 2 4 547 5 7 9 1 3 9 23
C 2 4 548 5 6 10 2 1 11 22
C 2 4 549 5 5 10 2 2 6 22
C 2 4 550 4 4 6 2 1 12 14
C 2 4 551 5 4 9 2 2 3 21
C 2 4 552 4 4 4 1 2 8 15
C 2 4 553 4 5 5 1 1 11 15
C 2 4 554 4 5 4 1 2 7 15
C 2 4 555 5 6 4 3 2 11 16
C 2 4 556 5 5 4 3 3 8 16
C 2 4 557 4 5 2 1 3 11 11
C 2 4 558 5 5 4 1 3 11 16
C 2 4 559 5 5 3 1 4 7 16
C 2 4 560 5 5 3 2 3 7 17
C 2 4 561 5 7 3 1 3 7 19
C 2 4 562 4 4 5 1 1 11 14
C 2 4 563 5 6 7 1 1 11 22
C 2 4 564 5 6 6 1 2 7 22
C 2 4 565 5 5 7 1 1 11 22
C 2 4 566 5 5 6 1 2 7 22
C 2 4 567 5 8 4 1 2 11 22
C 2 4 568 5 7 5 1 2 11 22
C 2 4 569 5 7 4 1 3 7 22
C 2 4 570 4 5 7 1 1 11 15
C 2 4 571 5 6 9 1 2 8 23
C 2 4 572 4 4 2 1 2 8 10
C 2 4 573 4 4 3 1 3 11 11
C 2 4 574 4 4 2 1 4 7 11
C 2 4 575 4 5 3 1 3 11 12
C 2 4 576 4 4 4 1 3 11 12
C 2 4 577 4 4 3 1 4 7 12
C 2 4 578 4 6 2 1 4 8 14
C 2 4 579 5 8 9 1 1 10 23
C 2 4 580 5 7 9 1 2 8 23
C 2 4 581 4 5 7 1 1 10 15
C 2 4 582 5 5 11 2 1 10 22
C 2 4 583 5 5 10 2 2 7 22
C 2 4 584 5 4 9 2 2 4 21
C 2 4 585 4 5 5 0 1 11 15
C 2 4 586 4 4 5 0 2 8 15
C 2 4 587 5 6 5 2 2 12 16
C 2 4 588 5 5 5 2 3 7 16
C 2 4 589 5 6 4 0 3 11 16
C 2 4 590 5 5 4 0 4 8 16
C 2 4 591 5 5 4 1 3 8 17
C 2 4 592 5 6 4 1 3 8 19
C 2 4 593 4 5 4 0 1 11 13
C 2 4 594 5 5 7 0 2 8 21
C 2 4 595 5 7 7 0 1 11 22
C 2 4 596 4 4 6 0 1 12 15
C 2 4 597 5 6 7 0 2 8 22
C 2 4 598 5 5 6 1 2 8 22
C 2 4 599 5 6 7 0 1 11 22
C 2 4 600 5 5 7 0 2 8 22
C 2 4 601 5 8 5 1 2 11 22
C 2 4 602 5 7 5 1 3 8 22
C 2 4 603 5 7 5 1 1 11 22
C 2 4 604 5 6 5 1 2 8 22
C 2 4 605 5 6 6 1 1 11 23
C 2 4 606 5 5 6 1 2 8 23
C 2 4 607 5 5 8 0 2 7 23
C 2 4 608 4 4 3 0 2 9 10
C 2 4 609 4 5 3 0 3 12 11
C 2 4 610 4 4 4 0 3 11 11
C 2 4 611 4 4 3 0 4 6 11
C 2 4 612 4 5 4 0 3 12 12
C 2 4 613 4 4 5 0 3 11 12
C 2 4 614 4 4 4 0 4 6 12
C 2 4 615 4 6 3 0 4 9 14
C 2 4 616 5 7 10 0 1 10 23
C 2 4 617 5 6 10 0 2 9 23
C 2 4 618 5 6 11 1 1 11 22
C 2 4 619 4 4 8 1 1 10 15
C 2 4 620 5 5 11 1 2 6 22
C 2 4 621 4 4 7 1 1 12 14
C 2 4 622 5 4 10 1 2 3 21
C 2 4 623 5 6 5 2 2 11 16
C 2 4 624 5 5 5 2 3 8 16
C 2 4 625 4 5 3 0 3 11 11
C 2 4 626 5 5 4 0 4 7 16
C 2 4 627 5 5 4 1 3 7 17
C 2 4 628 5 6 4 1 3 7 19
C 2 4 629 5 7 7 0 1 11 21
C 2 4 630 5 6 7 0 2 7 21
C 2 4 631 5 6 7 0 2 7 22
C 2 4 632 4 6 4 0 1 11 14
C 2 4 633 5 6 6 1 2 7 22
C 2 4 634 5 6 8 0 1 11 22
C 2 4 635 5 6 7 0 2 7 22
C 2 4 636 5 8 5 1 3 7 22
C 2 4 637 5 7 5 1 2 7 22
C 2 4 638 5 6 6 1 2 7 23
C 2 4 639 5 6 10 0 2 8 23
C 2 4 640 4 4 3 0 2 8 10
C 2 4 641 4 4 3 0 4 7 11
C 2 4 642 4 5 4 0 3 11 12
C 2 4 643 4 4 4 0 4 7 12
C 2 4 644 4 6 3 0 4 8 14
C 2 4 645 3 0 5 0 1 8 7
C 2 4 646 5 5 11 1 2 7 22
C 2 4 647 5 4 10 1 2 4 21
C 2 4 648 5 6 4 2 4 11 17
C 2 4 649 5 5 5 2 4 12 17
C 2 4 650 5 5 4 2 5 8 17
C 2 4 651 5 4 4 2 3 8 18
C 2 4 652 5 7 4 3 4 8 20
C 2 4 653 5 7 7 2 2 11 22
C 2 4 654 5 6 7 2 3 8 22
C 2 4 655 5 7 7 2 2 11 23
C 2 4 656 5 6 7 2 3 8 23
C 2 4 657 5 7 6 3 2 11 23
C 2 4 658 5 6 6 3 3 8 23
C 2 4 659 5 7 7 2 2 11 23
C 2 4 660 5 6 7 2 3 8 23
C 2 4 661 5 7 5 3 4 8 23
C 2 4 662 5 8 5 3 2 11 23
C 2 4 663 5 7 5 3 3 8 23
C 2 4 664 5 6 6 3 3 8 24
C 2 4 665 5 7 10 2 3 7 24
C 2 4 666 5 2 2 2 3 9 11
C 2 4 667 5 4 2 2 4 12 12
C 2 4 668 4 3 4 2 4 11 13
C 2 4 669 5 3 2 2 5 6 12
C 2 4 670 5 4 3 2 4 12 13
C 2 4 671 5 3 4 2 4 11 13
C 2 4 672 5 3 3 2 5 6 13
C 2 4 673 5 4 2 2 5 9 15
C 2 4 674 5 8 10 2 2 10 24
C 2 4 675 5 7 10 2 3 9 24
C 2 4 676 5 5 10 2 2 11 23
C 2 4 677 5 4 11 2 2 10 23
C 2 4 678 5 4 10 2 3 6 23
C 2 4 679 5 3 9 2 3 3 22
C 2 4 680 5 6 3 1 4 11 18
C 2 4 681 5 5 3 1 5 7 18
C 2 4 682 5 8 3 1 4 11 20
C 2 4 683 5 7 3 1 5 7 20
C 2 4 684 5 7 6 0 3 11 22
C 2 4 685 5 6 6 0 4 7 22
C 2 4 686 4 4 2 0 3 11 10
C 2 4 687 5 5 6 0 4 7 23
C 2 4 688 4 5 2 0 3 11 10
C 2 4 689 5 6 6 1 3 11 23
C 2 4 690 5 6 5 1 4 7 23
C 2 4 691 5 6 6 0 4 7 23
C 2 4 692 5 9 4 1 4 11 23
C 2 4 693 5 8 4 1 5 7 23
C 2 4 694 5 8 4 1 3 11 23
C 2 4 695 5 7 4 1 4 7 23
C 2 4 696 5 6 5 1 4 7 24
C 2 4 697 5 7 9 0 4 8 24
C 2 4 698 5 4 2 0 4 8 11
C 2 4 699 5 3 2 0 4 7 12
C 2 4 700 5 3 3 0 4 7 13
C 2 4 701 5 5 2 0 4 8 15
C 2 4 702 5 8 9 0 3 10 24
C 2 4 703 5 7 10 0 3 11 24
C 2 4 704 5 7 9 0 4 8 24
C 2 4 705 5 6 10 1 3 10 23
C 2 4 706 5 5 10 1 4 7 23
C 2 4 707 5 4 9 1 4 4 22
C 2 4 708 5 7 4 2 3 11 21
C 2 4 709 5 7 3 2 4 7 21
C 2 4 710 5 6 6 1 3 7 23
C 2 4 711 5 6 6 1 3 7 24
C 2 4 712 5 6 5 2 3 7 24
C 2 4 713 5 6 6 1 3 7 24
C 2 4 714 5 8 5 2 3 11 24
C 2 4 715 5 8 4 2 4 7 24
C 2 4 716 5 7 5 2 2 11 24
C 2 4 717 5 7 4 2 3 7 24
C 2 4 718 5 6 5 2 3 7 25
C 2 4 719 5 7 9 1 3 8 25
C 2 4 720 5 3 2 1 3 8 12
C 2 4 721 5 4 2 1 5 7 13
C 2 4 722 5 4 3 1 5 7 14
C 2 4 723 5 5 2 1 5 8 16
C 2 4 724 5 8 9 1 2 10 25
C 2 4 725 5 7 9 1 3 8 25
C 2 4 726 5 5 10 2 3 7 24
C 2 4 727 5 4 9 2 3 4 23
C 2 4 728 5 8 6 1 3 7 25
C 2 4 729 5 8 6 1 3 7 26
C 2 4 730 5 8 5 1 3 7 26
C 2 4 731 5 8 6 1 3 7 26
C 2 4 732 5 9 5 1 3 11 26
C 2 4 733 5 9 4 1 4 7 26
C 2 4 734 5 8 5 1 2 11 26
C 2 4 735 5 8 4 1 3 7 26
C 2 4 736 5 7 5 1 3 7 27
C 2 4 737 5 8 9 1 3 8 27
C 2 4 738 5 6 2 1 3 8 14
C 2 4 739 5 6 2 1 5 7 15
C 2 4 740 5 6 3 1 5 7 16
C 2 4 741 5 8 2 1 5 8 18
C 2 4 742 5 9 9 1 2 10 27
C 2 4 743 5 8 9 1 3 8 27
C 2 4 744 5 7 10 2 3 7 26
C 2 4 745 5 6 9 2 3 4 25
C 2 4 746 5 7 10 0 1 11 28
C 2 4 747 5 7 9 0 2 7 28
C 2 4 748 5 5 7 1 2 7 28
C 2 4 749 5 5 8 0 2 7 28
C 2 4 750 5 8 7 1 2 11 28
C 2 4 751 5 7 7 1 3 7 28
C 2 4 752 5 6 7 1 2 7 28
C 2 4 753 5 7 11 0 2 8 29
C 2 4 754 5 5 5 0 2 8 16
C 2 4 755 5 5 5 0 4 7 17
C 2 4 756 5 6 6 0 3 11 18
C 2 4 757 5 5 6 0 4 7 18
C 2 4 758 5 7 5 0 4 8 20
C 2 4 759 5 9 12 0 1 10 29
C 2 4 760 5 8 12 0 2 8 29
C 2 4 761 5 7 13 1 1 10 28
C 2 4 762 5 6 13 1 2 7 28
C 2 4 763 5 5 12 1 2 4 27
C 2 4 764 4 6 3 0 1 11 13
C 2 4 765 5 7 9 1 1 11 29
C 2 4 766 5 7 8 1 2 7 29
C 2 4 767 5 7 7 0 1 11 29
C 2 4 768 5 6 8 0 1 11 29
C 2 4 769 4 5 3 0 2 7 13
C 2 4 770 5 9 7 1 3 7 29
C 2 4 771 5 8 7 1 2 7 29
C 2 4 772 5 7 9 1 1 11 30
C 2 4 773 5 7 8 1 2 7 30
C 2 4 774 5 8 12 0 1 12 30
C 2 4 775 5 8 11 0 2 8 30
C 2 4 776 5 5 5 0 2 8 17
C 2 4 777 4 3 4 0 3 11 11
C 2 4 778 5 4 5 0 4 7 18
C 2 4 779 4 4 3 0 3 11 11
C 2 4 780 4 3 5 0 3 11 12
C 2 4 781 5 4 6 0 4 7 19
C 2 4 782 5 6 5 0 4 8 21
C 2 4 783 4 5 7 0 1 10 14
C 2 4 784 5 8 11 0 2 8 30
C 2 4 785 5 7 12 1 1 10 29
C 2 4 786 5 6 12 1 2 7 29
C 2 4 787 5 6 11 1 1 11 28
C 2 4 788 5 5 11 1 2 4 28
C 2 4 789 5 5 7 1 2 7 29
C 2 4 790 5 7 6 1 3 7 29
C 2 4 791 4 4 3 1 2 7 14
C 2 4 792 5 8 11 1 1 11 30
C 2 4 793 5 7 11 1 2 8 30
C 2 4 794 5 5 4 1 2 8 17
C 2 4 795 4 5 4 1 3 11 14
C 2 4 796 5 5 4 1 4 7 18
C 2 4 797 4 5 3 0 3 11 11
C 2 4 798 5 5 5 1 4 7 19
C 2 4 799 5 7 4 1 4 8 21
C 2 4 800 5 9 11 1 1 10 30
C 2 4 801 5 8 11 1 2 8 30
C 2 4 802 5 7 12 2 1 10 29
C 2 4 803 5 6 12 2 2 7 29
C 2 4 804 5 5 11 2 2 4 28
C 2 4 805 5 7 7 1 3 7 29
C 2 4 806 5 6 7 1 2 7 29
C 2 4 807 5 6 9 1 1 11 30
C 2 4 808 5 6 8 1 2 7 30
C 2 4 809 5 7 11 0 2 8 30
C 2 4 810 5 5 5 0 2 8 17
C 2 4 811 4 5 5 0 3 11 14
C 2 4 812 5 5 5 0 4 7 18
C 2 4 813 5 5 6 0 4 7 19
C 2 4 814 5 7 5 0 4 8 21
C 2 4 815 5 8 11 0 2 8 30
C 2 4 816 5 7 12 1 1 10 29
C 2 4 817 5 6 12 1 2 7 29
C 2 4 818 5 6 11 1 1 11 28
C 2 4 819 5 5 11 1 2 4 28
C 2 4 820 5 7 5 1 2 11 29
C 2 4 821 5 7 4 1 3 7 29
C 2 4 822 5 7 6 1 3 7 30
C 2 4 823 5 9 10 1 3 8 30
C 2 4 824 5 6 3 1 3 8 17
C 2 4 825 5 6 3 1 4 7 18
C 2 4 826 5 7 4 1 3 11 19
C 2 4 827 5 6 4 1 4 7 19
C 2 4 828 5 8 3 1 5 8 21
C 2 4 829 5 11 10 1 2 10 30
C 2 4 830 5 10 10 1 3 8 30
C 2 4 831 5 8 11 2 1 10 29
C 2 4 832 5 7 11 2 2 7 29
C 2 4 833 5 6 10 2 2 4 28
C 2 4 834 5 6 5 1 2 7 30
C 2 4 835 5 8 10 1 2 8 30
C 2 4 836 5 6 3 1 2 8 17
C 2 4 837 5 6 3 1 4 7 18
C 2 4 838 5 7 4 1 3 11 19
C 2 4 839 5 6 4 1 4 7 19
C 2 4 840 5 8 3 1 4 8 21
C 2 4 841 5 10 10 1 1 10 30
C 2 4 842 5 9 10 1 2 8 30
C 2 4 843 5 8 11 2 1 10 29
C 2 4 844 5 7 11 2 2 7 29
C 2 4 845 5 6 10 2 2 4 28
C 2 4 846 5 8 11 1 1 11 31
C 2 4 847 5 7 11 1 2 8 31
C 2 4 848 5 5 4 1 2 8 18
C 2 4 849 5 5 4 1 4 7 19
C 2 4 850 5 5 5 1 4 7 20
C 2 4 851 5 7 4 1 4 8 22
C 2 4 852 5 8 11 1 2 8 31
C 2 4 853 5 7 12 2 1 10 30
C 2 4 854 5 6 12 2 2 7 30
C 2 4 855 5 5 11 2 2 4 29
C 2 4 856 5 6 8 0 2 9 18
C 2 4 857 5 6 9 0 3 11 19
C 2 4 858 5 6 8 0 4 6 19
C 2 4 859 5 6 10 0 3 11 20
C 2 4 860 5 6 9 0 4 6 20
C 2 4 861 5 8 8 0 4 9 22
C 2 4 862 5 8 12 0 2 9 31
C 2 4 863 5 7 13 1 2 6 30
C 2 4 864 5 7 12 1 1 12 29
C 2 4 865 5 6 12 1 2 3 29
C 2 4 866 3 2 0 0 4 8 6
C 2 4 867 4 2 1 0 4 8 7
C 2 4 868 4 2 2 0 4 7 11
C 2 4 869 3 3 2 1 1 9 7
C 2 4 870 5 6 8 0 2 9 18
C 2 4 871 5 3 9 1 2 8 17
C 2 4 872 5 2 8 1 2 5 16
C 2 4 873 2 2 0 1 0 7 3
C 2 4 874 4 3 2 0 4 8 10
C 2 4 875 5 6 9 0 3 11 19
C 2 4 876 5 6 8 0 4 8 19
C 2 4 877 3 2 3 0 2 10 7
C 2 4 878 5 3 9 1 3 7 18
C 2 4 879 5 2 8 1 3 4 17
C 2 4 880 4 3 1 0 4 8 11
C 2 4 881 5 7 9 0 3 10 20
C 2 4 882 5 6 9 0 4 8 20
C 2 4 883 4 3 7 0 2 10 12
C 2 4 884 5 3 10 1 3 7 19
C 2 4 885 5 2 9 1 3 4 18
C 2 4 886 5 9 8 0 3 9 22
C 2 4 887 5 8 8 0 4 9 22
C 2 4 888 5 5 9 1 4 8 21
C 2 4 889 5 4 8 1 4 5 20
C 2 4 890 5 6 11 1 2 6 30
C 2 4 891 5 6 12 1 2 5 29
C 2 4 892 5 3 10 1 1 6 28
M 2 4 5 2 2 3 2
M 2 4 4 1 2 1 1
M 2 4 5 3 2 2 2
M 2 4 3 1 0 1 2
M 2 4 2 0 1 1 1
M 2 4 5 2 9 2 0
M 2 4 5 3 9 2 3
M 2 4 5 1 8 2 0
M 2 4 5 4 9 2 1
M 2 4 5 4 9 1 4
M 2 4 5 5 12 1 2
M 2 4 5 4 8 1 4
M 2 4 5 3 10 1 1
M 2 4 4 2 2 2 4
M 2 4 5 3 3 2 5
M 2 4 5 7 13 1 2
M 2 4 4 1 2 0 2
M 2 4 5 4 5 0 2
M 2 4 4 2 3 1 2
M 2 4 5 3 3 1 3
M 2 4 5 3 10 1 2
M 2 4 5 5 10 2 1
M 2 4 5 6 4 2 2
M 2 4 4 3 3 0 5
M 2 4 5 4 10 2 2
M 2 4 5 5 3 2 3
M 2 4 5 5 3 1 5
M 2 4 5 8 4 1 5
M 2 4 5 5 10 1 4
M 2 4 5 8 4 2 4
M 2 4 5 4 3 1 5
M 2 4 5 6 2 1 5
M 2 4 5 9 7 1 3
M 2 4 5 4 6 0 4
M 2 4 4 1 8 1 0
M 2 4 5 5 9 1 4
M 2 4 5 3 3 2 3
M 2 4 2 2 0 0 0
M 2 4 4 2 2 0 2
M 2 4 4 3 3 2 4
M 2 4 5 4 3 2 5
M 2 4 5 9 10 1 2
M 2 4 4 5 2 0 5
M 2 4 5 6 3 1 2
M 2 4 3 0 5 0 1
M 2 4 5 4 4 2 3
M 2 4 5 7 5 3 4
M 2 4 4 2 1 0 4
M 2 4 5 10 10 1 3
M 2 4 5 5 2 0 4
M 2 4 5 8 3 1 5
M 2 4 5 6 2 1 3
M 2 4 5 8 2 1 5
M 2 4 5 9 8 0 3
M 2 4 4 4 1 2 5
M 2 4 3 3 0 0 3
M 2 4 4 3 7 0 2
M 2 4 2 1 2 0 0
M 2 4 5 9 11 1 1
M 2 4 4 4 0 1 4
M 2 4 5 3 10 2 1
M 2 4 5 9 9 1 1
M 2 4 5 7 9 0 3
M 2 4 4 3 1 0 3
M 2 4 5 10 10 1 1
M 2 4 5 8 9 1 1
M 2 4 4 4 8 1 1
M 2 4 5 8 10 2 2
M 2 4 5 8 9 0 3
M 2 4 5 11 10 1 2
M 2 4 3 1 2 0 1
M 2 4 3 2 2 0 2
M 2 4 2 1 0 0 2
M 2 4 3 1 1 0 2
M 2 4 5 6 9 1 1
M 2 4 4 5 2 1 1
M 2 4 3 3 1 0 3
M 2 4 5 6 4 1 2
M 2 4 4 6 3 0 1
M 2 4 4 4 4 0 1
M 2 4 5 6 10 0 3
M 2 4 4 5 3 3 1
M 2 4 5 7 3 3 3
M 2 4 5 7 4 3 2
M 2 4 4 3 7 2 1
M 2 4 4 6 3 2 1
M 2 4 4 7 4 1 1
M 2 4 5 7 7 1 1
M 2 4 5 4 4 1 3
M 2 4 5 6 10 1 1
M 2 4 5 5 4 2 3
M 2 4 5 5 3 0 4
M 2 4 5 6 6 0 3
M 2 4 5 5 4 3 2
M 2 4 5 6 7 1 1
M 2 4 4 5 4 0 1
M 2 4 5 7 5 1 1
M 2 4 4 4 5 0 3
M 2 4 5 6 4 2 4
M 2 4 5 8 5 3 2
M 2 4 5 3 4 2 4
M 2 4 4 4 2 0 3
M 2 4 3 1 1 2 1
M 2 4 4 2 3 2 2
M 2 4 4 3 5 0 1
M 2 4 4 4 4 3 1
M 2 4 4 3 4 3 2
M 2 4 4 4 2 2 4
M 2 4 5 7 10 1 1
M 2 4 5 7 10 1 2
M 2 4 5 4 2 2 4
M 2 4 4 1 1 3 1
M 2 4 4 3 2 2 0
M 2 4 4 3 3 1 1
M 2 4 5 4 4 2 1
M 2 4 5 5 8 1 1
M 2 4 4 3 0 1 3
M 2 4 5 5 11 2 2
M 2 4 5 4 9 2 3
M 2 4 5 3 8 1 2
M 2 4 5 2 8 1 2
M 2 4 5 6 11 1 2
M 2 4 5 3 2 2 5
M 2 4 5 3 9 2 2
M 2 4 5 4 5 0 4
M 2 4 5 6 5 1 4
M 2 4 0 0 0 0 0
M 2 4 5 6 12 2 2
M 2 4 3 2 1 0 4
M 2 4 5 3 10 1 3
M 2 4 4 3 3 1 2
M 2 4 5 5 3 1 3
M 2 4 3 2 1 0 2
M 2 4 5 6 6 0 4
M 2 4 2 2 0 1 0
M 2 4 5 7 3 1 5
M 2 4 5 6 5 2 3
M 2 4 5 6 3 2 3
M 2 4 4 4 3 2 2
M 2 4 5 5 5 2 2
M 2 4 4 3 2 1 4
M 2 4 5 4 9 1 2
M 2 4 4 3 2 0 5
M 2 4 5 5 5 1 3
M 2 4 5 3 9 1 3
M 2 4 5 3 3 0 4
M 2 4 5 7 11 2 2
M 2 4 5 9 10 1 3
M 2 4 4 3 2 0 4
M 2 4 5 6 6 3 3
M 2 4 4 3 3 0 2
M 2 4 5 5 2 1 3
M 2 4 5 6 3 1 3
M 2 4 4 4 1 0 4
M 2 4 5 7 4 3 4
M 2 4 3 3 1 0 2
M 2 4 4 3 4 0 2
M 2 4 5 3 4 2 3
M 2 4 5 5 4 2 5
M 2 4 5 8 11 1 2
M 2 4 4 4 2 0 4
M 2 4 5 6 8 1 2
M 2 4 4 4 4 2 3
M 2 4 5 5 5 3 3
M 2 4 4 3 1 0 4
M 2 4 5 7 9 1 2
M 2 4 5 7 5 0 4
M 2 4 4 4 5 0 2
M 2 4 5 7 11 1 2
M 2 4 5 4 10 2 1
M 2 4 4 4 3 0 2
M 2 4 5 2 2 2 3
M 2 4 5 8 12 0 2
M 2 4 4 6 3 0 4
M 2 4 4 5 7 0 1
M 2 4 3 2 3 0 2
M 2 4 5 4 2 2 5
M 2 4 5 7 12 2 1
M 2 4 5 5 11 2 1
M 2 4 4 3 1 2 2
M 2 4 5 7 13 1 1
M 2 4 5 9 12 0 1
M 2 4 5 4 10 1 1
M 2 4 5 7 9 0 2
M 2 4 5 8 7 1 2
M 2 4 3 2 2 1 1
M 2 4 4 4 4 1 1
M 2 4 4 5 5 0 3
M 2 4 5 6 6 1 1
M 2 4 4 3 2 2 2
M 2 4 5 9 5 1 3
M 2 4 4 5 4 0 2
M 2 4 5 7 3 1 2
M 2 4 3 2 2 0 3
M 2 4 5 6 7 0 1
M 2 4 5 7 3 2 3
M 2 4 5 4 4 2 2
M 2 4 3 3 2 0 1
M 2 4 4 4 3 3 2
M 2 4 5 7 6 0 3
M 2 4 4 4 3 0 3
M 2 4 5 8 5 2 3
M 2 4 5 6 8 0 1
M 2 4 4 6 3 1 1
M 2 4 5 6 4 3 2
M 2 4 4 6 4 0 1
M 2 4 4 7 3 1 1
M 2 4 4 4 5 1 1
M 2 4 5 5 3 2 2
M 2 4 4 3 4 2 4
M 2 4 4 3 4 1 2
M 2 4 5 7 10 0 3
M 2 4 5 6 6 0 2
M 2 4 4 5 3 0 2
M 2 4 4 5 2 0 3
M 2 4 4 2 2 2 2
M 2 4 4 5 5 1 2
M 2 4 3 2 3 0 1
M 2 4 5 5 5 2 4
M 2 4 4 6 5 1 2
M 2 4 4 3 4 2 3
M 2 4 4 4 5 2 2
M 2 4 5 5 6 3 2
M 2 4 3 2 0 1 3
M 2 4 4 4 6 2 1
M 2 4 5 4 5 1 1
M 2 4 5 8 6 1 3
M 2 4 5 4 4 1 2
M 2 4 5 5 4 3 4
M 2 4 5 6 6 1 2
M 2 4 5 4 3 1 4
M 2 4 5 8 11 0 2
M 2 4 4 4 2 1 2
M 2 4 5 7 4 1 4
M 2 4 4 5 3 1 4
M 2 4 5 5 4 1 2
M 2 4 5 5 5 0 2
M 2 4 4 6 2 1 5
M 2 4 4 4 4 1 3
M 2 4 4 5 2 1 2
M 2 4 4 5 3 1 1
M 2 4 4 4 3 0 4
M 2 4 5 7 7 2 2
M 2 4 5 6 6 2 2
M 2 4 4 5 3 2 2
M 2 4 4 5 7 1 1
M 2 4 5 5 4 1 3
M 2 4 4 5 3 0 3
M 2 4 5 4 3 2 4
M 2 4 4 3 3 2 2
M 2 4 5 6 10 0 2
M 2 4 5 5 7 2 2
M 2 4 4 5 5 1 1
M 2 4 4 2 2 2 1
M 2 4 5 5 2 2 2
M 2 4 4 1 1 1 2
M 2 4 5 2 9 1 2
M 2 4 5 2 8 2 2
M 2 4 5 4 10 2 3
M 2 4 4 2 1 2 4
M 2 4 5 5 7 1 2
M 2 4 5 6 7 1 2
M 2 4 4 2 2 1 2
M 2 4 3 1 1 0 1
M 2 4 5 5 3 1 2
M 2 4 5 5 10 2 3
M 2 4 5 6 4 1 4
M 2 4 5 4 5 1 2
M 2 4 5 5 3 1 4
M 2 4 5 5 6 0 3
M 2 4 5 6 12 1 2
M 2 4 5 6 13 1 2
M 2 4 5 5 11 1 2
M 2 4 5 7 11 0 2
M 2 4 5 6 5 0 4
M 2 4 5 6 5 1 2
M 2 4 5 5 8 0 2
M 2 4 5 6 3 1 5
M 2 4 5 3 9 1 2
M 2 4 5 6 7 0 2
M 2 4 5 5 2 1 5
M 2 4 4 5 2 1 4
M 2 4 5 5 9 0 2
M 2 4 5 6 8 0 4
M 2 4 4 4 3 3 3
M 2 4 5 4 3 2 3
M 2 4 4 6 2 1 4
M 2 4 4 2 9 1 0
M 2 4 5 8 8 0 4
M 2 4 2 1 0 0 1
M 2 4 5 9 9 1 2
M 2 4 3 2 4 0 1
M 2 4 5 6 10 1 3
M 2 4 4 5 7 1 0
M 2 4 5 8 11 2 1
M 2 4 3 3 2 1 0
M 2 4 4 3 4 0 3
M 2 4 5 8 3 1 4
M 2 4 5 7 6 3 2
M 2 4 4 7 3 1 2
M 2 4 4 4 3 1 1
M 2 4 4 4 4 0 3
M 2 4 5 8 5 1 2
M 2 4 4 2 3 0 3
M 2 4 4 6 4 1 1
M 2 4 5 7 3 1 4
M 2 4 4 3 4 1 1
M 2 4 5 6 4 0 3
M 2 4 5 5 7 1 1
M 2 4 5 7 4 1 2
M 2 4 4 5 5 0 1
M 2 4 5 7 10 0 1
M 2 4 3 3 3 0 1
M 2 4 5 8 4 1 2
M 2 4 5 8 12 0 1
M 2 4 5 6 5 3 2
M 2 4 4 2 4 2 2
M 2 4 5 5 10 0 1
M 2 4 5 6 5 2 2
M 2 4 4 5 3 3 2
M 2 4 5 6 9 1 2
M 2 4 5 8 9 1 3
M 2 4 4 4 2 1 4
M 2 4 3 3 2 1 1
M 2 4 5 7 5 1 2
M 2 4 4 5 3 2 3
M 2 4 5 5 6 0 4
M 2 4 5 3 2 0 4
M 2 4 5 4 6 0 2
M 2 4 5 6 5 1 3
M 2 4 5 6 3 2 4
M 2 4 4 6 4 1 3
M 2 4 4 3 2 1 2
M 2 4 5 7 9 1 1
M 2 4 5 6 9 2 3
M 2 4 4 6 3 1 3
M 2 4 5 6 3 1 4
M 2 4 5 7 4 2 3
M 2 4 4 4 7 1 1
M 2 4 4 4 6 0 1
M 2 4 4 6 3 1 2
M 2 4 5 6 4 3 3
M 2 4 4 4 4 1 2
M 2 4 3 1 1 1 1
M 2 4 5 5 3 2 1
M 2 4 5 2 9 1 3
M 2 4 5 4 10 1 2
M 2 4 4 4 4 0 4
M 2 4 5 7 7 1 3
M 2 4 5 8 5 1 3
M 2 4 5 4 10 1 3
M 2 4 5 7 3 1 3
M 2 4 5 5 4 1 4
M 2 4 4 3 3 3 3
M 2 4 5 5 4 0 4
M 2 4 5 6 3 3 4
M 2 4 3 2 0 0 4
M 2 4 5 7 3 2 4
M 2 4 2 2 0 0 1
M 2 4 5 4 2 0 4
M 2 4 5 6 8 0 2
M 2 4 4 2 1 2 3
M 2 4 5 8 9 1 2
M 2 4 3 1 6 0 0
M 2 4 2 1 1 0 1
M 2 4 4 2 5 0 1
M 2 4 5 6 10 2 1
M 2 4 5 8 4 1 3
M 2 4 5 7 5 2 2
M 2 4 5 9 4 1 4
M 2 4 5 8 11 1 1
M 2 4 4 4 2 1 3
M 2 4 5 6 9 0 3
M 2 4 4 5 2 1 3
M 2 4 5 4 4 2 4
M 2 4 4 5 8 0 1
M 2 4 5 6 10 2 2
M 2 4 4 4 3 1 2
M 2 4 5 7 5 1 3
M 2 4 5 7 9 1 3
M 2 4 5 5 10 2 2
M 2 4 5 7 6 1 3
M 2 4 4 5 4 1 1
M 2 4 5 5 5 1 2
M 2 4 5 3 2 1 3
M 2 4 4 4 5 0 1
M 2 4 5 6 11 1 1
M 2 4 4 3 3 1 3
M 2 4 4 7 4 1 2
M 2 4 5 8 10 1 2
M 2 4 4 6 4 1 2
M 2 4 4 5 3 1 2
M 2 4 4 5 3 1 3
M 2 4 5 4 9 2 2
M 2 4 4 3 3 1 4
M 2 4 4 4 3 1 4
M 2 4 5 4 2 1 5
M 2 4 2 3 0 0 0
M 2 4 5 7 9 0 4
M 2 4 3 4 1 0 1
M 2 4 5 5 5 0 4
M 2 4 4 3 7 0 1
M 2 4 5 5 4 3 3
M 2 4 4 3 2 0 3
M 2 4 4 2 2 2 3
M 2 4 4 6 3 2 2
M 2 4 5 7 9 2 2
M 2 4 4 3 2 2 3
M 2 4 4 4 3 2 3
M 2 4 4 5 4 1 2
M 2 4 4 4 3 1 3
M 2 4 4 5 4 1 3
M 2 4 4 2 2 0 4
M 2 4 5 6 7 2 3
M 2 4 5 7 10 2 3
M 2 4 5 6 4 1 3
M 2 4 5 5 6 1 2
M 2 4 4 3 2 2 1
M 2 4 5 2 8 1 3
M 2 4 5 5 5 2 3
M 2 4 5 6 9 0 4
M 2 4 5 4 11 2 2
M 2 4 4 2 3 2 3
M 2 4 4 3 3 0 3
M 2 4 5 7 6 1 2
M 2 4 4 5 4 2 2
M 2 4 4 5 4 0 3
M 2 4 5 5 6 2 3
M 2 4 5 5 7 0 2
M 2 4 5 8 6 1 2
M 2 4 5 7 5 3 3
M 2 4 5 7 8 1 2
M 2 4 5 4 4 3 3
M 2 4 5 8 4 2 2
P 2 4 0 0
P 2 4 1 0
P 2 4 2 1
P 2 4 3 0
P 2 4 4 0
P 2 4 5 0
P 2 4 6 0
P 2 4 7 1
P 2 4 8 1
P 2 4 9 1
P 2 4 10 0
P 2 4 11 0
P 2 4 12 0
P 2 4 13 0
P 2 4 14 0
P 2 4 15 0
P 2 4 16 0
P 2 4 17 0
P 2 4 18 0
P 2 4 19 0
P 2 4 20 0
P 2 4 21 0
P 2 4 22 0
P 2 4 23 0
P 2 4 24 0
P 2 4 25 1
P 2 4 26 1
P 2 4 27 1
P 2 4 28 0
P 2 4 29 0
P 2 4 30 0
P 2 4 31 0
P 2 4 32 0
P 2 4 33 0
P 2 4 34 0
P 2 4 35 0
P 2 4 36 0
P 2 4 37 0
P 2 4 38 0
P 2 4 39 0
P 2 4 40 0
P 2 4 41 0
P 2 4 42 0
P 2 4 43 0
P 2 4 44 0
P 2 4 45 0
P 2 4 46 0
P 2 4 47 0
P 2 4 48 0
P 2 4 49 0
P 2 4 50 0
P 2 4 51 0
P 2 4 52 0
P 2 4 53 0
P 2 4 54 0
P 2 4 55 0
P 2 4 56 0
P 2 4 57 0
P 2 4 58 0
P 2 4 59 0
P 2 4 60 0
P 2 4 61 0
P 2 4 62 0
P 2 4 63 0
P 2 4 64 0
P 2 4 65 0
P 2 4 66 0
P 2 4 67 0
P 2 4 68 0
P 2 4 69 0
P 2 4 70 0
P 2 4 71 0
P 2 4 72 0
P 2 4 73 0
P 2 4 74 0
P 2 4 75 0
P 2 4 76 0
P 2 4 77 0
P 2 4 78 0
P 2 4 79 0
P 2 4 80 0
P 2 4 81 0
P 2 4 82 0
P 2 4 83 0
P 2 4 84 0
P 2 4 85 0
P 2 4 86 0
P 2 4 87 0
P 2 4 88 0
P 2 4 89 0
P 2 4 90 0
P 2 4 91 0
P 2 4 92 0
P 2 4 93 0
P 2 4 94 0
P 2 4 95 0
P 2 4 96 0
P 2 4 97 0
P 2 4 98 0
P 2 4 99 0
P 2 4 100 0
P 2 4 101 1
P 2 4 102 0
P 2 4 103 1
P 2 4 104 0
P 2 4 105 0
P 2 4 106 0
P 2 4 107 0
P 2 4 108 0
P 2 4 109 0
P 2 4 110 0
P 2 4 111 0
P 2 4 112 0
P 2 4 113 0
P 2 4 114 0
P 2 4 115 0
P 2 4 116 0
P 2 4 117 0
P 2 4 118 0
P 2 4 119 1
P 2 4 120 0
P 2 4 121 0
P 2 4 122 1
P 2 4 123 0
P 2 4 124 0
P 2 4 125 0
P 2 4 126 0
P 2 4 127 0
P 2 4 128 0
P 2 4 129 0
P 2 4 130 0
P 2 4 131 0
P 2 4 132 0
P 2 4 133 0
P 2 4 134 0
P 2 4 135 0
P 2 4 136 0
P 2 4 137 0
P 2 4 138 0
P 2 4 139 0
P 2 4 140 0
P 2 4 141 0
P 2 4 142 0
P 2 4 143 0
P 2 4 144 0
P 2 4 145 0
P 2 4 146 0
P 2 4 147 0
P 2 4 148 0
P 2 4 149 0
P 2 4 150 0
P 2 4 151 0
P 2 4 152 0
P 2 4 153 0
P 2 4 154 0
P 2 4 155 0
P 2 4 156 0
P 2 4 157 0
P 2 4 158 0
P 2 4 159 0
P 2 4 160 0
P 2 4 161 0
P 2 4 162 1
P 2 4 163 0
P 2 4 164 0
P 2 4 165 0
P 2 4 166 0
P 2 4 167 0
P 2 4 168 0
P 2 4 169 0
P 2 4 170 0
P 2 4 171 0
P 2 4 172 0
P 2 4 173 0
P 2 4 174 0
P 2 4 175 0
P 2 4 176 0
P 2 4 177 0
P 2 4 178 0
P 2 4 179 0
P 2 4 180 0
P 2 4 181 0
P 2 4 182 0
P 2 4 183 0
P 2 4 184 0
P 2 4 185 0
P 2 4 186 0
P 2 4 187 0
P 2 4 188 0
P 2 4 189 0
P 2 4 190 0
P 2 4 191 0
P 2 4 192 0
P 2 4 193 0
P 2 4 194 0
P 2 4 195 0
P 2 4 196 0
P 2 4 197 0
P 2 4 198 0
P 2 4 199 0
P 2 4 200 0
P 2 4 201 0
P 2 4 202 0
P 2 4 203 0
P 2 4 204 0
P 2 4 205 0
P 2 4 206 0
P 2 4 207 0
P 2 4 208 0
P 2 4 209 0
P 2 4 210 0
P 2 4 211 0
P 2 4 212 0
P 2 4 213 0
P 2 4 214 0
P 2 4 215 0
P 2 4 216 0
P 2 4 217 0
P 2 4 218 0
P 2 4 219 1
P 2 4 220 0
P 2 4 221 0
P 2 4 222 0
P 2 4 223 0
P 2 4 224 0
P 2 4 225 0
P 2 4 226 0
P 2 4 227 0
P 2 4 228 0
P 2 4 229 0
P 2 4 230 0
P 2 4 231 0
P 2 4 232 0
P 2 4 233 0
P 2 4 234 0
P 2 4 235 0
P 2 4 236 0
P 2 4 237 0
P 2 4 238 0
P 2 4 239 0
P 2 4 240 0
P 2 4 241 1
P 2 4 242 0
P 2 4 243 1
P 2 4 244 0
P 2 4 245 1
P 2 4 246 0
P 2 4 247 0
P 2 4 248 0
P 2 4 249 0
P 2 4 250 0
P 2 4 251 0
P 2 4 252 0
P 2 4 253 0
P 2 4 254 0
P 2 4 255 0
P 2 4 256 0
P 2 4 257 0
P 2 4 258 0
P 2 4 259 0
P 2 4 260 0
P 2 4 261 0
P 2 4 262 0
P 2 4 263 0
P 2 4 264 0
P 2 4 265 0
P 2 4 266 0
P 2 4 267 0
P 2 4 268 0
P 2 4 269 0
P 2 4 270 0
P 2 4 271 0
P 2 4 272 0
P 2 4 273 0
P 2 4 274 0
P 2 4 275 0
P 2 4 276 0
P 2 4 277 0
P 2 4 278 0
P 2 4 279 0
P 2 4 280 0
P 2 4 281 0
P 2 4 282 0
P 2 4 283 0
P 2 4 284 0
P 2 4 285 0
P 2 4 286 0
P 2 4 287 0
P 2 4 288 0
P 2 4 289 0
P 2 4 290 0
P 2 4 291 0
P 2 4 292 0
P 2 4 293 0
P 2 4 294 0
P 2 4 295 0
P 2 4 296 0
P 2 4 297 0
P 2 4 298 0
P 2 4 299 0
P 2 4 300 0
P 2 4 301 0
P 2 4 302 0
P 2 4 303 0
P 2 4 304 0
P 2 4 305 0
P 2 4 306 0
P 2 4 307 0
P 2 4 308 0
P 2 4 309 0
P 2 4 310 0
P 2 4 311 0
P 2 4 312 0
P 2 4 313 0
P 2 4 314 0
P 2 4 315 0
P 2 4 316 0
P 2 4 317 0
P 2 4 318 0
P 2 4 319 0
P 2 4 320 0
P 2 4 321 0
P 2 4 322 1
P 2 4 323 0
P 2 4 324 0
P 2 4 325 0
P 2 4 326 0
P 2 4 327 0
P 2 4 328 0
P 2 4 329 0
P 2 4 330 0
P 2 4 331 0
P 2 4 332 0
P 2 4 333 0
P 2 4 334 0
P 2 4 335 0
P 2 4 336 0
P 2 4 337 0
P 2 4 338 0
P 2 4 339 0
P 2 4 340 1
P 2 4 341 0
P 2 4 342 0
P 2 4 343 0
P 2 4 344 0
P 2 4 345 0
P 2 4 346 0
P 2 4 347 0
P 2 4 348 0
P 2 4 349 0
P 2 4 350 0
P 2 4 351 0
P 2 4 352 0
P 2 4 353 0
P 2 4 354 0
P 2 4 355 0
P 2 4 356 0
P 2 4 357 0
P 2 4 358 0
P 2 4 359 0
P 2 4 360 0
P 2 4 361 0
P 2 4 362 0
P 2 4 363 0
P 2 4 364 0
P 2 4 365 0
P 2 4 366 0
P 2 4 367 0
P 2 4 368 0
P 2 4 369 0
P 2 4 370 0
P 2 4 371 0
P 2 4 372 0
P 2 4 373 0
P 2 4 374 0
P 2 4 375 0
P 2 4 376 0
P 2 4 377 0
P 2 4 378 0
P 2 4 379 0
P 2 4 380 0
P 2 4 381 0
P 2 4 382 0
P 2 4 383 0
P 2 4 384 0
P 2 4 385 0
P 2 4 386 0
P 2 4 387 0
P 2 4 388 0
P 2 4 389 0
P 2 4 390 0
P 2 4 391 0
P 2 4 392 0
P 2 4 393 0
P 2 4 394 0
P 2 4 395 0
P 2 4 396 0
P 2 4 397 0
P 2 4 398 0
P 2 4 399 0
P 2 4 400 0
P 2 4 401 0
P 2 4 402 0
P 2 4 403 0
P 2 4 404 0
P 2 4 405 0
P 2 4 406 0
P 2 4 407 0
P 2 4 408 0
P 2 4 409 0
P 2 4 410 0
P 2 4 411 0
P 2 4 412 0
P 2 4 413 0
P 2 4 414 0
P 2 4 415 0
P 2 4 416 0
P 2 4 417 0
P 2 4 418 0
P 2 4 419 0
P 2 4 420 0
P 2 4 421 0
P 2 4 422 0
P 2 4 423 0
P 2 4 424 0
P 2 4 425 0
P 2 4 426 0
P 2 4 427 0
P 2 4 428 0
P 2 4 429 0
P 2 4 430 0
P 2 4 431 0
P 2 4 432 0
P 2 4 433 0
P 2 4 434 0
P 2 4 435 0
P 2 4 436 0
P 2 4 437 0
P 2 4 438 0
P 2 4 439 0
P 2 4 440 0
P 2 4 441 0
P 2 4 442 0
P 2 4 443 0
P 2 4 444 0
P 2 4 445 0
P 2 4 446 0
P 2 4 447 0
P 2 4 448 0
P 2 4 449 0
P 2 4 450 0
P 2 4 451 0
P 2 4 452 0
P 2 4 453 1
P 2 4 454 0
P 2 4 455 0
P 2 4 456 1
P 2 4 457 1
P 2 4 458 0
P 2 4 459 0
P 2 4 460 0
P 2 4 461 0
P 2 4 462 0
P 2 4 463 0
P 2 4 464 0
P 2 4 465 0
P 2 4 466 0
P 2 4 467 0
P 2 4 468 0
P 2 4 469 0
P 2 4 470 0
P 2 4 471 0
P 2 4 472 0
P 2 4 473 0
P 2 4 474 0
P 2 4 475 0
P 2 4 476 0
P 2 4 477 0
P 2 4 478 0
P 2 4 479 0
P 2 4 480 0
P 2 4 481 0
P 2 4 482 0
P 2 4 483 0
P 2 4 484 0
P 2 4 485 0
P 2 4 486 0
P 2 4 487 0
P 2 4 488 0
P 2 4 489 0
P 2 4 490 0
P 2 4 491 0
P 2 4 492 0
P 2 4 493 0
P 2 4 494 1
P 2 4 495 0
P 2 4 496 0
P 2 4 497 0
P 2 4 498 0
P 2 4 499 0
P 2 4 500 0
P 2 4 501 1
P 2 4 502 0
P 2 4 503 0
P 2 4 504 0
P 2 4 505 0
P 2 4 506 0
P 2 4 507 0
P 2 4 508 0
P 2 4 509 0
P 2 4 510 0
P 2 4 511 0
P 2 4 512 0
P 2 4 513 0
P 2 4 514 0
P 2 4 515 0
P 2 4 516 0
P 2 4 517 0
P 2 4 518 0
P 2 4 519 0
P 2 4 520 0
P 2 4 521 0
P 2 4 522 0
P 2 4 523 0
P 2 4 524 0
P 2 4 525 0
P 2 4 526 0
P 2 4 527 0
P 2 4 528 0
P 2 4 529 0
P 2 4 530 0
P 2 4 531 0
P 2 4 532 0
P 2 4 533 0
P 2 4 534 0
P 2 4 535 0
P 2 4 536 0
P 2 4 537 0
P 2 4 538 0
P 2 4 539 0
P 2 4 540 0
P 2 4 541 0
P 2 4 542 0
P 2 4 543 1
P 2 4 544 0
P 2 4 545 0
P 2 4 546 0
P 2 4 547 0
P 2 4 548 0
P 2 4 549 0
P 2 4 550 0
P 2 4 551 0
P 2 4 552 0
P 2 4 553 0
P 2 4 554 0
P 2 4 555 0
P 2 4 556 0
P 2 4 557 0
P 2 4 558 0
P 2 4 559 0
P 2 4 560 0
P 2 4 561 0
P 2 4 562 0
P 2 4 563 0
P 2 4 564 0
P 2 4 565 0
P 2 4 566 0
P 2 4 567 0
P 2 4 568 0
P 2 4 569 0
P 2 4 570 0
P 2 4 571 0
P 2 4 572 0
P 2 4 573 0
P 2 4 574 0
P 2 4 575 0
P 2 4 576 0
P 2 4 577 0
P 2 4 578 0
P 2 4 579 0
P 2 4 580 0
P 2 4 581 0
P 2 4 582 0
P 2 4 583 0
P 2 4 584 0
P 2 4 585 0
P 2 4 586 0
P 2 4 587 0
P 2 4 588 0
P 2 4 589 0
P 2 4 590 0
P 2 4 591 0
P 2 4 592 0
P 2 4 593 0
P 2 4 594 0
P 2 4 595 0
P 2 4 596 1
P 2 4 597 0
P 2 4 598 0
P 2 4 599 0
P 2 4 600 0
P 2 4 601 0
P 2 4 602 0
P 2 4 603 0
P 2 4 604 0
P 2 4 605 0
P 2 4 606 0
P 2 4 607 0
P 2 4 608 0
P 2 4 609 1
P 2 4 610 0
P 2 4 611 0
P 2 4 612 1
P 2 4 613 0
P 2 4 614 0
P 2 4 615 0
P 2 4 616 0
P 2 4 617 0
P 2 4 618 0
P 2 4 619 0
P 2 4 620 0
P 2 4 621 0
P 2 4 622 0
P 2 4 623 0
P 2 4 624 0
P 2 4 625 0
P 2 4 626 0
P 2 4 627 0
P 2 4 628 0
P 2 4 629 0
P 2 4 630 0
P 2 4 631 0
P 2 4 632 0
P 2 4 633 0
P 2 4 634 0
P 2 4 635 0
P 2 4 636 0
P 2 4 637 0
P 2 4 638 0
P 2 4 639 0
P 2 4 640 0
P 2 4 641 0
P 2 4 642 0
P 2 4 643 0
P 2 4 644 0
P 2 4 645 0
P 2 4 646 0
P 2 4 647 0
P 2 4 648 0
P 2 4 649 0
P 2 4 650 0
P 2 4 651 0
P 2 4 652 0
P 2 4 653 0
P 2 4 654 0
P 2 4 655 0
P 2 4 656 0
P 2 4 657 0
P 2 4 658 0
P 2 4 659 0
P 2 4 660 0
P 2 4 661 0
P 2 4 662 0
P 2 4 663 0
P 2 4 664 0
P 2 4 665 0
P 2 4 666 0
P 2 4 667 0
P 2 4 668 0
P 2 4 669 0
P 2 4 670 0
P 2 4 671 0
P 2 4 672 0
P 2 4 673 0
P 2 4 674 0
P 2 4 675 0
P 2 4 676 0
P 2 4 677 1
P 2 4 678 0
P 2 4 679 0
P 2 4 680 0
P 2 4 681 0
P 2 4 682 0
P 2 4 683 0
P 2 4 684 0
P 2 4 685 0
P 2 4 686 0
P 2 4 687 0
P 2 4 688 0
P 2 4 689 0
P 2 4 690 0
P 2 4 691 0
P 2 4 692 0
P 2 4 693 0
P 2 4 694 0
P 2 4 695 0
P 2 4 696 0
P 2 4 697 0
P 2 4 698 0
P 2 4 699 0
P 2 4 700 0
P 2 4 701 0
P 2 4 702 0
P 2 4 703 0
P 2 4 704 0
P 2 4 705 0
P 2 4 706 0
P 2 4 707 0
P 2 4 708 0
P 2 4 709 0
P 2 4 710 0
P 2 4 711 0
P 2 4 712 0
P 2 4 713 0
P 2 4 714 0
P 2 4 715 0
P 2 4 716 0
P 2 4 717 0
P 2 4 718 0
P 2 4 719 0
P 2 4 720 0
P 2 4 721 0
P 2 4 722 0
P 2 4 723 0
P 2 4 724 0
P 2 4 725 0
P 2 4 726 0
P 2 4 727 0
P 2 4 728 0
P 2 4 729 0
P 2 4 730 0
P 2 4 731 0
P 2 4 732 0
P 2 4 733 0
P 2 4 734 0
P 2 4 735 0
P 2 4 736 0
P 2 4 737 0
P 2 4 738 0
P 2 4 739 0
P 2 4 740 0
P 2 4 741 0
P 2 4 742 0
P 2 4 743 0
P 2 4 744 0
P 2 4 745 0
P 2 4 746 0
P 2 4 747 0
P 2 4 748 0
P 2 4 749 0
P 2 4 750 0
P 2 4 751 0
P 2 4 752 0
P 2 4 753 0
P 2 4 754 0
P 2 4 755 0
P 2 4 756 0
P 2 4 757 0
P 2 4 758 0
P 2 4 759 1
P 2 4 760 0
P 2 4 761 0
P 2 4 762 0
P 2 4 763 0
P 2 4 764 0
P 2 4 765 0
P 2 4 766 0
P 2 4 767 0
P 2 4 768 0
P 2 4 769 0
P 2 4 770 0
P 2 4 771 0
P 2 4 772 0
P 2 4 773 0
P 2 4 774 1
P 2 4 775 0
P 2 4 776 0
P 2 4 777 0
P 2 4 778 0
P 2 4 779 0
P 2 4 780 0
P 2 4 781 0
P 2 4 782 0
P 2 4 783 0
P 2 4 784 0
P 2 4 785 0
P 2 4 786 0
P 2 4 787 0
P 2 4 788 0
P 2 4 789 0
P 2 4 790 0
P 2 4 791 0
P 2 4 792 0
P 2 4 793 0
P 2 4 794 0
P 2 4 795 0
P 2 4 796 0
P 2 4 797 0
P 2 4 798 0
P 2 4 799 0
P 2 4 800 0
P 2 4 801 0
P 2 4 802 0
P 2 4 803 0
P 2 4 804 0
P 2 4 805 0
P 2 4 806 0
P 2 4 807 0
P 2 4 808 0
P 2 4 809 0
P 2 4 810 0
P 2 4 811 0
P 2 4 812 0
P 2 4 813 0
P 2 4 814 0
P 2 4 815 0
P 2 4 816 0
P 2 4 817 0
P 2 4 818 0
P 2 4 819 0
P 2 4 820 0
P 2 4 821 0
P 2 4 822 0
P 2 4 823 0
P 2 4 824 0
P 2 4 825 0
P 2 4 826 0
P 2 4 827 0
P 2 4 828 0
P 2 4 829 1
P 2 4 830 1
P 2 4 831 0
P 2 4 832 0
P 2 4 833 0
P 2 4 834 0
P 2 4 835 0
P 2 4 836 0
P 2 4 837 0
P 2 4 838 0
P 2 4 839 0
P 2 4 840 0
P 2 4 841 0
P 2 4 842 0
P 2 4 843 0
P 2 4 844 0
P 2 4 845 0
P 2 4 846 0
P 2 4 847 0
P 2 4 848 0
P 2 4 849 0
P 2 4 850 0
P 2 4 851 0
P 2 4 852 0
P 2 4 853 0
P 2 4 854 0
P 2 4 855 0
P 2 4 856 0
P 2 4 857 0
P 2 4 858 0
P 2 4 859 0
P 2 4 860 0
P 2 4 861 0
P 2 4 862 0
P 2 4 863 0
P 2 4 864 0
P 2 4 865 0
P 2 4 866 0
P 2 4 867 0
P 2 4 868 0
P 2 4 869 0
P 2 4 870 0
P 2 4 871 0
P 2 4 872 0
P 2 4 873 0
P 2 4 874 0
P 2 4 875 0
P 2 4 876 0
P 2 4 877 0
P 2 4 878 0
P 2 4 879 0
P 2 4 880 0
P 2 4 881 0
P 2 4 882 0
P 2 4 883 0
P 2 4 884 0
P 2 4 885 0
P 2 4 886 0
P 2 4 887 0
P 2 4 888 0
P 2 4 889 0
P 2 4 890 0
P 2 4 891 0
P 2 4 892 0
C 2 5 0 3 1 1 2 1 12 5
C 2 5 1 3 2 0 1 3 12 6
C 2 5 2 3 2 3 0 1 13 6
C 2 5 3 3 2 3 0 1 13 6
C 2 5 4 3 3 2 1 1 13 7
C 2 5 5 3 3 2 1 1 13 7
C 2 5 6 3 3 2 1 1 13 7
C 2 5 7 4 5 3 0 3 12 11
C 2 5 8 4 3 3 2 2 12 12
C 2 5 9 4 5 4 0 3 12 12
C 2 5 10 4 5 3 1 3 12 12
C 2 5 11 4 5 3 1 3 12 12
C 2 5 12 4 4 6 0 1 13 14
C 2 5 13 4 5 4 1 1 13 14
C 2 5 14 4 5 4 1 1 13 14
C 2 5 15 4 5 4 1 1 13 14
C 2 5 16 4 4 4 1 2 13 15
C 2 5 17 4 5 3 1 2 13 15
C 2 5 18 4 4 6 0 1 13 15
C 2 5 19 5 8 12 0 1 13 30
C 2 5 20 2 1 0 0 2 11 3
C 2 5 21 3 1 1 0 2 11 4
C 2 5 22 3 2 2 0 3 12 7
C 2 5 23 4 2 3 0 3 12 8
C 2 5 24 4 5 7 1 1 11 15
C 2 5 25 2 1 0 0 1 11 2
C 2 5 26 3 1 6 0 0 11 7
C 2 5 27 5 4 10 1 1 10 21
C 2 5 28 5 4 11 2 2 11 23
C 2 5 29 5 9 12 0 1 10 29
C 2 5 30 5 11 10 1 2 10 30
C 2 5 31 5 10 10 1 3 9 30
C 2 5 32 4 1 1 3 1 1 6
C 2 5 33 4 2 0 2 3 1 7
C 2 5 34 4 2 3 1 1 0 7
C 2 5 35 4 2 3 1 1 0 7
C 2 5 36 4 3 2 2 1 0 8
C 2 5 37 4 3 2 2 1 0 8
C 2 5 38 4 3 2 2 1 0 8
C 2 5 39 5 5 3 1 3 1 12
C 2 5 40 5 3 3 3 2 1 13
C 2 5 41 5 5 4 1 3 1 13
C 2 5 42 5 5 3 2 3 1 13
C 2 5 43 5 5 3 2 3 1 13
C 2 5 44 5 4 6 1 1 0 15
C 2 5 45 5 5 4 2 1 0 15
C 2 5 46 5 5 4 2 1 0 15
C 2 5 47 5 5 4 2 1 0 15
C 2 5 48 5 4 4 2 2 0 16
C 2 5 49 5 5 3 2 2 0 16
C 2 5 50 5 4 6 1 1 0 16
C 2 5 51 6 8 12 1 1 0 31
C 2 5 52 3 1 0 1 2 2 4
C 2 5 53 4 1 1 1 2 2 5
C 2 5 54 4 2 2 1 3 1 8
C 2 5 55 5 2 3 1 3 1 9
C 2 5 56 5 5 7 2 1 2 16
C 2 5 57 2 0 1 1 1 2 3
C 2 5 58 4 1 6 1 0 2 8
C 2 5 59 6 4 10 2 1 3 22
C 2 5 60 6 4 11 3 2 2 24
C 2 5 61 6 9 12 1 1 3 30
C 2 5 62 6 11 10 2 2 3 31
C 2 5 63 6 10 10 2 3 4 31
C 2 5 64 0 0 0 0 0 7 0
C 2 5 65 4 3 1 2 4 7 12
C 2 5 66 4 4 4 2 2 12 12
C 2 5 67 4 3 5 2 2 13 12
C 2 5 68 4 3 4 2 3 8 12
C 2 5 69 4 3 2 2 3 12 10
C 2 5 70 4 3 5 2 2 13 12
C 2 5 71 4 3 4 2 3 8 12
C 2 5 72 4 5 3 3 2 12 13
C 2 5 73 4 4 4 3 2 13 13
C 2 5 74 4 4 3 3 3 8 13
C 2 5 75 4 5 3 3 2 12 13
C 2 5 76 4 4 4 3 2 13 13
C 2 5 77 4 4 3 3 3 8 13
C 2 5 78 4 5 3 3 2 12 13
C 2 5 79 4 4 4 3 2 13 13
C 2 5 80 4 4 3 3 3 8 13
C 2 5 81 4 6 3 1 4 12 14
C 2 5 82 5 6 5 2 4 12 17
C 2 5 83 5 6 4 2 5 7 17
C 2 5 84 5 3 3 2 3 7 18
C 2 5 85 5 7 5 2 4 12 18
C 2 5 86 5 6 6 2 4 12 18
C 2 5 87 5 6 5 2 5 7 18
C 2 5 88 5 7 4 3 4 12 18
C 2 5 89 5 6 5 3 4 12 18
C 2 5 90 5 6 4 3 5 7 18
C 2 5 91 5 7 4 3 4 12 18
C 2 5 92 5 6 5 3 4 12 18
C 2 5 93 5 6 4 3 5 7 18
C 2 5 94 4 5 4 2 2 12 13
C 2 5 95 5 5 8 2 2 13 20
C 2 5 96 5 5 7 2 3 8 20
C 2 5 97 5 6 6 3 2 13 20
C 2 5 98 5 6 5 3 3 8 20
C 2 5 99 5 7 5 3 2 12 20
C 2 5 100 5 6 6 3 2 13 20
C 2 5 101 5 6 5 3 3 8 20
C 2 5 102 5 7 5 3 2 12 20
C 2 5 103 5 6 5 3 3 8 20
C 2 5 104 5 6 5 3 3 12 21
C 2 5 105 5 5 6 3 3 13 21
C 2 5 106 5 5 5 3 4 8 21
C 2 5 107 5 7 4 3 3 12 21
C 2 5 108 5 6 5 3 3 13 21
C 2 5 109 5 6 4 3 4 8 21
C 2 5 110 5 5 8 2 2 13 21
C 2 5 111 5 5 7 2 3 8 21
C 2 5 112 6 9 14 2 2 13 36
C 2 5 113 6 9 13 2 3 8 36
C 2 5 114 4 2 2 2 3 11 9
C 2 5 115 4 2 1 2 4 6 9
C 2 5 116 4 2 3 2 3 11 10
C 2 5 117 4 2 2 2 4 6 10
C 2 5 118 4 4 3 2 4 12 13
C 2 5 119 4 3 4 2 4 12 13
C 2 5 120 4 3 3 2 5 7 13
C 2 5 121 5 3 4 2 4 12 13
C 2 5 122 5 3 4 2 5 7 14
C 2 5 123 5 7 8 3 2 11 21
C 2 5 124 5 6 9 3 2 12 21
C 2 5 125 5 6 8 3 3 8 21
C 2 5 126 4 3 1 2 2 10 8
C 2 5 127 4 2 2 2 2 13 8
C 2 5 128 4 2 1 2 3 10 8
C 2 5 129 4 3 7 2 1 12 13
C 2 5 130 4 2 8 2 1 11 13
C 2 5 131 4 2 7 2 2 6 13
C 2 5 132 6 5 11 2 2 10 27
C 2 5 133 6 5 10 2 3 5 27
C 2 5 134 6 4 11 2 3 6 29
C 2 5 135 6 11 13 2 2 10 35
C 2 5 136 6 10 14 2 2 12 35
C 2 5 137 6 10 13 2 3 9 35
C 2 5 138 6 13 11 3 3 10 36
C 2 5 139 6 12 12 3 3 12 36
C 2 5 140 6 12 11 3 4 9 36
C 2 5 141 6 12 11 3 4 8 36
C 2 5 142 6 11 12 3 4 13 36
C 2 5 143 6 11 11 3 5 12 36
C 2 5 144 4 4 3 1 5 8 13
C 2 5 145 4 4 3 1 5 8 13
C 2 5 146 4 6 2 2 4 12 14
C 2 5 147 4 5 3 2 4 13 14
C 2 5 148 4 5 2 2 5 8 14
C 2 5 149 4 6 2 2 4 12 14
C 2 5 150 4 5 3 2 4 13 14
C 2 5 151 4 5 2 2 5 8 14
C 2 5 152 4 6 2 2 4 12 14
C 2 5 153 4 5 3 2 4 13 14
C 2 5 154 4 5 2 2 5 8 14
C 2 5 155 5 6 4 1 4 12 18
C 2 5 156 5 6 3 1 5 7 18
C 2 5 157 5 5 3 2 5 7 19
C 2 5 158 5 6 5 1 4 12 19
C 2 5 159 5 6 4 1 5 7 19
C 2 5 160 5 6 4 2 4 12 19
C 2 5 161 5 6 3 2 5 7 19
C 2 5 162 5 6 4 2 4 12 19
C 2 5 163 5 6 3 2 5 7 19
C 2 5 164 5 6 7 1 4 13 21
C 2 5 165 5 6 6 1 5 8 21
C 2 5 166 3 3 3 1 0 13 7
C 2 5 167 5 7 4 2 5 8 21
C 2 5 168 5 7 5 2 4 13 21
C 2 5 169 5 7 4 2 5 8 21
C 2 5 170 5 7 4 2 5 8 21
C 2 5 171 5 6 5 2 5 13 22
C 2 5 172 5 6 4 2 6 8 22
C 2 5 173 5 8 3 2 5 12 22
C 2 5 174 5 7 4 2 5 13 22
C 2 5 175 5 7 3 2 6 8 22
C 2 5 176 5 6 7 1 4 13 22
C 2 5 177 5 6 6 1 5 8 22
C 2 5 178 6 9 13 1 4 13 37
C 2 5 179 6 9 12 1 5 8 37
C 2 5 180 4 2 0 1 4 6 10
C 2 5 181 4 2 1 1 4 6 11
C 2 5 182 4 3 2 1 5 7 14
C 2 5 183 5 3 3 1 5 7 15
C 2 5 184 5 8 7 2 4 11 22
C 2 5 185 5 7 8 2 4 12 22
C 2 5 186 5 7 7 2 5 8 22
C 2 5 187 4 4 0 1 4 10 9
C 2 5 188 4 3 1 1 4 13 9
C 2 5 189 4 3 0 1 5 10 9
C 2 5 190 4 3 6 1 4 6 14
C 2 5 191 6 6 10 2 5 5 28
C 2 5 192 6 6 11 2 5 6 30
C 2 5 193 6 12 12 1 4 10 36
C 2 5 194 6 11 13 1 4 12 36
C 2 5 195 6 11 12 1 5 9 36
C 2 5 196 6 14 10 2 5 10 37
C 2 5 197 6 13 11 2 5 12 37
C 2 5 198 6 13 10 2 6 9 37
C 2 5 199 6 12 11 2 6 13 37
C 2 5 200 6 12 10 2 7 12 37
C 2 5 201 4 2 3 0 2 7 11
C 2 5 202 4 5 4 1 3 7 14
C 2 5 203 4 4 4 1 3 7 14
C 2 5 204 4 4 4 1 3 7 14
C 2 5 205 5 6 5 0 4 8 18
C 2 5 206 5 5 5 2 2 12 19
C 2 5 207 5 4 5 2 3 8 19
C 2 5 208 5 6 6 0 4 8 19
C 2 5 209 5 6 5 1 5 8 19
C 2 5 210 5 6 5 1 5 8 19
C 2 5 211 5 6 8 0 1 13 21
C 2 5 212 4 6 5 1 2 13 15
C 2 5 213 5 5 8 0 2 7 21
C 2 5 214 5 6 6 1 3 7 21
C 2 5 215 5 6 6 1 3 7 21
C 2 5 216 5 7 6 1 3 7 21
C 2 5 217 5 5 6 1 4 7 22
C 2 5 218 5 6 5 1 4 7 22
C 2 5 219 5 6 8 0 1 13 22
C 2 5 220 5 5 8 0 2 7 22
C 2 5 221 5 8 10 1 2 13 23
C 2 5 222 6 9 14 0 2 7 37
C 2 5 223 4 4 3 0 3 12 10
C 2 5 224 4 4 4 1 3 12 12
C 2 5 225 4 3 3 0 4 7 10
C 2 5 226 4 4 4 0 3 12 11
C 2 5 227 4 3 4 0 4 7 11
C 2 5 228 4 4 4 0 3 13 14
C 2 5 229 4 3 4 0 4 6 14
C 2 5 230 4 3 3 1 4 13 11
C 2 5 231 5 3 5 0 4 6 15
C 2 5 232 5 7 9 1 3 9 22
C 2 5 233 4 3 3 0 2 9 9
C 2 5 234 4 3 8 0 2 5 14
C 2 5 235 6 6 12 1 1 12 28
C 2 5 236 6 5 12 1 2 6 28
C 2 5 237 6 7 13 2 2 13 30
C 2 5 238 6 6 13 2 3 5 30
C 2 5 239 6 10 14 0 2 10 36
C 2 5 240 6 12 12 1 3 10 37
C 2 5 241 6 11 12 1 4 11 37
C 2 5 242 2 3 0 0 0 7 3
C 2 5 243 4 6 3 1 2 13 15
C 2 5 244 4 5 4 1 3 7 14
C 2 5 245 4 6 4 1 2 13 14
C 2 5 246 4 5 4 1 3 7 14
C 2 5 247 5 6 5 0 4 8 18
C 2 5 248 5 5 5 2 2 12 19
C 2 5 249 5 4 5 2 3 8 19
C 2 5 250 5 6 6 0 4 8 19
C 2 5 251 5 7 5 1 5 8 19
C 2 5 252 5 7 5 1 5 8 19
C 2 5 253 5 6 8 0 1 13 21
C 2 5 254 4 6 5 1 2 13 15
C 2 5 255 5 5 8 0 2 7 21
C 2 5 256 5 8 6 1 2 13 21
C 2 5 257 5 7 6 1 3 7 21
C 2 5 258 5 8 6 1 2 13 21
C 2 5 259 5 7 6 1 3 7 21
C 2 5 260 5 6 6 1 3 7 21
C 2 5 261 5 7 6 1 3 13 22
C 2 5 262 5 6 6 1 4 7 22
C 2 5 263 4 5 3 1 3 13 15
C 2 5 264 5 7 5 1 4 7 22
C 2 5 265 5 6 8 0 1 13 22
C 2 5 266 5 5 8 0 2 7 22
C 2 5 267 6 9 14 0 2 7 37
C 2 5 268 4 4 4 1 3 12 12
C 2 5 269 4 3 3 0 4 7 10
C 2 5 270 4 3 4 0 4 7 11
C 2 5 271 4 3 4 0 4 6 14
C 2 5 272 5 3 5 0 4 6 15
C 2 5 273 5 6 9 1 3 9 22
C 2 5 274 4 3 3 0 2 9 9
C 2 5 275 4 3 8 0 2 5 14
C 2 5 276 6 6 12 1 1 12 28
C 2 5 277 2 1 2 0 0 11 3
C 2 5 278 6 5 12 1 2 6 28
C 2 5 279 6 6 13 2 3 5 30
C 2 5 280 6 10 14 0 2 10 36
C 2 5 281 6 12 12 1 3 10 37
C 2 5 282 6 11 12 1 4 11 37
C 2 5 283 4 4 3 1 2 13 11
C 2 5 284 4 5 3 1 3 7 15
C 2 5 285 4 6 3 1 2 13 15
C 2 5 286 4 5 4 1 2 13 15
C 2 5 287 4 5 3 1 3 7 15
C 2 5 288 5 9 4 1 4 12 19
C 2 5 289 4 6 4 1 2 13 14
C 2 5 290 5 8 4 1 5 8 19
C 2 5 291 5 7 4 3 3 12 20
C 2 5 292 5 6 4 3 4 8 20
C 2 5 293 5 9 5 1 4 12 20
C 2 5 294 5 8 5 1 5 8 20
C 2 5 295 5 8 4 1 4 12 20
C 2 5 296 4 5 4 1 3 13 14
C 2 5 297 5 7 4 1 5 8 20
C 2 5 298 5 7 4 1 5 8 20
C 2 5 299 5 8 7 1 2 13 22
C 2 5 300 5 7 7 1 3 7 22
C 2 5 301 5 8 5 1 2 13 22
C 2 5 302 4 6 4 1 2 13 14
C 2 5 303 5 7 5 1 3 7 22
C 2 5 304 5 7 5 1 3 7 22
C 2 5 305 5 5 3 1 2 7 21
C 2 5 306 5 7 5 1 3 13 23
C 2 5 307 5 6 5 1 4 7 23
C 2 5 308 5 7 4 1 4 7 23
C 2 5 309 4 7 4 1 2 13 15
C 2 5 310 5 7 7 1 3 7 23
C 2 5 311 6 11 13 1 3 7 38
C 2 5 312 4 5 2 1 3 12 11
C 2 5 313 4 4 3 1 3 12 11
C 2 5 314 4 4 2 1 4 7 11
C 2 5 315 4 5 3 1 3 12 12
C 2 5 316 4 4 3 1 4 7 12
C 2 5 317 4 6 3 1 4 13 15
C 2 5 318 4 5 3 1 5 6 15
C 2 5 319 5 6 4 1 4 13 16
C 2 5 320 5 5 4 1 5 6 16
C 2 5 321 3 0 5 0 1 9 7
C 2 5 322 4 4 2 1 3 9 10
C 2 5 323 4 4 7 1 2 5 15
C 2 5 324 6 8 11 2 2 12 29
C 2 5 325 6 7 11 2 3 6 29
C 2 5 326 6 7 12 3 4 5 31
C 2 5 327 6 12 13 1 2 10 37
C 2 5 328 6 11 13 1 3 10 37
C 2 5 329 6 13 11 1 3 10 38
C 2 5 330 6 12 11 1 4 10 38
C 2 5 331 6 12 11 1 4 9 38
C 2 5 332 6 11 11 1 5 11 38
C 2 5 333 4 4 3 1 3 7 15
C 2 5 334 5 9 4 1 4 12 19
C 2 5 335 4 6 4 1 2 13 14
C 2 5 336 5 8 4 1 5 8 19
C 2 5 337 5 7 4 3 3 12 20
C 2 5 338 5 6 5 3 3 13 20
C 2 5 339 5 6 4 3 4 8 20
C 2 5 340 5 9 5 1 4 12 20
C 2 5 341 5 8 5 1 5 8 20
C 2 5 342 5 7 4 1 4 12 20
C 2 5 343 5 6 4 1 5 8 20
C 2 5 344 5 5 3 1 4 8 20
C 2 5 345 5 8 7 1 2 13 22
C 2 5 346 5 7 7 1 3 7 22
C 2 5 347 5 7 5 1 2 13 22
C 2 5 348 5 6 6 1 2 13 22
C 2 5 349 5 6 5 1 3 7 22
C 2 5 350 5 4 4 1 3 7 23
C 2 5 351 5 5 3 1 3 7 23
C 2 5 352 5 8 7 1 2 13 23
C 2 5 353 5 7 7 1 3 7 23
C 2 5 354 6 11 13 1 3 7 38
C 2 5 355 4 5 2 1 3 12 11
C 2 5 356 4 4 3 1 3 12 11
C 2 5 357 4 4 2 1 4 7 11
C 2 5 358 4 4 3 1 4 7 12
C 2 5 359 4 6 3 1 4 13 15
C 2 5 360 4 5 3 1 5 6 15
C 2 5 361 5 6 4 1 4 13 16
C 2 5 362 5 5 4 1 5 6 16
C 2 5 363 5 8 8 1 2 11 23
C 2 5 364 5 7 8 1 3 9 23
C 2 5 365 4 4 2 1 3 9 10
C 2 5 366 4 4 7 1 2 5 15
C 2 5 367 6 8 11 2 2 12 29
C 2 5 368 6 7 11 2 3 6 29
C 2 5 369 4 4 6 2 1 13 14
C 2 5 370 6 7 12 3 4 5 31
C 2 5 371 6 13 13 1 2 10 37
C 2 5 372 6 12 13 1 3 10 37
C 2 5 373 5 7 5 1 2 13 22
C 2 5 374 6 13 11 1 4 10 38
C 2 5 375 6 13 11 1 4 9 38
C 2 5 376 6 12 11 1 5 11 38
C 2 5 377 5 8 4 1 4 12 19
C 2 5 378 4 6 4 1 2 13 14
C 2 5 379 5 7 4 1 5 8 19
C 2 5 380 5 7 4 3 3 12 20
C 2 5 381 5 6 5 3 3 13 20
C 2 5 382 5 6 4 3 4 8 20
C 2 5 383 5 8 5 1 4 12 20
C 2 5 384 5 7 5 1 5 8 20
C 2 5 385 4 6 4 1 2 13 15
C 2 5 386 5 6 7 1 3 7 22
C 2 5 387 5 5 3 1 2 7 21
C 2 5 388 5 7 5 1 2 13 22
C 2 5 389 5 6 5 1 3 7 22
C 2 5 390 5 7 5 1 3 7 22
C 2 5 391 5 7 7 1 2 13 23
C 2 5 392 4 5 5 1 2 13 15
C 2 5 393 5 6 7 1 3 7 23
C 2 5 394 5 7 10 1 2 13 23
C 2 5 395 6 10 13 1 3 7 38
C 2 5 396 4 5 2 1 3 12 11
C 2 5 397 4 4 3 1 3 12 11
C 2 5 398 4 4 2 1 4 7 11
C 2 5 399 4 4 3 1 4 7 12
C 2 5 400 4 6 3 1 4 13 15
C 2 5 401 4 5 3 1 5 6 15
C 2 5 402 5 6 4 1 4 13 16
C 2 5 403 5 5 4 1 5 6 16
C 2 5 404 5 8 8 1 2 11 23
C 2 5 405 5 7 8 1 3 9 23
C 2 5 406 4 4 2 1 3 9 10
C 2 5 407 4 4 7 1 2 5 15
C 2 5 408 6 8 11 2 2 12 29
C 2 5 409 6 7 11 2 3 6 29
C 2 5 410 4 4 6 2 1 13 14
C 2 5 411 6 7 12 3 4 5 31
C 2 5 412 6 12 13 1 2 10 37
C 2 5 413 6 11 13 1 3 10 37
C 2 5 414 6 12 11 1 4 10 38
C 2 5 415 6 12 11 1 4 9 38
C 2 5 416 6 11 11 1 5 11 38
C 2 5 417 5 8 5 2 4 12 24
C 2 5 418 5 7 5 2 5 7 24
C 2 5 419 5 6 4 0 4 7 24
C 2 5 420 5 8 6 1 4 12 24
C 2 5 421 5 8 5 1 5 7 24
C 2 5 422 5 9 6 1 4 12 24
C 2 5 423 5 9 5 1 5 7 24
C 2 5 424 5 6 6 0 4 8 26
C 2 5 425 5 9 6 1 4 12 26
C 2 5 426 5 8 6 1 5 8 26
C 2 5 427 5 10 6 1 4 12 26
C 2 5 428 5 9 6 1 5 8 26
C 2 5 429 5 10 6 1 4 12 26
C 2 5 430 5 9 6 1 5 8 26
C 2 5 431 5 9 6 1 5 12 27
C 2 5 432 5 8 6 1 6 8 27
C 2 5 433 5 10 5 1 5 12 27
C 2 5 434 5 9 6 1 5 13 27
C 2 5 435 5 9 5 1 6 8 27
C 2 5 436 5 6 6 0 4 8 27
C 2 5 437 6 9 12 0 4 8 42
C 2 5 438 5 5 3 0 4 6 15
C 2 5 439 5 5 4 0 4 6 16
C 2 5 440 5 5 4 0 4 7 19
C 2 5 441 5 5 5 0 4 7 20
C 2 5 442 5 11 9 1 4 11 27
C 2 5 443 5 10 10 1 4 12 27
C 2 5 444 5 10 9 1 5 8 27
C 2 5 445 3 3 0 0 3 10 6
C 2 5 446 4 5 4 0 3 13 15
C 2 5 447 5 6 3 0 4 10 14
C 2 5 448 5 6 8 0 4 6 19
C 2 5 449 6 8 12 1 4 5 33
C 2 5 450 6 9 13 2 5 6 35
C 2 5 451 6 12 14 0 3 10 41
C 2 5 452 6 11 15 0 3 12 41
C 2 5 453 6 11 14 0 4 9 41
C 2 5 454 6 14 12 1 4 10 42
C 2 5 455 6 13 13 1 4 12 42
C 2 5 456 6 13 12 1 5 9 42
C 2 5 457 6 13 12 1 5 8 42
C 2 5 458 6 12 13 1 5 13 42
C 2 5 459 6 12 12 1 6 12 42
C 2 5 460 5 8 6 2 4 12 25
C 2 5 461 5 7 6 2 5 7 25
C 2 5 462 5 9 5 3 5 12 25
C 2 5 463 5 8 6 3 5 12 25
C 2 5 464 5 8 5 3 6 7 25
C 2 5 465 5 9 5 3 5 12 25
C 2 5 466 5 8 6 3 5 12 25
C 2 5 467 5 8 5 3 6 7 25
C 2 5 468 5 7 8 2 2 12 27
C 2 5 469 5 6 8 2 3 8 27
C 2 5 470 5 9 6 3 3 12 27
C 2 5 471 5 8 7 3 3 13 27
C 2 5 472 5 8 6 3 4 8 27
C 2 5 473 5 9 6 3 3 12 27
C 2 5 474 5 8 6 3 4 8 27
C 2 5 475 5 9 6 3 3 12 27
C 2 5 476 5 8 6 3 4 8 27
C 2 5 477 5 8 6 3 4 12 28
C 2 5 478 5 7 6 3 5 8 28
C 2 5 479 5 9 5 3 4 12 28
C 2 5 480 5 8 5 3 5 8 28
C 2 5 481 5 6 8 2 3 8 28
C 2 5 482 6 10 14 2 3 8 43
C 2 5 483 5 5 3 2 4 12 16
C 2 5 484 5 4 4 2 4 11 16
C 2 5 485 5 4 3 2 5 6 16
C 2 5 486 5 4 4 2 5 6 17
C 2 5 487 4 4 3 2 4 12 13
C 2 5 488 5 4 4 2 5 7 20
C 2 5 489 5 4 5 2 5 7 21
C 2 5 490 5 9 9 3 3 11 28
C 2 5 491 5 8 10 3 3 12 28
C 2 5 492 5 8 9 3 4 8 28
C 2 5 493 4 3 1 0 3 10 7
C 2 5 494 4 2 3 2 2 13 9
C 2 5 495 5 4 3 2 3 10 15
C 2 5 496 5 5 8 2 2 12 20
C 2 5 497 5 4 8 2 3 6 20
C 2 5 498 6 5 11 2 3 5 34
C 2 5 499 6 6 12 2 3 6 36
C 2 5 500 6 12 14 2 2 10 42
C 2 5 501 6 11 15 2 2 12 42
C 2 5 502 6 11 14 2 3 9 42
C 2 5 503 6 14 12 3 3 10 43
C 2 5 504 6 13 13 3 3 12 43
C 2 5 505 6 13 12 3 4 9 43
C 2 5 506 6 13 12 3 4 8 43
C 2 5 507 6 12 13 3 4 13 43
C 2 5 508 6 12 12 3 5 12 43
C 2 5 509 5 8 5 1 5 7 25
C 2 5 510 5 9 5 1 5 7 25
C 2 5 511 5 6 7 0 4 8 27
C 2 5 512 5 9 7 1 4 12 27
C 2 5 513 5 8 7 1 5 8 27
C 2 5 514 5 10 7 1 4 12 27
C 2 5 515 5 9 7 1 5 8 27
C 2 5 516 5 10 7 1 4 12 27
C 2 5 517 5 9 7 1 5 8 27
C 2 5 518 5 9 7 1 5 12 28
C 2 5 519 5 8 7 1 6 8 28
C 2 5 520 5 10 6 1 5 12 28
C 2 5 521 5 9 6 1 6 8 28
C 2 5 522 5 6 7 0 4 8 28
C 2 5 523 6 9 13 0 4 8 43
C 2 5 524 4 5 4 1 3 11 13
C 2 5 525 5 5 4 0 4 6 16
C 2 5 526 5 5 4 0 4 6 17
C 2 5 527 5 6 5 0 3 12 20
C 2 5 528 4 4 3 1 2 12 10
C 2 5 529 5 5 5 0 4 7 20
C 2 5 530 5 5 6 0 4 7 21
C 2 5 531 5 11 10 1 4 11 28
C 2 5 532 5 10 10 1 5 8 28
C 2 5 533 5 6 5 0 3 13 15
C 2 5 534 5 6 4 0 4 10 15
C 2 5 535 5 6 9 0 4 6 20
C 2 5 536 6 8 13 1 4 5 34
C 2 5 537 6 9 14 2 5 6 36
C 2 5 538 6 12 15 0 3 10 42
C 2 5 539 6 11 15 0 4 9 42
C 2 5 540 6 14 13 1 4 10 43
C 2 5 541 6 13 13 1 5 9 43
C 2 5 542 6 12 14 1 5 13 43
C 2 5 543 6 12 13 1 6 12 43
C 2 5 544 5 7 5 1 4 12 25
C 2 5 545 4 3 5 0 1 13 12
C 2 5 546 5 8 8 1 5 8 27
C 2 5 547 5 7 5 1 4 8 27
C 2 5 548 5 9 6 1 4 12 27
C 2 5 549 5 8 6 1 5 8 27
C 2 5 550 5 9 6 1 5 8 27
C 2 5 551 5 6 5 1 5 8 28
C 2 5 552 5 7 4 1 5 8 28
C 2 5 553 5 8 9 1 4 13 28
C 2 5 554 5 8 8 1 5 8 28
C 2 5 555 6 11 15 1 4 13 43
C 2 5 556 6 11 14 1 5 8 43
C 2 5 557 5 5 3 1 4 6 16
C 2 5 558 5 5 3 1 4 6 17
C 2 5 559 5 6 4 1 5 7 20
C 2 5 560 5 6 5 1 5 7 21
C 2 5 561 5 10 9 1 4 11 28
C 2 5 562 5 9 10 1 4 12 28
C 2 5 563 5 9 9 1 5 8 28
C 2 5 564 5 6 3 1 5 10 15
C 2 5 565 5 6 8 1 4 6 20
C 2 5 566 6 9 12 2 5 5 34
C 2 5 567 6 9 13 3 6 6 36
C 2 5 568 6 14 14 1 4 10 42
C 2 5 569 6 13 15 1 4 12 42
C 2 5 570 6 13 14 1 5 9 42
C 2 5 571 6 14 13 1 5 12 43
C 2 5 572 6 14 12 1 6 9 43
C 2 5 573 6 14 12 1 6 8 43
C 2 5 574 6 13 12 1 7 12 43
C 2 5 575 5 10 8 1 4 12 27
C 2 5 576 5 9 8 1 5 8 27
C 2 5 577 5 9 6 1 4 12 27
C 2 5 578 5 8 6 1 5 8 27
C 2 5 579 5 7 5 1 4 8 27
C 2 5 580 5 9 6 1 5 8 27
C 2 5 581 5 9 9 1 4 13 28
C 2 5 582 5 9 8 1 5 8 28
C 2 5 583 6 12 15 1 4 13 43
C 2 5 584 6 12 14 1 5 8 43
C 2 5 585 5 5 4 1 3 11 16
C 2 5 586 5 5 3 1 4 6 16
C 2 5 587 5 5 3 1 4 6 17
C 2 5 588 5 7 4 1 4 12 20
C 2 5 589 5 6 5 1 4 12 20
C 2 5 590 5 6 4 1 5 7 20
C 2 5 591 5 6 5 1 5 7 21
C 2 5 592 5 10 9 1 4 11 28
C 2 5 593 5 9 9 1 5 8 28
C 2 5 594 5 6 3 1 5 10 15
C 2 5 595 5 6 8 1 4 6 20
C 2 5 596 6 9 12 2 5 5 34
C 2 5 597 6 9 13 3 6 6 36
C 2 5 598 6 15 14 1 4 10 42
C 2 5 599 6 14 14 1 5 9 42
C 2 5 600 6 16 12 1 5 10 43
C 2 5 601 6 15 13 1 5 12 43
C 2 5 602 6 15 12 1 6 9 43
C 2 5 603 6 15 12 1 6 8 43
C 2 5 604 6 14 13 1 6 13 43
C 2 5 605 6 14 12 1 7 12 43
C 2 5 606 5 8 9 1 2 13 29
C 2 5 607 5 7 9 1 3 7 29
C 2 5 608 5 9 9 1 2 13 29
C 2 5 609 5 8 9 1 3 7 29
C 2 5 610 5 9 9 1 2 13 29
C 2 5 611 5 8 9 1 3 7 29
C 2 5 612 5 8 9 1 3 13 30
C 2 5 613 5 7 9 1 4 7 30
C 2 5 614 5 9 8 1 3 13 30
C 2 5 615 5 8 8 1 4 7 30
C 2 5 616 3 3 3 0 1 13 7
C 2 5 617 5 5 10 0 1 13 30
C 2 5 618 5 5 9 0 2 7 30
C 2 5 619 4 5 8 0 1 13 15
C 2 5 620 6 9 14 0 2 7 45
C 2 5 621 4 4 5 0 3 12 12
C 2 5 622 5 5 6 0 4 7 18
C 2 5 623 5 6 7 0 3 12 19
C 2 5 624 5 5 7 0 4 7 19
C 2 5 625 5 5 7 0 4 6 22
C 2 5 626 5 6 8 0 3 13 23
C 2 5 627 5 5 8 0 4 6 23
C 2 5 628 5 10 12 1 2 11 30
C 2 5 629 5 9 12 1 3 9 30
C 2 5 630 5 5 6 0 2 9 17
C 2 5 631 5 6 10 0 2 13 22
C 2 5 632 4 4 8 1 1 11 15
C 2 5 633 5 5 10 0 2 5 22
C 2 5 634 6 8 15 1 1 12 36
C 2 5 635 6 7 15 1 2 6 36
C 2 5 636 6 9 16 2 2 13 38
C 2 5 637 6 8 17 2 2 11 38
C 2 5 638 6 8 16 2 3 5 38
C 2 5 639 6 9 15 0 2 10 44
C 2 5 640 6 12 15 1 3 10 45
C 2 5 641 6 12 15 1 3 9 45
C 2 5 642 6 11 15 1 4 11 45
C 2 5 643 5 7 6 1 2 13 29
C 2 5 644 5 6 6 1 3 7 29
C 2 5 645 5 7 6 1 3 7 29
C 2 5 646 5 7 5 1 2 13 22
C 2 5 647 5 6 6 1 3 7 30
C 2 5 648 5 7 5 1 3 7 30
C 2 5 649 5 8 9 1 2 13 30
C 2 5 650 5 7 9 1 3 7 30
C 2 5 651 6 11 15 1 3 7 45
C 2 5 652 5 7 4 1 3 12 18
C 2 5 653 5 6 4 1 4 7 18
C 2 5 654 5 7 5 1 3 12 19
C 2 5 655 5 6 5 1 4 7 19
C 2 5 656 5 8 5 1 4 13 22
C 2 5 657 5 7 5 1 5 6 22
C 2 5 658 5 8 6 1 4 13 23
C 2 5 659 5 7 6 1 5 6 23
C 2 5 660 5 10 10 1 2 11 30
C 2 5 661 5 9 10 1 3 9 30
C 2 5 662 5 6 4 1 3 9 17
C 2 5 663 5 6 9 1 2 5 22
C 2 5 664 6 10 13 2 2 12 36
C 2 5 665 6 9 13 2 3 6 36
C 2 5 666 6 10 14 3 3 13 38
C 2 5 667 6 9 14 3 4 5 38
C 2 5 668 6 12 15 1 2 10 44
C 2 5 669 6 11 15 1 3 10 44
C 2 5 670 6 12 12 1 4 10 45
C 2 5 671 6 12 12 1 4 9 45
C 2 5 672 6 11 12 1 5 11 45
C 2 5 673 5 6 6 1 3 7 30
C 2 5 674 5 7 5 1 3 7 30
C 2 5 675 5 9 9 1 2 13 30
C 2 5 676 5 8 9 1 3 7 30
C 2 5 677 6 12 15 1 3 7 45
C 2 5 678 5 7 4 1 3 12 18
C 2 5 679 5 6 4 1 4 7 18
C 2 5 680 5 7 5 1 3 12 19
C 2 5 681 5 6 5 1 4 7 19
C 2 5 682 5 8 5 1 4 13 22
C 2 5 683 5 7 5 1 5 6 22
C 2 5 684 5 8 6 1 4 13 23
C 2 5 685 5 7 6 1 5 6 23
C 2 5 686 5 9 10 1 3 9 30
C 2 5 687 5 6 4 1 3 9 17
C 2 5 688 5 6 9 1 2 5 22
C 2 5 689 6 10 13 2 2 12 36
C 2 5 690 6 9 13 2 3 6 36
C 2 5 691 6 10 14 3 3 13 38
C 2 5 692 6 9 14 3 4 5 38
C 2 5 693 6 13 15 1 2 10 44
C 2 5 694 6 12 15 1 3 10 44
C 2 5 695 6 13 12 1 4 10 45
C 2 5 696 6 13 12 1 4 9 45
C 2 5 697 6 12 12 1 5 11 45
C 2 5 698 5 8 7 1 4 7 30
C 2 5 699 5 9 6 1 4 7 30
C 2 5 700 5 9 9 1 2 13 30
C 2 5 701 5 8 9 1 3 7 30
C 2 5 702 6 12 15 1 3 7 45
C 2 5 703 5 7 4 1 3 12 18
C 2 5 704 5 6 4 1 4 7 18
C 2 5 705 5 7 5 1 3 12 19
C 2 5 706 5 6 5 1 4 7 19
C 2 5 707 5 8 5 1 4 13 22
C 2 5 708 5 7 5 1 5 6 22
C 2 5 709 5 8 6 1 4 13 23
C 2 5 710 5 7 6 1 5 6 23
C 2 5 711 5 7 9 1 2 9 30
C 2 5 712 5 6 4 1 3 9 17
C 2 5 713 5 6 9 1 2 5 22
C 2 5 714 6 10 13 2 2 12 36
C 2 5 715 6 9 13 2 3 6 36
C 2 5 716 6 9 14 3 4 5 38
C 2 5 717 6 12 15 1 2 10 44
C 2 5 718 6 11 15 1 3 10 44
C 2 5 719 6 12 12 1 4 10 45
C 2 5 720 6 12 12 1 4 9 45
C 2 5 721 6 11 12 1 5 11 45
C 2 5 722 5 8 9 1 3 13 31
C 2 5 723 5 7 9 1 4 7 31
C 2 5 724 6 11 15 1 4 7 46
C 2 5 725 5 6 4 1 4 12 19
C 2 5 726 5 5 4 1 5 7 19
C 2 5 727 5 5 5 1 5 7 20
C 2 5 728 5 7 5 1 5 13 23
C 2 5 729 5 6 5 1 6 6 23
C 2 5 730 5 7 6 1 5 13 24
C 2 5 731 5 6 6 1 6 6 24
C 2 5 732 5 9 10 1 3 11 31
C 2 5 733 5 8 10 1 4 9 31
C 2 5 734 5 5 4 1 4 9 18
C 2 5 735 5 5 9 1 3 5 23
C 2 5 736 6 9 13 2 3 12 37
C 2 5 737 6 8 13 2 4 6 37
C 2 5 738 6 9 14 3 4 13 39
C 2 5 739 6 8 14 3 5 5 39
C 2 5 740 6 13 15 1 3 10 45
C 2 5 741 6 12 15 1 4 10 45
C 2 5 742 6 13 13 1 5 10 46
C 2 5 743 6 13 13 1 5 9 46
C 2 5 744 6 12 13 1 6 11 46
C 2 5 745 5 9 8 1 3 13 31
C 2 5 746 5 8 8 1 4 7 31
C 2 5 747 6 12 14 1 4 7 46
C 2 5 748 5 7 3 1 4 12 19
C 2 5 749 5 6 4 1 4 12 19
C 2 5 750 5 6 3 1 5 7 19
C 2 5 751 5 6 4 1 5 7 20
C 2 5 752 5 8 4 1 5 13 23
C 2 5 753 5 7 4 1 6 6 23
C 2 5 754 5 7 5 1 6 6 24
C 2 5 755 5 10 9 1 3 11 31
C 2 5 756 5 9 9 1 4 9 31
C 2 5 757 5 6 3 1 4 9 18
C 2 5 758 5 6 8 1 3 5 23
C 2 5 759 6 10 12 2 3 12 37
C 2 5 760 6 9 12 2 4 6 37
C 2 5 761 6 10 13 3 4 13 39
C 2 5 762 6 9 13 3 5 5 39
C 2 5 763 6 14 14 1 3 10 45
C 2 5 764 6 13 14 1 4 10 45
C 2 5 765 6 14 12 1 5 10 46
C 2 5 766 6 14 12 1 5 9 46
C 2 5 767 6 13 12 1 6 11 46
C 2 5 768 5 5 8 0 2 7 23
C 2 5 769 5 5 7 0 3 12 19
C 2 5 770 5 5 6 0 4 7 19
C 2 5 771 5 5 8 0 3 12 20
C 2 5 772 5 5 7 0 4 7 20
C 2 5 773 5 5 7 0 4 6 23
C 2 5 774 5 5 8 0 4 6 24
C 2 5 775 5 10 11 1 2 11 31
C 2 5 776 5 9 11 1 3 9 31
C 2 5 777 5 5 6 0 2 9 18
C 2 5 778 5 5 10 0 2 5 23
C 2 5 779 6 8 14 1 1 12 37
C 2 5 780 6 7 14 1 2 6 37
C 2 5 781 6 9 15 2 2 13 39
C 2 5 782 6 8 15 2 3 5 39
C 2 5 783 6 11 16 0 1 10 45
C 2 5 784 6 10 16 0 2 10 45
C 2 5 785 6 12 14 1 3 10 46
C 2 5 786 6 12 14 1 3 9 46
C 2 5 787 6 11 14 1 4 11 46
C 2 5 788 6 8 13 0 3 12 34
C 2 5 789 6 8 12 0 4 7 34
C 2 5 790 6 8 14 0 3 12 35
C 2 5 791 6 8 13 0 4 7 35
C 2 5 792 6 8 13 0 4 6 38
C 2 5 793 6 8 14 0 4 6 39
C 2 5 794 6 13 15 1 3 9 46
C 2 5 795 6 9 12 0 2 9 33
C 2 5 796 6 8 12 0 2 5 38
C 2 5 797 6 11 18 1 2 6 52
C 2 5 798 6 12 19 2 3 5 54
C 2 5 799 6 14 20 0 1 13 60
C 2 5 800 6 14 19 0 2 10 60
C 2 5 801 6 16 18 1 3 10 61
C 2 5 802 6 15 18 1 4 11 61
C 2 5 803 2 2 0 1 0 7 3
C 2 5 804 4 2 2 0 4 8 11
C 2 5 805 5 3 2 0 4 8 13
C 2 5 806 5 7 7 1 3 11 19
C 2 5 807 5 6 8 1 3 11 19
C 2 5 808 5 6 7 1 4 7 19
C 2 5 809 3 2 0 0 4 9 6
C 2 5 810 4 2 6 0 3 7 11
C 2 5 811 6 5 10 1 4 6 25
C 2 5 812 6 5 11 2 5 7 27
C 2 5 813 5 6 9 0 3 11 19
C 2 5 814 6 10 12 0 4 8 33
C 2 5 815 6 12 11 1 4 11 34
C 2 5 816 6 12 10 1 5 8 34
C 2 5 817 6 12 10 1 5 8 34
C 2 5 818 6 11 11 1 5 12 34
C 2 5 819 6 11 10 1 6 11 34
C 2 5 820 4 3 3 1 3 11 10
C 2 5 821 4 2 3 0 4 8 12
C 2 5 822 4 2 2 1 2 8 10
C 2 5 823 5 7 8 1 3 11 20
C 2 5 824 5 6 9 1 3 11 20
C 2 5 825 5 6 8 1 4 7 20
C 2 5 826 4 2 1 0 4 9 7
C 2 5 827 4 2 7 0 3 7 12
C 2 5 828 6 5 11 1 4 6 26
C 2 5 829 6 5 12 2 5 7 28
C 2 5 830 6 11 13 0 3 10 34
C 2 5 831 6 10 13 0 4 8 34
C 2 5 832 6 12 11 1 5 8 35
C 2 5 833 6 12 11 1 5 8 35
C 2 5 834 6 11 12 1 5 12 35
C 2 5 835 6 11 11 1 6 11 35
C 2 5 836 4 4 4 0 2 7 13
C 2 5 837 5 8 8 1 4 11 23
C 2 5 838 5 7 8 1 5 8 23
C 2 5 839 4 3 2 0 4 8 10
C 2 5 840 4 3 7 0 4 6 15
C 2 5 841 6 6 11 1 3 11 29
C 2 5 842 6 5 11 1 4 7 29
C 2 5 843 6 6 12 2 5 6 31
C 2 5 844 6 11 13 0 3 10 37
C 2 5 845 6 10 13 0 4 9 37
C 2 5 846 6 12 11 1 5 9 38
C 2 5 847 6 12 11 1 5 9 38
C 2 5 848 6 11 11 1 6 10 38
C 2 5 849 5 8 9 1 4 11 24
C 2 5 850 5 7 9 1 5 8 24
C 2 5 851 5 3 3 0 4 8 11
C 2 5 852 5 3 8 0 4 6 16
C 2 5 853 6 5 12 1 4 7 30
C 2 5 854 6 6 13 2 5 6 32
C 2 5 855 6 10 14 0 4 9 38
C 2 5 856 6 12 12 1 5 9 39
C 2 5 857 6 11 12 1 6 10 39
C 2 5 858 3 3 2 1 1 9 7
C 2 5 859 5 6 7 1 3 11 18
C 2 5 860 4 4 7 1 2 7 15
C 2 5 861 6 8 11 2 3 6 37
C 2 5 862 6 8 12 3 4 7 39
C 2 5 863 6 12 14 1 2 11 45
C 2 5 864 6 12 13 1 3 8 45
C 2 5 865 6 13 12 1 3 11 46
C 2 5 866 6 13 11 1 4 8 46
C 2 5 867 6 13 11 1 4 7 46
C 2 5 868 6 12 11 1 5 13 46
C 2 5 869 4 2 6 0 2 7 10
C 2 5 870 6 6 10 1 1 10 24
C 2 5 871 6 5 10 1 2 8 24
C 2 5 872 6 4 11 2 3 7 26
C 2 5 873 5 7 7 0 1 12 21
C 2 5 874 6 10 12 0 2 10 32
C 2 5 875 5 8 4 1 2 12 21
C 2 5 876 6 12 10 1 3 10 33
C 2 5 877 6 11 11 1 3 11 33
C 2 5 878 6 11 10 1 4 9 33
C 2 5 879 6 5 12 1 2 8 29
C 2 5 880 6 5 13 2 3 7 31
C 2 5 881 6 10 13 0 2 8 37
C 2 5 882 6 12 12 1 3 8 38
C 2 5 883 6 11 12 1 4 9 38
C 2 5 884 6 6 12 2 3 8 45
C 2 5 885 6 11 16 1 2 7 51
C 2 5 886 6 13 14 2 3 7 52
C 2 5 887 6 12 14 2 4 10 52
C 2 5 888 6 12 17 2 3 8 53
C 2 5 889 6 14 15 3 4 8 54
C 2 5 890 6 13 15 3 5 9 54
C 2 5 891 6 14 14 1 2 10 60
C 2 5 892 4 5 8 0 1 10 15
C 2 5 893 6 13 14 1 3 7 60
C 2 5 894 5 6 4 1 3 7 19
C 2 5 895 6 12 15 1 3 12 60
C 2 5 896 6 12 14 1 4 12 60
C 2 5 897 3 1 2 0 1 12 4
M 2 5 5 5 3 2 2
M 2 5 4 1 1 3 1
M 2 5 5 3 3 3 2
M 2 5 5 2 3 1 3
M 2 5 4 1 1 1 2
M 2 5 2 0 1 1 1
M 2 5 6 4 11 3 2
M 2 5 6 9 12 1 1
M 2 5 6 10 10 2 3
M 2 5 6 6 10 2 5
M 2 5 6 5 11 2 3
M 2 5 6 8 16 2 3
M 2 5 6 8 14 3 5
M 2 5 6 8 15 2 3
M 2 5 6 12 19 2 3
M 2 5 4 2 2 2 4
M 2 5 4 2 0 1 4
M 2 5 4 3 6 1 4
M 2 5 5 5 3 0 4
M 2 5 6 9 13 2 5
M 2 5 5 4 8 2 3
M 2 5 6 9 14 2 5
M 2 5 5 6 5 1 6
M 2 5 6 8 13 2 4
M 2 5 5 7 4 1 6
M 2 5 6 9 12 2 4
M 2 5 6 8 14 0 4
M 2 5 6 11 18 1 2
M 2 5 4 3 7 0 4
M 2 5 6 6 12 2 5
M 2 5 6 13 14 2 3
M 2 5 0 0 0 0 0
M 2 5 5 6 4 2 5
M 2 5 4 3 3 2 5
M 2 5 5 5 3 2 5
M 2 5 5 3 3 1 5
M 2 5 5 5 6 1 4
M 2 5 2 3 0 0 0
M 2 5 5 4 4 1 3
M 2 5 5 7 5 2 5
M 2 5 5 7 6 2 5
M 2 5 5 4 5 2 5
M 2 5 5 5 9 0 2
M 2 5 5 8 7 1 4
M 2 5 6 8 12 3 4
M 2 5 6 5 12 1 4
M 2 5 4 2 6 0 3
M 2 5 6 14 15 3 4
M 2 5 5 7 9 1 5
M 2 5 5 5 5 3 4
M 2 5 5 6 8 3 3
M 2 5 5 6 4 2 6
M 2 5 6 9 12 1 5
M 2 5 5 7 7 2 5
M 2 5 6 10 13 0 2
M 2 5 5 9 5 1 6
M 2 5 6 9 12 0 4
M 2 5 5 10 9 1 5
M 2 5 5 8 5 3 5
M 2 5 5 8 9 3 4
M 2 5 5 8 7 1 6
M 2 5 6 9 13 0 4
M 2 5 6 11 14 1 5
M 2 5 4 2 3 0 4
M 2 5 6 13 15 3 5
M 2 5 3 2 0 0 4
M 2 5 6 13 10 2 6
M 2 5 6 11 14 0 4
M 2 5 6 11 15 0 4
M 2 5 6 14 14 1 5
M 2 5 6 11 10 1 4
M 2 5 5 7 9 1 2
M 2 5 5 5 4 1 4
M 2 5 6 10 14 0 4
M 2 5 5 4 10 1 1
M 2 5 5 9 12 0 1
M 2 5 5 11 10 1 2
M 2 5 6 12 14 2 4
M 2 5 4 3 1 2 2
M 2 5 6 5 11 2 2
M 2 5 6 13 11 3 3
M 2 5 4 3 0 1 5
M 2 5 6 13 11 1 3
M 2 5 6 6 10 1 1
M 2 5 5 6 3 0 4
M 2 5 6 14 12 1 4
M 2 5 6 16 18 1 3
M 2 5 4 3 1 0 3
M 2 5 6 12 14 2 2
M 2 5 6 14 19 0 2
M 2 5 6 12 15 0 3
M 2 5 6 14 14 1 4
M 2 5 6 16 12 1 5
M 2 5 6 13 15 1 2
M 2 5 2 1 0 0 2
M 2 5 4 5 7 1 1
M 2 5 3 1 6 0 0
M 2 5 6 11 10 1 6
M 2 5 4 2 2 2 3
M 2 5 5 7 8 3 2
M 2 5 5 6 9 0 3
M 2 5 5 10 11 1 2
M 2 5 4 3 3 1 3
M 2 5 6 13 12 1 6
M 2 5 6 15 18 1 4
M 2 5 5 9 9 3 3
M 2 5 5 11 10 1 4
M 2 5 5 10 12 1 2
M 2 5 4 4 8 1 1
M 2 5 5 10 10 1 2
M 2 5 3 1 1 2 1
M 2 5 4 5 3 0 3
M 2 5 3 2 2 0 3
M 2 5 5 7 3 1 4
M 2 5 4 4 4 2 2
M 2 5 5 6 5 2 4
M 2 5 4 5 4 2 2
M 2 5 5 3 4 2 4
M 2 5 6 8 14 1 1
M 2 5 6 10 14 2 2
M 2 5 6 11 11 3 5
M 2 5 5 7 7 0 1
M 2 5 5 5 8 0 3
M 2 5 6 13 11 2 5
M 2 5 4 4 3 0 3
M 2 5 5 8 5 2 4
M 2 5 5 10 10 1 4
M 2 5 6 11 15 0 3
M 2 5 6 12 12 1 6
M 2 5 5 7 8 2 2
M 2 5 5 5 3 2 4
M 2 5 5 8 10 3 3
M 2 5 6 13 13 3 3
M 2 5 5 9 7 1 4
M 2 5 6 10 12 2 3
M 2 5 5 8 4 1 2
M 2 5 6 13 15 1 4
M 2 5 6 13 12 1 7
M 2 5 6 15 13 1 5
M 2 5 4 4 5 0 3
M 2 5 4 4 4 1 2
M 2 5 5 8 12 0 1
M 2 5 5 5 6 3 3
M 2 5 4 2 2 2 2
M 2 5 3 3 3 1 0
M 2 5 6 9 13 1 4
M 2 5 4 3 1 1 4
M 2 5 6 12 11 2 6
M 2 5 4 3 3 1 4
M 2 5 4 5 4 1 2
M 2 5 4 7 4 1 2
M 2 5 5 7 7 1 2
M 2 5 5 7 10 1 2
M 2 5 6 9 16 2 2
M 2 5 5 8 7 3 3
M 2 5 6 10 13 3 4
M 2 5 6 12 13 3 4
M 2 5 6 14 20 0 1
M 2 5 4 2 3 1 1
M 2 5 5 4 4 2 2
M 2 5 5 5 3 2 3
M 2 5 4 2 2 1 3
M 2 5 5 5 7 2 1
M 2 5 6 4 10 2 1
M 2 5 6 8 12 0 2
M 2 5 5 5 9 1 3
M 2 5 6 6 13 2 3
M 2 5 5 5 10 0 2
M 2 5 6 8 13 1 4
M 2 5 5 7 5 1 6
M 2 5 5 5 8 0 4
M 2 5 4 2 1 2 4
M 2 5 6 8 11 2 3
M 2 5 6 5 10 1 4
M 2 5 6 6 11 2 5
M 2 5 5 3 5 0 4
M 2 5 6 7 15 1 2
M 2 5 5 4 3 2 5
M 2 5 6 13 14 1 3
M 2 5 6 11 16 1 2
M 2 5 5 3 3 2 3
M 2 5 5 3 4 2 5
M 2 5 6 4 11 2 3
M 2 5 4 3 2 1 5
M 2 5 4 4 4 0 2
M 2 5 5 7 9 1 4
M 2 5 5 5 3 1 2
M 2 5 6 10 13 1 3
M 2 5 5 5 5 0 4
M 2 5 4 2 6 0 2
M 2 5 6 5 12 2 5
M 2 5 5 8 5 3 6
M 2 5 6 5 11 1 4
M 2 5 6 8 12 0 4
M 2 5 5 9 8 1 5
M 2 5 6 12 17 2 3
M 2 5 5 3 3 0 4
M 2 5 5 5 7 2 3
M 2 5 5 9 9 1 5
M 2 5 4 3 2 0 4
M 2 5 5 6 6 1 5
M 2 5 5 7 3 2 6
M 2 5 5 7 8 1 5
M 2 5 5 6 5 0 4
M 2 5 5 8 6 1 6
M 2 5 4 2 2 0 4
M 2 5 5 6 8 2 3
M 2 5 6 10 14 2 3
M 2 5 6 6 12 2 3
M 2 5 6 14 12 1 6
M 2 5 6 12 11 3 4
M 2 5 5 6 3 1 4
M 2 5 5 9 12 1 3
M 2 5 6 13 14 1 5
M 2 5 6 10 13 0 4
M 2 5 4 2 1 0 4
M 2 5 6 13 12 1 5
M 2 5 6 11 14 2 3
M 2 5 6 12 15 1 2
M 2 5 6 12 10 1 3
M 2 5 6 14 14 1 2
M 2 5 6 13 15 1 3
M 2 5 4 2 1 2 3
M 2 5 6 11 13 2 2
M 2 5 6 12 14 1 3
M 2 5 6 14 10 2 5
M 2 5 6 10 14 0 2
M 2 5 6 13 13 1 2
M 2 5 6 9 15 0 2
M 2 5 5 6 4 0 4
M 2 5 6 14 12 1 5
M 2 5 6 13 14 1 4
M 2 5 6 14 14 1 3
M 2 5 6 11 12 1 6
M 2 5 5 4 11 2 2
M 2 5 6 6 11 1 3
M 2 5 6 11 11 1 3
M 2 5 4 2 8 2 1
M 2 5 5 8 7 2 4
M 2 5 5 10 9 1 4
M 2 5 6 11 11 1 6
M 2 5 2 1 2 0 0
M 2 5 5 8 8 1 2
M 2 5 5 11 9 1 4
M 2 5 3 2 0 1 3
M 2 5 4 3 3 2 2
M 2 5 5 8 6 3 5
M 2 5 6 12 14 1 4
M 2 5 5 10 6 1 5
M 2 5 5 9 5 3 5
M 2 5 5 6 6 2 4
M 2 5 5 6 5 3 4
M 2 5 4 4 3 2 4
M 2 5 4 3 4 2 4
M 2 5 5 10 7 1 4
M 2 5 5 8 6 2 4
M 2 5 6 14 13 1 5
M 2 5 6 11 15 2 2
M 2 5 5 8 3 2 5
M 2 5 6 12 12 3 5
M 2 5 5 7 8 2 4
M 2 5 6 12 10 2 7
M 2 5 6 8 14 0 3
M 2 5 6 6 12 1 1
M 2 5 6 13 13 1 4
M 2 5 5 9 5 1 4
M 2 5 5 5 7 0 3
M 2 5 3 2 3 0 1
M 2 5 4 4 6 0 1
M 2 5 4 5 3 1 2
M 2 5 6 9 15 2 2
M 2 5 6 12 15 1 4
M 2 5 6 10 14 3 3
M 2 5 4 3 5 2 2
M 2 5 5 7 5 2 4
M 2 5 5 6 6 3 2
M 2 5 6 9 14 2 2
M 2 5 6 12 14 1 5
M 2 5 5 6 10 0 2
M 2 5 3 3 3 0 1
M 2 5 6 12 13 1 5
M 2 5 5 7 6 1 2
M 2 5 4 6 5 1 2
M 2 5 4 4 4 0 3
M 2 5 6 7 13 2 2
M 2 5 5 8 6 1 2
M 2 5 4 4 3 1 2
M 2 5 4 3 2 2 1
M 2 5 5 6 9 1 2
M 2 5 4 5 3 1 5
M 2 5 5 5 6 0 4
M 2 5 6 9 14 0 2
M 2 5 4 4 3 1 4
M 2 5 4 5 2 2 5
M 2 5 6 5 12 1 2
M 2 5 4 4 2 1 3
M 2 5 6 11 15 1 3
M 2 5 5 6 7 1 3
M 2 5 5 8 8 1 4
M 2 5 6 11 12 1 4
M 2 5 6 10 13 2 2
M 2 5 6 11 11 1 5
M 2 5 4 6 2 2 4
M 2 5 6 8 11 2 2
M 2 5 5 7 4 1 4
M 2 5 4 3 5 0 1
M 2 5 5 5 8 2 2
M 2 5 5 6 7 1 4
M 2 5 5 8 4 1 5
M 2 5 5 4 6 1 1
M 2 5 6 8 12 1 1
M 2 5 4 1 6 1 0
M 2 5 6 11 10 2 2
M 2 5 6 9 13 3 5
M 2 5 6 9 13 3 6
M 2 5 6 9 12 2 5
M 2 5 5 3 8 0 4
M 2 5 4 2 1 1 4
M 2 5 6 6 13 2 5
M 2 5 5 5 3 1 3
M 2 5 4 3 1 2 4
M 2 5 2 2 0 1 0
M 2 5 6 8 13 0 4
M 2 5 5 6 9 0 4
M 2 5 4 2 7 0 3
M 2 5 5 6 3 2 5
M 2 5 4 4 7 1 2
M 2 5 6 5 13 2 3
M 2 5 4 3 4 0 4
M 2 5 5 8 5 1 5
M 2 5 5 10 10 1 5
M 2 5 5 9 6 1 6
M 2 5 5 7 4 1 5
M 2 5 6 10 12 0 4
M 2 5 4 4 3 1 5
M 2 5 6 5 11 2 5
M 2 5 5 6 7 0 4
M 2 5 6 5 10 1 2
M 2 5 5 6 6 0 4
M 2 5 5 10 10 1 3
M 2 5 5 6 4 1 3
M 2 5 6 10 13 2 3
M 2 5 6 13 12 3 4
M 2 5 6 9 12 0 2
M 2 5 6 12 14 0 3
M 2 5 6 11 16 0 1
M 2 5 6 15 14 1 4
M 2 5 6 10 16 0 2
M 2 5 6 11 13 1 3
M 2 5 6 13 11 1 4
M 2 5 5 6 3 1 5
M 2 5 6 14 13 1 4
M 2 5 4 4 0 1 4
M 2 5 2 1 0 0 1
M 2 5 6 13 12 1 3
M 2 5 5 6 9 1 3
M 2 5 5 4 4 2 4
M 2 5 6 12 14 1 2
M 2 5 6 8 17 2 2
M 2 5 5 10 9 1 3
M 2 5 4 2 3 0 3
M 2 5 5 9 5 3 4
M 2 5 5 10 6 1 4
M 2 5 6 12 13 1 6
M 2 5 5 7 5 3 2
M 2 5 6 8 13 0 3
M 2 5 5 6 9 3 2
M 2 5 5 5 5 2 2
M 2 5 4 3 7 2 1
M 2 5 6 12 12 3 3
M 2 5 4 4 3 1 3
M 2 5 5 9 10 1 4
M 2 5 5 10 5 1 5
M 2 5 4 5 4 0 3
M 2 5 5 8 6 1 4
M 2 5 6 9 14 3 4
M 2 5 5 8 10 1 2
M 2 5 5 7 5 1 2
M 2 5 5 9 9 1 4
M 2 5 5 6 8 0 3
M 2 5 5 9 8 1 3
M 2 5 5 8 9 1 2
M 2 5 5 6 5 2 5
M 2 5 4 5 8 0 1
M 2 5 5 6 6 1 2
M 2 5 6 11 12 3 4
M 2 5 4 6 3 1 2
M 2 5 5 7 4 2 5
M 2 5 5 6 5 1 5
M 2 5 5 6 4 1 5
M 2 5 6 12 11 1 4
M 2 5 5 9 6 1 4
M 2 5 4 5 4 1 3
M 2 5 5 7 6 1 3
M 2 5 6 7 12 3 4
M 2 5 5 6 8 1 4
M 2 5 6 7 11 2 3
M 2 5 4 4 3 3 3
M 2 5 6 13 13 1 5
M 2 5 5 7 8 1 3
M 2 5 6 12 15 1 3
M 2 5 4 5 3 3 2
M 2 5 5 9 6 3 3
M 2 5 4 5 3 1 3
M 2 5 4 6 4 1 2
M 2 5 4 4 4 3 2
M 2 5 4 5 3 2 4
M 2 5 6 11 15 1 4
M 2 5 5 8 7 1 2
M 2 5 5 6 5 3 3
M 2 5 3 1 0 1 2
M 2 5 6 5 10 2 3
M 2 5 6 7 14 1 2
M 2 5 4 3 8 0 2
M 2 5 4 3 3 0 4
M 2 5 5 5 4 1 5
M 2 5 4 2 3 0 2
M 2 5 5 9 5 1 5
M 2 5 5 5 5 1 5
M 2 5 5 3 2 0 4
M 2 5 5 8 8 1 5
M 2 5 4 3 4 2 3
M 2 5 5 7 6 3 5
M 2 5 5 6 4 3 4
M 2 5 6 15 12 1 6
M 2 5 4 3 3 0 2
M 2 5 5 5 6 0 2
M 2 5 6 11 13 0 3
M 2 5 6 12 13 1 2
M 2 5 5 9 11 1 3
M 2 5 3 3 0 0 3
M 2 5 3 1 1 0 2
M 2 5 5 6 8 1 3
M 2 5 6 12 12 1 5
M 2 5 5 6 4 2 4
M 2 5 5 8 6 3 4
M 2 5 6 11 14 1 4
M 2 5 5 8 4 1 4
M 2 5 5 10 8 1 4
M 2 5 5 9 4 1 4
M 2 5 5 7 5 1 4
M 2 5 3 3 2 1 1
M 2 5 5 6 8 0 1
M 2 5 5 6 5 0 3
M 2 5 6 14 13 1 6
M 2 5 5 9 9 1 2
M 2 5 4 5 5 1 2
M 2 5 4 6 3 1 4
M 2 5 5 7 6 1 5
M 2 5 5 6 4 1 4
M 2 5 5 5 8 0 2
M 2 5 5 7 7 1 3
M 2 5 5 8 5 1 2
M 2 5 4 4 2 1 4
M 2 5 5 8 6 1 5
M 2 5 6 12 12 1 3
M 2 5 5 7 4 1 3
M 2 5 4 5 4 1 1
M 2 5 6 12 11 1 5
M 2 5 5 9 7 1 5
M 2 5 5 7 5 1 5
M 2 5 6 8 12 1 4
M 2 5 5 6 6 1 6
M 2 5 5 5 7 0 4
M 2 5 5 4 4 2 5
M 2 5 5 6 6 1 4
M 2 5 4 2 2 1 2
M 2 5 6 12 10 1 5
M 2 5 5 8 10 1 4
M 2 5 6 13 12 1 4
M 2 5 5 4 3 2 3
M 2 5 6 12 13 1 3
M 2 5 5 5 4 1 3
M 2 5 4 4 4 1 3
M 2 5 6 11 13 1 4
M 2 5 6 11 12 1 5
M 2 5 5 6 7 0 3
M 2 5 4 4 6 2 1
M 2 5 4 2 3 2 2
M 2 5 5 7 4 3 4
M 2 5 5 7 5 1 3
M 2 5 6 12 12 1 4
M 2 5 5 5 4 2 1
M 2 5 5 7 9 1 3
M 2 5 5 9 6 1 5
M 2 5 5 8 9 1 3
M 2 5 4 2 0 2 3
M 2 5 5 5 4 0 4
M 2 5 5 6 5 1 3
M 2 5 4 2 7 2 2
M 2 5 3 0 5 0 1
M 2 5 6 14 12 3 3
M 2 5 6 8 15 1 1
M 2 5 4 3 2 2 3
M 2 5 6 14 12 1 7
M 2 5 5 5 10 0 1
M 2 5 5 5 3 1 4
M 2 5 5 6 6 1 3
M 2 5 5 9 10 1 3
M 2 5 5 6 8 0 4
M 2 5 5 4 5 2 3
M 2 5 6 10 12 0 2
M 2 5 4 2 3 2 3
M 2 5 3 1 2 0 1
P 2 5 0 0
P 2 5 1 0
P 2 5 2 1
P 2 5 3 1
P 2 5 4 1
P 2 5 5 1
P 2 5 6 0
P 2 5 7 0
P 2 5 8 0
P 2 5 9 0
P 2 5 10 0
P 2 5 11 0
P 2 5 12 0
P 2 5 13 1
P 2 5 14 1
P 2 5 15 1
P 2 5 16 0
P 2 5 17 0
P 2 5 18 0
P 2 5 19 0
P 2 5 20 1
P 2 5 21 1
P 2 5 22 1
P 2 5 23 1
P 2 5 24 1
P 2 5 25 1
P 2 5 26 0
P 2 5 27 0
P 2 5 28 0
P 2 5 29 0
P 2 5 30 0
P 2 5 31 0
P 2 5 32 0
P 2 5 33 0
P 2 5 34 0
P 2 5 35 0
P 2 5 36 0
P 2 5 37 0
P 2 5 38 0
P 2 5 39 0
P 2 5 40 0
P 2 5 41 0
P 2 5 42 0
P 2 5 43 0
P 2 5 44 0
P 2 5 45 0
P 2 5 46 0
P 2 5 47 0
P 2 5 48 0
P 2 5 49 0
P 2 5 50 0
P 2 5 51 0
P 2 5 52 0
P 2 5 53 0
P 2 5 54 0
P 2 5 55 0
P 2 5 56 0
P 2 5 57 0
P 2 5 58 0
P 2 5 59 0
P 2 5 60 0
P 2 5 61 0
P 2 5 62 0
P 2 5 63 0
P 2 5 64 0
P 2 5 65 0
P 2 5 66 0
P 2 5 67 1
P 2 5 68 0
P 2 5 69 0
P 2 5 70 1
P 2 5 71 0
P 2 5 72 0
P 2 5 73 0
P 2 5 74 0
P 2 5 75 0
P 2 5 76 0
P 2 5 77 0
P 2 5 78 0
P 2 5 79 0
P 2 5 80 0
P 2 5 81 0
P 2 5 82 0
P 2 5 83 0
P 2 5 84 0
P 2 5 85 0
P 2 5 86 0
P 2 5 87 0
P 2 5 88 0
P 2 5 89 0
P 2 5 90 0
P 2 5 91 0
P 2 5 92 0
P 2 5 93 0
P 2 5 94 0
P 2 5 95 0
P 2 5 96 0
P 2 5 97 0
P 2 5 98 0
P 2 5 99 0
P 2 5 100 0
P 2 5 101 0
P 2 5 102 0
P 2 5 103 0
P 2 5 104 0
P 2 5 105 0
P 2 5 106 0
P 2 5 107 0
P 2 5 108 1
P 2 5 109 0
P 2 5 110 0
P 2 5 111 0
P 2 5 112 0
P 2 5 113 0
P 2 5 114 0
P 2 5 115 0
P 2 5 116 0
P 2 5 117 0
P 2 5 118 0
P 2 5 119 0
P 2 5 120 0
P 2 5 121 0
P 2 5 122 0
P 2 5 123 0
P 2 5 124 0
P 2 5 125 0
P 2 5 126 0
P 2 5 127 1
P 2 5 128 0
P 2 5 129 0
P 2 5 130 0
P 2 5 131 0
P 2 5 132 0
P 2 5 133 0
P 2 5 134 0
P 2 5 135 0
P 2 5 136 0
P 2 5 137 0
P 2 5 138 0
P 2 5 139 0
P 2 5 140 0
P 2 5 141 0
P 2 5 142 0
P 2 5 143 0
P 2 5 144 0
P 2 5 145 0
P 2 5 146 0
P 2 5 147 0
P 2 5 148 0
P 2 5 149 0
P 2 5 150 0
P 2 5 151 0
P 2 5 152 0
P 2 5 153 0
P 2 5 154 0
P 2 5 155 0
P 2 5 156 0
P 2 5 157 0
P 2 5 158 0
P 2 5 159 0
P 2 5 160 0
P 2 5 161 0
P 2 5 162 0
P 2 5 163 0
P 2 5 164 0
P 2 5 165 0
P 2 5 166 0
P 2 5 167 0
P 2 5 168 0
P 2 5 169 0
P 2 5 170 0
P 2 5 171 0
P 2 5 172 0
P 2 5 173 0
P 2 5 174 0
P 2 5 175 0
P 2 5 176 0
P 2 5 177 0
P 2 5 178 0
P 2 5 179 0
P 2 5 180 0
P 2 5 181 0
P 2 5 182 0
P 2 5 183 0
P 2 5 184 0
P 2 5 185 0
P 2 5 186 0
P 2 5 187 0
P 2 5 188 0
P 2 5 189 0
P 2 5 190 0
P 2 5 191 0
P 2 5 192 0
P 2 5 193 0
P 2 5 194 0
P 2 5 195 0
P 2 5 196 0
P 2 5 197 0
P 2 5 198 0
P 2 5 199 0
P 2 5 200 0
P 2 5 201 0
P 2 5 202 0
P 2 5 203 0
P 2 5 204 0
P 2 5 205 0
P 2 5 206 0
P 2 5 207 0
P 2 5 208 0
P 2 5 209 0
P 2 5 210 0
P 2 5 211 0
P 2 5 212 0
P 2 5 213 0
P 2 5 214 0
P 2 5 215 0
P 2 5 216 0
P 2 5 217 0
P 2 5 218 0
P 2 5 219 0
P 2 5 220 0
P 2 5 221 0
P 2 5 222 0
P 2 5 223 0
P 2 5 224 0
P 2 5 225 0
P 2 5 226 0
P 2 5 227 0
P 2 5 228 0
P 2 5 229 0
P 2 5 230 0
P 2 5 231 0
P 2 5 232 0
P 2 5 233 0
P 2 5 234 0
P 2 5 235 0
P 2 5 236 0
P 2 5 237 0
P 2 5 238 0
P 2 5 239 0
P 2 5 240 0
P 2 5 241 0
P 2 5 242 0
P 2 5 243 0
P 2 5 244 0
P 2 5 245 0
P 2 5 246 0
P 2 5 247 0
P 2 5 248 0
P 2 5 249 0
P 2 5 250 0
P 2 5 251 0
P 2 5 252 0
P 2 5 253 0
P 2 5 254 0
P 2 5 255 0
P 2 5 256 0
P 2 5 257 0
P 2 5 258 0
P 2 5 259 0
P 2 5 260 0
P 2 5 261 1
P 2 5 262 0
P 2 5 263 0
P 2 5 264 0
P 2 5 265 0
P 2 5 266 0
P 2 5 267 0
P 2 5 268 0
P 2 5 269 0
P 2 5 270 0
P 2 5 271 0
P 2 5 272 0
P 2 5 273 0
P 2 5 274 0
P 2 5 275 0
P 2 5 276 0
P 2 5 277 0
P 2 5 278 0
P 2 5 279 0
P 2 5 280 0
P 2 5 281 0
P 2 5 282 0
P 2 5 283 0
P 2 5 284 0
P 2 5 285 0
P 2 5 286 0
P 2 5 287 0
P 2 5 288 0
P 2 5 289 0
P 2 5 290 0
P 2 5 291 0
P 2 5 292 0
P 2 5 293 0
P 2 5 294 0
P 2 5 295 0
P 2 5 296 1
P 2 5 297 0
P 2 5 298 0
P 2 5 299 0
P 2 5 300 0
P 2 5 301 1
P 2 5 302 0
P 2 5 303 0
P 2 5 304 0
P 2 5 305 0
P 2 5 306 0
P 2 5 307 0
P 2 5 308 0
P 2 5 309 1
P 2 5 310 0
P 2 5 311 0
P 2 5 312 0
P 2 5 313 0
P 2 5 314 0
P 2 5 315 0
P 2 5 316 0
P 2 5 317 0
P 2 5 318 0
P 2 5 319 0
P 2 5 320 0
P 2 5 321 0
P 2 5 322 0
P 2 5 323 0
P 2 5 324 0
P 2 5 325 0
P 2 5 326 0
P 2 5 327 0
P 2 5 328 0
P 2 5 329 0
P 2 5 330 0
P 2 5 331 0
P 2 5 332 0
P 2 5 333 0
P 2 5 334 0
P 2 5 335 0
P 2 5 336 0
P 2 5 337 0
P 2 5 338 1
P 2 5 339 0
P 2 5 340 0
P 2 5 341 0
P 2 5 342 0
P 2 5 343 0
P 2 5 344 0
P 2 5 345 0
P 2 5 346 0
P 2 5 347 0
P 2 5 348 0
P 2 5 349 0
P 2 5 350 0
P 2 5 351 0
P 2 5 352 0
P 2 5 353 0
P 2 5 354 0
P 2 5 355 0
P 2 5 356 1
P 2 5 357 0
P 2 5 358 0
P 2 5 359 0
P 2 5 360 0
P 2 5 361 0
P 2 5 362 0
P 2 5 363 0
P 2 5 364 0
P 2 5 365 0
P 2 5 366 0
P 2 5 367 0
P 2 5 368 0
P 2 5 369 0
P 2 5 370 0
P 2 5 371 0
P 2 5 372 0
P 2 5 373 0
P 2 5 374 0
P 2 5 375 0
P 2 5 376 0
P 2 5 377 0
P 2 5 378 0
P 2 5 379 0
P 2 5 380 0
P 2 5 381 1
P 2 5 382 0
P 2 5 383 0
P 2 5 384 0
P 2 5 385 0
P 2 5 386 0
P 2 5 387 0
P 2 5 388 0
P 2 5 389 0
P 2 5 390 0
P 2 5 391 0
P 2 5 392 1
P 2 5 393 0
P 2 5 394 0
P 2 5 395 0
P 2 5 396 0
P 2 5 397 1
P 2 5 398 0
P 2 5 399 0
P 2 5 400 0
P 2 5 401 0
P 2 5 402 0
P 2 5 403 0
P 2 5 404 0
P 2 5 405 0
P 2 5 406 0
P 2 5 407 0
P 2 5 408 0
P 2 5 409 0
P 2 5 410 0
P 2 5 411 0
P 2 5 412 0
P 2 5 413 0
P 2 5 414 0
P 2 5 415 0
P 2 5 416 0
P 2 5 417 0
P 2 5 418 0
P 2 5 419 0
P 2 5 420 0
P 2 5 421 0
P 2 5 422 0
P 2 5 423 0
P 2 5 424 0
P 2 5 425 0
P 2 5 426 0
P 2 5 427 0
P 2 5 428 0
P 2 5 429 0
P 2 5 430 0
P 2 5 431 0
P 2 5 432 0
P 2 5 433 0
P 2 5 434 0
P 2 5 435 0
P 2 5 436 0
P 2 5 437 0
P 2 5 438 0
P 2 5 439 0
P 2 5 440 0
P 2 5 441 0
P 2 5 442 0
P 2 5 443 0
P 2 5 444 0
P 2 5 445 0
P 2 5 446 0
P 2 5 447 0
P 2 5 448 0
P 2 5 449 0
P 2 5 450 0
P 2 5 451 0
P 2 5 452 0
P 2 5 453 0
P 2 5 454 0
P 2 5 455 0
P 2 5 456 0
P 2 5 457 0
P 2 5 458 0
P 2 5 459 0
P 2 5 460 0
P 2 5 461 0
P 2 5 462 0
P 2 5 463 0
P 2 5 464 0
P 2 5 465 0
P 2 5 466 0
P 2 5 467 0
P 2 5 468 0
P 2 5 469 0
P 2 5 470 0
P 2 5 471 0
P 2 5 472 0
P 2 5 473 0
P 2 5 474 0
P 2 5 475 0
P 2 5 476 0
P 2 5 477 0
P 2 5 478 0
P 2 5 479 0
P 2 5 480 0
P 2 5 481 0
P 2 5 482 0
P 2 5 483 0
P 2 5 484 0
P 2 5 485 0
P 2 5 486 0
P 2 5 487 0
P 2 5 488 0
P 2 5 489 0
P 2 5 490 0
P 2 5 491 0
P 2 5 492 0
P 2 5 493 0
P 2 5 494 0
P 2 5 495 0
P 2 5 496 0
P 2 5 497 0
P 2 5 498 0
P 2 5 499 0
P 2 5 500 0
P 2 5 501 0
P 2 5 502 0
P 2 5 503 0
P 2 5 504 0
P 2 5 505 0
P 2 5 506 0
P 2 5 507 0
P 2 5 508 0
P 2 5 509 0
P 2 5 510 0
P 2 5 511 0
P 2 5 512 0
P 2 5 513 0
P 2 5 514 0
P 2 5 515 0
P 2 5 516 0
P 2 5 517 0
P 2 5 518 0
P 2 5 519 0
P 2 5 520 0
P 2 5 521 0
P 2 5 522 0
P 2 5 523 0
P 2 5 524 0
P 2 5 525 0
P 2 5 526 0
P 2 5 527 0
P 2 5 528 0
P 2 5 529 0
P 2 5 530 0
P 2 5 531 0
P 2 5 532 0
P 2 5 533 0
P 2 5 534 0
P 2 5 535 0
P 2 5 536 0
P 2 5 537 0
P 2 5 538 0
P 2 5 539 0
P 2 5 540 0
P 2 5 541 0
P 2 5 542 0
P 2 5 543 0
P 2 5 544 0
P 2 5 545 1
P 2 5 546 0
P 2 5 547 0
P 2 5 548 0
P 2 5 549 0
P 2 5 550 0
P 2 5 551 0
P 2 5 552 0
P 2 5 553 0
P 2 5 554 0
P 2 5 555 0
P 2 5 556 0
P 2 5 557 0
P 2 5 558 0
P 2 5 559 0
P 2 5 560 0
P 2 5 561 0
P 2 5 562 0
P 2 5 563 0
P 2 5 564 0
P 2 5 565 0
P 2 5 566 0
P 2 5 567 0
P 2 5 568 0
P 2 5 569 0
P 2 5 570 0
P 2 5 571 0
P 2 5 572 0
P 2 5 573 0
P 2 5 574 0
P 2 5 575 0
P 2 5 576 0
P 2 5 577 0
P 2 5 578 0
P 2 5 579 0
P 2 5 580 0
P 2 5 581 0
P 2 5 582 0
P 2 5 583 0
P 2 5 584 0
P 2 5 585 0
P 2 5 586 0
P 2 5 587 0
P 2 5 588 0
P 2 5 589 0
P 2 5 590 0
P 2 5 591 0
P 2 5 592 0
P 2 5 593 0
P 2 5 594 0
P 2 5 595 0
P 2 5 596 0
P 2 5 597 0
P 2 5 598 0
P 2 5 599 0
P 2 5 600 0
P 2 5 601 0
P 2 5 602 0
P 2 5 603 0
P 2 5 604 0
P 2 5 605 0
P 2 5 606 0
P 2 5 607 0
P 2 5 608 0
P 2 5 609 0
P 2 5 610 0
P 2 5 611 0
P 2 5 612 0
P 2 5 613 0
P 2 5 614 0
P 2 5 615 0
P 2 5 616 0
P 2 5 617 0
P 2 5 618 0
P 2 5 619 0
P 2 5 620 0
P 2 5 621 0
P 2 5 622 0
P 2 5 623 0
P 2 5 624 0
P 2 5 625 0
P 2 5 626 0
P 2 5 627 0
P 2 5 628 0
P 2 5 629 0
P 2 5 630 0
P 2 5 631 0
P 2 5 632 0
P 2 5 633 0
P 2 5 634 0
P 2 5 635 0
P 2 5 636 0
P 2 5 637 0
P 2 5 638 0
P 2 5 639 0
P 2 5 640 0
P 2 5 641 0
P 2 5 642 0
P 2 5 643 0
P 2 5 644 0
P 2 5 645 0
P 2 5 646 0
P 2 5 647 0
P 2 5 648 0
P 2 5 649 0
P 2 5 650 0
P 2 5 651 0
P 2 5 652 0
P 2 5 653 0
P 2 5 654 0
P 2 5 655 0
P 2 5 656 0
P 2 5 657 0
P 2 5 658 0
P 2 5 659 0
P 2 5 660 0
P 2 5 661 0
P 2 5 662 0
P 2 5 663 0
P 2 5 664 0
P 2 5 665 0
P 2 5 666 0
P 2 5 667 0
P 2 5 668 0
P 2 5 669 0
P 2 5 670 0
P 2 5 671 0
P 2 5 672 0
P 2 5 673 0
P 2 5 674 0
P 2 5 675 0
P 2 5 676 0
P 2 5 677 0
P 2 5 678 0
P 2 5 679 0
P 2 5 680 0
P 2 5 681 0
P 2 5 682 0
P 2 5 683 0
P 2 5 684 0
P 2 5 685 0
P 2 5 686 0
P 2 5 687 0
P 2 5 688 0
P 2 5 689 0
P 2 5 690 0
P 2 5 691 0
P 2 5 692 0
P 2 5 693 0
P 2 5 694 0
P 2 5 695 0
P 2 5 696 0
P 2 5 697 0
P 2 5 698 0
P 2 5 699 0
P 2 5 700 0
P 2 5 701 0
P 2 5 702 0
P 2 5 703 0
P 2 5 704 0
P 2 5 705 0
P 2 5 706 0
P 2 5 707 0
P 2 5 708 0
P 2 5 709 0
P 2 5 710 0
P 2 5 711 0
P 2 5 712 0
P 2 5 713 0
P 2 5 714 0
P 2 5 715 0
P 2 5 716 0
P 2 5 717 0
P 2 5 718 0
P 2 5 719 0
P 2 5 720 0
P 2 5 721 0
P 2 5 722 0
P 2 5 723 0
P 2 5 724 0
P 2 5 725 0
P 2 5 726 0
P 2 5 727 0
P 2 5 728 1
P 2 5 729 0
P 2 5 730 0
P 2 5 731 0
P 2 5 732 0
P 2 5 733 0
P 2 5 734 0
P 2 5 735 0
P 2 5 736 0
P 2 5 737 0
P 2 5 738 0
P 2 5 739 0
P 2 5 740 0
P 2 5 741 0
P 2 5 742 0
P 2 5 743 0
P 2 5 744 0
P 2 5 745 0
P 2 5 746 0
P 2 5 747 0
P 2 5 748 0
P 2 5 749 0
P 2 5 750 0
P 2 5 751 0
P 2 5 752 0
P 2 5 753 0
P 2 5 754 0
P 2 5 755 0
P 2 5 756 0
P 2 5 757 0
P 2 5 758 0
P 2 5 759 0
P 2 5 760 0
P 2 5 761 0
P 2 5 762 0
P 2 5 763 0
P 2 5 764 0
P 2 5 765 0
P 2 5 766 0
P 2 5 767 0
P 2 5 768 0
P 2 5 769 0
P 2 5 770 0
P 2 5 771 0
P 2 5 772 0
P 2 5 773 0
P 2 5 774 0
P 2 5 775 0
P 2 5 776 0
P 2 5 777 0
P 2 5 778 0
P 2 5 779 0
P 2 5 780 0
P 2 5 781 0
P 2 5 782 0
P 2 5 783 0
P 2 5 784 0
P 2 5 785 0
P 2 5 786 0
P 2 5 787 0
P 2 5 788 0
P 2 5 789 0
P 2 5 790 0
P 2 5 791 0
P 2 5 792 0
P 2 5 793 0
P 2 5 794 0
P 2 5 795 0
P 2 5 796 0
P 2 5 797 0
P 2 5 798 0
P 2 5 799 1
P 2 5 800 1
P 2 5 801 1
P 2 5 802 1
P 2 5 803 0
P 2 5 804 0
P 2 5 805 0
P 2 5 806 0
P 2 5 807 0
P 2 5 808 0
P 2 5 809 0
P 2 5 810 0
P 2 5 811 0
P 2 5 812 0
P 2 5 813 0
P 2 5 814 0
P 2 5 815 0
P 2 5 816 0
P 2 5 817 0
P 2 5 818 0
P 2 5 819 0
P 2 5 820 0
P 2 5 821 0
P 2 5 822 0
P 2 5 823 0
P 2 5 824 0
P 2 5 825 0
P 2 5 826 0
P 2 5 827 0
P 2 5 828 0
P 2 5 829 0
P 2 5 830 0
P 2 5 831 0
P 2 5 832 0
P 2 5 833 0
P 2 5 834 0
P 2 5 835 0
P 2 5 836 0
P 2 5 837 0
P 2 5 838 0
P 2 5 839 0
P 2 5 840 0
P 2 5 841 0
P 2 5 842 0
P 2 5 843 0
P 2 5 844 0
P 2 5 845 0
P 2 5 846 0
P 2 5 847 0
P 2 5 848 0
P 2 5 849 0
P 2 5 850 0
P 2 5 851 0
P 2 5 852 0
P 2 5 853 0
P 2 5 854 0
P 2 5 855 0
P 2 5 856 0
P 2 5 857 0
P 2 5 858 0
P 2 5 859 0
P 2 5 860 0
P 2 5 861 0
P 2 5 862 0
P 2 5 863 0
P 2 5 864 0
P 2 5 865 0
P 2 5 866 0
P 2 5 867 0
P 2 5 868 0
P 2 5 869 0
P 2 5 870 0
P 2 5 871 0
P 2 5 872 0
P 2 5 873 0
P 2 5 874 0
P 2 5 875 0
P 2 5 876 0
P 2 5 877 0
P 2 5 878 0
P 2 5 879 0
P 2 5 880 0
P 2 5 881 0
P 2 5 882 0
P 2 5 883 0
P 2 5 884 0
P 2 5 885 0
P 2 5 886 0
P 2 5 887 0
P 2 5 888 0
P 2 5 889 0
P 2 5 890 0
P 2 5 891 0
P 2 5 892 0
P 2 5 893 0
P 2 5 894 0
P 2 5 895 0
P 2 5 896 0
P 2 5 897 0
C 2 6 0 3 2 3 0 1 14 6
C 2 6 1 3 2 3 0 1 13 6
C 2 6 2 3 3 2 1 1 13 7
C 2 6 3 3 3 2 1 1 14 7
C 2 6 4 4 2 2 2 2 14 8
C 2 6 5 4 3 5 0 1 14 12
C 2 6 6 4 3 5 2 2 14 12
C 2 6 7 4 3 5 2 2 14 12
C 2 6 8 4 5 4 1 1 14 14
C 2 6 9 4 5 4 1 1 14 14
C 2 6 10 4 5 4 1 1 13 14
C 2 6 11 4 5 4 1 3 13 14
C 2 6 12 4 5 5 1 2 14 15
C 2 6 13 4 7 4 1 2 13 15
C 2 6 14 5 6 5 3 3 14 20
C 2 6 15 5 6 5 3 3 14 20
C 2 6 16 5 6 5 3 3 14 21
C 2 6 17 5 8 5 1 2 13 22
C 2 6 18 5 7 6 1 3 13 22
C 2 6 19 5 7 5 1 5 13 23
C 2 6 20 6 14 20 0 1 14 60
C 2 6 21 3 2 2 0 3 12 7
C 2 6 22 4 2 3 0 3 12 8
C 2 6 23 4 4 3 1 3 13 11
C 2 6 24 4 4 3 1 3 13 11
C 2 6 25 2 1 0 0 1 11 2
C 2 6 26 2 1 0 0 2 11 3
C 2 6 27 3 1 1 0 2 11 4
C 2 6 28 4 5 7 1 1 11 15
C 2 6 29 6 15 18 1 4 12 61
C 2 6 30 6 14 19 0 2 11 60
C 2 6 31 6 16 18 1 3 11 61
C 2 6 32 4 2 3 1 1 0 7
C 2 6 33 4 2 3 1 1 1 7
C 2 6 34 4 3 2 2 1 1 8
C 2 6 35 4 3 2 2 1 0 8
C 2 6 36 5 2 2 3 2 0 9
C 2 6 37 5 3 5 1 1 0 13
C 2 6 38 5 3 5 3 2 0 13
C 2 6 39 5 3 5 3 2 0 13
C 2 6 40 5 5 4 2 1 0 15
C 2 6 41 5 5 4 2 1 0 15
C 2 6 42 5 5 4 2 1 1 15
C 2 6 43 5 5 4 2 3 1 15
C 2 6 44 5 5 5 2 2 0 16
C 2 6 45 5 7 4 2 2 1 16
C 2 6 46 6 6 5 4 3 0 21
C 2 6 47 6 6 5 4 3 0 21
C 2 6 48 6 6 5 4 3 0 22
C 2 6 49 6 8 5 2 2 1 23
C 2 6 50 6 7 6 2 3 1 23
C 2 6 51 6 7 5 2 5 1 24
C 2 6 52 7 14 20 1 1 0 61
C 2 6 53 4 2 2 1 3 2 8
C 2 6 54 5 2 3 1 3 2 9
C 2 6 55 5 4 3 2 3 1 12
C 2 6 56 5 4 3 2 3 1 12
C 2 6 57 2 0 1 1 1 3 3
C 2 6 58 3 1 0 1 2 3 4
C 2 6 59 4 1 1 1 2 3 5
C 2 6 60 5 5 7 2 1 3 16
C 2 6 61 7 15 18 2 4 2 62
C 2 6 62 7 14 19 1 2 3 61
C 2 6 63 7 16 18 2 3 3 62
C 2 6 64 0 0 0 0 0 7 0
C 2 6 65 4 2 3 0 2 8 11
C 2 6 66 4 5 4 1 3 8 14
C 2 6 67 4 4 4 1 3 7 14
C 2 6 68 5 5 5 2 2 14 15
C 2 6 69 5 4 5 2 3 7 15
C 2 6 70 5 5 7 0 1 14 19
C 2 6 71 4 6 5 1 2 14 15
C 2 6 72 5 4 7 0 2 7 19
C 2 6 73 5 5 7 2 2 14 19
C 2 6 74 5 4 7 2 3 7 19
C 2 6 75 5 3 5 2 3 7 19
C 2 6 76 5 6 6 1 3 7 21
C 2 6 77 5 6 6 1 3 7 21
C 2 6 78 5 7 6 1 3 8 21
C 2 6 79 5 6 6 1 4 8 21
C 2 6 80 4 6 4 1 2 14 14
C 2 6 81 5 5 7 1 3 7 22
C 2 6 82 5 8 6 1 3 8 22
C 2 6 83 6 7 7 3 3 14 27
C 2 6 84 6 6 7 3 4 7 27
C 2 6 85 6 7 7 3 3 14 27
C 2 6 86 6 6 7 3 4 7 27
C 2 6 87 6 8 7 3 4 14 28
C 2 6 88 6 7 7 3 5 7 28
C 2 6 89 6 9 7 1 4 8 29
C 2 6 90 5 6 6 1 4 8 22
C 2 6 91 6 7 7 1 6 8 30
C 2 6 92 7 16 22 0 1 14 67
C 2 6 93 5 8 10 1 2 14 23
C 2 6 94 7 15 22 0 2 7 67
C 2 6 95 4 4 4 0 3 13 14
C 2 6 96 4 4 4 1 3 13 12
C 2 6 97 4 3 4 0 4 7 14
C 2 6 98 4 3 3 1 4 13 11
C 2 6 99 5 3 5 0 4 7 15
C 2 6 100 5 5 5 1 5 6 18
C 2 6 101 4 6 4 1 2 14 14
C 2 6 102 5 5 5 1 5 6 18
C 2 6 103 4 3 3 0 2 10 9
C 2 6 104 4 4 3 0 3 12 10
C 2 6 105 4 3 3 0 4 8 10
C 2 6 106 4 4 4 0 3 12 11
C 2 6 107 4 3 4 0 4 8 11
C 2 6 108 5 7 9 1 3 10 22
C 2 6 109 7 17 20 1 4 12 68
C 2 6 110 7 16 20 1 5 9 68
C 2 6 111 7 16 21 0 2 11 67
C 2 6 112 7 15 21 0 3 10 67
C 2 6 113 7 18 20 1 3 11 68
C 2 6 114 7 17 20 1 4 10 68
C 2 6 115 2 3 0 0 0 7 3
C 2 6 116 4 6 3 1 2 13 15
C 2 6 117 4 5 4 1 3 8 14
C 2 6 118 5 5 5 2 2 13 15
C 2 6 119 5 4 5 2 3 8 15
C 2 6 120 5 5 7 0 1 13 19
C 2 6 121 4 6 5 1 2 14 15
C 2 6 122 5 4 7 0 2 8 19
C 2 6 123 5 3 5 2 3 8 19
C 2 6 124 5 4 7 2 3 8 19
C 2 6 125 5 8 6 1 2 13 21
C 2 6 126 5 7 6 1 3 8 21
C 2 6 127 5 8 6 1 2 13 21
C 2 6 128 5 7 6 1 3 8 21
C 2 6 129 5 6 6 1 3 7 21
C 2 6 130 5 5 6 1 4 7 21
C 2 6 131 5 7 7 1 2 13 22
C 2 6 132 5 6 7 1 3 8 22
C 2 6 133 5 7 6 1 3 7 22
C 2 6 134 6 8 7 3 3 13 27
C 2 6 135 6 7 7 3 4 8 27
C 2 6 136 6 8 7 3 3 13 27
C 2 6 137 6 7 7 3 4 8 27
C 2 6 138 6 9 7 3 4 13 28
C 2 6 139 6 8 7 3 5 8 28
C 2 6 140 6 9 7 1 4 7 29
C 2 6 141 5 5 6 1 4 7 22
C 2 6 142 6 8 7 1 6 7 30
C 2 6 143 5 6 8 0 1 13 21
C 2 6 144 7 15 22 0 2 8 67
C 2 6 145 4 4 4 1 3 12 12
C 2 6 146 4 3 4 0 4 6 14
C 2 6 147 5 3 5 0 4 6 15
C 2 6 148 5 6 5 1 5 7 18
C 2 6 149 4 6 4 1 2 13 14
C 2 6 150 5 6 5 1 5 7 18
C 2 6 151 4 3 3 0 2 9 9
C 2 6 152 4 3 3 0 4 7 10
C 2 6 153 4 3 4 0 4 7 11
C 2 6 154 5 6 9 1 3 9 22
C 2 6 155 7 17 20 1 4 11 68
C 2 6 156 7 16 20 1 5 10 68
C 2 6 157 7 16 21 0 2 10 67
C 2 6 158 7 15 21 0 3 11 67
C 2 6 159 7 18 20 1 3 10 68
C 2 6 160 7 17 20 1 4 11 68
C 2 6 161 4 4 3 1 2 14 11
C 2 6 162 4 5 3 1 3 8 15
C 2 6 163 5 6 4 3 3 13 16
C 2 6 164 4 4 4 3 2 14 13
C 2 6 165 5 5 4 3 4 8 16
C 2 6 166 5 7 6 1 2 13 20
C 2 6 167 5 6 6 1 3 8 20
C 2 6 168 5 5 6 3 4 8 20
C 2 6 169 5 6 6 3 4 8 20
C 2 6 170 4 6 4 1 2 14 14
C 2 6 171 5 7 5 1 3 8 22
C 2 6 172 5 7 5 1 3 8 22
C 2 6 173 5 5 3 1 2 7 21
C 2 6 174 5 5 4 1 4 7 22
C 2 6 175 5 8 6 1 3 13 23
C 2 6 176 5 7 6 1 4 8 23
C 2 6 177 5 7 4 1 3 7 23
C 2 6 178 6 8 6 3 5 8 28
C 2 6 179 6 8 6 3 5 8 28
C 2 6 180 6 9 6 3 4 13 29
C 2 6 181 6 8 6 3 5 8 29
C 2 6 182 6 8 5 1 3 7 30
C 2 6 183 5 7 5 1 3 13 23
C 2 6 184 6 8 7 1 5 7 30
C 2 6 185 6 9 6 1 7 7 31
C 2 6 186 5 8 7 1 2 13 22
C 2 6 187 7 16 21 1 3 8 68
C 2 6 188 4 6 3 1 4 13 15
C 2 6 189 4 4 3 1 3 12 11
C 2 6 190 4 5 3 1 5 6 15
C 2 6 191 5 6 4 1 4 13 16
C 2 6 192 5 5 4 1 5 6 16
C 2 6 193 5 6 4 1 5 7 19
C 2 6 194 5 6 4 1 5 7 19
C 2 6 195 4 4 2 1 3 9 10
C 2 6 196 4 5 2 1 3 12 11
C 2 6 197 4 4 2 1 4 7 11
C 2 6 198 4 5 3 1 3 12 12
C 2 6 199 4 4 3 1 4 7 12
C 2 6 200 3 0 5 0 1 9 7
C 2 6 201 7 17 19 1 5 11 69
C 2 6 202 7 16 20 1 5 14 69
C 2 6 203 7 16 19 1 6 10 69
C 2 6 204 7 16 21 1 3 14 68
C 2 6 205 7 16 20 1 4 11 68
C 2 6 206 7 18 19 1 4 10 69
C 2 6 207 7 17 20 1 4 14 69
C 2 6 208 7 17 19 1 5 11 69
C 2 6 209 5 6 4 3 3 14 16
C 2 6 210 4 4 4 3 2 14 13
C 2 6 211 5 5 4 3 4 7 16
C 2 6 212 5 7 6 1 2 14 20
C 2 6 213 5 6 6 1 3 7 20
C 2 6 214 5 7 6 3 3 14 20
C 2 6 215 5 6 6 3 4 7 20
C 2 6 216 5 5 6 3 4 7 20
C 2 6 217 5 7 5 1 2 14 22
C 2 6 218 5 6 6 1 2 14 22
C 2 6 219 5 6 5 1 3 7 22
C 2 6 220 4 5 4 1 2 14 15
C 2 6 221 5 7 5 1 5 8 22
C 2 6 222 5 7 6 1 3 14 23
C 2 6 223 5 6 6 1 4 7 23
C 2 6 224 5 10 5 1 3 13 23
C 2 6 225 5 9 5 1 4 8 23
C 2 6 226 6 7 6 3 5 7 28
C 2 6 227 6 6 5 3 4 7 28
C 2 6 228 6 7 5 3 3 14 29
C 2 6 229 6 6 5 3 4 7 29
C 2 6 230 6 10 6 1 3 13 30
C 2 6 231 5 6 4 1 3 14 19
C 2 6 232 6 9 6 1 4 8 30
C 2 6 233 4 4 4 1 2 14 15
C 2 6 234 6 7 6 1 4 8 30
C 2 6 235 4 6 3 1 4 13 15
C 2 6 236 6 7 5 1 6 8 31
C 2 6 237 7 18 21 1 2 14 68
C 2 6 238 7 17 21 1 3 7 68
C 2 6 239 4 5 3 1 5 7 15
C 2 6 240 5 6 4 1 4 13 16
C 2 6 241 5 5 4 1 5 7 16
C 2 6 242 5 5 4 1 5 6 19
C 2 6 243 5 4 3 1 4 6 19
C 2 6 244 4 4 2 1 3 10 10
C 2 6 245 4 5 2 1 3 12 11
C 2 6 246 4 4 2 1 4 8 11
C 2 6 247 4 5 3 1 3 12 12
C 2 6 248 4 4 3 1 4 8 12
C 2 6 249 5 8 8 1 2 11 23
C 2 6 250 5 7 8 1 3 10 23
C 2 6 251 7 18 19 1 5 12 69
C 2 6 252 7 17 20 1 5 14 69
C 2 6 253 7 17 19 1 6 9 69
C 2 6 254 7 17 21 1 3 14 68
C 2 6 255 7 17 20 1 4 10 68
C 2 6 256 7 19 19 1 4 11 69
C 2 6 257 7 18 19 1 5 10 69
C 2 6 258 5 5 8 2 2 14 21
C 2 6 259 5 5 7 2 3 7 21
C 2 6 260 5 4 6 2 3 7 21
C 2 6 261 5 4 6 2 3 7 21
C 2 6 262 5 6 4 3 3 14 16
C 2 6 263 5 6 6 3 2 14 20
C 2 6 264 5 7 6 3 4 7 23
C 2 6 265 5 8 6 3 3 14 23
C 2 6 266 5 6 6 3 2 14 20
C 2 6 267 5 7 6 3 4 7 23
C 2 6 268 5 8 6 3 3 13 23
C 2 6 269 5 7 6 3 4 8 23
C 2 6 270 5 7 6 3 5 8 23
C 2 6 271 5 7 8 3 3 14 24
C 2 6 272 5 7 7 3 4 7 24
C 2 6 273 5 10 6 3 3 13 24
C 2 6 274 5 9 7 3 3 14 24
C 2 6 275 5 9 6 3 4 8 24
C 2 6 276 6 7 6 3 4 7 29
C 2 6 277 6 7 6 3 4 7 29
C 2 6 278 6 7 6 3 5 7 30
C 2 6 279 6 11 7 3 4 13 31
C 2 6 280 6 10 8 3 4 14 31
C 2 6 281 6 10 7 3 5 8 31
C 2 6 282 6 9 9 3 4 14 31
C 2 6 283 6 9 8 3 5 8 31
C 2 6 284 6 9 8 3 6 14 32
C 2 6 285 6 9 7 3 7 8 32
C 2 6 286 5 6 5 2 2 14 16
C 2 6 287 7 16 23 2 2 14 69
C 2 6 288 7 16 22 2 3 7 69
C 2 6 289 4 3 1 1 4 13 9
C 2 6 290 4 3 4 2 4 13 13
C 2 6 291 5 4 4 2 5 7 16
C 2 6 292 5 3 4 2 4 13 13
C 2 6 293 5 4 5 2 5 7 17
C 2 6 294 5 6 6 3 5 13 20
C 2 6 295 5 6 5 3 6 6 20
C 2 6 296 5 7 5 3 5 14 20
C 2 6 297 5 6 6 3 5 13 20
C 2 6 298 5 6 5 3 6 6 20
C 2 6 299 5 2 2 2 3 10 11
C 2 6 300 5 4 2 2 4 12 12
C 2 6 301 5 3 2 2 5 8 12
C 2 6 302 5 4 3 2 4 12 13
C 2 6 303 5 3 3 2 5 8 13
C 2 6 304 5 8 9 3 3 11 24
C 2 6 305 5 7 9 3 4 10 24
C 2 6 306 7 18 20 3 5 12 70
C 2 6 307 7 17 21 3 5 14 70
C 2 6 308 7 17 20 3 6 9 70
C 2 6 309 7 17 21 2 3 11 69
C 2 6 310 7 16 22 2 3 14 69
C 2 6 311 7 16 21 2 4 10 69
C 2 6 312 7 19 20 3 4 11 70
C 2 6 313 7 18 21 3 4 14 70
C 2 6 314 7 18 20 3 5 10 70
C 2 6 315 5 6 9 2 2 14 25
C 2 6 316 5 5 10 2 2 14 25
C 2 6 317 5 5 9 2 3 7 25
C 2 6 318 5 5 10 2 2 14 25
C 2 6 319 5 5 9 2 3 7 25
C 2 6 320 5 7 8 1 2 14 27
C 2 6 321 5 6 8 1 3 7 27
C 2 6 322 5 8 8 1 2 14 27
C 2 6 323 5 7 8 1 3 7 27
C 2 6 324 5 8 8 1 2 13 27
C 2 6 325 5 7 8 1 3 8 27
C 2 6 326 5 8 8 1 3 13 27
C 2 6 327 5 7 8 1 4 8 27
C 2 6 328 4 5 5 1 1 14 14
C 2 6 329 5 5 7 1 3 7 28
C 2 6 330 5 7 6 1 3 8 28
C 2 6 331 6 8 9 3 3 14 33
C 2 6 332 6 7 9 3 4 7 33
C 2 6 333 6 9 9 3 3 14 33
C 2 6 334 6 8 9 3 4 7 33
C 2 6 335 6 9 9 3 4 14 34
C 2 6 336 6 8 9 3 5 7 34
C 2 6 337 6 10 9 1 3 13 35
C 2 6 338 6 9 9 1 4 8 35
C 2 6 339 6 9 10 1 3 13 35
C 2 6 340 6 8 10 1 4 8 35
C 2 6 341 6 8 9 1 6 8 36
C 2 6 342 5 6 10 0 2 14 22
C 2 6 343 5 9 9 1 4 14 28
C 2 6 344 7 14 22 0 2 7 73
C 2 6 345 4 4 5 0 3 13 12
C 2 6 346 5 4 6 0 4 7 20
C 2 6 347 5 4 6 0 4 7 21
C 2 6 348 5 7 7 1 4 14 24
C 2 6 349 5 6 8 1 4 13 24
C 2 6 350 5 6 7 1 5 6 24
C 2 6 351 5 8 7 1 4 14 24
C 2 6 352 5 7 7 1 5 6 24
C 2 6 353 5 4 5 0 2 10 15
C 2 6 354 5 4 5 0 4 8 16
C 2 6 355 5 4 6 0 4 8 17
C 2 6 356 5 9 11 1 2 11 28
C 2 6 357 5 8 11 1 3 10 28
C 2 6 358 7 16 20 1 4 12 74
C 2 6 359 7 15 20 1 5 9 74
C 2 6 360 7 15 21 0 2 11 73
C 2 6 361 7 14 21 0 3 10 73
C 2 6 362 7 17 20 1 3 11 74
C 2 6 363 7 16 20 1 4 10 74
C 2 6 364 5 4 8 2 3 7 25
C 2 6 365 5 9 8 3 3 14 27
C 2 6 366 5 8 8 3 4 7 27
C 2 6 367 5 9 8 3 3 14 27
C 2 6 368 5 8 8 3 4 7 27
C 2 6 369 5 7 8 3 4 8 27
C 2 6 370 5 6 8 3 5 8 27
C 2 6 371 5 8 9 3 3 14 28
C 2 6 372 5 7 9 3 4 7 28
C 2 6 373 5 8 8 3 4 8 28
C 2 6 374 6 8 8 3 3 14 33
C 2 6 375 6 7 8 3 4 7 33
C 2 6 376 6 7 8 3 4 7 33
C 2 6 377 6 9 8 3 4 14 34
C 2 6 378 6 8 8 3 5 7 34
C 2 6 379 6 10 9 3 5 8 35
C 2 6 380 6 8 8 3 5 8 35
C 2 6 381 6 9 9 3 7 8 36
C 2 6 382 7 17 24 2 2 14 73
C 2 6 383 7 16 25 2 2 14 73
C 2 6 384 7 16 24 2 3 7 73
C 2 6 385 5 4 7 2 4 13 20
C 2 6 386 5 4 6 2 5 7 20
C 2 6 387 5 4 7 2 5 7 21
C 2 6 388 5 7 7 3 6 6 24
C 2 6 389 5 8 7 3 5 14 24
C 2 6 390 5 7 7 3 6 6 24
C 2 6 391 5 4 5 2 3 10 15
C 2 6 392 5 4 5 2 5 8 16
C 2 6 393 5 4 6 2 5 8 17
C 2 6 394 5 7 11 3 4 10 28
C 2 6 395 7 18 22 3 5 12 74
C 2 6 396 7 17 22 3 6 9 74
C 2 6 397 7 17 23 2 3 11 73
C 2 6 398 7 16 23 2 4 10 73
C 2 6 399 7 19 22 3 4 11 74
C 2 6 400 7 18 22 3 5 10 74
C 2 6 401 5 7 8 3 4 7 27
C 2 6 402 5 7 8 3 4 7 27
C 2 6 403 5 8 8 3 4 8 27
C 2 6 404 5 7 8 3 5 8 27
C 2 6 405 5 6 9 3 4 7 28
C 2 6 406 5 9 8 3 4 8 28
C 2 6 407 6 6 8 3 4 7 33
C 2 6 408 6 6 8 3 4 7 33
C 2 6 409 6 7 8 3 5 7 34
C 2 6 410 6 10 9 3 5 8 35
C 2 6 411 6 8 10 3 5 8 35
C 2 6 412 6 8 9 3 7 8 36
C 2 6 413 7 16 24 2 3 7 73
C 2 6 414 5 4 6 2 5 7 20
C 2 6 415 5 4 7 2 5 7 21
C 2 6 416 5 6 7 3 6 6 24
C 2 6 417 5 6 7 3 6 6 24
C 2 6 418 5 4 5 2 3 10 15
C 2 6 419 5 4 5 2 5 8 16
C 2 6 420 5 4 6 2 5 8 17
C 2 6 421 5 8 11 3 4 10 28
C 2 6 422 7 17 22 3 6 9 74
C 2 6 423 7 16 23 2 4 10 73
C 2 6 424 7 18 22 3 5 10 74
C 2 6 425 5 7 6 1 2 14 29
C 2 6 426 5 6 6 1 3 7 29
C 2 6 427 5 7 6 1 3 8 29
C 2 6 428 5 10 7 1 4 13 29
C 2 6 429 5 9 7 1 5 8 29
C 2 6 430 5 6 7 1 3 7 30
C 2 6 431 5 10 7 1 3 13 30
C 2 6 432 4 6 4 1 2 14 14
C 2 6 433 5 9 7 1 4 8 30
C 2 6 434 5 7 5 1 2 14 22
C 2 6 435 5 8 7 3 3 14 27
C 2 6 436 6 8 7 3 4 7 35
C 2 6 437 6 9 8 3 5 7 35
C 2 6 438 6 9 7 3 3 14 36
C 2 6 439 6 8 7 3 4 7 36
C 2 6 440 6 8 5 1 3 8 37
C 2 6 441 6 9 8 1 4 8 37
C 2 6 442 6 10 7 1 5 13 38
C 2 6 443 6 9 8 1 5 14 38
C 2 6 444 6 9 7 1 6 8 38
C 2 6 445 5 8 9 1 2 14 30
C 2 6 446 7 16 23 1 3 7 75
C 2 6 447 5 8 5 1 4 13 22
C 2 6 448 5 7 5 1 5 7 22
C 2 6 449 5 8 6 1 4 13 23
C 2 6 450 5 7 6 1 5 7 23
C 2 6 451 5 6 5 1 4 6 26
C 2 6 452 5 8 6 1 4 14 26
C 2 6 453 5 7 6 1 5 6 26
C 2 6 454 5 6 4 1 3 10 17
C 2 6 455 5 7 4 1 3 12 18
C 2 6 456 5 6 4 1 4 8 18
C 2 6 457 5 7 5 1 3 12 19
C 2 6 458 5 6 5 1 4 8 19
C 2 6 459 5 10 10 1 2 11 30
C 2 6 460 5 9 10 1 3 10 30
C 2 6 461 7 17 20 1 5 12 76
C 2 6 462 7 16 21 1 5 14 76
C 2 6 463 7 16 20 1 6 9 76
C 2 6 464 7 17 22 1 3 11 75
C 2 6 465 7 16 22 1 4 10 75
C 2 6 466 7 18 20 1 4 11 76
C 2 6 467 5 7 10 1 2 14 23
C 2 6 468 7 17 20 1 5 10 76
C 2 6 469 5 10 7 1 4 13 29
C 2 6 470 5 9 7 1 5 8 29
C 2 6 471 5 8 8 1 3 14 30
C 2 6 472 5 7 8 1 4 7 30
C 2 6 473 5 10 7 1 4 8 30
C 2 6 474 6 10 8 3 4 14 35
C 2 6 475 6 9 8 3 5 7 35
C 2 6 476 5 7 5 1 2 14 22
C 2 6 477 6 8 7 3 4 7 35
C 2 6 478 6 9 7 3 3 14 36
C 2 6 479 6 8 7 3 4 7 36
C 2 6 480 6 9 7 1 4 8 37
C 2 6 481 6 9 8 1 4 8 37
C 2 6 482 6 9 7 1 6 8 38
C 2 6 483 7 18 23 1 2 14 75
C 2 6 484 7 17 23 1 3 7 75
C 2 6 485 5 8 5 1 4 13 22
C 2 6 486 5 7 5 1 5 7 22
C 2 6 487 5 8 6 1 4 13 23
C 2 6 488 5 7 6 1 5 7 23
C 2 6 489 5 7 6 1 5 6 26
C 2 6 490 5 7 5 1 3 14 26
C 2 6 491 5 6 5 1 4 6 26
C 2 6 492 5 6 4 1 3 10 17
C 2 6 493 5 7 4 1 3 12 18
C 2 6 494 5 6 4 1 4 8 18
C 2 6 495 5 7 5 1 3 12 19
C 2 6 496 5 6 5 1 4 8 19
C 2 6 497 5 9 10 1 3 10 30
C 2 6 498 7 17 21 1 5 14 76
C 2 6 499 7 17 20 1 6 9 76
C 2 6 500 7 17 22 1 4 10 75
C 2 6 501 7 19 20 1 4 11 76
C 2 6 502 7 18 20 1 5 10 76
C 2 6 503 5 9 8 1 3 13 30
C 2 6 504 5 8 8 1 4 8 30
C 2 6 505 5 8 6 1 3 7 30
C 2 6 506 6 11 8 3 4 13 35
C 2 6 507 6 10 8 3 5 8 35
C 2 6 508 6 11 8 3 4 13 36
C 2 6 509 6 10 8 3 5 8 36
C 2 6 510 6 8 6 1 3 7 37
C 2 6 511 6 10 9 1 5 7 37
C 2 6 512 6 11 8 1 7 7 38
C 2 6 513 5 9 9 1 2 13 29
C 2 6 514 7 16 23 1 3 8 75
C 2 6 515 5 8 5 1 4 13 22
C 2 6 516 5 7 5 1 5 6 22
C 2 6 517 5 8 6 1 4 13 23
C 2 6 518 5 7 6 1 5 6 23
C 2 6 519 5 8 6 1 5 7 26
C 2 6 520 5 9 6 1 4 13 26
C 2 6 521 5 8 6 1 5 7 26
C 2 6 522 5 6 4 1 3 9 17
C 2 6 523 5 7 4 1 3 12 18
C 2 6 524 5 6 4 1 4 7 18
C 2 6 525 5 7 5 1 3 12 19
C 2 6 526 5 6 5 1 4 7 19
C 2 6 527 5 7 9 1 2 9 30
C 2 6 528 7 16 21 1 5 14 76
C 2 6 529 7 16 20 1 6 10 76
C 2 6 530 7 16 22 1 4 11 75
C 2 6 531 7 18 20 1 4 10 76
C 2 6 532 7 17 20 1 5 11 76
C 2 6 533 5 8 8 1 5 8 30
C 2 6 534 5 8 6 1 4 7 30
C 2 6 535 6 9 8 3 6 8 35
C 2 6 536 6 10 8 3 7 8 36
C 2 6 537 6 10 7 1 5 7 37
C 2 6 538 6 9 9 1 6 7 37
C 2 6 539 6 10 8 1 8 7 38
C 2 6 540 7 18 23 1 3 13 75
C 2 6 541 7 17 23 1 4 8 75
C 2 6 542 5 6 5 1 6 6 22
C 2 6 543 5 7 6 1 5 13 23
C 2 6 544 5 6 6 1 6 6 23
C 2 6 545 5 8 6 1 7 7 26
C 2 6 546 5 8 6 1 7 7 26
C 2 6 547 5 6 4 1 4 9 17
C 2 6 548 5 6 4 1 6 7 18
C 2 6 549 5 7 5 1 5 12 19
C 2 6 550 5 6 5 1 6 7 19
C 2 6 551 5 7 9 1 4 9 30
C 2 6 552 7 17 21 1 6 10 76
C 2 6 553 7 17 22 1 5 11 75
C 2 6 554 7 18 21 1 5 11 76
C 2 6 555 5 8 6 1 4 8 31
C 2 6 556 6 7 8 3 4 7 36
C 2 6 557 6 8 9 3 5 7 36
C 2 6 558 6 8 8 3 5 7 37
C 2 6 559 6 9 8 1 4 8 38
C 2 6 560 6 9 9 1 3 13 38
C 2 6 561 6 8 9 1 4 8 38
C 2 6 562 6 8 8 1 6 8 39
C 2 6 563 5 8 12 0 1 14 30
C 2 6 564 7 16 22 1 3 7 76
C 2 6 565 5 6 7 1 4 13 23
C 2 6 566 5 6 6 1 5 7 23
C 2 6 567 5 7 7 1 4 13 24
C 2 6 568 5 6 7 1 5 7 24
C 2 6 569 5 6 6 1 5 6 27
C 2 6 570 5 9 6 1 5 14 27
C 2 6 571 5 7 7 1 6 6 27
C 2 6 572 5 6 5 1 3 10 18
C 2 6 573 5 6 5 1 5 8 19
C 2 6 574 5 8 6 1 4 12 24
C 2 6 575 5 6 6 1 5 8 20
C 2 6 576 5 10 11 1 3 11 31
C 2 6 577 5 9 11 1 4 10 31
C 2 6 578 7 17 20 1 5 12 77
C 2 6 579 7 16 20 1 6 9 77
C 2 6 580 7 17 21 1 3 11 76
C 2 6 581 7 16 21 1 4 10 76
C 2 6 582 7 17 20 1 5 10 77
C 2 6 583 6 10 8 3 5 8 36
C 2 6 584 6 11 8 3 5 8 36
C 2 6 585 6 12 8 3 5 13 37
C 2 6 586 6 11 8 3 6 8 37
C 2 6 587 6 10 7 1 4 7 38
C 2 6 588 6 11 9 1 4 13 38
C 2 6 589 6 10 9 1 5 7 38
C 2 6 590 6 12 8 1 6 13 39
C 2 6 591 6 11 9 1 6 13 39
C 2 6 592 6 11 8 1 7 7 39
C 2 6 593 7 17 21 1 3 8 76
C 2 6 594 5 9 5 1 4 13 23
C 2 6 595 5 8 6 1 4 12 23
C 2 6 596 5 8 5 1 5 6 23
C 2 6 597 5 8 7 1 4 12 24
C 2 6 598 5 8 6 1 5 6 24
C 2 6 599 5 9 6 1 6 7 27
C 2 6 600 5 10 6 1 6 7 27
C 2 6 601 5 8 4 1 3 9 18
C 2 6 602 5 9 4 1 4 12 19
C 2 6 603 5 8 4 1 5 7 19
C 2 6 604 5 9 5 1 4 12 20
C 2 6 605 5 8 5 1 5 7 20
C 2 6 606 5 10 11 1 2 11 31
C 2 6 607 5 9 9 1 3 9 31
C 2 6 608 7 18 19 1 5 11 77
C 2 6 609 7 17 20 1 5 14 77
C 2 6 610 7 17 19 1 6 10 77
C 2 6 611 7 18 20 1 3 10 76
C 2 6 612 7 17 21 1 3 14 76
C 2 6 613 7 17 20 1 4 11 76
C 2 6 614 7 18 20 1 4 14 77
C 2 6 615 7 18 19 1 5 11 77
C 2 6 616 6 7 7 3 5 7 41
C 2 6 617 5 3 2 1 3 7 13
C 2 6 618 6 11 8 3 5 8 43
C 2 6 619 6 9 9 3 5 8 43
C 2 6 620 6 9 8 3 7 8 44
C 2 6 621 7 19 24 3 3 14 81
C 2 6 622 7 18 24 3 4 7 81
C 2 6 623 6 8 6 3 5 13 28
C 2 6 624 6 7 6 3 6 7 28
C 2 6 625 6 8 7 3 5 13 29
C 2 6 626 6 7 7 3 6 7 29
C 2 6 627 6 7 6 3 6 6 32
C 2 6 628 6 9 7 3 6 14 32
C 2 6 629 6 8 7 3 7 6 32
C 2 6 630 6 7 5 3 4 10 23
C 2 6 631 6 8 5 3 5 12 24
C 2 6 632 6 7 5 3 6 8 24
C 2 6 633 6 8 6 3 5 12 25
C 2 6 634 6 7 6 3 6 8 25
C 2 6 635 6 10 11 3 5 10 36
C 2 6 636 7 18 23 3 6 14 82
C 2 6 637 7 18 22 3 7 9 82
C 2 6 638 7 18 23 3 5 10 81
C 2 6 639 7 20 22 3 5 11 82
C 2 6 640 7 19 23 3 5 14 82
C 2 6 641 7 19 22 3 6 10 82
C 2 6 642 6 8 7 3 5 7 42
C 2 6 643 6 12 9 3 6 8 43
C 2 6 644 6 9 9 3 5 8 43
C 2 6 645 6 9 8 3 7 8 44
C 2 6 646 7 20 24 3 3 14 81
C 2 6 647 7 19 24 3 4 7 81
C 2 6 648 6 7 6 3 6 7 28
C 2 6 649 6 8 7 3 5 13 29
C 2 6 650 6 7 7 3 6 7 29
C 2 6 651 6 8 7 3 7 6 32
C 2 6 652 6 8 6 3 5 14 32
C 2 6 653 6 7 6 3 6 6 32
C 2 6 654 6 7 5 3 4 10 23
C 2 6 655 6 7 5 3 6 8 24
C 2 6 656 6 8 6 3 5 12 25
C 2 6 657 6 7 6 3 6 8 25
C 2 6 658 6 10 11 3 5 10 36
C 2 6 659 7 19 22 3 7 9 82
C 2 6 660 7 19 23 3 5 10 81
C 2 6 661 7 20 22 3 6 10 82
C 2 6 662 6 12 8 3 4 13 44
C 2 6 663 6 11 9 3 4 14 44
C 2 6 664 6 11 8 3 5 8 44
C 2 6 665 5 5 6 3 3 14 21
C 2 6 666 6 9 8 3 5 8 44
C 2 6 667 6 10 7 3 6 13 45
C 2 6 668 6 9 7 3 7 8 45
C 2 6 669 7 20 24 3 4 14 82
C 2 6 670 7 19 24 3 5 7 82
C 2 6 671 6 9 6 3 6 13 29
C 2 6 672 6 8 6 3 7 7 29
C 2 6 673 6 9 7 3 6 13 30
C 2 6 674 6 8 7 3 7 7 30
C 2 6 675 6 7 6 3 6 6 33
C 2 6 676 5 7 4 2 5 14 22
C 2 6 677 6 7 6 3 6 6 33
C 2 6 678 6 7 5 3 5 10 24
C 2 6 679 6 8 5 3 5 12 25
C 2 6 680 6 7 5 3 6 8 25
C 2 6 681 6 8 6 3 5 12 26
C 2 6 682 6 7 6 3 6 8 26
C 2 6 683 6 11 11 3 4 11 37
C 2 6 684 6 10 11 3 5 10 37
C 2 6 685 7 19 23 3 7 14 83
C 2 6 686 7 19 22 3 8 9 83
C 2 6 687 7 19 23 3 6 10 82
C 2 6 688 7 21 22 3 6 11 83
C 2 6 689 7 20 22 3 7 10 83
C 2 6 690 6 11 9 1 5 7 45
C 2 6 691 6 12 9 1 6 13 46
C 2 6 692 6 12 8 1 7 7 46
C 2 6 693 7 18 24 1 4 8 83
C 2 6 694 6 10 7 1 5 12 30
C 2 6 695 6 10 6 1 6 6 30
C 2 6 696 6 10 7 1 6 6 31
C 2 6 697 6 9 6 1 5 7 34
C 2 6 698 6 10 7 1 6 7 34
C 2 6 699 6 9 5 1 4 9 25
C 2 6 700 6 10 5 1 4 12 26
C 2 6 701 6 9 5 1 5 7 26
C 2 6 702 6 10 6 1 4 12 27
C 2 6 703 6 9 6 1 5 7 27
C 2 6 704 6 10 10 1 3 9 38
C 2 6 705 7 19 21 1 6 11 84
C 2 6 706 7 18 22 1 6 14 84
C 2 6 707 7 18 21 1 7 10 84
C 2 6 708 7 18 24 1 4 14 83
C 2 6 709 7 18 23 1 5 11 83
C 2 6 710 7 20 21 1 5 10 84
C 2 6 711 7 19 22 1 5 14 84
C 2 6 712 7 19 21 1 6 11 84
C 2 6 713 6 9 7 1 6 7 46
C 2 6 714 7 20 25 1 3 13 83
C 2 6 715 7 19 25 1 4 8 83
C 2 6 716 6 8 7 1 6 6 30
C 2 6 717 5 7 6 1 5 13 24
C 2 6 718 6 8 8 1 6 6 31
C 2 6 719 6 8 7 1 6 7 34
C 2 6 720 6 8 7 1 6 7 34
C 2 6 721 6 8 6 1 4 9 25
C 2 6 722 5 6 4 1 4 12 19
C 2 6 723 6 8 6 1 6 7 26
C 2 6 724 5 7 5 1 4 12 25
C 2 6 725 6 8 7 1 6 7 27
C 2 6 726 5 9 10 1 3 11 31
C 2 6 727 6 10 12 1 5 9 38
C 2 6 728 7 19 24 1 6 14 84
C 2 6 729 7 19 23 1 7 10 84
C 2 6 730 7 19 24 1 5 11 83
C 2 6 731 7 21 23 1 5 10 84
C 2 6 732 7 20 23 1 6 11 84
C 2 6 733 6 12 15 1 4 14 43
C 2 6 734 7 18 24 1 6 8 84
C 2 6 735 6 7 5 1 6 6 31
C 2 6 736 6 7 7 1 6 6 32
C 2 6 737 6 7 6 1 6 7 35
C 2 6 738 6 7 6 1 6 7 35
C 2 6 739 6 8 5 1 6 9 26
C 2 6 740 6 7 5 1 6 7 27
C 2 6 741 6 8 6 1 5 12 28
C 2 6 742 6 7 6 1 6 7 28
C 2 6 743 6 12 11 1 6 11 39
C 2 6 744 6 11 11 1 7 9 39
C 2 6 745 7 19 22 1 8 11 85
C 2 6 746 7 18 23 1 8 14 85
C 2 6 747 7 18 22 1 9 10 85
C 2 6 748 7 19 23 1 6 10 84
C 2 6 749 7 18 24 1 6 14 84
C 2 6 750 7 18 23 1 7 11 84
C 2 6 751 7 20 22 1 7 10 85
C 2 6 752 7 19 23 1 7 14 85
C 2 6 753 7 19 22 1 8 11 85
C 2 6 754 4 5 4 0 3 13 15
C 2 6 755 6 8 14 0 3 13 35
C 2 6 756 7 14 21 0 4 7 68
C 2 6 757 5 6 8 0 3 13 23
C 2 6 758 7 14 22 0 4 7 69
C 2 6 759 5 6 8 0 1 14 22
C 2 6 760 7 16 23 1 4 13 72
C 2 6 761 7 16 22 1 5 6 72
C 2 6 762 7 18 22 1 4 14 72
C 2 6 763 7 17 22 1 5 6 72
C 2 6 764 7 15 20 0 2 10 63
C 2 6 765 4 5 3 0 3 12 11
C 2 6 766 7 14 20 0 4 8 64
C 2 6 767 5 6 7 0 3 12 19
C 2 6 768 7 14 21 0 4 8 65
C 2 6 769 5 10 12 1 2 11 30
C 2 6 770 7 17 21 1 3 10 76
C 2 6 771 7 18 22 1 4 12 122
C 2 6 772 6 12 11 1 5 9 38
C 2 6 773 6 11 16 0 1 10 45
C 2 6 774 7 18 22 1 4 10 122
C 2 6 775 4 4 4 0 2 7 13
C 2 6 776 5 5 4 1 5 8 19
C 2 6 777 5 5 4 1 5 8 19
C 2 6 778 4 3 2 0 4 8 10
C 2 6 779 4 2 2 0 4 8 11
C 2 6 780 4 3 3 1 3 11 10
C 2 6 781 4 2 3 0 4 8 12
C 2 6 782 5 8 8 1 4 11 23
C 2 6 783 5 7 8 1 5 8 23
C 2 6 784 7 15 19 1 7 9 69
C 2 6 785 7 14 21 0 4 13 68
C 2 6 786 7 14 20 0 5 10 68
C 2 6 787 7 17 19 1 5 10 69
C 2 6 788 7 16 20 1 5 13 69
C 2 6 789 7 16 19 1 6 10 69
C 2 6 790 4 4 3 1 2 12 10
C 2 6 791 5 6 5 1 4 12 20
C 2 6 792 5 3 3 0 4 8 11
C 2 6 793 5 3 2 0 4 8 13
C 2 6 794 4 2 2 1 2 8 10
C 2 6 795 5 8 9 1 4 11 24
C 2 6 796 5 7 9 1 5 8 24
C 2 6 797 7 16 20 1 6 11 70
C 2 6 798 7 15 20 1 7 9 70
C 2 6 799 7 15 21 0 4 10 69
C 2 6 800 7 14 21 0 5 10 69
C 2 6 801 7 16 20 1 6 10 70
C 2 6 802 5 6 4 1 4 13 19
C 2 6 803 5 5 3 1 5 9 14
C 2 6 804 5 4 3 1 4 9 15
C 2 6 805 4 5 4 1 3 11 13
C 2 6 806 5 4 4 1 4 9 16
C 2 6 807 5 8 9 1 5 9 27
C 2 6 808 7 16 20 1 8 8 73
C 2 6 809 7 16 21 1 6 9 72
C 2 6 810 7 17 21 1 6 13 73
C 2 6 811 7 17 20 1 7 9 73
C 2 6 812 5 5 3 1 5 9 14
C 2 6 813 5 4 3 1 4 9 15
C 2 6 814 5 5 4 1 3 11 16
C 2 6 815 5 4 4 1 4 9 16
C 2 6 816 5 8 9 1 5 9 27
C 2 6 817 7 17 20 1 8 8 73
C 2 6 818 7 17 22 1 5 13 72
C 2 6 819 7 17 21 1 6 9 72
C 2 6 820 7 18 20 1 7 9 73
C 2 6 821 3 3 0 0 3 10 6
C 2 6 822 3 2 0 0 4 9 6
C 2 6 823 4 3 1 0 3 10 7
C 2 6 824 4 2 1 0 4 9 7
C 2 6 825 3 3 2 1 1 9 7
C 2 6 826 5 6 7 1 3 11 18
C 2 6 827 7 16 19 1 4 14 64
C 2 6 828 7 16 18 1 5 12 64
C 2 6 829 7 15 20 0 2 13 63
C 2 6 830 7 15 19 0 3 11 63
C 2 6 831 7 17 19 1 3 13 64
C 2 6 832 7 17 18 1 4 11 64
C 2 6 833 2 2 0 1 0 7 3
C 2 6 834 5 7 7 1 3 11 19
C 2 6 835 5 6 8 1 3 11 19
C 2 6 836 5 6 7 1 4 7 19
C 2 6 837 7 16 18 1 6 11 65
C 2 6 838 7 15 19 1 6 12 65
C 2 6 839 7 15 18 1 7 8 65
C 2 6 840 7 15 19 0 4 9 64
C 2 6 841 7 14 20 0 4 13 64
C 2 6 842 7 14 19 0 5 11 64
C 2 6 843 7 17 18 1 5 9 65
C 2 6 844 7 16 19 1 5 13 65
C 2 6 845 7 16 18 1 6 11 65
C 2 6 846 5 7 8 1 3 11 20
C 2 6 847 5 6 9 1 3 11 20
C 2 6 848 5 6 8 1 4 7 20
C 2 6 849 7 16 19 1 6 11 66
C 2 6 850 7 15 19 1 7 8 66
C 2 6 851 7 15 20 0 4 9 65
C 2 6 852 7 14 21 0 4 13 65
C 2 6 853 7 14 20 0 5 11 65
C 2 6 854 7 16 19 1 6 11 66
C 2 6 855 7 17 20 1 5 12 77
C 2 6 856 7 17 19 1 6 8 77
C 2 6 857 7 18 20 1 3 8 76
C 2 6 858 7 17 20 1 4 13 76
C 2 6 859 7 19 19 1 4 8 77
C 2 6 860 7 18 19 1 5 13 77
C 2 6 861 7 18 21 1 5 9 122
C 2 6 862 7 17 22 1 5 14 122
C 2 6 863 6 12 14 1 4 12 60
C 2 6 864 7 17 18 1 5 9 123
C 2 6 865 3 1 2 0 1 12 4
C 2 6 866 7 19 21 1 4 11 122
C 2 6 867 7 18 22 1 4 11 122
C 2 6 868 6 13 14 1 3 7 60
M 2 6 5 3 5 1 1
M 2 6 5 5 4 2 3
M 2 6 6 8 5 2 2
M 2 6 6 7 5 2 5
M 2 6 5 2 3 1 3
M 2 6 2 0 1 1 1
M 2 6 4 1 1 1 2
M 2 6 7 14 19 1 2
M 2 6 5 7 7 1 5
M 2 6 5 7 7 1 6
M 2 6 7 16 22 1 5
M 2 6 0 0 0 0 0
M 2 6 5 5 3 1 2
M 2 6 6 8 7 1 5
M 2 6 6 9 6 1 7
M 2 6 5 7 7 3 4
M 2 6 6 7 9 3 4
M 2 6 7 14 22 0 2
M 2 6 5 6 9 3 4
M 2 6 7 17 23 1 3
M 2 6 6 9 9 1 6
M 2 6 5 6 4 1 6
M 2 6 6 10 7 1 4
M 2 6 5 10 6 1 6
M 2 6 5 3 2 1 3
M 2 6 7 19 24 3 4
M 2 6 6 8 6 3 7
M 2 6 6 12 8 1 7
M 2 6 6 8 6 1 6
M 2 6 4 4 4 0 2
M 2 6 5 7 6 1 4
M 2 6 6 7 6 1 4
M 2 6 5 9 6 3 4
M 2 6 5 3 2 2 5
M 2 6 6 9 9 1 4
M 2 6 6 8 9 1 6
M 2 6 5 4 5 0 4
M 2 6 6 9 9 3 7
M 2 6 5 7 8 3 5
M 2 6 5 9 8 3 4
M 2 6 6 8 10 3 5
M 2 6 5 9 7 1 4
M 2 6 6 10 8 3 7
M 2 6 7 17 23 1 4
M 2 6 6 8 9 1 4
M 2 6 6 11 8 3 6
M 2 6 7 17 20 1 8
M 2 6 6 12 9 3 6
M 2 6 7 16 20 1 8
M 2 6 3 0 5 0 1
M 2 6 7 17 20 3 6
M 2 6 7 15 19 0 4
M 2 6 4 2 1 0 4
M 2 6 5 7 9 1 2
M 2 6 5 7 9 1 4
M 2 6 5 8 4 1 3
M 2 6 7 18 22 3 7
M 2 6 7 17 20 1 7
M 2 6 7 16 21 1 6
M 2 6 6 10 10 1 3
M 2 6 6 10 12 1 5
M 2 6 6 11 11 1 7
M 2 6 7 18 19 1 4
M 2 6 5 2 2 2 3
M 2 6 7 15 21 0 4
M 2 6 5 4 5 0 2
M 2 6 5 8 11 1 3
M 2 6 7 14 21 0 3
M 2 6 5 8 11 3 4
M 2 6 7 18 20 1 5
M 2 6 5 9 11 1 4
M 2 6 3 3 0 0 3
M 2 6 7 19 22 3 6
M 2 6 6 7 5 3 5
M 2 6 7 20 22 3 7
M 2 6 7 20 21 1 5
M 2 6 7 21 23 1 5
M 2 6 2 1 0 0 2
M 2 6 3 1 1 0 2
M 2 6 4 5 7 1 1
M 2 6 6 16 18 1 3
M 2 6 7 14 19 0 5
M 2 6 7 17 18 1 4
M 2 6 5 10 12 1 2
M 2 6 7 19 20 3 4
M 2 6 5 8 9 1 4
M 2 6 7 15 21 0 2
M 2 6 7 17 23 2 3
M 2 6 5 10 10 1 2
M 2 6 7 19 20 1 4
M 2 6 4 3 3 1 3
M 2 6 6 12 11 1 6
M 2 6 7 20 22 3 5
M 2 6 6 11 11 3 4
M 2 6 3 2 2 0 3
M 2 6 4 2 3 0 3
M 2 6 3 1 2 0 1
M 2 6 6 12 14 1 4
M 2 6 5 7 5 1 4
M 2 6 5 4 3 2 4
M 2 6 5 6 7 0 3
M 2 6 6 8 6 1 5
M 2 6 7 15 19 1 6
M 2 6 5 8 5 1 2
M 2 6 7 16 19 1 5
M 2 6 4 6 3 1 2
M 2 6 6 9 7 3 4
M 2 6 5 8 7 1 2
M 2 6 5 10 5 1 3
M 2 6 7 17 19 1 3
M 2 6 6 11 7 3 4
M 2 6 4 3 1 1 4
M 2 6 5 3 4 2 4
M 2 6 6 9 10 1 3
M 2 6 4 4 5 0 3
M 2 6 7 20 25 1 3
M 2 6 5 10 7 1 3
M 2 6 5 9 8 1 3
M 2 6 5 9 9 1 2
M 2 6 7 18 23 1 3
M 2 6 6 12 8 3 5
M 2 6 6 11 9 1 4
M 2 6 6 11 9 1 6
M 2 6 4 3 5 0 1
M 2 6 6 14 20 0 1
M 2 6 7 19 24 1 6
M 2 6 7 16 22 0 1
M 2 6 5 7 6 3 3
M 2 6 4 5 4 1 2
M 2 6 4 4 4 1 2
M 2 6 5 5 8 2 2
M 2 6 7 19 23 3 7
M 2 6 5 9 7 3 3
M 2 6 7 16 23 2 2
M 2 6 5 7 5 3 5
M 2 6 7 18 21 3 4
M 2 6 5 7 8 1 2
M 2 6 6 8 9 3 3
M 2 6 5 6 10 0 2
M 2 6 7 18 23 1 8
M 2 6 6 9 8 3 4
M 2 6 7 16 25 2 2
M 2 6 5 8 7 3 5
M 2 6 7 16 19 1 4
M 2 6 5 8 7 3 3
M 2 6 5 8 9 1 2
M 2 6 5 7 10 1 2
M 2 6 7 17 21 1 5
M 2 6 6 11 9 3 4
M 2 6 5 9 6 1 5
M 2 6 5 2 2 3 2
M 2 6 4 2 3 1 1
M 2 6 5 7 4 2 2
M 2 6 7 14 20 1 1
M 2 6 4 2 2 1 3
M 2 6 5 5 7 2 1
M 2 6 7 16 18 2 3
M 2 6 5 6 5 3 6
M 2 6 5 7 7 3 6
M 2 6 5 6 6 1 6
M 2 6 5 9 6 1 6
M 2 6 5 8 5 1 5
M 2 6 5 5 7 1 3
M 2 6 6 7 7 3 5
M 2 6 2 3 0 0 0
M 2 6 5 5 4 1 4
M 2 6 6 9 6 1 5
M 2 6 5 6 4 1 5
M 2 6 6 7 6 3 5
M 2 6 7 14 22 0 4
M 2 6 5 4 6 2 3
M 2 6 5 4 4 2 5
M 2 6 5 5 9 2 3
M 2 6 6 8 9 3 5
M 2 6 5 6 7 1 5
M 2 6 5 4 8 2 3
M 2 6 7 16 24 2 3
M 2 6 6 6 8 3 4
M 2 6 6 7 8 3 5
M 2 6 6 8 6 1 3
M 2 6 6 10 9 1 5
M 2 6 6 10 8 1 8
M 2 6 5 4 7 0 2
M 2 6 5 3 5 2 3
M 2 6 6 7 7 1 6
M 2 6 7 15 22 0 2
M 2 6 4 3 3 0 4
M 2 6 5 5 4 3 4
M 2 6 5 6 6 3 4
M 2 6 4 4 2 1 4
M 2 6 6 9 6 1 4
M 2 6 5 7 6 3 5
M 2 6 6 10 7 3 5
M 2 6 4 2 2 0 4
M 2 6 5 7 8 1 4
M 2 6 5 7 9 1 5
M 2 6 5 6 8 3 5
M 2 6 4 2 2 1 2
M 2 6 5 3 2 0 4
M 2 6 5 3 3 0 4
M 2 6 5 9 7 1 5
M 2 6 7 16 23 1 3
M 2 6 7 18 20 1 7
M 2 6 7 19 22 3 7
M 2 6 7 17 18 1 5
M 2 6 5 4 4 1 4
M 2 6 7 19 22 3 8
M 2 6 6 8 6 1 4
M 2 6 7 15 20 1 5
M 2 6 7 17 22 3 6
M 2 6 7 15 19 1 7
M 2 6 7 16 21 1 4
M 2 6 4 3 1 0 3
M 2 6 5 7 9 1 3
M 2 6 4 4 2 1 3
M 2 6 7 18 23 3 5
M 2 6 7 14 21 0 5
M 2 6 5 7 9 3 4
M 2 6 7 16 21 2 4
M 2 6 7 19 23 1 6
M 2 6 5 7 11 3 4
M 2 6 7 17 22 1 4
M 2 6 2 1 0 0 1
M 2 6 7 19 24 1 5
M 2 6 7 19 21 1 4
M 2 6 7 16 18 1 6
M 2 6 7 16 21 0 2
M 2 6 5 6 9 1 3
M 2 6 7 19 21 1 6
M 2 6 7 16 22 1 4
M 2 6 7 18 23 1 7
M 2 6 7 17 22 1 3
M 2 6 7 18 21 1 5
M 2 6 7 15 19 0 3
M 2 6 5 9 11 1 2
M 2 6 7 19 22 3 4
M 2 6 6 10 6 1 4
M 2 6 6 10 5 1 4
M 2 6 4 4 3 0 3
M 2 6 7 21 22 3 6
M 2 6 6 8 5 3 5
M 2 6 7 18 20 3 5
M 2 6 4 7 4 1 2
M 2 6 7 14 20 0 4
M 2 6 4 4 4 0 3
M 2 6 4 3 3 1 4
M 2 6 5 7 7 1 2
M 2 6 5 9 6 1 4
M 2 6 6 9 6 3 4
M 2 6 4 6 3 1 4
M 2 6 6 10 6 1 3
M 2 6 5 6 8 0 3
M 2 6 4 3 4 2 4
M 2 6 5 6 6 3 5
M 2 6 6 10 9 1 3
M 2 6 6 9 6 3 6
M 2 6 7 15 20 0 2
M 2 6 3 2 3 0 1
M 2 6 4 3 5 2 2
M 2 6 7 20 24 3 3
M 2 6 7 19 23 1 7
M 2 6 6 12 15 1 4
M 2 6 7 18 23 1 2
M 2 6 7 20 24 3 4
M 2 6 4 6 5 1 2
M 2 6 6 7 7 3 3
M 2 6 7 18 24 1 6
M 2 6 5 6 8 0 1
M 2 6 4 4 4 3 2
M 2 6 7 19 24 3 3
M 2 6 5 5 6 3 3
M 2 6 5 6 6 1 2
M 2 6 5 8 12 0 1
M 2 6 7 17 24 2 2
M 2 6 5 6 6 3 2
M 2 6 5 8 6 3 3
M 2 6 7 18 23 3 6
M 2 6 6 9 9 3 4
M 2 6 5 6 5 2 2
M 2 6 7 16 22 2 3
M 2 6 7 16 21 1 5
M 2 6 7 17 21 3 5
M 2 6 5 5 10 2 2
M 2 6 4 5 5 1 1
M 2 6 6 9 9 3 3
M 2 6 5 5 4 2 1
M 2 6 6 7 8 3 4
M 2 6 6 8 7 3 7
M 2 6 5 6 6 1 4
M 2 6 6 9 8 1 4
M 2 6 5 6 6 1 5
M 2 6 5 7 6 3 4
M 2 6 6 7 5 3 6
M 2 6 6 8 8 3 5
M 2 6 6 9 7 1 6
M 2 6 5 4 3 1 4
M 2 6 6 10 11 3 5
M 2 6 5 6 7 1 3
M 2 6 4 5 3 1 3
M 2 6 7 18 22 3 5
M 2 6 4 4 3 1 3
M 2 6 5 8 6 1 3
M 2 6 5 9 5 1 4
M 2 6 5 8 5 1 4
M 2 6 4 5 4 1 1
M 2 6 5 5 5 2 2
M 2 6 5 6 4 3 3
M 2 6 7 18 20 1 4
M 2 6 5 8 8 1 2
M 2 6 5 3 5 3 2
M 2 6 5 4 3 2 3
M 2 6 7 15 18 2 4
M 2 6 6 10 6 1 6
M 2 6 6 9 5 1 5
M 2 6 6 13 14 1 3
M 2 6 7 19 24 3 5
M 2 6 6 6 7 3 4
M 2 6 5 3 5 0 4
M 2 6 2 2 0 1 0
M 2 6 7 16 22 1 3
M 2 6 6 11 8 1 7
M 2 6 6 10 7 1 6
M 2 6 6 8 9 3 4
M 2 6 6 7 6 3 4
M 2 6 5 8 8 3 4
M 2 6 6 9 8 3 7
M 2 6 6 8 9 3 7
M 2 6 4 2 3 0 2
M 2 6 7 15 18 1 7
M 2 6 5 8 8 1 5
M 2 6 5 4 6 2 5
M 2 6 6 7 7 3 4
M 2 6 5 5 6 3 4
M 2 6 6 8 5 1 3
M 2 6 4 4 3 1 4
M 2 6 6 8 8 1 6
M 2 6 5 8 9 1 5
M 2 6 7 15 20 0 4
M 2 6 7 17 20 1 6
M 2 6 3 2 0 0 4
M 2 6 5 5 3 1 5
M 2 6 7 20 22 3 6
M 2 6 5 4 5 2 3
M 2 6 7 16 23 2 4
M 2 6 6 7 5 3 4
M 2 6 5 6 5 1 3
M 2 6 7 18 21 1 7
M 2 6 7 14 20 0 5
M 2 6 7 20 23 1 6
M 2 6 5 6 8 1 3
M 2 6 5 10 11 1 2
M 2 6 7 17 21 2 3
M 2 6 7 15 21 0 3
M 2 6 5 7 7 1 3
M 2 6 7 16 19 1 6
M 2 6 7 18 23 1 5
M 2 6 5 4 2 2 4
M 2 6 4 5 3 0 3
M 2 6 4 5 2 1 3
M 2 6 6 12 9 1 6
M 2 6 6 12 8 1 6
M 2 6 6 8 14 0 3
M 2 6 6 9 9 1 3
M 2 6 6 11 8 3 4
M 2 6 6 8 7 3 3
M 2 6 5 4 7 2 4
M 2 6 5 10 6 3 3
M 2 6 4 5 4 0 3
M 2 6 4 2 2 2 2
M 2 6 4 5 5 1 2
M 2 6 6 9 7 3 3
M 2 6 5 9 8 3 3
M 2 6 7 17 22 1 5
M 2 6 7 18 24 1 4
M 2 6 5 7 8 3 3
M 2 6 5 5 7 2 2
M 2 6 7 18 21 1 2
M 2 6 6 10 8 3 4
M 2 6 7 16 20 1 5
M 2 6 5 6 9 2 2
M 2 6 6 9 7 3 6
M 2 6 5 8 9 3 3
M 2 6 5 8 7 1 4
M 2 6 5 7 7 1 4
M 2 6 5 5 4 1 5
M 2 6 7 18 19 1 5
M 2 6 6 8 7 3 4
M 2 6 6 7 6 1 6
M 2 6 5 7 8 3 4
M 2 6 5 4 6 0 4
M 2 6 5 6 6 1 3
M 2 6 6 7 5 1 6
M 2 6 6 11 8 3 5
M 2 6 5 9 10 1 3
M 2 6 7 17 19 1 5
M 2 6 6 10 7 1 5
M 2 6 7 17 21 1 6
M 2 6 5 10 7 1 4
M 2 6 5 6 5 3 3
M 2 6 5 7 6 1 2
M 2 6 5 7 5 1 2
M 2 6 5 7 5 1 3
M 2 6 6 7 6 2 3
M 2 6 5 5 5 1 5
M 2 6 6 7 7 3 6
M 2 6 7 18 24 3 4
M 2 6 5 5 7 2 3
M 2 6 5 4 7 2 5
M 2 6 5 5 6 1 4
M 2 6 7 19 25 1 4
M 2 6 4 3 2 0 4
M 2 6 6 10 9 3 5
M 2 6 6 9 9 3 5
M 2 6 5 4 7 2 3
M 2 6 5 7 8 1 5
M 2 6 4 2 3 0 4
M 2 6 6 9 5 1 4
M 2 6 7 15 20 1 7
M 2 6 7 20 22 1 7
M 2 6 7 18 22 1 9
M 2 6 4 3 3 0 2
M 2 6 5 7 8 1 3
M 2 6 7 18 20 1 3
M 2 6 5 8 8 1 4
M 2 6 5 10 11 1 3
M 2 6 5 7 4 1 3
M 2 6 5 9 4 1 4
M 2 6 7 16 23 1 4
M 2 6 7 16 18 1 5
M 2 6 6 8 7 3 5
M 2 6 7 14 21 0 4
M 2 6 5 6 7 1 4
M 2 6 7 19 23 3 5
M 2 6 7 19 22 1 5
M 2 6 7 17 20 1 5
M 2 6 6 9 8 3 6
M 2 6 7 18 22 1 4
M 2 6 4 4 3 1 2
M 2 6 7 16 21 1 3
M 2 6 5 6 4 1 3
M 2 6 5 9 9 1 4
M 2 6 5 5 7 0 1
M 2 6 6 7 6 3 6
M 2 6 7 16 20 1 6
M 2 6 6 6 5 4 3
M 2 6 6 10 8 3 5
M 2 6 5 4 5 2 5
M 2 6 7 17 19 1 6
M 2 6 5 7 5 1 5
M 2 6 4 4 4 1 3
M 2 6 7 18 22 1 6
M 2 6 5 7 6 1 5
M 2 6 3 1 0 1 2
M 2 6 4 5 3 1 5
M 2 6 5 6 7 3 6
M 2 6 6 8 10 1 4
M 2 6 6 9 7 3 7
M 2 6 5 3 3 2 5
M 2 6 6 8 5 1 6
M 2 6 6 12 11 1 5
M 2 6 6 11 16 0 1
M 2 6 5 5 4 1 3
M 2 6 7 19 19 1 4
M 2 6 6 15 18 1 4
M 2 6 4 5 4 1 3
M 2 6 5 6 4 1 4
M 2 6 6 12 8 3 4
M 2 6 5 8 6 1 4
M 2 6 5 8 10 1 2
M 2 6 5 8 8 1 3
M 2 6 7 17 20 1 4
M 2 6 5 7 4 2 5
M 2 6 6 8 7 1 6
M 2 6 6 9 7 1 4
M 2 6 5 6 5 1 5
M 2 6 5 6 5 1 4
M 2 6 7 17 21 1 3
M 2 6 6 6 5 3 4
M 2 6 5 8 4 1 5
M 2 6 6 11 9 1 5
M 2 6 5 6 5 1 6
M 2 6 5 9 9 1 3
M 2 6 7 17 20 1 3
M 2 6 5 8 6 1 2
M 2 6 6 10 7 3 6
M 2 6 6 8 8 3 3
M 2 6 5 7 6 1 3
M 2 6 4 6 4 1 2
M 2 6 7 16 20 1 4
M 2 6 4 3 2 2 1
M 2 6 6 9 8 3 5
M 2 6 7 19 23 3 6
M 2 6 5 6 8 1 4
M 2 6 6 9 8 1 5
P 2 6 0 1
P 2 6 1 0
P 2 6 2 0
P 2 6 3 1
P 2 6 4 1
P 2 6 5 1
P 2 6 6 1
P 2 6 7 0
P 2 6 8 1
P 2 6 9 1
P 2 6 10 0
P 2 6 11 0
P 2 6 12 0
P 2 6 13 0
P 2 6 14 0
P 2 6 15 0
P 2 6 16 0
P 2 6 17 0
P 2 6 18 0
P 2 6 19 0
P 2 6 20 0
P 2 6 21 0
P 2 6 22 0
P 2 6 23 1
P 2 6 24 1
P 2 6 25 1
P 2 6 26 1
P 2 6 27 1
P 2 6 28 0
P 2 6 29 0
P 2 6 30 0
P 2 6 31 0
P 2 6 32 0
P 2 6 33 0
P 2 6 34 0
P 2 6 35 0
P 2 6 36 0
P 2 6 37 0
P 2 6 38 0
P 2 6 39 0
P 2 6 40 0
P 2 6 41 0
P 2 6 42 0
P 2 6 43 0
P 2 6 44 0
P 2 6 45 0
P 2 6 46 0
P 2 6 47 0
P 2 6 48 0
P 2 6 49 0
P 2 6 50 0
P 2 6 51 0
P 2 6 52 0
P 2 6 53 0
P 2 6 54 0
P 2 6 55 0
P 2 6 56 0
P 2 6 57 0
P 2 6 58 0
P 2 6 59 0
P 2 6 60 0
P 2 6 61 0
P 2 6 62 0
P 2 6 63 0
P 2 6 64 0
P 2 6 65 0
P 2 6 66 0
P 2 6 67 0
P 2 6 68 1
P 2 6 69 0
P 2 6 70 1
P 2 6 71 0
P 2 6 72 0
P 2 6 73 0
P 2 6 74 0
P 2 6 75 0
P 2 6 76 0
P 2 6 77 0
P 2 6 78 0
P 2 6 79 0
P 2 6 80 1
P 2 6 81 0
P 2 6 82 0
P 2 6 83 0
P 2 6 84 0
P 2 6 85 0
P 2 6 86 0
P 2 6 87 0
P 2 6 88 0
P 2 6 89 0
P 2 6 90 0
P 2 6 91 0
P 2 6 92 0
P 2 6 93 0
P 2 6 94 0
P 2 6 95 0
P 2 6 96 1
P 2 6 97 0
P 2 6 98 0
P 2 6 99 0
P 2 6 100 0
P 2 6 101 1
P 2 6 102 0
P 2 6 103 0
P 2 6 104 0
P 2 6 105 0
P 2 6 106 0
P 2 6 107 0
P 2 6 108 0
P 2 6 109 0
P 2 6 110 0
P 2 6 111 0
P 2 6 112 0
P 2 6 113 0
P 2 6 114 0
P 2 6 115 0
P 2 6 116 0
P 2 6 117 0
P 2 6 118 0
P 2 6 119 0
P 2 6 120 0
P 2 6 121 0
P 2 6 122 0
P 2 6 123 0
P 2 6 124 0
P 2 6 125 0
P 2 6 126 0
P 2 6 127 0
P 2 6 128 0
P 2 6 129 0
P 2 6 130 0
P 2 6 131 0
P 2 6 132 0
P 2 6 133 0
P 2 6 134 0
P 2 6 135 0
P 2 6 136 0
P 2 6 137 0
P 2 6 138 0
P 2 6 139 0
P 2 6 140 0
P 2 6 141 0
P 2 6 142 0
P 2 6 143 0
P 2 6 144 0
P 2 6 145 0
P 2 6 146 0
P 2 6 147 0
P 2 6 148 0
P 2 6 149 0
P 2 6 150 0
P 2 6 151 0
P 2 6 152 0
P 2 6 153 0
P 2 6 154 0
P 2 6 155 0
P 2 6 156 0
P 2 6 157 0
P 2 6 158 0
P 2 6 159 0
P 2 6 160 0
P 2 6 161 1
P 2 6 162 0
P 2 6 163 0
P 2 6 164 0
P 2 6 165 0
P 2 6 166 0
P 2 6 167 0
P 2 6 168 0
P 2 6 169 0
P 2 6 170 0
P 2 6 171 0
P 2 6 172 0
P 2 6 173 0
P 2 6 174 0
P 2 6 175 0
P 2 6 176 0
P 2 6 177 0
P 2 6 178 0
P 2 6 179 0
P 2 6 180 0
P 2 6 181 0
P 2 6 182 0
P 2 6 183 0
P 2 6 184 0
P 2 6 185 0
P 2 6 186 0
P 2 6 187 0
P 2 6 188 0
P 2 6 189 0
P 2 6 190 0
P 2 6 191 0
P 2 6 192 0
P 2 6 193 0
P 2 6 194 0
P 2 6 195 0
P 2 6 196 0
P 2 6 197 0
P 2 6 198 0
P 2 6 199 0
P 2 6 200 0
P 2 6 201 0
P 2 6 202 0
P 2 6 203 0
P 2 6 204 0
P 2 6 205 0
P 2 6 206 0
P 2 6 207 0
P 2 6 208 0
P 2 6 209 0
P 2 6 210 1
P 2 6 211 0
P 2 6 212 0
P 2 6 213 0
P 2 6 214 0
P 2 6 215 0
P 2 6 216 0
P 2 6 217 0
P 2 6 218 0
P 2 6 219 0
P 2 6 220 0
P 2 6 221 0
P 2 6 222 0
P 2 6 223 0
P 2 6 224 0
P 2 6 225 0
P 2 6 226 0
P 2 6 227 0
P 2 6 228 0
P 2 6 229 0
P 2 6 230 0
P 2 6 231 0
P 2 6 232 0
P 2 6 233 1
P 2 6 234 0
P 2 6 235 0
P 2 6 236 0
P 2 6 237 0
P 2 6 238 0
P 2 6 239 0
P 2 6 240 0
P 2 6 241 0
P 2 6 242 0
P 2 6 243 0
P 2 6 244 0
P 2 6 245 0
P 2 6 246 0
P 2 6 247 0
P 2 6 248 0
P 2 6 249 0
P 2 6 250 0
P 2 6 251 0
P 2 6 252 0
P 2 6 253 0
P 2 6 254 0
P 2 6 255 0
P 2 6 256 0
P 2 6 257 0
P 2 6 258 0
P 2 6 259 0
P 2 6 260 0
P 2 6 261 0
P 2 6 262 0
P 2 6 263 0
P 2 6 264 0
P 2 6 265 0
P 2 6 266 0
P 2 6 267 0
P 2 6 268 0
P 2 6 269 0
P 2 6 270 0
P 2 6 271 0
P 2 6 272 0
P 2 6 273 0
P 2 6 274 0
P 2 6 275 0
P 2 6 276 0
P 2 6 277 0
P 2 6 278 0
P 2 6 279 0
P 2 6 280 0
P 2 6 281 0
P 2 6 282 0
P 2 6 283 0
P 2 6 284 0
P 2 6 285 0
P 2 6 286 0
P 2 6 287 0
P 2 6 288 0
P 2 6 289 0
P 2 6 290 1
P 2 6 291 0
P 2 6 292 1
P 2 6 293 0
P 2 6 294 0
P 2 6 295 0
P 2 6 296 0
P 2 6 297 0
P 2 6 298 0
P 2 6 299 0
P 2 6 300 0
P 2 6 301 0
P 2 6 302 0
P 2 6 303 0
P 2 6 304 0
P 2 6 305 0
P 2 6 306 0
P 2 6 307 0
P 2 6 308 0
P 2 6 309 0
P 2 6 310 0
P 2 6 311 0
P 2 6 312 0
P 2 6 313 0
P 2 6 314 0
P 2 6 315 0
P 2 6 316 0
P 2 6 317 0
P 2 6 318 0
P 2 6 319 0
P 2 6 320 0
P 2 6 321 0
P 2 6 322 0
P 2 6 323 0
P 2 6 324 0
P 2 6 325 0
P 2 6 326 0
P 2 6 327 0
P 2 6 328 1
P 2 6 329 0
P 2 6 330 0
P 2 6 331 0
P 2 6 332 0
P 2 6 333 0
P 2 6 334 0
P 2 6 335 0
P 2 6 336 0
P 2 6 337 0
P 2 6 338 0
P 2 6 339 0
P 2 6 340 0
P 2 6 341 0
P 2 6 342 0
P 2 6 343 0
P 2 6 344 0
P 2 6 345 0
P 2 6 346 0
P 2 6 347 0
P 2 6 348 0
P 2 6 349 0
P 2 6 350 0
P 2 6 351 0
P 2 6 352 0
P 2 6 353 0
P 2 6 354 0
P 2 6 355 0
P 2 6 356 0
P 2 6 357 0
P 2 6 358 0
P 2 6 359 0
P 2 6 360 0
P 2 6 361 0
P 2 6 362 0
P 2 6 363 0
P 2 6 364 0
P 2 6 365 0
P 2 6 366 0
P 2 6 367 0
P 2 6 368 0
P 2 6 369 0
P 2 6 370 0
P 2 6 371 0
P 2 6 372 0
P 2 6 373 0
P 2 6 374 0
P 2 6 375 0
P 2 6 376 0
P 2 6 377 0
P 2 6 378 0
P 2 6 379 0
P 2 6 380 0
P 2 6 381 0
P 2 6 382 0
P 2 6 383 0
P 2 6 384 0
P 2 6 385 1
P 2 6 386 0
P 2 6 387 0
P 2 6 388 0
P 2 6 389 0
P 2 6 390 0
P 2 6 391 0
P 2 6 392 0
P 2 6 393 0
P 2 6 394 0
P 2 6 395 0
P 2 6 396 0
P 2 6 397 0
P 2 6 398 0
P 2 6 399 0
P 2 6 400 0
P 2 6 401 0
P 2 6 402 0
P 2 6 403 0
P 2 6 404 0
P 2 6 405 0
P 2 6 406 0
P 2 6 407 0
P 2 6 408 0
P 2 6 409 0
P 2 6 410 0
P 2 6 411 0
P 2 6 412 0
P 2 6 413 0
P 2 6 414 0
P 2 6 415 0
P 2 6 416 0
P 2 6 417 0
P 2 6 418 0
P 2 6 419 0
P 2 6 420 0
P 2 6 421 0
P 2 6 422 0
P 2 6 423 0
P 2 6 424 0
P 2 6 425 0
P 2 6 426 0
P 2 6 427 0
P 2 6 428 0
P 2 6 429 0
P 2 6 430 0
P 2 6 431 0
P 2 6 432 1
P 2 6 433 0
P 2 6 434 0
P 2 6 435 0
P 2 6 436 0
P 2 6 437 0
P 2 6 438 0
P 2 6 439 0
P 2 6 440 0
P 2 6 441 0
P 2 6 442 0
P 2 6 443 0
P 2 6 444 0
P 2 6 445 0
P 2 6 446 0
P 2 6 447 0
P 2 6 448 0
P 2 6 449 0
P 2 6 450 0
P 2 6 451 0
P 2 6 452 0
P 2 6 453 0
P 2 6 454 0
P 2 6 455 0
P 2 6 456 0
P 2 6 457 0
P 2 6 458 0
P 2 6 459 0
P 2 6 460 0
P 2 6 461 0
P 2 6 462 0
P 2 6 463 0
P 2 6 464 0
P 2 6 465 0
P 2 6 466 0
P 2 6 467 0
P 2 6 468 0
P 2 6 469 0
P 2 6 470 0
P 2 6 471 0
P 2 6 472 0
P 2 6 473 0
P 2 6 474 0
P 2 6 475 0
P 2 6 476 0
P 2 6 477 0
P 2 6 478 0
P 2 6 479 0
P 2 6 480 0
P 2 6 481 0
P 2 6 482 0
P 2 6 483 0
P 2 6 484 0
P 2 6 485 0
P 2 6 486 0
P 2 6 487 0
P 2 6 488 0
P 2 6 489 0
P 2 6 490 0
P 2 6 491 0
P 2 6 492 0
P 2 6 493 0
P 2 6 494 0
P 2 6 495 0
P 2 6 496 0
P 2 6 497 0
P 2 6 498 0
P 2 6 499 0
P 2 6 500 0
P 2 6 501 0
P 2 6 502 0
P 2 6 503 0
P 2 6 504 0
P 2 6 505 0
P 2 6 506 0
P 2 6 507 0
P 2 6 508 0
P 2 6 509 0
P 2 6 510 0
P 2 6 511 0
P 2 6 512 0
P 2 6 513 0
P 2 6 514 0
P 2 6 515 0
P 2 6 516 0
P 2 6 517 0
P 2 6 518 0
P 2 6 519 0
P 2 6 520 0
P 2 6 521 0
P 2 6 522 0
P 2 6 523 0
P 2 6 524 0
P 2 6 525 0
P 2 6 526 0
P 2 6 527 0
P 2 6 528 0
P 2 6 529 0
P 2 6 530 0
P 2 6 531 0
P 2 6 532 0
P 2 6 533 0
P 2 6 534 0
P 2 6 535 0
P 2 6 536 0
P 2 6 537 0
P 2 6 538 0
P 2 6 539 0
P 2 6 540 0
P 2 6 541 0
P 2 6 542 0
P 2 6 543 0
P 2 6 544 0
P 2 6 545 0
P 2 6 546 0
P 2 6 547 0
P 2 6 548 0
P 2 6 549 0
P 2 6 550 0
P 2 6 551 0
P 2 6 552 0
P 2 6 553 0
P 2 6 554 0
P 2 6 555 0
P 2 6 556 0
P 2 6 557 0
P 2 6 558 0
P 2 6 559 0
P 2 6 560 0
P 2 6 561 0
P 2 6 562 0
P 2 6 563 0
P 2 6 564 0
P 2 6 565 0
P 2 6 566 0
P 2 6 567 0
P 2 6 568 0
P 2 6 569 0
P 2 6 570 0
P 2 6 571 0
P 2 6 572 0
P 2 6 573 0
P 2 6 574 0
P 2 6 575 0
P 2 6 576 0
P 2 6 577 0
P 2 6 578 0
P 2 6 579 0
P 2 6 580 0
P 2 6 581 0
P 2 6 582 0
P 2 6 583 0
P 2 6 584 0
P 2 6 585 0
P 2 6 586 0
P 2 6 587 0
P 2 6 588 0
P 2 6 589 0
P 2 6 590 0
P 2 6 591 0
P 2 6 592 0
P 2 6 593 0
P 2 6 594 0
P 2 6 595 0
P 2 6 596 0
P 2 6 597 0
P 2 6 598 0
P 2 6 599 0
P 2 6 600 0
P 2 6 601 0
P 2 6 602 0
P 2 6 603 0
P 2 6 604 0
P 2 6 605 0
P 2 6 606 0
P 2 6 607 0
P 2 6 608 0
P 2 6 609 0
P 2 6 610 0
P 2 6 611 0
P 2 6 612 0
P 2 6 613 0
P 2 6 614 0
P 2 6 615 0
P 2 6 616 0
P 2 6 617 0
P 2 6 618 0
P 2 6 619 0
P 2 6 620 0
P 2 6 621 0
P 2 6 622 0
P 2 6 623 0
P 2 6 624 0
P 2 6 625 0
P 2 6 626 0
P 2 6 627 0
P 2 6 628 0
P 2 6 629 0
P 2 6 630 0
P 2 6 631 0
P 2 6 632 0
P 2 6 633 0
P 2 6 634 0
P 2 6 635 0
P 2 6 636 0
P 2 6 637 0
P 2 6 638 0
P 2 6 639 0
P 2 6 640 0
P 2 6 641 0
P 2 6 642 0
P 2 6 643 0
P 2 6 644 0
P 2 6 645 0
P 2 6 646 0
P 2 6 647 0
P 2 6 648 0
P 2 6 649 0
P 2 6 650 0
P 2 6 651 0
P 2 6 652 0
P 2 6 653 0
P 2 6 654 0
P 2 6 655 0
P 2 6 656 0
P 2 6 657 0
P 2 6 658 0
P 2 6 659 0
P 2 6 660 0
P 2 6 661 0
P 2 6 662 0
P 2 6 663 0
P 2 6 664 0
P 2 6 665 0
P 2 6 666 0
P 2 6 667 0
P 2 6 668 0
P 2 6 669 0
P 2 6 670 0
P 2 6 671 0
P 2 6 672 0
P 2 6 673 0
P 2 6 674 0
P 2 6 675 0
P 2 6 676 0
P 2 6 677 0
P 2 6 678 0
P 2 6 679 0
P 2 6 680 0
P 2 6 681 0
P 2 6 682 0
P 2 6 683 0
P 2 6 684 0
P 2 6 685 1
P 2 6 686 1
P 2 6 687 0
P 2 6 688 1
P 2 6 689 1
P 2 6 690 0
P 2 6 691 0
P 2 6 692 0
P 2 6 693 0
P 2 6 694 0
P 2 6 695 0
P 2 6 696 0
P 2 6 697 0
P 2 6 698 0
P 2 6 699 0
P 2 6 700 0
P 2 6 701 0
P 2 6 702 0
P 2 6 703 0
P 2 6 704 0
P 2 6 705 0
P 2 6 706 0
P 2 6 707 0
P 2 6 708 0
P 2 6 709 0
P 2 6 710 0
P 2 6 711 0
P 2 6 712 0
P 2 6 713 0
P 2 6 714 0
P 2 6 715 0
P 2 6 716 0
P 2 6 717 0
P 2 6 718 0
P 2 6 719 0
P 2 6 720 0
P 2 6 721 0
P 2 6 722 0
P 2 6 723 0
P 2 6 724 0
P 2 6 725 0
P 2 6 726 0
P 2 6 727 0
P 2 6 728 0
P 2 6 729 0
P 2 6 730 0
P 2 6 731 0
P 2 6 732 0
P 2 6 733 0
P 2 6 734 0
P 2 6 735 0
P 2 6 736 0
P 2 6 737 0
P 2 6 738 0
P 2 6 739 0
P 2 6 740 0
P 2 6 741 0
P 2 6 742 0
P 2 6 743 0
P 2 6 744 0
P 2 6 745 0
P 2 6 746 0
P 2 6 747 0
P 2 6 748 0
P 2 6 749 0
P 2 6 750 0
P 2 6 751 0
P 2 6 752 0
P 2 6 753 0
P 2 6 754 0
P 2 6 755 0
P 2 6 756 0
P 2 6 757 0
P 2 6 758 0
P 2 6 759 0
P 2 6 760 0
P 2 6 761 0
P 2 6 762 0
P 2 6 763 0
P 2 6 764 0
P 2 6 765 0
P 2 6 766 0
P 2 6 767 0
P 2 6 768 0
P 2 6 769 0
P 2 6 770 0
P 2 6 771 0
P 2 6 772 0
P 2 6 773 0
P 2 6 774 0
P 2 6 775 0
P 2 6 776 0
P 2 6 777 0
P 2 6 778 0
P 2 6 779 0
P 2 6 780 0
P 2 6 781 0
P 2 6 782 0
P 2 6 783 0
P 2 6 784 0
P 2 6 785 0
P 2 6 786 0
P 2 6 787 0
P 2 6 788 0
P 2 6 789 0
P 2 6 790 0
P 2 6 791 0
P 2 6 792 0
P 2 6 793 0
P 2 6 794 0
P 2 6 795 0
P 2 6 796 0
P 2 6 797 0
P 2 6 798 0
P 2 6 799 0
P 2 6 800 0
P 2 6 801 0
P 2 6 802 1
P 2 6 803 0
P 2 6 804 0
P 2 6 805 0
P 2 6 806 0
P 2 6 807 0
P 2 6 808 0
P 2 6 809 0
P 2 6 810 1
P 2 6 811 0
P 2 6 812 0
P 2 6 813 0
P 2 6 814 0
P 2 6 815 0
P 2 6 816 0
P 2 6 817 0
P 2 6 818 0
P 2 6 819 0
P 2 6 820 0
P 2 6 821 0
P 2 6 822 0
P 2 6 823 0
P 2 6 824 0
P 2 6 825 0
P 2 6 826 0
P 2 6 827 0
P 2 6 828 0
P 2 6 829 0
P 2 6 830 0
P 2 6 831 0
P 2 6 832 0
P 2 6 833 0
P 2 6 834 0
P 2 6 835 0
P 2 6 836 0
P 2 6 837 0
P 2 6 838 0
P 2 6 839 0
P 2 6 840 0
P 2 6 841 0
P 2 6 842 0
P 2 6 843 0
P 2 6 844 0
P 2 6 845 0
P 2 6 846 0
P 2 6 847 0
P 2 6 848 0
P 2 6 849 0
P 2 6 850 0
P 2 6 851 0
P 2 6 852 0
P 2 6 853 1
P 2 6 854 0
P 2 6 855 0
P 2 6 856 0
P 2 6 857 0
P 2 6 858 0
P 2 6 859 0
P 2 6 860 0
P 2 6 861 0
P 2 6 862 0
P 2 6 863 0
P 2 6 864 0
P 2 6 865 0
P 2 6 866 0
P 2 6 867 0
P 2 6 868 0
C 2 7 0 3 2 3 0 1 14 6
C 2 7 1 3 3 2 1 1 14 7
C 2 7 2 4 2 2 2 2 15 8
C 2 7 3 4 4 3 1 2 14 11
C 2 7 4 4 3 5 0 1 14 12
C 2 7 5 4 3 5 2 2 14 12
C 2 7 6 4 4 4 3 2 14 13
C 2 7 7 4 5 4 1 1 15 14
C 2 7 8 4 5 4 1 1 14 14
C 2 7 9 4 5 5 1 1 15 14
C 2 7 10 4 6 4 1 2 15 14
C 2 7 11 4 6 4 1 2 14 14
C 2 7 12 4 6 4 1 2 15 14
C 2 7 13 4 4 4 1 2 14 15
C 2 7 14 5 5 5 2 2 15 15
C 2 7 15 5 5 7 0 1 14 19
C 2 7 16 7 19 23 3 7 14 83
C 2 7 17 4 4 3 1 3 14 11
C 2 7 18 4 4 3 1 3 13 11
C 2 7 19 4 4 4 1 3 13 12
C 2 7 20 5 3 4 2 4 13 13
C 2 7 21 4 3 4 2 4 14 13
C 2 7 22 5 6 4 1 4 14 19
C 2 7 23 5 4 7 2 4 13 20
C 2 7 24 7 17 21 1 6 14 73
C 2 7 25 2 1 0 0 1 12 2
C 2 7 26 2 1 0 0 2 12 3
C 2 7 27 3 1 1 0 2 11 4
C 2 7 28 7 14 20 0 5 12 65
C 2 7 29 7 21 22 3 6 12 83
C 2 7 30 7 20 22 3 7 11 83
C 2 7 31 7 19 22 3 8 9 83
C 2 7 32 4 2 3 1 1 1 7
C 2 7 33 4 3 2 2 1 1 8
C 2 7 34 5 2 2 3 2 0 9
C 2 7 35 5 4 3 2 2 1 12
C 2 7 36 5 3 5 1 1 1 13
C 2 7 37 5 3 5 3 2 1 13
C 2 7 38 5 4 4 4 2 1 14
C 2 7 39 5 5 4 2 1 0 15
C 2 7 40 5 5 4 2 1 1 15
C 2 7 41 5 5 5 2 1 0 15
C 2 7 42 5 6 4 2 2 0 15
C 2 7 43 5 6 4 2 2 1 15
C 2 7 44 5 6 4 2 2 0 15
C 2 7 45 5 4 4 2 2 1 16
C 2 7 46 6 5 5 3 2 0 16
C 2 7 47 6 5 7 1 1 1 20
C 2 7 48 8 19 23 4 7 1 84
C 2 7 49 5 4 3 2 3 1 12
C 2 7 50 5 4 3 2 3 2 12
C 2 7 51 5 4 4 2 3 2 13
C 2 7 52 6 3 4 3 4 2 14
C 2 7 53 5 3 4 3 4 1 14
C 2 7 54 6 6 4 2 4 1 20
C 2 7 55 6 4 7 3 4 2 21
C 2 7 56 8 17 21 2 6 1 74
C 2 7 57 2 0 1 1 1 3 3
C 2 7 58 3 1 0 1 2 3 4
C 2 7 59 4 1 1 1 2 4 5
C 2 7 60 8 14 20 1 5 3 66
C 2 7 61 8 21 22 4 6 3 84
C 2 7 62 8 20 22 4 7 4 84
C 2 7 63 8 19 22 4 8 6 84
C 2 7 64 0 0 0 0 0 8 0
C 2 7 65 4 4 4 1 3 8 14
C 2 7 66 4 3 5 2 2 14 12
C 2 7 67 5 4 5 2 3 7 15
C 2 7 68 2 3 0 0 0 8 3
C 2 7 69 4 6 5 1 2 14 15
C 2 7 70 5 4 7 0 2 8 19
C 2 7 71 5 5 7 2 2 14 19
C 2 7 72 5 4 7 2 3 8 19
C 2 7 73 5 6 6 3 3 14 20
C 2 7 74 5 5 6 3 4 8 20
C 2 7 75 5 6 6 1 3 7 21
C 2 7 76 5 6 6 1 3 8 21
C 2 7 77 5 7 7 1 4 15 24
C 2 7 78 5 6 7 1 2 7 21
C 2 7 79 6 7 7 3 5 7 41
C 2 7 80 5 5 4 1 4 8 22
C 2 7 81 5 6 6 1 3 7 21
C 2 7 82 5 5 6 1 4 8 22
C 2 7 83 5 4 6 2 3 7 21
C 2 7 84 6 5 7 0 2 8 26
C 2 7 85 8 20 25 3 7 14 90
C 2 7 86 7 16 25 2 2 14 73
C 2 7 87 8 19 25 3 8 8 90
C 2 7 88 5 5 5 1 5 6 18
C 2 7 89 5 5 5 1 5 7 18
C 2 7 90 5 5 6 1 5 7 19
C 2 7 91 6 6 7 2 4 14 20
C 2 7 92 5 6 6 3 5 13 20
C 2 7 93 6 5 7 2 5 7 20
C 2 7 94 5 5 6 2 4 15 20
C 2 7 95 5 4 6 2 5 6 20
C 2 7 96 5 9 6 1 5 15 27
C 2 7 97 6 7 6 1 6 6 26
C 2 7 98 6 5 9 2 5 7 27
C 2 7 99 7 16 23 1 4 13 72
C 2 7 100 8 17 23 1 7 6 80
C 2 7 101 4 3 3 0 2 10 9
C 2 7 102 4 4 3 0 3 13 10
C 2 7 103 4 3 3 0 4 8 10
C 2 7 104 4 4 4 0 3 12 11
C 2 7 105 4 3 4 0 4 9 11
C 2 7 106 8 16 22 0 5 13 72
C 2 7 107 8 15 22 0 6 8 72
C 2 7 108 8 21 24 3 7 10 90
C 2 7 109 8 21 24 3 7 11 90
C 2 7 110 8 20 24 3 8 11 90
C 2 7 111 8 20 24 3 8 9 90
C 2 7 112 8 19 24 3 9 13 90
C 2 7 113 5 6 4 3 3 15 16
C 2 7 114 5 5 4 3 4 7 16
C 2 7 115 5 4 3 1 3 8 19
C 2 7 116 5 7 6 1 2 14 20
C 2 7 117 5 6 6 1 3 8 20
C 2 7 118 5 7 6 3 3 14 20
C 2 7 119 5 6 6 3 4 8 20
C 2 7 120 5 4 4 3 3 8 21
C 2 7 121 5 7 5 1 2 15 22
C 2 7 122 5 6 6 1 2 14 22
C 2 7 123 5 6 5 1 3 7 22
C 2 7 124 5 5 3 1 2 8 21
C 2 7 125 5 8 6 1 2 15 22
C 2 7 126 5 7 6 1 3 7 22
C 2 7 127 5 7 6 1 3 15 23
C 2 7 128 5 7 5 1 4 7 22
C 2 7 129 5 6 4 1 3 8 22
C 2 7 130 4 6 4 1 2 14 14
C 2 7 131 5 7 5 1 4 7 22
C 2 7 132 5 4 4 1 3 8 23
C 2 7 133 6 7 6 3 4 7 23
C 2 7 134 6 7 8 1 3 8 27
C 2 7 135 8 20 23 3 7 14 91
C 2 7 136 8 19 24 3 7 14 91
C 2 7 137 8 19 23 3 8 8 91
C 2 7 138 5 5 4 1 5 6 19
C 2 7 139 5 4 3 1 4 7 19
C 2 7 140 5 5 3 1 4 7 17
C 2 7 141 6 7 6 3 5 14 21
C 2 7 142 6 6 6 3 6 7 21
C 2 7 143 5 7 5 3 5 15 21
C 2 7 144 5 6 5 3 6 6 21
C 2 7 145 6 6 4 1 5 6 27
C 2 7 146 6 7 8 3 6 7 28
C 2 7 147 8 18 22 1 8 6 81
C 2 7 148 4 4 2 1 3 10 10
C 2 7 149 4 5 2 1 3 13 11
C 2 7 150 4 4 2 1 4 8 11
C 2 7 151 4 5 3 1 3 12 12
C 2 7 152 4 4 3 1 4 9 12
C 2 7 153 8 18 21 1 6 13 73
C 2 7 154 8 17 21 1 7 8 73
C 2 7 155 8 22 22 3 6 12 91
C 2 7 156 4 5 3 2 4 14 14
C 2 7 157 8 21 22 3 7 10 91
C 2 7 158 8 21 22 3 7 11 91
C 2 7 159 8 20 23 3 7 14 91
C 2 7 160 8 20 22 3 8 11 91
C 2 7 161 8 20 22 3 8 9 91
C 2 7 162 8 19 23 3 8 14 91
C 2 7 163 8 19 22 3 9 13 91
C 2 7 164 5 7 5 3 3 15 20
C 2 7 165 5 6 5 3 3 14 20
C 2 7 166 5 6 5 3 4 7 20
C 2 7 167 5 5 8 2 2 14 21
C 2 7 168 5 5 7 2 3 7 21
C 2 7 169 5 4 6 2 3 7 21
C 2 7 170 5 5 5 3 4 7 22
C 2 7 171 5 6 4 3 3 15 16
C 2 7 172 5 6 6 3 2 15 20
C 2 7 173 5 7 6 3 4 8 23
C 2 7 174 5 8 6 3 3 15 23
C 2 7 175 5 6 6 3 2 14 20
C 2 7 176 5 7 6 3 4 7 23
C 2 7 177 5 7 8 3 2 15 23
C 2 7 178 5 7 7 3 3 8 23
C 2 7 179 5 8 7 3 3 15 27
C 2 7 180 5 8 6 3 4 8 23
C 2 7 181 5 7 5 3 5 15 20
C 2 7 182 5 8 6 3 4 7 23
C 2 7 183 5 9 6 3 3 15 23
C 2 7 184 5 8 6 3 4 8 23
C 2 7 185 5 5 6 3 3 14 21
C 2 7 186 5 6 6 3 5 7 24
C 2 7 187 5 3 5 2 3 8 19
C 2 7 188 6 7 10 2 2 14 28
C 2 7 189 6 7 9 2 3 7 28
C 2 7 190 8 20 24 3 8 7 92
C 2 7 191 5 6 6 3 5 14 20
C 2 7 192 5 6 5 3 6 7 20
C 2 7 193 5 6 5 3 6 6 20
C 2 7 194 5 6 6 3 6 6 21
C 2 7 195 6 3 4 2 5 6 22
C 2 7 196 5 4 5 2 5 7 22
C 2 7 197 6 8 6 3 7 7 28
C 2 7 198 6 5 8 2 5 6 29
C 2 7 199 8 19 24 3 7 14 82
C 2 7 200 8 19 23 3 8 7 82
C 2 7 201 5 2 2 2 3 11 11
C 2 7 202 5 4 2 2 4 13 12
C 2 7 203 5 3 2 2 5 9 12
C 2 7 204 5 4 3 2 4 13 13
C 2 7 205 5 3 3 2 5 8 13
C 2 7 206 8 17 22 2 6 13 74
C 2 7 207 8 16 23 2 6 14 74
C 2 7 208 8 16 22 2 7 9 74
C 2 7 209 7 19 20 3 4 12 70
C 2 7 210 8 22 24 3 6 15 92
C 2 7 211 8 22 23 3 7 11 92
C 2 7 212 8 22 23 3 7 11 92
C 2 7 213 8 21 24 3 7 15 92
C 2 7 214 8 21 23 3 8 12 92
C 2 7 215 8 21 23 3 8 10 92
C 2 7 216 8 20 24 3 8 14 92
C 2 7 217 8 20 23 3 9 12 92
C 2 7 218 5 7 7 1 2 14 24
C 2 7 219 5 6 7 1 3 8 24
C 2 7 220 5 7 7 3 3 14 24
C 2 7 221 5 6 7 3 4 8 24
C 2 7 222 4 5 3 2 3 14 14
C 2 7 223 5 5 5 3 4 8 25
C 2 7 224 5 8 6 1 3 15 26
C 2 7 225 6 8 6 1 3 7 37
C 2 7 226 5 6 5 1 3 8 26
C 2 7 227 5 8 7 1 2 15 26
C 2 7 228 5 7 7 1 3 7 26
C 2 7 229 5 8 6 1 3 15 26
C 2 7 230 5 7 6 1 4 7 26
C 2 7 231 5 5 6 1 4 8 21
C 2 7 232 5 7 6 1 4 7 26
C 2 7 233 5 6 4 1 3 14 19
C 2 7 234 4 5 4 1 2 14 15
C 2 7 235 6 8 7 1 5 8 30
C 2 7 236 6 7 7 3 3 14 27
C 2 7 237 6 7 7 3 4 7 27
C 2 7 238 6 7 9 1 3 8 31
C 2 7 239 8 20 24 3 7 14 95
C 2 7 240 7 18 23 3 6 14 82
C 2 7 241 8 19 24 3 8 8 95
C 2 7 242 5 6 5 1 6 6 23
C 2 7 243 5 5 4 1 5 7 23
C 2 7 244 5 5 5 1 5 7 24
C 2 7 245 6 8 7 3 5 14 25
C 2 7 246 6 7 7 3 6 7 25
C 2 7 247 5 7 6 3 5 15 25
C 2 7 248 5 6 6 3 6 6 25
C 2 7 249 6 7 5 1 6 6 31
C 2 7 250 6 7 9 3 6 7 32
C 2 7 251 8 18 23 1 8 6 85
C 2 7 252 5 5 3 1 3 10 14
C 2 7 253 4 5 2 1 3 13 11
C 2 7 254 5 5 3 1 5 8 15
C 2 7 255 4 5 3 1 3 12 12
C 2 7 256 5 5 4 1 5 9 16
C 2 7 257 8 18 22 1 6 13 77
C 2 7 258 8 17 22 1 7 8 77
C 2 7 259 8 22 23 3 6 12 95
C 2 7 260 6 8 6 3 5 14 32
C 2 7 261 8 21 23 3 7 10 95
C 2 7 262 8 21 23 3 7 11 95
C 2 7 263 8 20 24 3 7 14 95
C 2 7 264 8 20 23 3 8 11 95
C 2 7 265 8 20 23 3 8 9 95
C 2 7 266 8 19 24 3 8 14 95
C 2 7 267 8 19 23 3 9 13 95
C 2 7 268 5 6 9 2 2 14 25
C 2 7 269 5 5 10 2 2 14 25
C 2 7 270 5 5 9 2 3 8 25
C 2 7 271 5 8 8 3 3 14 26
C 2 7 272 5 5 10 2 2 14 25
C 2 7 273 5 7 8 3 4 8 26
C 2 7 274 5 7 8 1 2 15 27
C 2 7 275 5 6 8 1 3 7 27
C 2 7 276 5 8 8 1 2 14 27
C 2 7 277 5 7 8 1 3 8 27
C 2 7 278 5 8 7 1 4 14 24
C 2 7 279 5 8 8 1 3 8 27
C 2 7 280 5 7 8 1 2 15 27
C 2 7 281 5 6 8 1 3 7 27
C 2 7 282 5 7 8 1 3 14 28
C 2 7 283 5 6 8 1 4 8 28
C 2 7 284 6 7 9 2 3 7 28
C 2 7 285 5 4 4 1 2 8 23
C 2 7 286 8 20 25 3 7 14 96
C 2 7 287 8 19 25 3 8 8 96
C 2 7 288 5 6 8 1 4 13 24
C 2 7 289 5 6 7 1 5 6 24
C 2 7 290 5 7 7 1 5 7 24
C 2 7 291 5 7 8 1 5 7 25
C 2 7 292 6 6 10 2 4 13 26
C 2 7 293 6 6 9 2 5 7 26
C 2 7 294 5 5 8 2 5 6 26
C 2 7 295 6 9 8 1 5 15 32
C 2 7 296 6 8 8 1 6 6 32
C 2 7 297 6 6 12 2 4 13 33
C 2 7 298 6 6 11 2 5 7 33
C 2 7 299 5 7 10 1 1 15 22
C 2 7 300 8 17 23 1 7 6 86
C 2 7 301 5 4 5 0 2 10 15
C 2 7 302 4 4 5 0 3 13 12
C 2 7 303 5 4 5 0 4 8 16
C 2 7 304 5 4 6 0 4 9 17
C 2 7 305 8 15 22 0 5 13 78
C 2 7 306 5 5 8 0 3 13 20
C 2 7 307 8 14 22 0 6 8 78
C 2 7 308 8 22 24 3 6 12 96
C 2 7 309 5 9 9 1 4 14 28
C 2 7 310 8 21 24 3 7 10 96
C 2 7 311 8 21 24 3 7 11 96
C 2 7 312 8 20 24 3 8 11 96
C 2 7 313 8 20 24 3 8 9 96
C 2 7 314 8 19 24 3 9 13 96
C 2 7 315 5 7 7 3 3 14 26
C 2 7 316 5 6 7 3 4 8 26
C 2 7 317 5 9 8 3 3 15 27
C 2 7 318 5 8 8 3 4 7 27
C 2 7 319 5 9 8 3 3 14 27
C 2 7 320 5 8 8 3 4 8 27
C 2 7 321 5 8 9 3 2 15 27
C 2 7 322 5 7 9 3 3 7 27
C 2 7 323 5 8 9 3 3 15 28
C 2 7 324 5 8 8 3 4 7 27
C 2 7 325 5 8 7 3 5 14 24
C 2 7 326 5 8 8 3 4 8 27
C 2 7 327 5 9 8 3 3 15 27
C 2 7 328 5 8 8 3 4 7 27
C 2 7 329 5 8 8 3 4 14 28
C 2 7 330 5 7 8 3 5 8 28
C 2 7 331 6 6 8 2 3 7 28
C 2 7 332 6 7 12 2 2 14 32
C 2 7 333 6 7 11 2 3 8 32
C 2 7 334 8 21 26 3 7 14 96
C 2 7 335 8 20 26 3 8 8 96
C 2 7 336 5 7 7 3 6 6 24
C 2 7 337 5 7 7 3 6 7 24
C 2 7 338 4 2 4 2 2 14 10
C 2 7 339 5 3 5 0 4 7 15
C 2 7 340 5 5 5 2 4 15 17
C 2 7 341 5 4 7 2 5 6 26
C 2 7 342 6 10 8 3 6 15 32
C 2 7 343 6 9 8 3 7 6 32
C 2 7 344 8 19 26 3 7 13 86
C 2 7 345 8 19 25 3 8 6 86
C 2 7 346 5 4 5 2 3 10 15
C 2 7 347 5 4 5 2 5 8 16
C 2 7 348 5 4 6 2 5 9 17
C 2 7 349 8 17 24 2 6 13 78
C 2 7 350 8 16 24 2 7 8 78
C 2 7 351 8 23 25 3 6 12 96
C 2 7 352 8 22 25 3 7 10 96
C 2 7 353 8 22 25 3 7 11 96
C 2 7 354 8 21 26 3 7 14 96
C 2 7 355 8 21 25 3 8 11 96
C 2 7 356 8 21 25 3 8 9 96
C 2 7 357 8 20 25 3 9 13 96
C 2 7 358 5 8 7 3 3 15 28
C 2 7 359 5 7 8 3 3 14 28
C 2 7 360 5 7 7 3 4 7 28
C 2 7 361 5 7 5 1 2 14 22
C 2 7 362 5 6 6 3 3 8 28
C 2 7 363 5 9 8 3 3 15 28
C 2 7 364 5 8 8 3 4 7 28
C 2 7 365 5 9 7 3 4 15 28
C 2 7 366 5 8 7 3 5 7 28
C 2 7 367 5 7 6 3 4 8 28
C 2 7 368 5 9 7 3 4 15 28
C 2 7 369 5 8 7 3 5 7 28
C 2 7 370 5 6 6 3 3 14 29
C 2 7 371 5 5 6 3 4 8 29
C 2 7 372 6 7 7 3 4 7 29
C 2 7 373 6 8 10 3 4 8 33
C 2 7 374 8 20 24 3 7 14 97
C 2 7 375 8 19 24 3 8 8 97
C 2 7 376 5 6 6 3 6 6 25
C 2 7 377 5 5 5 3 5 7 25
C 2 7 378 5 5 6 3 5 7 26
C 2 7 379 6 7 7 3 5 14 27
C 2 7 380 6 6 7 3 6 7 27
C 2 7 381 5 7 6 3 5 15 27
C 2 7 382 5 6 6 3 6 6 27
C 2 7 383 6 8 6 3 5 15 33
C 2 7 384 6 7 6 3 6 6 33
C 2 7 385 6 7 9 3 6 7 34
C 2 7 386 8 19 24 3 9 6 87
C 2 7 387 5 5 4 3 4 10 16
C 2 7 388 5 6 4 3 4 13 17
C 2 7 389 5 5 4 3 5 8 17
C 2 7 390 5 6 5 3 4 12 18
C 2 7 391 5 5 5 3 5 9 18
C 2 7 392 8 19 23 3 7 13 79
C 2 7 393 8 18 23 3 8 8 79
C 2 7 394 8 21 23 3 7 10 97
C 2 7 395 8 21 23 3 7 11 97
C 2 7 396 8 20 23 3 8 11 97
C 2 7 397 8 19 23 3 9 13 97
C 2 7 398 5 7 6 1 2 15 29
C 2 7 399 5 6 6 1 3 7 29
C 2 7 400 4 5 5 1 2 15 15
C 2 7 401 5 6 7 1 3 8 29
C 2 7 402 5 8 6 1 3 8 29
C 2 7 403 5 8 6 1 4 15 26
C 2 7 404 5 9 7 1 4 7 29
C 2 7 405 5 6 6 1 3 8 29
C 2 7 406 5 7 5 1 2 15 22
C 2 7 407 5 6 6 1 3 7 30
C 2 7 408 3 3 3 1 0 15 7
C 2 7 409 6 9 8 3 4 8 30
C 2 7 410 6 7 10 1 3 7 34
C 2 7 411 6 9 7 3 3 15 36
C 2 7 412 8 19 25 3 7 14 98
C 2 7 413 8 19 24 3 8 7 98
C 2 7 414 5 6 5 1 4 7 26
C 2 7 415 5 7 6 1 5 6 26
C 2 7 416 5 7 7 1 5 6 27
C 2 7 417 6 9 8 3 5 15 28
C 2 7 418 6 8 8 3 6 6 28
C 2 7 419 5 8 7 3 6 7 28
C 2 7 420 6 8 6 1 5 7 34
C 2 7 421 6 9 10 3 6 6 35
C 2 7 422 8 17 22 1 7 7 88
C 2 7 423 5 6 4 1 3 11 17
C 2 7 424 5 7 4 1 3 13 18
C 2 7 425 5 6 4 1 4 9 18
C 2 7 426 5 7 5 1 3 13 19
C 2 7 427 5 6 5 1 4 8 19
C 2 7 428 8 17 23 1 6 13 80
C 2 7 429 8 16 23 1 7 9 80
C 2 7 430 8 22 23 3 6 12 98
C 2 7 431 8 21 23 3 7 11 98
C 2 7 432 8 21 23 3 7 11 98
C 2 7 433 8 20 24 3 7 15 98
C 2 7 434 8 20 23 3 8 12 98
C 2 7 435 8 20 23 3 8 10 98
C 2 7 436 8 19 23 3 9 12 98
C 2 7 437 5 8 7 1 2 15 29
C 2 7 438 5 7 7 1 3 7 29
C 2 7 439 5 8 8 1 3 15 30
C 2 7 440 5 9 7 1 4 7 29
C 2 7 441 5 7 5 1 3 14 26
C 2 7 442 5 8 6 1 3 8 29
C 2 7 443 5 7 7 1 4 7 29
C 2 7 444 5 6 6 1 3 8 30
C 2 7 445 5 7 5 2 4 14 21
C 2 7 446 6 9 8 3 4 7 30
C 2 7 447 6 8 10 1 3 8 34
C 2 7 448 8 20 24 3 7 14 98
C 2 7 449 8 19 25 3 7 14 98
C 2 7 450 8 19 24 3 8 8 98
C 2 7 451 5 7 6 1 5 6 26
C 2 7 452 5 6 5 1 4 7 26
C 2 7 453 5 6 6 1 4 7 27
C 2 7 454 6 9 8 3 5 14 28
C 2 7 455 6 8 8 3 6 7 28
C 2 7 456 5 9 7 3 5 15 28
C 2 7 457 5 8 7 3 6 6 28
C 2 7 458 6 9 6 1 4 15 34
C 2 7 459 6 8 6 1 5 6 34
C 2 7 460 6 9 10 3 6 7 35
C 2 7 461 8 18 23 1 8 6 88
C 2 7 462 5 6 4 1 3 10 17
C 2 7 463 5 7 4 1 3 13 18
C 2 7 464 5 6 4 1 4 8 18
C 2 7 465 5 7 5 1 3 12 19
C 2 7 466 5 6 5 1 4 9 19
C 2 7 467 8 18 23 1 6 13 80
C 2 7 468 8 17 23 1 7 8 80
C 2 7 469 8 21 23 3 7 10 98
C 2 7 470 8 21 23 3 7 11 98
C 2 7 471 8 20 23 3 8 11 98
C 2 7 472 8 19 23 3 9 13 98
C 2 7 473 5 9 8 1 3 7 29
C 2 7 474 5 6 8 1 3 8 29
C 2 7 475 5 8 8 1 3 15 30
C 2 7 476 5 7 8 1 4 7 30
C 2 7 477 6 9 9 3 3 8 30
C 2 7 478 5 5 7 1 3 7 22
C 2 7 479 8 20 24 3 7 15 98
C 2 7 480 8 19 24 3 8 7 98
C 2 7 481 5 6 7 1 4 14 23
C 2 7 482 5 7 9 3 4 14 28
C 2 7 483 6 8 11 3 5 6 35
C 2 7 484 8 17 22 1 7 7 88
C 2 7 485 5 6 5 1 2 11 17
C 2 7 486 4 4 4 0 3 14 11
C 2 7 487 5 6 5 1 4 9 18
C 2 7 488 5 8 6 1 4 13 24
C 2 7 489 5 6 6 1 4 8 19
C 2 7 490 5 5 7 0 3 14 19
C 2 7 491 8 15 22 1 6 9 80
C 2 7 492 5 8 9 1 4 15 28
C 2 7 493 8 21 23 3 7 11 98
C 2 7 494 8 20 24 3 7 15 98
C 2 7 495 8 20 23 3 8 12 98
C 2 7 496 8 20 23 3 8 10 98
C 2 7 497 8 19 23 3 9 12 98
C 2 7 498 4 4 4 0 2 7 13
C 2 7 499 5 6 6 1 3 8 21
C 2 7 500 5 8 6 1 3 15 30
C 2 7 501 5 7 6 1 4 7 30
C 2 7 502 6 9 8 3 4 8 30
C 2 7 503 5 5 7 1 3 7 28
C 2 7 504 6 8 7 3 4 15 28
C 2 7 505 8 19 24 3 8 7 98
C 2 7 506 8 17 22 1 7 7 88
C 2 7 507 5 7 4 1 3 11 17
C 2 7 508 5 6 4 1 5 9 18
C 2 7 509 5 6 5 1 5 8 19
C 2 7 510 8 16 22 1 7 9 80
C 2 7 511 7 19 23 3 5 15 82
C 2 7 512 8 20 23 3 8 12 98
C 2 7 513 8 20 23 3 8 10 98
C 2 7 514 8 19 23 3 9 12 98
C 2 7 515 5 10 7 1 3 15 29
C 2 7 516 5 9 7 1 4 7 29
C 2 7 517 5 7 6 1 4 8 30
C 2 7 518 6 9 8 3 4 7 30
C 2 7 519 6 9 10 1 3 8 34
C 2 7 520 8 20 24 3 7 14 98
C 2 7 521 8 19 24 3 8 8 98
C 2 7 522 6 9 8 3 5 14 28
C 2 7 523 6 8 8 3 6 7 28
C 2 7 524 5 8 7 3 5 15 28
C 2 7 525 5 7 7 3 6 6 28
C 2 7 526 8 18 23 1 8 6 88
C 2 7 527 5 7 4 1 3 10 17
C 2 7 528 5 6 4 1 5 8 18
C 2 7 529 5 9 6 1 4 12 24
C 2 7 530 5 6 5 1 5 9 19
C 2 7 531 8 18 22 1 6 13 80
C 2 7 532 8 17 22 1 7 8 80
C 2 7 533 8 21 23 3 7 10 98
C 2 7 534 8 21 23 3 7 11 98
C 2 7 535 8 20 23 3 8 11 98
C 2 7 536 8 19 24 3 8 14 98
C 2 7 537 8 19 23 3 9 13 98
C 2 7 538 5 7 6 1 4 7 30
C 2 7 539 6 9 8 3 4 8 30
C 2 7 540 6 7 10 1 3 7 34
C 2 7 541 8 20 25 3 7 15 98
C 2 7 542 8 19 25 3 8 7 98
C 2 7 543 5 7 5 1 5 7 26
C 2 7 544 5 8 6 1 6 6 26
C 2 7 545 5 8 7 1 6 6 27
C 2 7 546 6 10 8 3 5 15 28
C 2 7 547 6 9 8 3 6 6 28
C 2 7 548 5 8 7 3 6 7 28
C 2 7 549 6 9 6 1 6 7 34
C 2 7 550 6 9 10 3 6 6 35
C 2 7 551 8 17 23 1 7 7 88
C 2 7 552 5 7 4 1 3 11 17
C 2 7 553 5 7 4 1 3 13 18
C 2 7 554 5 7 4 1 5 9 18
C 2 7 555 5 8 5 1 4 13 19
C 2 7 556 5 7 5 1 5 8 19
C 2 7 557 8 17 22 1 6 13 80
C 2 7 558 8 16 22 1 7 9 80
C 2 7 559 8 21 24 3 7 11 98
C 2 7 560 8 20 25 3 7 15 98
C 2 7 561 8 20 24 3 8 12 98
C 2 7 562 8 20 24 3 8 10 98
C 2 7 563 8 19 24 3 9 12 98
C 2 7 564 5 6 5 2 5 14 22
C 2 7 565 6 8 8 3 5 7 31
C 2 7 566 6 7 10 1 4 8 35
C 2 7 567 8 20 24 3 7 14 99
C 2 7 568 8 19 25 3 7 14 99
C 2 7 569 8 19 24 3 8 8 99
C 2 7 570 5 5 5 1 5 6 27
C 2 7 571 5 5 5 1 5 7 27
C 2 7 572 6 7 5 1 6 7 31
C 2 7 573 6 8 8 3 6 14 29
C 2 7 574 6 7 8 3 7 7 29
C 2 7 575 5 8 7 3 6 15 29
C 2 7 576 5 7 7 3 7 6 29
C 2 7 577 6 7 5 1 4 15 35
C 2 7 578 6 7 7 1 6 6 32
C 2 7 579 6 8 10 3 7 7 36
C 2 7 580 8 18 23 1 8 6 89
C 2 7 581 5 5 4 1 4 10 18
C 2 7 582 5 6 4 1 4 13 19
C 2 7 583 5 5 4 1 5 8 19
C 2 7 584 5 7 5 1 4 12 25
C 2 7 585 5 5 5 1 5 9 20
C 2 7 586 8 18 23 1 7 13 81
C 2 7 587 8 17 23 1 8 8 81
C 2 7 588 8 21 23 3 7 10 99
C 2 7 589 8 21 23 3 7 11 99
C 2 7 590 8 20 23 3 8 11 99
C 2 7 591 8 19 23 3 9 13 99
C 2 7 592 6 8 9 2 3 7 35
C 2 7 593 8 21 26 3 8 7 99
C 2 7 594 6 8 7 3 6 7 27
C 2 7 595 6 8 7 3 6 6 27
C 2 7 596 6 8 8 3 6 6 28
C 2 7 597 6 6 7 2 5 6 29
C 2 7 598 6 6 7 2 5 7 29
C 2 7 599 6 10 8 3 7 7 35
C 2 7 600 6 7 10 2 5 6 36
C 2 7 601 8 20 25 3 8 7 89
C 2 7 602 6 5 5 2 3 11 18
C 2 7 603 6 6 6 2 4 14 19
C 2 7 604 6 6 5 2 5 9 19
C 2 7 605 6 6 7 2 4 13 20
C 2 7 606 6 6 6 2 5 8 20
C 2 7 607 8 18 25 2 6 14 81
C 2 7 608 8 18 24 2 7 9 81
C 2 7 609 8 23 26 3 6 15 99
C 2 7 610 8 23 25 3 7 11 99
C 2 7 611 8 23 25 3 7 11 99
C 2 7 612 8 22 25 3 8 12 99
C 2 7 613 8 22 25 3 8 10 99
C 2 7 614 8 21 25 3 9 12 99
C 2 7 615 8 21 27 3 7 14 103
C 2 7 616 8 20 27 3 8 8 103
C 2 7 617 6 7 9 1 5 6 31
C 2 7 618 6 8 9 1 5 7 31
C 2 7 619 6 8 10 1 5 7 32
C 2 7 620 6 8 12 2 4 13 33
C 2 7 621 6 8 11 2 5 7 33
C 2 7 622 6 7 10 2 5 6 33
C 2 7 623 6 9 10 1 6 6 39
C 2 7 624 6 8 14 2 4 13 40
C 2 7 625 6 8 13 2 5 7 40
C 2 7 626 8 18 25 1 7 6 93
C 2 7 627 6 6 7 0 2 10 22
C 2 7 628 6 6 8 0 3 13 23
C 2 7 629 6 6 7 0 4 8 23
C 2 7 630 6 6 8 0 4 9 24
C 2 7 631 8 17 24 0 5 13 85
C 2 7 632 6 8 14 0 3 13 35
C 2 7 633 8 16 24 0 6 8 85
C 2 7 634 8 22 27 3 6 14 103
C 2 7 635 8 22 26 3 7 10 103
C 2 7 636 8 22 26 3 7 11 103
C 2 7 637 8 21 27 3 7 14 103
C 2 7 638 8 21 26 3 8 11 103
C 2 7 639 8 21 26 3 8 9 103
C 2 7 640 8 20 26 3 9 13 103
C 2 7 641 8 19 24 3 10 6 95
C 2 7 642 8 19 24 3 10 7 95
C 2 7 643 8 19 25 3 10 7 96
C 2 7 644 8 21 26 3 9 14 97
C 2 7 645 8 20 26 3 10 7 97
C 2 7 646 8 20 25 3 9 15 97
C 2 7 647 8 19 25 3 10 6 97
C 2 7 648 5 7 4 2 5 15 22
C 2 7 649 8 19 24 3 10 6 103
C 2 7 650 8 20 28 3 10 7 104
C 2 7 651 8 21 25 3 10 15 157
C 2 7 652 8 20 25 3 11 6 157
C 2 7 653 8 20 23 3 8 10 86
C 2 7 654 6 8 5 3 5 13 25
C 2 7 655 8 19 23 3 10 8 87
C 2 7 656 8 20 24 3 9 12 88
C 2 7 657 8 19 24 3 10 9 88
C 2 7 658 8 22 27 3 11 13 149
C 2 7 659 8 21 27 3 12 8 149
C 2 7 660 7 18 22 3 5 10 74
C 2 7 661 8 21 23 3 9 11 167
C 2 7 662 8 20 23 3 10 11 167
C 2 7 663 7 17 20 1 5 13 76
C 2 7 664 6 6 7 3 6 7 25
C 2 7 665 5 6 6 3 6 8 25
C 2 7 666 6 8 9 3 5 14 32
C 2 7 667 8 17 21 1 7 8 85
C 2 7 668 5 5 3 1 5 10 14
C 2 7 669 5 4 3 1 4 10 15
C 2 7 670 4 5 4 1 3 12 13
C 2 7 671 5 4 4 1 4 9 16
C 2 7 672 8 17 22 1 6 12 77
C 2 7 673 8 16 22 1 7 10 77
C 2 7 674 8 21 23 3 9 10 95
C 2 7 675 8 20 23 3 10 11 95
C 2 7 676 8 19 23 3 11 11 95
C 2 7 677 6 7 7 3 5 13 25
C 2 7 678 6 6 7 3 6 8 25
C 2 7 679 5 7 6 3 5 14 25
C 2 7 680 5 6 6 3 6 7 25
C 2 7 681 6 8 9 3 5 13 32
C 2 7 682 8 18 23 1 8 7 85
C 2 7 683 5 5 3 1 5 9 14
C 2 7 684 5 4 3 1 4 9 15
C 2 7 685 5 5 4 1 3 11 16
C 2 7 686 5 4 4 1 4 10 16
C 2 7 687 8 18 22 1 6 12 77
C 2 7 688 8 17 22 1 7 9 77
C 2 7 689 8 21 23 3 9 9 95
C 2 7 690 8 20 23 3 10 10 95
C 2 7 691 8 19 24 3 10 13 95
C 2 7 692 8 19 23 3 11 12 95
C 2 7 693 6 8 10 3 5 13 33
C 2 7 694 8 18 24 1 8 7 86
C 2 7 695 5 5 4 1 5 9 15
C 2 7 696 5 4 4 1 4 9 16
C 2 7 697 5 5 3 1 4 10 20
C 2 7 698 8 17 22 1 7 9 78
C 2 7 699 8 21 24 3 9 9 96
C 2 7 700 8 20 24 3 10 10 96
C 2 7 701 8 19 24 3 11 12 96
C 2 7 702 6 5 10 2 5 8 34
C 2 7 703 8 19 25 3 8 7 87
C 2 7 704 6 3 4 2 5 9 16
C 2 7 705 6 3 4 2 5 9 17
C 2 7 706 6 3 4 2 5 10 18
C 2 7 707 8 17 23 2 6 12 79
C 2 7 708 8 16 24 2 6 13 79
C 2 7 709 8 16 23 2 7 9 79
C 2 7 710 8 23 25 3 8 12 97
C 2 7 711 8 22 26 3 8 13 97
C 2 7 712 8 22 25 3 9 9 97
C 2 7 713 8 22 25 3 9 11 97
C 2 7 714 8 21 26 3 9 13 97
C 2 7 715 8 21 25 3 10 10 97
C 2 7 716 8 21 25 3 10 9 97
C 2 7 717 8 20 25 3 11 12 97
C 2 7 718 6 4 8 2 5 7 34
C 2 7 719 8 18 24 3 8 8 87
C 2 7 720 5 4 4 2 5 10 16
C 2 7 721 5 3 4 2 5 10 17
C 2 7 722 5 3 5 2 5 9 18
C 2 7 723 8 15 24 2 6 14 79
C 2 7 724 8 15 23 2 7 10 79
C 2 7 725 8 21 25 3 8 14 97
C 2 7 726 8 21 24 3 9 10 97
C 2 7 727 8 20 25 3 9 14 97
C 2 7 728 8 20 24 3 10 11 97
C 2 7 729 8 20 24 3 10 10 97
C 2 7 730 8 19 24 3 11 11 97
C 2 7 731 6 10 10 3 6 14 40
C 2 7 732 6 9 10 3 7 7 40
C 2 7 733 8 19 23 1 8 8 93
C 2 7 734 6 7 4 1 6 10 22
C 2 7 735 6 6 4 1 5 10 23
C 2 7 736 4 3 3 1 3 12 10
C 2 7 737 6 6 5 1 5 9 24
C 2 7 738 8 18 23 1 8 10 85
C 2 7 739 8 21 23 3 9 10 103
C 2 7 740 8 20 23 3 10 11 103
C 2 7 741 8 19 23 3 11 11 103
C 2 7 742 8 19 27 3 8 7 94
C 2 7 743 6 5 7 2 5 9 23
C 2 7 744 6 4 7 2 5 9 24
C 2 7 745 6 4 8 2 5 10 25
C 2 7 746 8 17 26 2 6 12 86
C 2 7 747 8 16 26 2 7 9 86
C 2 7 748 8 22 27 3 9 9 104
C 2 7 749 8 21 28 3 9 13 104
C 2 7 750 8 21 27 3 10 10 104
C 2 7 751 8 20 27 3 11 12 104
C 2 7 752 8 18 21 1 7 10 76
C 2 7 753 8 17 21 1 7 10 77
C 2 7 754 8 17 22 1 7 9 78
C 2 7 755 8 19 25 1 9 10 139
C 2 7 756 8 21 24 3 9 10 157
C 2 7 757 8 21 24 3 9 11 157
C 2 7 758 8 20 24 3 10 11 157
C 2 7 759 8 21 24 3 11 10 157
C 2 7 760 8 20 24 3 12 11 157
C 2 7 761 3 3 0 0 3 11 6
C 2 7 762 3 2 2 0 3 13 7
C 2 7 763 3 2 0 0 4 10 6
C 2 7 764 4 3 1 0 3 11 7
C 2 7 765 4 2 3 0 3 12 8
C 2 7 766 4 2 1 0 4 9 7
C 2 7 767 8 16 20 0 5 11 68
C 2 7 768 8 15 21 0 5 13 68
C 2 7 769 8 15 20 0 6 10 68
C 2 7 770 3 0 5 0 1 10 7
C 2 7 771 8 22 23 3 6 14 86
C 2 7 772 8 22 22 3 7 12 86
C 2 7 773 3 3 2 1 1 10 7
C 2 7 774 8 21 23 3 7 13 86
C 2 7 775 8 21 22 3 8 11 86
C 2 7 776 8 20 23 3 8 11 86
C 2 7 777 8 20 22 3 9 9 86
C 2 7 778 2 2 0 1 0 7 3
C 2 7 779 8 15 20 0 5 10 69
C 2 7 780 8 14 21 0 5 14 69
C 2 7 781 8 14 20 0 6 12 69
C 2 7 782 8 22 22 3 8 10 87
C 2 7 783 8 21 23 3 8 14 87
C 2 7 784 8 21 22 3 9 12 87
C 2 7 785 8 21 22 3 9 11 87
C 2 7 786 8 20 23 3 9 12 87
C 2 7 787 8 20 22 3 10 9 87
C 2 7 788 8 20 22 3 10 9 87
C 2 7 789 8 19 23 3 10 12 87
C 2 7 790 8 19 22 3 11 11 87
C 2 7 791 8 15 20 0 5 10 70
C 2 7 792 7 14 21 0 4 13 65
C 2 7 793 6 14 19 0 2 11 60
C 2 7 794 8 21 24 3 8 13 88
C 2 7 795 8 21 23 3 9 11 88
C 2 7 796 8 21 23 3 9 11 88
C 2 7 797 8 20 24 3 9 11 88
C 2 7 798 8 20 23 3 10 8 88
C 2 7 799 8 20 23 3 10 8 88
C 2 7 800 8 19 24 3 10 12 88
C 2 7 801 8 19 23 3 11 12 88
C 2 7 802 8 24 26 3 10 10 149
C 2 7 803 8 23 27 3 10 14 149
C 2 7 804 8 23 26 3 11 12 149
C 2 7 805 8 23 26 3 11 11 149
C 2 7 806 8 22 27 3 11 12 149
C 2 7 807 8 22 26 3 12 9 149
C 2 7 808 8 22 26 3 12 9 149
C 2 7 809 8 21 27 3 12 12 149
C 2 7 810 8 21 26 3 13 11 149
C 2 7 811 8 22 22 3 9 10 167
C 2 7 812 8 21 23 3 9 11 167
C 2 7 813 8 21 22 3 10 9 167
C 2 7 814 8 21 22 3 10 8 167
C 2 7 815 8 20 23 3 10 12 167
C 2 7 816 3 1 2 0 1 12 4
M 2 7 5 5 5 2 1
M 2 7 4 2 3 1 1
M 2 7 5 4 3 2 2
M 2 7 5 3 5 3 2
M 2 7 5 4 4 2 2
M 2 7 8 19 23 4 7
M 2 7 6 6 4 2 4
M 2 7 5 4 4 2 3
M 2 7 6 4 7 3 4
M 2 7 3 1 0 1 2
M 2 7 8 21 22 4 6
M 2 7 8 20 22 4 7
M 2 7 6 7 6 1 6
M 2 7 6 5 8 2 5
M 2 7 5 6 7 1 5
M 2 7 6 8 8 1 6
M 2 7 6 9 8 3 7
M 2 7 6 8 11 3 5
M 2 7 5 8 7 1 6
M 2 7 5 7 7 3 7
M 2 7 6 7 9 1 5
M 2 7 8 18 25 1 7
M 2 7 5 5 6 1 5
M 2 7 6 7 6 3 4
M 2 7 6 7 8 3 6
M 2 7 6 8 6 3 7
M 2 7 6 7 7 3 6
M 2 7 6 6 9 2 5
M 2 7 5 7 9 3 3
M 2 7 5 3 5 0 4
M 2 7 5 5 6 3 5
M 2 7 5 7 8 1 4
M 2 7 2 2 0 1 0
M 2 7 6 8 8 3 5
M 2 7 6 8 10 3 7
M 2 7 6 10 8 3 7
M 2 7 6 8 9 1 5
M 2 7 6 8 11 2 5
M 2 7 8 20 26 3 10
M 2 7 8 18 24 1 8
M 2 7 8 19 27 3 8
M 2 7 2 3 0 0 0
M 2 7 5 4 7 2 3
M 2 7 4 3 3 0 4
M 2 7 5 4 3 1 3
M 2 7 5 4 4 3 3
M 2 7 5 4 4 1 3
M 2 7 4 4 2 1 4
M 2 7 5 3 5 2 3
M 2 7 6 8 7 1 5
M 2 7 5 5 9 2 3
M 2 7 5 4 4 1 2
M 2 7 8 14 22 0 6
M 2 7 6 7 11 2 3
M 2 7 8 16 24 2 7
M 2 7 5 5 4 3 5
M 2 7 8 18 23 3 8
M 2 7 6 9 9 3 3
M 2 7 6 7 10 1 4
M 2 7 6 6 6 2 5
M 2 7 6 6 7 0 4
M 2 7 6 5 10 2 5
M 2 7 6 4 7 2 5
M 2 7 4 3 4 0 4
M 2 7 4 4 3 1 4
M 2 7 8 16 22 2 7
M 2 7 5 4 6 0 4
M 2 7 8 16 23 1 7
M 2 7 8 15 22 1 6
M 2 7 8 20 22 3 9
M 2 7 8 18 24 2 7
M 2 7 6 6 8 0 4
M 2 7 8 24 26 3 10
M 2 7 4 3 3 0 2
M 2 7 8 15 20 0 6
M 2 7 5 5 3 1 3
M 2 7 8 22 22 3 8
M 2 7 5 3 4 2 5
M 2 7 3 2 0 0 4
M 2 7 8 21 24 3 11
M 2 7 8 18 21 1 7
M 2 7 6 6 7 0 2
M 2 7 7 20 22 3 7
M 2 7 6 14 19 0 2
M 2 7 8 16 20 0 5
M 2 7 4 3 1 0 3
M 2 7 5 6 5 1 2
M 2 7 5 5 4 1 3
M 2 7 8 21 22 3 8
M 2 7 2 1 0 0 2
M 2 7 7 21 22 3 6
M 2 7 4 5 4 1 3
M 2 7 8 17 23 2 6
M 2 7 8 22 22 3 6
M 2 7 4 2 3 0 3
M 2 7 8 23 25 3 6
M 2 7 8 23 25 3 8
M 2 7 8 20 27 3 11
M 2 7 5 3 4 2 4
M 2 7 6 8 5 3 5
M 2 7 8 20 26 3 9
M 2 7 7 14 21 0 4
M 2 7 4 4 3 0 3
M 2 7 8 16 22 0 5
M 2 7 7 17 20 1 5
M 2 7 8 18 21 1 6
M 2 7 5 4 2 2 4
M 2 7 5 4 3 2 4
M 2 7 6 6 10 2 4
M 2 7 4 4 5 0 3
M 2 7 5 5 8 0 3
M 2 7 8 17 24 2 6
M 2 7 3 2 2 0 3
M 2 7 8 19 23 3 7
M 2 7 8 18 23 1 6
M 2 7 5 8 5 1 4
M 2 7 8 21 28 3 9
M 2 7 8 17 24 0 5
M 2 7 4 4 3 1 2
M 2 7 4 3 5 0 1
M 2 7 4 4 4 1 2
M 2 7 5 5 7 0 1
M 2 7 4 3 4 2 4
M 2 7 8 23 27 3 10
M 2 7 5 5 7 2 2
M 2 7 5 7 6 3 3
M 2 7 6 7 6 3 5
M 2 7 4 5 3 2 4
M 2 7 5 5 8 2 2
M 2 7 6 7 10 2 2
M 2 7 5 7 7 1 2
M 2 7 4 5 4 1 2
M 2 7 6 7 7 3 3
M 2 7 6 8 7 3 5
M 2 7 5 8 8 3 3
M 2 7 5 8 7 1 4
M 2 7 5 9 9 1 4
M 2 7 4 2 4 2 2
M 2 7 5 7 8 3 3
M 2 7 5 7 5 2 4
M 2 7 5 7 9 3 4
M 2 7 4 2 2 2 2
M 2 7 5 5 5 2 2
M 2 7 5 9 6 1 5
M 2 7 5 7 5 3 3
M 2 7 5 8 6 3 3
M 2 7 5 9 6 3 3
M 2 7 6 9 8 1 5
M 2 7 5 8 9 3 2
M 2 7 5 5 5 2 4
M 2 7 4 5 5 1 2
M 2 7 3 3 3 1 0
M 2 7 6 9 7 3 3
M 2 7 6 9 6 1 4
M 2 7 5 7 4 2 5
M 2 7 6 8 7 3 4
M 2 7 4 3 2 2 1
M 2 7 5 4 4 4 2
M 2 7 6 5 5 3 2
M 2 7 5 3 4 3 4
M 2 7 6 3 4 3 4
M 2 7 2 0 1 1 1
M 2 7 4 1 1 1 2
M 2 7 8 19 22 4 8
M 2 7 6 9 10 1 6
M 2 7 5 8 6 1 6
M 2 7 5 6 5 1 6
M 2 7 5 4 7 2 5
M 2 7 5 7 6 1 5
M 2 7 8 20 25 3 8
M 2 7 4 4 4 0 2
M 2 7 5 4 6 2 3
M 2 7 6 8 13 2 5
M 2 7 5 5 7 1 3
M 2 7 6 6 6 3 6
M 2 7 5 5 7 2 3
M 2 7 6 7 9 2 3
M 2 7 6 8 6 1 3
M 2 7 6 7 7 3 4
M 2 7 6 7 9 3 6
M 2 7 6 7 8 3 7
M 2 7 5 7 8 1 5
M 2 7 8 20 28 3 10
M 2 7 5 9 8 1 3
M 2 7 6 7 10 1 3
M 2 7 5 4 7 0 2
M 2 7 5 5 6 1 4
M 2 7 6 5 7 0 2
M 2 7 8 15 22 0 6
M 2 7 5 6 5 1 3
M 2 7 6 7 8 1 3
M 2 7 5 5 5 3 4
M 2 7 5 4 5 2 5
M 2 7 5 6 7 1 3
M 2 7 6 7 9 1 3
M 2 7 8 16 24 0 6
M 2 7 5 7 5 1 5
M 2 7 8 20 27 3 8
M 2 7 8 20 26 3 8
M 2 7 6 8 10 3 4
M 2 7 6 6 5 2 5
M 2 7 8 16 23 2 7
M 2 7 7 19 22 3 8
M 2 7 8 22 26 3 12
M 2 7 6 5 7 2 5
M 2 7 8 20 22 3 10
M 2 7 6 6 5 1 5
M 2 7 5 3 2 2 5
M 2 7 5 3 5 2 5
M 2 7 8 15 20 0 5
M 2 7 5 4 5 2 3
M 2 7 3 0 5 0 1
M 2 7 6 7 4 1 6
M 2 7 6 6 4 1 5
M 2 7 8 21 27 3 10
M 2 7 8 19 25 1 9
M 2 7 5 4 5 0 2
M 2 7 6 5 5 2 3
M 2 7 8 21 26 3 13
M 2 7 8 22 26 3 7
M 2 7 8 21 22 3 7
M 2 7 8 20 24 3 12
M 2 7 5 2 2 2 3
M 2 7 8 22 23 3 7
M 2 7 8 21 25 3 9
M 2 7 7 14 20 0 5
M 2 7 8 23 26 3 11
M 2 7 8 20 25 3 11
M 2 7 8 20 24 3 9
M 2 7 4 3 3 1 3
M 2 7 8 19 24 3 11
M 2 7 8 21 22 3 9
M 2 7 8 20 23 3 9
M 2 7 8 14 20 0 6
M 2 7 8 22 27 3 11
M 2 7 4 4 4 1 3
M 2 7 6 6 8 0 3
M 2 7 8 21 24 3 8
M 2 7 8 19 26 3 7
M 2 7 8 16 24 2 6
M 2 7 8 17 22 1 6
M 2 7 4 5 2 1 3
M 2 7 8 19 22 3 9
M 2 7 8 22 26 3 8
M 2 7 6 8 12 2 4
M 2 7 6 8 14 0 3
M 2 7 5 6 8 1 4
M 2 7 3 3 2 1 1
M 2 7 4 3 5 2 2
M 2 7 6 6 6 2 4
M 2 7 4 4 3 1 3
M 2 7 7 17 21 1 6
M 2 7 5 6 7 1 4
M 2 7 4 6 5 1 2
M 2 7 6 6 7 2 4
M 2 7 5 6 5 2 5
M 2 7 6 8 9 3 5
M 2 7 5 6 6 1 2
M 2 7 8 20 23 3 7
M 2 7 8 22 27 3 6
M 2 7 5 6 5 3 3
M 2 7 6 7 12 2 2
M 2 7 8 16 23 2 6
M 2 7 4 5 3 2 3
M 2 7 7 18 23 3 6
M 2 7 4 5 5 1 1
M 2 7 5 9 7 3 5
M 2 7 5 8 9 1 4
M 2 7 5 5 7 0 3
M 2 7 5 7 7 1 4
M 2 7 5 7 10 1 1
M 2 7 5 7 6 1 2
M 2 7 7 19 23 3 5
M 2 7 5 7 6 1 3
M 2 7 6 10 8 3 6
M 2 7 5 8 6 1 4
M 2 7 5 7 8 3 2
M 2 7 5 10 7 1 3
M 2 7 8 22 24 3 6
M 2 7 5 6 4 2 2
M 2 7 5 9 7 1 4
M 2 7 6 9 10 3 6
M 2 7 5 6 8 1 3
M 2 7 5 8 6 3 4
M 2 7 8 16 22 1 7
M 2 7 5 4 3 1 4
M 2 7 8 21 26 3 8
M 2 7 8 18 22 1 6
M 2 7 8 19 25 3 7
M 2 7 6 7 7 3 5
M 2 7 8 21 25 3 8
M 2 7 5 7 7 3 3
M 2 7 8 21 23 3 8
M 2 7 5 8 8 1 3
M 2 7 5 7 5 1 2
M 2 7 8 21 25 3 10
M 2 7 5 3 5 1 1
M 2 7 6 5 7 1 1
M 2 7 8 17 21 2 6
M 2 7 6 7 10 2 5
M 2 7 6 9 8 3 6
M 2 7 6 7 6 3 6
M 2 7 5 7 7 1 5
M 2 7 8 19 25 3 10
M 2 7 6 6 8 2 3
M 2 7 5 6 7 1 2
M 2 7 6 5 9 2 5
M 2 7 6 8 6 1 5
M 2 7 6 8 7 3 6
M 2 7 6 8 9 2 3
M 2 7 5 7 8 3 5
M 2 7 8 18 24 3 8
M 2 7 5 6 7 3 4
M 2 7 5 5 6 3 4
M 2 7 8 17 23 1 7
M 2 7 5 6 6 3 4
M 2 7 5 5 3 1 2
M 2 7 8 19 23 1 8
M 2 7 5 7 4 1 5
M 2 7 5 6 5 1 5
M 2 7 5 6 4 1 5
M 2 7 8 16 26 2 7
M 2 7 4 2 1 0 4
M 2 7 5 4 4 2 5
M 2 7 5 5 4 1 4
M 2 7 6 4 8 2 5
M 2 7 4 4 2 1 3
M 2 7 8 22 25 3 9
M 2 7 3 1 1 0 2
M 2 7 8 19 22 3 11
M 2 7 8 23 25 3 7
M 2 7 8 20 24 3 10
M 2 7 3 1 2 0 1
M 2 7 3 3 0 0 3
M 2 7 8 17 26 2 6
M 2 7 7 19 20 3 4
M 2 7 4 5 3 1 3
M 2 7 8 17 23 1 6
M 2 7 8 18 23 1 7
M 2 7 8 17 22 2 6
M 2 7 6 8 10 3 5
M 2 7 8 21 27 3 12
M 2 7 6 8 14 2 4
M 2 7 8 19 24 3 9
M 2 7 3 2 3 0 1
M 2 7 5 6 9 2 2
M 2 7 7 19 23 3 7
M 2 7 5 6 4 1 4
M 2 7 8 21 27 3 7
M 2 7 7 16 25 2 2
M 2 7 5 7 8 1 3
M 2 7 5 8 8 1 2
M 2 7 5 6 4 1 3
M 2 7 8 14 21 0 5
M 2 7 4 5 4 1 1
M 2 7 5 9 8 3 3
M 2 7 5 9 7 3 4
M 2 7 6 7 5 1 4
M 2 7 5 8 9 3 3
M 2 7 8 23 26 3 6
M 2 7 5 8 7 3 6
M 2 7 5 5 6 2 4
M 2 7 5 6 6 3 2
M 2 7 5 8 6 1 2
M 2 7 8 19 25 3 8
M 2 7 5 5 4 1 5
M 2 7 6 8 8 3 6
M 2 7 5 8 6 1 3
M 2 7 5 7 7 3 6
M 2 7 5 6 6 3 6
M 2 7 5 5 5 1 5
M 2 7 8 18 23 1 8
M 2 7 8 17 21 1 7
M 2 7 8 19 24 3 10
M 2 7 8 19 23 3 8
M 2 7 5 6 6 3 3
M 2 7 5 7 5 1 3
M 2 7 5 7 6 3 5
M 2 7 8 20 25 3 9
M 2 7 8 20 23 3 10
M 2 7 5 2 2 3 2
M 2 7 5 4 3 2 3
M 2 7 8 14 20 1 5
M 2 7 6 9 6 1 6
M 2 7 5 7 7 3 4
M 2 7 5 5 8 2 5
M 2 7 6 8 10 1 5
M 2 7 6 8 10 1 3
M 2 7 5 7 8 3 4
M 2 7 0 0 0 0 0
M 2 7 5 6 6 1 4
M 2 7 5 5 5 3 5
M 2 7 8 17 22 1 7
M 2 7 5 4 6 2 5
M 2 7 5 5 4 3 4
M 2 7 5 5 3 1 4
M 2 7 8 22 25 3 7
M 2 7 8 15 23 2 7
M 2 7 7 18 22 3 5
M 2 7 8 22 25 3 8
M 2 7 5 6 5 3 4
M 2 7 8 15 22 0 5
M 2 7 5 6 4 3 4
M 2 7 8 19 23 3 9
M 2 7 8 22 22 3 7
M 2 7 8 18 25 2 6
M 2 7 4 4 4 3 2
M 2 7 5 5 10 2 2
M 2 7 5 5 6 3 3
M 2 7 8 20 24 3 8
M 2 7 6 10 10 3 6
M 2 7 5 6 4 3 3
M 2 7 8 19 24 3 7
M 2 7 6 8 6 3 5
M 2 7 8 20 25 3 7
M 2 7 5 7 5 3 5
M 2 7 8 20 24 3 7
M 2 7 6 9 8 3 4
M 2 7 5 6 5 1 4
M 2 7 5 6 5 3 6
M 2 7 5 7 6 3 4
M 2 7 5 5 3 1 5
M 2 7 5 7 5 1 4
M 2 7 8 22 23 3 6
M 2 7 8 21 24 3 7
M 2 7 8 20 23 3 8
M 2 7 5 8 8 3 4
M 2 7 8 18 22 1 8
M 2 7 5 7 7 1 3
M 2 7 6 6 11 2 5
M 2 7 6 6 7 2 5
M 2 7 5 3 3 2 5
M 2 7 6 9 10 1 3
M 2 7 8 22 22 3 9
M 2 7 8 21 24 3 9
M 2 7 8 20 22 3 8
M 2 7 2 1 0 0 1
M 2 7 5 4 7 2 4
M 2 7 8 19 23 3 11
M 2 7 8 15 21 0 5
M 2 7 8 15 24 2 6
M 2 7 8 21 26 3 7
M 2 7 4 6 4 1 2
M 2 7 5 8 7 3 3
M 2 7 5 6 6 1 3
M 2 7 8 19 24 3 8
M 2 7 6 6 7 3 6
M 2 7 5 7 4 1 3
M 2 7 6 9 8 3 5
M 2 7 8 21 23 3 7
M 2 7 6 7 7 1 6
M 2 7 8 17 23 1 8
M 2 7 6 9 10 3 7
M 2 7 6 3 4 2 5
M 2 7 8 19 23 3 10
M 2 7 6 6 12 2 4
M 2 7 4 4 4 0 3
M 2 7 6 10 8 3 5
M 2 7 5 8 7 3 5
M 2 7 5 8 7 1 2
M 2 7 5 6 6 3 5
M 2 7 5 5 4 2 1
M 2 7 5 4 5 0 4
M 2 7 8 22 27 3 9
M 2 7 7 16 23 1 4
P 2 7 0 0
P 2 7 1 0
P 2 7 2 1
P 2 7 3 0
P 2 7 4 0
P 2 7 5 0
P 2 7 6 0
P 2 7 7 1
P 2 7 8 0
P 2 7 9 1
P 2 7 10 1
P 2 7 11 0
P 2 7 12 1
P 2 7 13 0
P 2 7 14 0
P 2 7 15 0
P 2 7 16 0
P 2 7 17 1
P 2 7 18 0
P 2 7 19 0
P 2 7 20 0
P 2 7 21 1
P 2 7 22 1
P 2 7 23 0
P 2 7 24 0
P 2 7 25 1
P 2 7 26 1
P 2 7 27 0
P 2 7 28 0
P 2 7 29 0
P 2 7 30 0
P 2 7 31 0
P 2 7 32 0
P 2 7 33 0
P 2 7 34 0
P 2 7 35 0
P 2 7 36 0
P 2 7 37 0
P 2 7 38 0
P 2 7 39 0
P 2 7 40 0
P 2 7 41 0
P 2 7 42 0
P 2 7 43 0
P 2 7 44 0
P 2 7 45 0
P 2 7 46 0
P 2 7 47 0
P 2 7 48 0
P 2 7 49 0
P 2 7 50 0
P 2 7 51 0
P 2 7 52 0
P 2 7 53 0
P 2 7 54 0
P 2 7 55 0
P 2 7 56 0
P 2 7 57 0
P 2 7 58 0
P 2 7 59 0
P 2 7 60 0
P 2 7 61 0
P 2 7 62 0
P 2 7 63 0
P 2 7 64 0
P 2 7 65 0
P 2 7 66 0
P 2 7 67 0
P 2 7 68 0
P 2 7 69 0
P 2 7 70 0
P 2 7 71 0
P 2 7 72 0
P 2 7 73 0
P 2 7 74 0
P 2 7 75 0
P 2 7 76 0
P 2 7 77 0
P 2 7 78 0
P 2 7 79 0
P 2 7 80 0
P 2 7 81 0
P 2 7 82 0
P 2 7 83 0
P 2 7 84 0
P 2 7 85 0
P 2 7 86 0
P 2 7 87 0
P 2 7 88 0
P 2 7 89 0
P 2 7 90 0
P 2 7 91 0
P 2 7 92 0
P 2 7 93 0
P 2 7 94 0
P 2 7 95 0
P 2 7 96 0
P 2 7 97 0
P 2 7 98 0
P 2 7 99 0
P 2 7 100 0
P 2 7 101 0
P 2 7 102 0
P 2 7 103 0
P 2 7 104 0
P 2 7 105 0
P 2 7 106 0
P 2 7 107 0
P 2 7 108 0
P 2 7 109 0
P 2 7 110 0
P 2 7 111 0
P 2 7 112 0
P 2 7 113 0
P 2 7 114 0
P 2 7 115 0
P 2 7 116 0
P 2 7 117 0
P 2 7 118 0
P 2 7 119 0
P 2 7 120 0
P 2 7 121 1
P 2 7 122 0
P 2 7 123 0
P 2 7 124 0
P 2 7 125 0
P 2 7 126 0
P 2 7 127 0
P 2 7 128 0
P 2 7 129 0
P 2 7 130 0
P 2 7 131 0
P 2 7 132 0
P 2 7 133 0
P 2 7 134 0
P 2 7 135 0
P 2 7 136 0
P 2 7 137 0
P 2 7 138 0
P 2 7 139 0
P 2 7 140 0
P 2 7 141 0
P 2 7 142 0
P 2 7 143 0
P 2 7 144 0
P 2 7 145 0
P 2 7 146 0
P 2 7 147 0
P 2 7 148 0
P 2 7 149 0
P 2 7 150 0
P 2 7 151 1
P 2 7 152 0
P 2 7 153 0
P 2 7 154 0
P 2 7 155 0
P 2 7 156 0
P 2 7 157 0
P 2 7 158 0
P 2 7 159 0
P 2 7 160 0
P 2 7 161 0
P 2 7 162 0
P 2 7 163 0
P 2 7 164 0
P 2 7 165 0
P 2 7 166 0
P 2 7 167 0
P 2 7 168 0
P 2 7 169 0
P 2 7 170 0
P 2 7 171 0
P 2 7 172 0
P 2 7 173 0
P 2 7 174 0
P 2 7 175 0
P 2 7 176 0
P 2 7 177 0
P 2 7 178 0
P 2 7 179 0
P 2 7 180 0
P 2 7 181 0
P 2 7 182 0
P 2 7 183 0
P 2 7 184 0
P 2 7 185 0
P 2 7 186 0
P 2 7 187 0
P 2 7 188 0
P 2 7 189 0
P 2 7 190 0
P 2 7 191 0
P 2 7 192 0
P 2 7 193 0
P 2 7 194 0
P 2 7 195 0
P 2 7 196 0
P 2 7 197 0
P 2 7 198 0
P 2 7 199 0
P 2 7 200 0
P 2 7 201 0
P 2 7 202 0
P 2 7 203 0
P 2 7 204 0
P 2 7 205 0
P 2 7 206 0
P 2 7 207 0
P 2 7 208 0
P 2 7 209 0
P 2 7 210 0
P 2 7 211 0
P 2 7 212 0
P 2 7 213 0
P 2 7 214 0
P 2 7 215 0
P 2 7 216 0
P 2 7 217 0
P 2 7 218 0
P 2 7 219 0
P 2 7 220 0
P 2 7 221 0
P 2 7 222 0
P 2 7 223 0
P 2 7 224 0
P 2 7 225 0
P 2 7 226 0
P 2 7 227 1
P 2 7 228 0
P 2 7 229 1
P 2 7 230 0
P 2 7 231 0
P 2 7 232 0
P 2 7 233 0
P 2 7 234 0
P 2 7 235 0
P 2 7 236 0
P 2 7 237 0
P 2 7 238 0
P 2 7 239 0
P 2 7 240 0
P 2 7 241 0
P 2 7 242 0
P 2 7 243 0
P 2 7 244 0
P 2 7 245 0
P 2 7 246 0
P 2 7 247 0
P 2 7 248 0
P 2 7 249 0
P 2 7 250 0
P 2 7 251 0
P 2 7 252 0
P 2 7 253 0
P 2 7 254 0
P 2 7 255 0
P 2 7 256 0
P 2 7 257 0
P 2 7 258 0
P 2 7 259 0
P 2 7 260 0
P 2 7 261 0
P 2 7 262 0
P 2 7 263 0
P 2 7 264 0
P 2 7 265 0
P 2 7 266 0
P 2 7 267 0
P 2 7 268 0
P 2 7 269 0
P 2 7 270 0
P 2 7 271 0
P 2 7 272 0
P 2 7 273 0
P 2 7 274 0
P 2 7 275 0
P 2 7 276 0
P 2 7 277 0
P 2 7 278 0
P 2 7 279 0
P 2 7 280 0
P 2 7 281 0
P 2 7 282 0
P 2 7 283 0
P 2 7 284 0
P 2 7 285 0
P 2 7 286 0
P 2 7 287 0
P 2 7 288 0
P 2 7 289 0
P 2 7 290 0
P 2 7 291 0
P 2 7 292 0
P 2 7 293 0
P 2 7 294 0
P 2 7 295 0
P 2 7 296 0
P 2 7 297 0
P 2 7 298 0
P 2 7 299 0
P 2 7 300 0
P 2 7 301 0
P 2 7 302 0
P 2 7 303 0
P 2 7 304 0
P 2 7 305 0
P 2 7 306 0
P 2 7 307 0
P 2 7 308 0
P 2 7 309 0
P 2 7 310 0
P 2 7 311 0
P 2 7 312 0
P 2 7 313 0
P 2 7 314 0
P 2 7 315 0
P 2 7 316 0
P 2 7 317 0
P 2 7 318 0
P 2 7 319 0
P 2 7 320 0
P 2 7 321 0
P 2 7 322 0
P 2 7 323 0
P 2 7 324 0
P 2 7 325 0
P 2 7 326 0
P 2 7 327 0
P 2 7 328 0
P 2 7 329 1
P 2 7 330 0
P 2 7 331 0
P 2 7 332 0
P 2 7 333 0
P 2 7 334 0
P 2 7 335 0
P 2 7 336 0
P 2 7 337 0
P 2 7 338 0
P 2 7 339 0
P 2 7 340 1
P 2 7 341 0
P 2 7 342 0
P 2 7 343 0
P 2 7 344 0
P 2 7 345 0
P 2 7 346 0
P 2 7 347 0
P 2 7 348 0
P 2 7 349 0
P 2 7 350 0
P 2 7 351 0
P 2 7 352 0
P 2 7 353 0
P 2 7 354 0
P 2 7 355 0
P 2 7 356 0
P 2 7 357 0
P 2 7 358 0
P 2 7 359 0
P 2 7 360 0
P 2 7 361 0
P 2 7 362 0
P 2 7 363 0
P 2 7 364 0
P 2 7 365 0
P 2 7 366 0
P 2 7 367 0
P 2 7 368 0
P 2 7 369 0
P 2 7 370 0
P 2 7 371 0
P 2 7 372 0
P 2 7 373 0
P 2 7 374 0
P 2 7 375 0
P 2 7 376 0
P 2 7 377 0
P 2 7 378 0
P 2 7 379 0
P 2 7 380 0
P 2 7 381 0
P 2 7 382 0
P 2 7 383 0
P 2 7 384 0
P 2 7 385 0
P 2 7 386 0
P 2 7 387 0
P 2 7 388 0
P 2 7 389 0
P 2 7 390 0
P 2 7 391 0
P 2 7 392 0
P 2 7 393 0
P 2 7 394 0
P 2 7 395 0
P 2 7 396 0
P 2 7 397 0
P 2 7 398 0
P 2 7 399 0
P 2 7 400 1
P 2 7 401 0
P 2 7 402 0
P 2 7 403 0
P 2 7 404 0
P 2 7 405 0
P 2 7 406 1
P 2 7 407 0
P 2 7 408 1
P 2 7 409 0
P 2 7 410 0
P 2 7 411 0
P 2 7 412 0
P 2 7 413 0
P 2 7 414 0
P 2 7 415 0
P 2 7 416 0
P 2 7 417 0
P 2 7 418 0
P 2 7 419 0
P 2 7 420 0
P 2 7 421 0
P 2 7 422 0
P 2 7 423 0
P 2 7 424 0
P 2 7 425 0
P 2 7 426 0
P 2 7 427 0
P 2 7 428 0
P 2 7 429 0
P 2 7 430 0
P 2 7 431 0
P 2 7 432 0
P 2 7 433 0
P 2 7 434 0
P 2 7 435 0
P 2 7 436 0
P 2 7 437 1
P 2 7 438 0
P 2 7 439 1
P 2 7 440 0
P 2 7 441 0
P 2 7 442 0
P 2 7 443 0
P 2 7 444 0
P 2 7 445 0
P 2 7 446 0
P 2 7 447 0
P 2 7 448 0
P 2 7 449 0
P 2 7 450 0
P 2 7 451 0
P 2 7 452 0
P 2 7 453 0
P 2 7 454 0
P 2 7 455 0
P 2 7 456 0
P 2 7 457 0
P 2 7 458 0
P 2 7 459 0
P 2 7 460 0
P 2 7 461 0
P 2 7 462 0
P 2 7 463 0
P 2 7 464 0
P 2 7 465 0
P 2 7 466 0
P 2 7 467 0
P 2 7 468 0
P 2 7 469 0
P 2 7 470 0
P 2 7 471 0
P 2 7 472 0
P 2 7 473 0
P 2 7 474 0
P 2 7 475 1
P 2 7 476 0
P 2 7 477 0
P 2 7 478 0
P 2 7 479 0
P 2 7 480 0
P 2 7 481 0
P 2 7 482 0
P 2 7 483 0
P 2 7 484 0
P 2 7 485 0
P 2 7 486 1
P 2 7 487 0
P 2 7 488 0
P 2 7 489 0
P 2 7 490 0
P 2 7 491 0
P 2 7 492 0
P 2 7 493 0
P 2 7 494 0
P 2 7 495 0
P 2 7 496 0
P 2 7 497 0
P 2 7 498 0
P 2 7 499 0
P 2 7 500 1
P 2 7 501 0
P 2 7 502 0
P 2 7 503 0
P 2 7 504 0
P 2 7 505 0
P 2 7 506 0
P 2 7 507 0
P 2 7 508 0
P 2 7 509 0
P 2 7 510 0
P 2 7 511 0
P 2 7 512 1
P 2 7 513 0
P 2 7 514 0
P 2 7 515 0
P 2 7 516 0
P 2 7 517 0
P 2 7 518 0
P 2 7 519 0
P 2 7 520 0
P 2 7 521 0
P 2 7 522 0
P 2 7 523 0
P 2 7 524 0
P 2 7 525 0
P 2 7 526 0
P 2 7 527 0
P 2 7 528 0
P 2 7 529 0
P 2 7 530 0
P 2 7 531 0
P 2 7 532 0
P 2 7 533 0
P 2 7 534 0
P 2 7 535 0
P 2 7 536 0
P 2 7 537 0
P 2 7 538 0
P 2 7 539 0
P 2 7 540 0
P 2 7 541 0
P 2 7 542 0
P 2 7 543 0
P 2 7 544 0
P 2 7 545 0
P 2 7 546 0
P 2 7 547 0
P 2 7 548 0
P 2 7 549 0
P 2 7 550 0
P 2 7 551 0
P 2 7 552 0
P 2 7 553 0
P 2 7 554 0
P 2 7 555 0
P 2 7 556 0
P 2 7 557 0
P 2 7 558 0
P 2 7 559 0
P 2 7 560 0
P 2 7 561 0
P 2 7 562 0
P 2 7 563 0
P 2 7 564 0
P 2 7 565 0
P 2 7 566 0
P 2 7 567 0
P 2 7 568 0
P 2 7 569 0
P 2 7 570 0
P 2 7 571 0
P 2 7 572 0
P 2 7 573 0
P 2 7 574 0
P 2 7 575 0
P 2 7 576 0
P 2 7 577 0
P 2 7 578 0
P 2 7 579 0
P 2 7 580 0
P 2 7 581 0
P 2 7 582 0
P 2 7 583 0
P 2 7 584 0
P 2 7 585 0
P 2 7 586 0
P 2 7 587 0
P 2 7 588 0
P 2 7 589 0
P 2 7 590 0
P 2 7 591 0
P 2 7 592 0
P 2 7 593 0
P 2 7 594 0
P 2 7 595 0
P 2 7 596 0
P 2 7 597 0
P 2 7 598 0
P 2 7 599 0
P 2 7 600 0
P 2 7 601 0
P 2 7 602 0
P 2 7 603 0
P 2 7 604 0
P 2 7 605 0
P 2 7 606 0
P 2 7 607 0
P 2 7 608 0
P 2 7 609 0
P 2 7 610 0
P 2 7 611 0
P 2 7 612 0
P 2 7 613 0
P 2 7 614 0
P 2 7 615 0
P 2 7 616 0
P 2 7 617 0
P 2 7 618 0
P 2 7 619 0
P 2 7 620 0
P 2 7 621 0
P 2 7 622 0
P 2 7 623 0
P 2 7 624 0
P 2 7 625 0
P 2 7 626 0
P 2 7 627 0
P 2 7 628 0
P 2 7 629 0
P 2 7 630 0
P 2 7 631 0
P 2 7 632 0
P 2 7 633 0
P 2 7 634 0
P 2 7 635 0
P 2 7 636 0
P 2 7 637 0
P 2 7 638 0
P 2 7 639 0
P 2 7 640 0
P 2 7 641 0
P 2 7 642 0
P 2 7 643 0
P 2 7 644 0
P 2 7 645 0
P 2 7 646 0
P 2 7 647 0
P 2 7 648 0
P 2 7 649 0
P 2 7 650 0
P 2 7 651 0
P 2 7 652 0
P 2 7 653 0
P 2 7 654 0
P 2 7 655 0
P 2 7 656 0
P 2 7 657 0
P 2 7 658 1
P 2 7 659 0
P 2 7 660 0
P 2 7 661 0
P 2 7 662 0
P 2 7 663 0
P 2 7 664 0
P 2 7 665 0
P 2 7 666 0
P 2 7 667 0
P 2 7 668 0
P 2 7 669 0
P 2 7 670 0
P 2 7 671 0
P 2 7 672 0
P 2 7 673 0
P 2 7 674 0
P 2 7 675 0
P 2 7 676 0
P 2 7 677 0
P 2 7 678 0
P 2 7 679 0
P 2 7 680 0
P 2 7 681 0
P 2 7 682 0
P 2 7 683 0
P 2 7 684 0
P 2 7 685 0
P 2 7 686 0
P 2 7 687 0
P 2 7 688 0
P 2 7 689 0
P 2 7 690 0
P 2 7 691 0
P 2 7 692 0
P 2 7 693 0
P 2 7 694 0
P 2 7 695 0
P 2 7 696 0
P 2 7 697 0
P 2 7 698 0
P 2 7 699 0
P 2 7 700 0
P 2 7 701 0
P 2 7 702 0
P 2 7 703 0
P 2 7 704 0
P 2 7 705 0
P 2 7 706 0
P 2 7 707 0
P 2 7 708 0
P 2 7 709 0
P 2 7 710 0
P 2 7 711 0
P 2 7 712 0
P 2 7 713 0
P 2 7 714 0
P 2 7 715 0
P 2 7 716 0
P 2 7 717 0
P 2 7 718 0
P 2 7 719 0
P 2 7 720 0
P 2 7 721 0
P 2 7 722 0
P 2 7 723 0
P 2 7 724 0
P 2 7 725 0
P 2 7 726 0
P 2 7 727 0
P 2 7 728 0
P 2 7 729 0
P 2 7 730 0
P 2 7 731 0
P 2 7 732 0
P 2 7 733 0
P 2 7 734 0
P 2 7 735 0
P 2 7 736 0
P 2 7 737 0
P 2 7 738 0
P 2 7 739 0
P 2 7 740 0
P 2 7 741 0
P 2 7 742 0
P 2 7 743 0
P 2 7 744 0
P 2 7 745 0
P 2 7 746 0
P 2 7 747 0
P 2 7 748 0
P 2 7 749 0
P 2 7 750 0
P 2 7 751 0
P 2 7 752 0
P 2 7 753 0
P 2 7 754 0
P 2 7 755 0
P 2 7 756 0
P 2 7 757 0
P 2 7 758 0
P 2 7 759 0
P 2 7 760 0
P 2 7 761 0
P 2 7 762 0
P 2 7 763 0
P 2 7 764 0
P 2 7 765 0
P 2 7 766 0
P 2 7 767 0
P 2 7 768 0
P 2 7 769 0
P 2 7 770 0
P 2 7 771 0
P 2 7 772 0
P 2 7 773 0
P 2 7 774 1
P 2 7 775 0
P 2 7 776 0
P 2 7 777 0
P 2 7 778 0
P 2 7 779 0
P 2 7 780 0
P 2 7 781 0
P 2 7 782 0
P 2 7 783 0
P 2 7 784 0
P 2 7 785 0
P 2 7 786 0
P 2 7 787 0
P 2 7 788 0
P 2 7 789 0
P 2 7 790 0
P 2 7 791 0
P 2 7 792 0
P 2 7 793 0
P 2 7 794 0
P 2 7 795 0
P 2 7 796 0
P 2 7 797 0
P 2 7 798 0
P 2 7 799 0
P 2 7 800 0
P 2 7 801 0
P 2 7 802 0
P 2 7 803 1
P 2 7 804 0
P 2 7 805 0
P 2 7 806 1
P 2 7 807 0
P 2 7 808 0
P 2 7 809 1
P 2 7 810 0
P 2 7 811 0
P 2 7 812 0
P 2 7 813 0
P 2 7 814 0
P 2 7 815 1
P 2 7 816 1
C 2 8 0 3 3 3 1 0 16 7
C 2 8 1 4 2 2 2 2 15 8
C 2 8 2 4 5 4 1 1 16 14
C 2 8 3 4 5 5 1 1 15 14
C 2 8 4 4 6 4 1 2 16 14
C 2 8 5 4 6 4 1 2 16 14
C 2 8 6 4 5 5 1 2 16 15
C 2 8 7 5 5 5 2 4 15 17
C 2 8 8 5 7 5 1 2 16 22
C 2 8 9 5 7 5 1 2 16 22
C 2 8 10 5 8 6 1 3 16 26
C 2 8 11 5 8 7 1 2 15 26
C 2 8 12 5 8 7 1 2 15 29
C 2 8 13 5 8 6 1 3 16 30
C 2 8 14 5 8 8 1 3 15 30
C 2 8 15 5 8 8 1 3 16 30
C 2 8 16 4 4 4 0 3 14 11
C 2 8 17 4 4 3 1 3 15 11
C 2 8 18 4 3 4 2 4 14 13
C 2 8 19 5 6 4 1 4 15 19
C 2 8 20 5 8 8 3 4 14 28
C 2 8 21 8 23 27 3 10 15 149
C 2 8 22 8 21 23 3 7 13 86
C 2 8 23 8 22 27 3 11 14 149
C 2 8 24 2 1 0 0 1 12 2
C 2 8 25 2 1 0 0 2 12 3
C 2 8 26 3 1 2 0 1 12 4
C 2 8 27 4 5 3 1 3 12 12
C 2 8 28 8 20 23 3 8 13 98
C 2 8 29 8 21 27 3 12 13 149
C 2 8 30 8 22 27 3 11 13 149
C 2 8 31 8 20 23 3 10 12 167
C 2 8 32 4 3 3 2 0 0 8
C 2 8 33 5 2 2 3 2 1 9
C 2 8 34 5 5 4 2 1 0 15
C 2 8 35 5 5 5 2 1 1 15
C 2 8 36 5 6 4 2 2 0 15
C 2 8 37 5 6 4 2 2 0 15
C 2 8 38 5 5 5 2 2 0 16
C 2 8 39 6 5 5 3 4 1 18
C 2 8 40 6 7 5 2 2 0 23
C 2 8 41 6 7 5 2 2 0 23
C 2 8 42 6 8 6 2 3 0 27
C 2 8 43 6 8 7 2 2 1 27
C 2 8 44 6 8 7 2 2 1 30
C 2 8 45 6 8 6 2 3 0 31
C 2 8 46 6 8 8 2 3 1 31
C 2 8 47 6 8 8 2 3 0 31
C 2 8 48 5 4 4 1 3 2 12
C 2 8 49 5 4 3 2 3 1 12
C 2 8 50 5 3 4 3 4 2 14
C 2 8 51 6 6 4 2 4 1 20
C 2 8 52 6 8 8 4 4 2 29
C 2 8 53 9 23 27 4 10 1 150
C 2 8 54 9 21 23 4 7 3 87
C 2 8 55 9 22 27 4 11 2 150
C 2 8 56 2 0 1 1 1 4 3
C 2 8 57 3 1 0 1 2 4 4
C 2 8 58 4 1 2 1 1 4 5
C 2 8 59 5 5 3 2 3 4 13
C 2 8 60 9 20 23 4 8 3 99
C 2 8 61 9 21 27 4 12 3 150
C 2 8 62 9 22 27 4 11 3 150
C 2 8 63 9 20 23 4 10 4 168
C 2 8 64 0 0 0 0 0 8 0
C 2 8 65 5 5 5 2 2 15 15
C 2 8 66 5 6 6 3 2 16 20
C 2 8 67 5 5 5 3 3 9 16
C 2 8 68 5 5 6 1 2 8 22
C 2 8 69 5 7 7 1 1 15 22
C 2 8 70 5 6 7 1 2 9 22
C 2 8 71 6 9 9 1 6 8 37
C 2 8 72 6 9 8 1 5 16 38
C 2 8 73 5 6 6 1 3 8 22
C 2 8 74 5 5 7 1 3 8 23
C 2 8 75 6 9 7 3 4 15 25
C 2 8 76 5 8 7 3 3 16 27
C 2 8 77 6 8 7 3 5 9 25
C 2 8 78 6 7 7 1 3 8 30
C 2 8 79 6 7 7 1 3 8 30
C 2 8 80 6 7 5 1 4 16 35
C 2 8 81 5 7 6 1 4 8 30
C 2 8 82 6 9 9 1 2 15 34
C 2 8 83 6 8 9 1 3 9 34
C 2 8 84 6 8 9 1 3 9 37
C 2 8 85 5 5 6 1 4 8 21
C 2 8 86 6 8 10 1 4 9 38
C 2 8 87 6 8 10 1 4 8 38
C 2 8 88 5 6 7 1 4 15 23
C 2 8 89 5 6 6 1 4 8 19
C 2 8 90 5 4 5 1 4 7 19
C 2 8 91 5 6 6 3 5 15 20
C 2 8 92 5 6 6 3 5 8 21
C 2 8 93 6 7 6 1 4 16 27
C 2 8 94 6 6 6 1 5 7 27
C 2 8 95 6 9 10 3 4 15 36
C 2 8 96 6 8 11 3 4 15 36
C 2 8 97 6 8 10 3 5 8 36
C 2 8 98 9 24 29 3 10 16 157
C 2 8 99 7 17 21 1 6 15 73
C 2 8 100 9 23 29 3 11 7 157
C 2 8 101 9 22 25 3 7 13 94
C 2 8 102 7 19 23 3 5 16 82
C 2 8 103 9 21 25 3 8 11 94
C 2 8 104 9 23 29 3 11 14 157
C 2 8 105 9 22 30 3 11 16 157
C 2 8 106 9 22 29 3 12 10 157
C 2 8 107 4 4 3 1 2 12 10
C 2 8 108 4 5 3 1 2 13 11
C 2 8 109 4 4 3 1 3 10 11
C 2 8 110 4 5 4 1 1 13 12
C 2 8 111 3 2 3 0 1 15 6
C 2 8 112 3 3 2 0 1 10 7
C 2 8 113 5 7 4 1 4 13 20
C 2 8 114 5 6 5 1 4 10 20
C 2 8 115 7 21 22 3 6 13 83
C 2 8 116 9 20 26 3 8 16 106
C 2 8 117 9 20 25 3 9 11 106
C 2 8 118 9 22 29 3 12 15 157
C 2 8 119 8 19 26 3 7 14 86
C 2 8 120 9 21 29 3 13 7 157
C 2 8 121 9 23 29 3 11 14 157
C 2 8 122 8 19 24 3 7 15 82
C 2 8 123 9 22 29 3 12 9 157
C 2 8 124 9 21 25 3 10 13 175
C 2 8 125 7 16 25 2 2 15 73
C 2 8 126 9 20 25 3 11 10 175
C 2 8 127 5 6 4 3 3 15 16
C 2 8 128 5 7 6 3 4 9 23
C 2 8 129 5 7 8 3 2 15 23
C 2 8 130 5 7 7 3 3 8 23
C 2 8 131 5 8 6 3 4 9 23
C 2 8 132 5 9 6 3 3 15 23
C 2 8 133 5 8 6 3 4 9 23
C 2 8 134 5 7 8 3 3 16 24
C 2 8 135 5 7 7 3 4 9 24
C 2 8 136 6 5 5 2 5 8 26
C 2 8 137 6 10 7 3 4 15 31
C 2 8 138 6 9 8 3 4 16 31
C 2 8 139 6 9 7 3 5 9 31
C 2 8 140 6 11 9 3 4 16 44
C 2 8 141 6 9 7 3 4 9 31
C 2 8 142 5 7 5 3 3 15 20
C 2 8 143 5 6 5 3 3 16 20
C 2 8 144 6 10 8 3 5 9 35
C 2 8 145 6 10 10 3 3 15 35
C 2 8 146 6 10 9 3 4 8 35
C 2 8 147 5 8 6 3 3 15 23
C 2 8 148 6 10 10 3 3 15 38
C 2 8 149 6 10 9 3 4 8 38
C 2 8 150 6 10 8 3 5 9 39
C 2 8 151 6 10 11 3 4 15 39
C 2 8 152 6 10 10 3 5 8 39
C 2 8 153 6 10 11 3 4 16 39
C 2 8 154 6 10 10 3 5 9 39
C 2 8 155 5 7 9 3 4 14 28
C 2 8 156 5 6 6 2 5 7 20
C 2 8 157 5 6 5 3 6 8 20
C 2 8 158 5 4 5 2 5 7 22
C 2 8 159 5 7 5 3 5 15 20
C 2 8 160 6 8 6 3 7 8 28
C 2 8 161 6 9 9 3 4 14 31
C 2 8 162 6 9 9 3 5 7 37
C 2 8 163 9 25 28 3 10 15 158
C 2 8 164 9 24 29 3 10 15 158
C 2 8 165 9 24 28 3 11 8 158
C 2 8 166 9 22 24 3 7 13 95
C 2 8 167 8 21 24 3 7 15 92
C 2 8 168 9 21 24 3 8 10 95
C 2 8 169 8 17 22 2 6 13 74
C 2 8 170 9 23 29 3 11 16 158
C 2 8 171 9 23 28 3 12 11 158
C 2 8 172 5 2 2 2 3 11 11
C 2 8 173 5 4 2 2 4 13 12
C 2 8 174 5 3 2 2 5 9 12
C 2 8 175 5 4 4 2 2 13 13
C 2 8 176 4 2 4 2 2 14 10
C 2 8 177 5 3 4 2 3 9 13
C 2 8 178 5 8 5 3 5 13 21
C 2 8 179 6 7 7 3 5 14 27
C 2 8 180 5 7 5 3 6 9 21
C 2 8 181 9 22 24 3 8 12 107
C 2 8 182 9 21 25 3 8 16 107
C 2 8 183 9 21 24 3 9 12 107
C 2 8 184 9 23 28 3 12 14 158
C 2 8 185 9 22 29 3 12 14 158
C 2 8 186 9 22 28 3 13 8 158
C 2 8 187 9 24 28 3 11 13 158
C 2 8 188 9 23 29 3 11 15 158
C 2 8 189 9 23 28 3 12 10 158
C 2 8 190 9 22 24 3 10 13 176
C 2 8 191 9 21 25 3 10 14 176
C 2 8 192 9 21 24 3 11 9 176
C 2 8 193 5 7 8 1 2 15 27
C 2 8 194 5 6 7 1 3 9 29
C 2 8 195 5 8 6 1 3 8 29
C 2 8 196 5 6 6 1 3 8 29
C 2 8 197 5 6 7 1 3 8 30
C 2 8 198 6 9 8 3 5 15 28
C 2 8 199 6 10 8 3 6 9 32
C 2 8 200 6 7 5 1 3 8 37
C 2 8 201 6 6 8 3 4 8 33
C 2 8 202 5 8 6 1 3 16 26
C 2 8 203 6 10 8 1 4 8 41
C 2 8 204 6 9 9 1 3 15 41
C 2 8 205 6 8 9 1 4 9 41
C 2 8 206 6 9 9 1 3 15 44
C 2 8 207 6 8 9 1 4 9 44
C 2 8 208 6 10 8 1 4 8 45
C 2 8 209 6 9 9 1 3 15 45
C 2 8 210 6 8 9 1 4 9 45
C 2 8 211 5 7 6 1 2 16 29
C 2 8 212 6 8 9 1 4 8 45
C 2 8 213 5 7 7 1 5 8 26
C 2 8 214 5 6 5 1 4 7 26
C 2 8 215 5 8 7 3 6 8 28
C 2 8 216 5 8 6 1 4 16 26
C 2 8 217 6 8 6 1 5 7 34
C 2 8 218 6 11 10 3 4 15 43
C 2 8 219 5 6 6 1 2 15 22
C 2 8 220 6 10 10 3 5 8 43
C 2 8 221 9 24 28 3 10 16 164
C 2 8 222 9 23 28 3 11 7 164
C 2 8 223 8 20 24 3 7 16 98
C 2 8 224 9 21 24 3 8 11 101
C 2 8 225 9 23 28 3 11 14 164
C 2 8 226 9 22 28 3 12 10 164
C 2 8 227 5 6 4 1 3 12 17
C 2 8 228 5 7 4 1 3 13 18
C 2 8 229 5 6 4 1 4 10 18
C 2 8 230 5 7 5 1 2 13 19
C 2 8 231 5 6 5 1 3 10 19
C 2 8 232 5 9 6 1 4 13 27
C 2 8 233 5 8 6 1 5 10 27
C 2 8 234 8 22 23 3 6 13 98
C 2 8 235 9 20 24 3 9 11 113
C 2 8 236 9 22 28 3 12 15 164
C 2 8 237 9 21 28 3 13 7 164
C 2 8 238 9 23 28 3 11 14 164
C 2 8 239 9 22 28 3 12 9 164
C 2 8 240 9 21 24 3 10 13 182
C 2 8 241 9 20 24 3 11 10 182
C 2 8 242 5 7 7 1 4 15 24
C 2 8 243 5 4 7 0 2 9 19
C 2 8 244 5 7 8 1 2 15 27
C 2 8 245 5 6 8 1 3 9 29
C 2 8 246 6 5 7 0 2 9 26
C 2 8 247 5 5 6 2 4 15 20
C 2 8 248 6 9 9 3 5 8 32
C 2 8 249 6 9 8 1 3 15 37
C 2 8 250 6 8 8 1 4 9 37
C 2 8 251 6 7 8 1 3 9 37
C 2 8 252 5 6 7 1 3 9 24
C 2 8 253 6 8 7 1 3 8 41
C 2 8 254 6 8 7 1 3 8 44
C 2 8 255 5 6 8 1 4 9 28
C 2 8 256 6 8 8 1 4 8 45
C 2 8 257 5 7 8 1 3 9 27
C 2 8 258 5 5 6 1 5 7 19
C 2 8 259 5 7 8 1 5 8 25
C 2 8 260 6 6 9 2 5 7 26
C 2 8 261 6 9 8 1 5 15 32
C 2 8 262 5 7 7 1 5 8 24
C 2 8 263 6 11 12 3 4 15 43
C 2 8 264 4 6 5 1 2 14 15
C 2 8 265 6 10 12 3 5 7 43
C 2 8 266 9 24 28 3 10 15 164
C 2 8 267 5 5 7 0 3 15 19
C 2 8 268 9 23 28 3 11 8 164
C 2 8 269 9 22 24 3 7 13 101
C 2 8 270 8 20 24 3 7 15 98
C 2 8 271 9 21 24 3 8 10 101
C 2 8 272 9 23 28 3 11 13 164
C 2 8 273 5 8 9 1 4 16 28
C 2 8 274 9 22 28 3 12 11 164
C 2 8 275 5 6 5 1 2 11 17
C 2 8 276 4 4 3 0 3 13 10
C 2 8 277 5 6 5 1 4 9 18
C 2 8 278 4 6 4 1 1 13 13
C 2 8 279 4 3 5 0 1 14 12
C 2 8 280 5 5 6 1 2 9 19
C 2 8 281 5 9 7 1 5 9 27
C 2 8 282 9 21 24 3 8 12 113
C 2 8 283 9 20 25 3 8 16 113
C 2 8 284 9 20 24 3 9 12 113
C 2 8 285 9 22 28 3 12 14 164
C 2 8 286 9 21 29 3 12 14 164
C 2 8 287 9 21 28 3 13 8 164
C 2 8 288 9 23 28 3 11 13 164
C 2 8 289 9 22 29 3 11 15 164
C 2 8 290 9 22 28 3 12 10 164
C 2 8 291 9 21 24 3 10 13 182
C 2 8 292 5 5 10 2 2 14 25
C 2 8 293 9 20 24 3 11 9 182
C 2 8 294 5 6 6 1 3 8 21
C 2 8 295 5 4 4 1 2 8 23
C 2 8 296 5 6 6 3 6 9 25
C 2 8 297 6 10 7 1 4 8 37
C 2 8 298 6 9 7 1 3 8 37
C 2 8 299 2 3 0 0 0 8 3
C 2 8 300 6 7 9 1 3 9 31
C 2 8 301 6 8 10 1 3 9 34
C 2 8 302 5 5 6 1 4 8 22
C 2 8 303 6 7 10 1 4 9 35
C 2 8 304 5 6 6 1 3 8 21
C 2 8 305 6 5 7 2 5 8 20
C 2 8 306 5 9 6 1 5 16 27
C 2 8 307 5 5 5 1 5 7 18
C 2 8 308 6 10 10 3 5 8 43
C 2 8 309 9 24 28 3 10 16 164
C 2 8 310 9 23 28 3 11 7 164
C 2 8 311 9 22 24 3 7 13 101
C 2 8 312 9 21 24 3 8 11 101
C 2 8 313 5 7 10 1 2 16 23
C 2 8 314 9 22 28 3 12 10 164
C 2 8 315 5 7 4 1 3 12 17
C 2 8 316 5 6 4 1 5 10 18
C 2 8 317 5 6 5 1 3 10 19
C 2 8 318 5 8 6 1 6 10 27
C 2 8 319 7 20 22 3 7 11 83
C 2 8 320 9 22 28 3 12 15 164
C 2 8 321 9 21 28 3 13 7 164
C 2 8 322 9 23 28 3 11 14 164
C 2 8 323 9 22 28 3 12 9 164
C 2 8 324 9 21 24 3 10 13 182
C 2 8 325 9 20 24 3 11 10 182
C 2 8 326 5 6 7 1 3 8 30
C 2 8 327 6 10 8 3 5 15 28
C 2 8 328 6 10 8 3 6 9 32
C 2 8 329 4 4 3 1 2 8 14
C 2 8 330 6 7 7 1 3 8 37
C 2 8 331 5 5 3 1 2 8 21
C 2 8 332 6 8 10 1 4 9 41
C 2 8 333 6 8 10 1 4 9 44
C 2 8 334 6 10 9 1 5 8 37
C 2 8 335 6 8 10 1 4 9 45
C 2 8 336 5 4 3 1 3 8 19
C 2 8 337 5 7 7 1 5 8 26
C 2 8 338 5 7 5 1 5 7 26
C 2 8 339 5 8 7 3 6 8 28
C 2 8 340 5 10 7 1 3 16 29
C 2 8 341 6 9 6 1 6 7 34
C 2 8 342 4 6 4 1 2 15 14
C 2 8 343 6 10 10 3 5 8 43
C 2 8 344 9 24 28 3 10 16 164
C 2 8 345 9 23 28 3 11 7 164
C 2 8 346 8 20 25 3 7 16 98
C 2 8 347 9 21 25 3 8 11 101
C 2 8 348 9 23 28 3 11 14 164
C 2 8 349 9 22 28 3 12 10 164
C 2 8 350 5 7 4 1 3 12 17
C 2 8 351 5 7 4 1 3 13 18
C 2 8 352 5 7 4 1 5 10 18
C 2 8 353 5 7 5 1 2 13 19
C 2 8 354 5 6 5 1 3 10 19
C 2 8 355 5 9 6 1 6 10 27
C 2 8 356 8 22 23 3 6 13 95
C 2 8 357 9 20 25 3 9 11 113
C 2 8 358 9 22 28 3 12 15 164
C 2 8 359 9 21 28 3 13 7 164
C 2 8 360 9 23 28 3 11 14 164
C 2 8 361 9 22 28 3 12 9 164
C 2 8 362 9 21 25 3 10 13 182
C 2 8 363 9 20 25 3 11 10 182
C 2 8 364 6 9 9 3 6 9 33
C 2 8 365 6 8 8 1 4 8 38
C 2 8 366 6 7 8 1 3 8 38
C 2 8 367 6 8 10 1 5 8 32
C 2 8 368 5 6 6 1 5 7 27
C 2 8 369 5 7 8 3 6 8 29
C 2 8 370 6 8 7 1 6 7 35
C 2 8 371 4 6 5 1 2 15 15
C 2 8 372 6 9 11 3 5 8 44
C 2 8 373 9 24 28 3 10 16 165
C 2 8 374 9 23 28 3 11 7 165
C 2 8 375 9 22 24 3 7 13 102
C 2 8 376 9 21 24 3 8 11 102
C 2 8 377 9 22 28 3 12 10 165
C 2 8 378 5 6 5 1 3 12 18
C 2 8 379 5 6 5 1 5 10 19
C 2 8 380 5 5 6 1 3 10 20
C 2 8 381 5 8 7 1 6 10 28
C 2 8 382 9 21 24 3 8 13 114
C 2 8 383 9 20 24 3 9 11 114
C 2 8 384 9 22 28 3 12 15 165
C 2 8 385 9 21 28 3 13 7 165
C 2 8 386 9 23 28 3 11 14 165
C 2 8 387 9 22 28 3 12 9 165
C 2 8 388 9 21 24 3 10 13 183
C 2 8 389 5 5 10 2 2 15 25
C 2 8 390 9 20 24 3 11 10 183
C 2 8 391 6 13 9 3 6 15 40
C 2 8 392 6 12 9 3 7 9 40
C 2 8 393 6 12 9 3 5 15 40
C 2 8 394 6 11 9 3 6 9 40
C 2 8 395 5 7 6 3 5 15 25
C 2 8 396 6 11 10 3 7 9 44
C 2 8 397 6 12 12 3 5 15 44
C 2 8 398 6 12 11 3 6 8 44
C 2 8 399 5 9 7 3 5 15 28
C 2 8 400 6 12 11 3 6 8 47
C 2 8 401 5 8 7 3 6 15 29
C 2 8 402 6 11 10 3 7 9 48
C 2 8 403 6 12 12 3 7 8 48
C 2 8 404 6 12 12 3 7 9 48
C 2 8 405 5 8 7 3 5 15 28
C 2 8 406 6 8 8 3 6 8 28
C 2 8 407 4 3 5 2 2 14 12
C 2 8 408 6 11 11 3 7 7 46
C 2 8 409 9 26 30 3 10 15 167
C 2 8 410 8 15 24 2 6 15 79
C 2 8 411 9 25 30 3 11 8 167
C 2 8 412 9 23 26 3 9 13 104
C 2 8 413 9 22 27 3 9 15 104
C 2 8 414 9 22 26 3 10 10 104
C 2 8 415 9 25 30 3 11 13 167
C 2 8 416 9 24 31 3 11 16 167
C 2 8 417 9 24 30 3 12 11 167
C 2 8 418 6 5 5 2 5 11 20
C 2 8 419 6 5 5 2 5 9 21
C 2 8 420 6 5 5 2 5 9 22
C 2 8 421 6 9 7 3 6 9 30
C 2 8 422 9 23 26 3 10 12 116
C 2 8 423 9 22 26 3 11 12 116
C 2 8 424 9 24 30 3 12 14 167
C 2 8 425 9 23 30 3 13 8 167
C 2 8 426 9 25 30 3 11 13 167
C 2 8 427 9 24 30 3 12 10 167
C 2 8 428 9 23 26 3 12 13 185
C 2 8 429 9 22 26 3 13 9 185
C 2 8 430 5 4 4 1 3 8 23
C 2 8 431 5 5 3 1 2 8 22
C 2 8 432 6 9 9 1 4 9 49
C 2 8 433 6 9 9 1 4 9 52
C 2 8 434 6 11 8 1 4 8 53
C 2 8 435 6 9 9 1 4 9 53
C 2 8 436 6 9 9 1 4 8 53
C 2 8 437 6 9 8 1 6 8 34
C 2 8 438 6 8 6 1 5 7 34
C 2 8 439 6 10 8 3 7 8 36
C 2 8 440 6 9 6 1 5 7 42
C 2 8 441 6 12 10 3 4 15 51
C 2 8 442 4 4 4 1 2 15 15
C 2 8 443 6 11 10 3 5 8 51
C 2 8 444 9 25 28 3 10 16 172
C 2 8 445 9 24 28 3 11 7 172
C 2 8 446 9 23 24 3 7 13 109
C 2 8 447 9 22 25 3 7 16 109
C 2 8 448 9 22 24 3 8 11 109
C 2 8 449 9 24 28 3 11 14 172
C 2 8 450 9 23 29 3 11 16 172
C 2 8 451 9 23 28 3 12 10 172
C 2 8 452 6 8 5 1 4 12 25
C 2 8 453 6 9 5 1 4 13 26
C 2 8 454 6 8 5 1 5 10 26
C 2 8 455 6 9 6 1 3 13 27
C 2 8 456 6 8 6 1 4 10 27
C 2 8 457 3 3 2 1 1 15 7
C 2 8 458 6 9 6 1 5 10 35
C 2 8 459 9 22 24 3 8 13 121
C 2 8 460 9 21 25 3 8 16 121
C 2 8 461 9 21 24 3 9 11 121
C 2 8 462 9 23 28 3 12 15 172
C 2 8 463 9 22 28 3 13 7 172
C 2 8 464 9 24 28 3 11 14 172
C 2 8 465 9 23 28 3 12 9 172
C 2 8 466 9 22 24 3 10 13 190
C 2 8 467 9 21 24 3 11 10 190
C 2 8 468 4 4 3 1 2 16 11
C 2 8 469 6 11 9 1 4 8 49
C 2 8 470 6 9 10 1 4 9 49
C 2 8 471 6 10 10 1 3 15 52
C 2 8 472 6 9 10 1 4 9 52
C 2 8 473 6 11 9 1 4 8 53
C 2 8 474 6 9 10 1 4 9 53
C 2 8 475 6 10 10 1 3 16 53
C 2 8 476 6 9 10 1 4 8 53
C 2 8 477 6 8 8 1 5 8 34
C 2 8 478 6 8 6 1 5 7 34
C 2 8 479 6 9 8 3 6 8 36
C 2 8 480 6 10 7 1 6 7 42
C 2 8 481 6 11 11 3 5 8 51
C 2 8 482 9 25 29 3 10 16 172
C 2 8 483 9 24 29 3 11 7 172
C 2 8 484 9 23 25 3 7 13 109
C 2 8 485 9 22 25 3 8 11 109
C 2 8 486 9 23 30 3 11 16 172
C 2 8 487 9 23 29 3 12 10 172
C 2 8 488 6 8 5 1 3 12 25
C 2 8 489 6 10 5 1 4 13 26
C 2 8 490 6 8 5 1 5 10 26
C 2 8 491 6 8 6 1 2 13 27
C 2 8 492 6 7 6 1 3 10 27
C 2 8 493 6 10 7 1 6 10 35
C 2 8 494 9 21 26 3 8 16 121
C 2 8 495 9 21 25 3 9 11 121
C 2 8 496 9 23 29 3 12 15 172
C 2 8 497 9 22 29 3 13 7 172
C 2 8 498 9 24 29 3 11 14 172
C 2 8 499 9 23 29 3 12 9 172
C 2 8 500 9 22 25 3 10 13 190
C 2 8 501 9 21 25 3 11 10 190
C 2 8 502 5 8 6 1 2 15 22
C 2 8 503 6 11 11 1 4 9 56
C 2 8 504 6 8 7 1 5 8 30
C 2 8 505 6 11 11 1 4 9 57
C 2 8 506 5 7 6 1 3 16 23
C 2 8 507 5 6 5 1 3 8 26
C 2 8 508 6 9 9 1 6 8 38
C 2 8 509 5 5 5 1 5 7 24
C 2 8 510 6 7 7 3 6 8 25
C 2 8 511 5 5 4 1 5 7 23
C 2 8 512 6 12 11 3 4 15 55
C 2 8 513 4 5 4 1 2 15 15
C 2 8 514 6 11 11 3 5 8 55
C 2 8 515 9 25 29 3 10 16 176
C 2 8 516 9 24 29 3 11 7 176
C 2 8 517 9 23 25 3 7 13 113
C 2 8 518 9 22 25 3 8 11 113
C 2 8 519 9 24 29 3 11 14 176
C 2 8 520 9 23 30 3 11 16 176
C 2 8 521 9 23 29 3 12 10 176
C 2 8 522 6 9 6 1 4 12 29
C 2 8 523 4 5 2 1 3 13 11
C 2 8 524 6 8 6 1 6 10 30
C 2 8 525 6 9 7 1 3 13 31
C 2 8 526 6 8 7 1 4 10 31
C 2 8 527 4 4 3 1 2 15 11
C 2 8 528 6 9 7 1 6 10 39
C 2 8 529 9 21 25 3 8 16 125
C 2 8 530 9 21 24 3 9 11 125
C 2 8 531 9 23 29 3 12 15 176
C 2 8 532 9 22 29 3 13 7 176
C 2 8 533 9 24 29 3 11 14 176
C 2 8 534 9 23 29 3 12 9 176
C 2 8 535 9 22 25 3 10 13 194
C 2 8 536 9 21 25 3 11 10 194
C 2 8 537 6 9 10 1 3 15 57
C 2 8 538 6 9 8 1 5 7 38
C 2 8 539 6 9 9 1 6 8 38
C 2 8 540 6 10 11 3 5 14 40
C 2 8 541 6 10 10 3 6 7 40
C 2 8 542 6 10 9 1 6 8 46
C 2 8 543 6 12 13 3 4 15 55
C 2 8 544 6 11 14 3 4 14 55
C 2 8 545 6 11 13 3 5 7 55
C 2 8 546 9 25 29 3 10 15 176
C 2 8 547 6 8 13 0 3 15 34
C 2 8 548 9 24 29 3 11 8 176
C 2 8 549 9 23 25 3 7 13 113
C 2 8 550 9 22 26 3 7 15 113
C 2 8 551 9 22 25 3 8 10 113
C 2 8 552 9 24 29 3 11 13 176
C 2 8 553 9 23 30 3 11 16 176
C 2 8 554 9 23 29 3 12 11 176
C 2 8 555 6 9 7 1 3 11 29
C 2 8 556 6 9 8 1 4 14 30
C 2 8 557 6 9 7 1 5 9 30
C 2 8 558 5 5 7 0 1 14 19
C 2 8 559 6 8 8 1 3 9 31
C 2 8 560 5 7 7 1 2 14 24
C 2 8 561 6 10 8 1 5 9 39
C 2 8 562 9 22 25 3 8 12 125
C 2 8 563 9 21 26 3 8 16 125
C 2 8 564 9 21 25 3 9 12 125
C 2 8 565 9 23 29 3 12 14 176
C 2 8 566 9 22 29 3 13 8 176
C 2 8 567 9 24 29 3 11 13 176
C 2 8 568 9 23 29 3 12 10 176
C 2 8 569 8 21 27 3 7 14 103
C 2 8 570 9 21 25 3 11 9 194
C 2 8 571 6 12 11 1 3 15 60
C 2 8 572 6 11 11 1 4 9 60
C 2 8 573 6 9 10 1 3 15 60
C 2 8 574 5 6 6 1 3 8 30
C 2 8 575 6 9 8 1 5 7 41
C 2 8 576 6 9 9 1 6 8 41
C 2 8 577 6 10 10 3 6 7 43
C 2 8 578 6 11 9 1 5 15 49
C 2 8 579 6 10 9 1 6 8 49
C 2 8 580 6 12 13 3 4 15 58
C 2 8 581 6 11 14 3 4 14 58
C 2 8 582 6 11 13 3 5 7 58
C 2 8 583 9 25 29 3 10 15 179
C 2 8 584 9 24 29 3 11 8 179
C 2 8 585 9 23 25 3 7 13 116
C 2 8 586 9 22 26 3 7 15 116
C 2 8 587 9 22 25 3 8 10 116
C 2 8 588 9 24 29 3 11 13 179
C 2 8 589 9 23 30 3 11 16 179
C 2 8 590 9 23 29 3 12 11 179
C 2 8 591 6 9 7 1 3 11 32
C 2 8 592 5 7 4 1 3 13 18
C 2 8 593 6 9 8 1 4 14 33
C 2 8 594 6 9 7 1 5 9 33
C 2 8 595 6 9 8 1 2 13 34
C 2 8 596 6 8 8 1 3 9 34
C 2 8 597 5 8 8 1 2 14 27
C 2 8 598 6 10 8 1 5 9 42
C 2 8 599 9 22 25 3 8 12 128
C 2 8 600 9 21 26 3 8 16 128
C 2 8 601 9 21 25 3 9 12 128
C 2 8 602 9 23 29 3 12 14 179
C 2 8 603 9 22 29 3 13 8 179
C 2 8 604 9 24 29 3 11 13 179
C 2 8 605 9 23 29 3 12 10 179
C 2 8 606 9 21 25 3 11 9 197
C 2 8 607 6 10 8 3 4 16 35
C 2 8 608 6 9 9 1 6 8 42
C 2 8 609 6 7 5 1 6 7 31
C 2 8 610 6 7 8 3 7 8 29
C 2 8 611 5 5 5 1 5 7 27
C 2 8 612 6 11 10 3 5 8 59
C 2 8 613 9 25 29 3 10 16 180
C 2 8 614 9 24 29 3 11 7 180
C 2 8 615 9 22 25 3 8 11 117
C 2 8 616 9 23 29 3 12 10 180
C 2 8 617 6 9 6 1 4 12 33
C 2 8 618 5 6 4 1 4 13 19
C 2 8 619 6 8 6 1 6 10 34
C 2 8 620 6 9 7 1 3 13 35
C 2 8 621 6 8 7 1 4 10 35
C 2 8 622 6 9 7 1 6 10 43
C 2 8 623 9 21 24 3 9 11 129
C 2 8 624 9 23 29 3 12 15 180
C 2 8 625 9 22 29 3 13 7 180
C 2 8 626 9 24 29 3 11 14 180
C 2 8 627 9 23 29 3 12 9 180
C 2 8 628 9 22 25 3 10 13 198
C 2 8 629 9 21 25 3 11 10 198
C 2 8 630 6 9 9 1 6 7 42
C 2 8 631 6 9 9 1 6 8 42
C 2 8 632 6 10 11 3 7 7 44
C 2 8 633 6 10 9 1 6 8 50
C 2 8 634 6 11 13 3 4 14 59
C 2 8 635 6 11 12 3 5 7 59
C 2 8 636 9 25 29 3 10 15 180
C 2 8 637 9 24 29 3 11 8 180
C 2 8 638 9 23 25 3 7 13 117
C 2 8 639 9 22 25 3 8 10 117
C 2 8 640 9 24 29 3 11 13 180
C 2 8 641 9 23 30 3 11 16 180
C 2 8 642 9 23 29 3 12 11 180
C 2 8 643 6 9 8 1 4 11 33
C 2 8 644 6 9 8 1 6 9 34
C 2 8 645 6 8 9 1 4 9 35
C 2 8 646 5 7 8 1 3 14 28
C 2 8 647 6 10 9 1 6 9 43
C 2 8 648 9 21 26 3 8 16 129
C 2 8 649 9 21 25 3 9 12 129
C 2 8 650 9 23 29 3 12 14 180
C 2 8 651 9 22 29 3 13 8 180
C 2 8 652 9 24 29 3 11 13 180
C 2 8 653 9 23 29 3 12 10 180
C 2 8 654 9 21 25 3 11 9 198
C 2 8 655 6 9 9 1 6 8 42
C 2 8 656 5 6 6 1 4 7 27
C 2 8 657 6 8 8 3 6 8 28
C 2 8 658 6 9 6 1 4 16 34
C 2 8 659 5 6 5 1 4 7 26
C 2 8 660 6 12 13 3 4 15 59
C 2 8 661 6 11 13 3 5 8 59
C 2 8 662 9 25 29 3 10 16 180
C 2 8 663 9 24 29 3 11 7 180
C 2 8 664 9 23 25 3 7 13 117
C 2 8 665 9 22 26 3 7 16 117
C 2 8 666 9 22 25 3 8 11 117
C 2 8 667 9 24 29 3 11 14 180
C 2 8 668 9 23 30 3 11 16 180
C 2 8 669 9 23 29 3 12 10 180
C 2 8 670 6 9 8 1 4 12 33
C 2 8 671 6 9 8 1 6 10 34
C 2 8 672 6 8 9 1 4 10 35
C 2 8 673 4 5 4 1 1 15 14
C 2 8 674 6 10 9 1 6 10 43
C 2 8 675 8 22 22 3 6 13 91
C 2 8 676 9 21 26 3 8 16 129
C 2 8 677 9 21 25 3 9 11 129
C 2 8 678 9 23 29 3 12 15 180
C 2 8 679 9 22 29 3 13 7 180
C 2 8 680 9 24 29 3 11 14 180
C 2 8 681 9 23 29 3 12 9 180
C 2 8 682 9 22 25 3 10 13 198
C 2 8 683 9 21 25 3 11 10 198
C 2 8 684 6 6 6 2 4 14 19
C 2 8 685 5 8 8 1 3 9 27
C 2 8 686 6 10 12 3 6 13 40
C 2 8 687 6 10 11 3 7 6 40
C 2 8 688 9 24 28 3 10 14 161
C 2 8 689 9 23 28 3 11 9 161
C 2 8 690 9 21 25 3 9 14 98
C 2 8 691 9 21 24 3 10 9 98
C 2 8 692 9 22 28 3 12 10 161
C 2 8 693 5 5 4 0 4 10 14
C 2 8 694 5 4 4 0 4 10 15
C 2 8 695 4 4 5 0 3 13 12
C 2 8 696 5 4 5 0 4 8 16
C 2 8 697 5 8 6 1 5 8 24
C 2 8 698 9 20 25 3 10 15 110
C 2 8 699 9 20 24 3 11 11 110
C 2 8 700 9 22 28 3 12 13 161
C 2 8 701 9 21 28 3 13 9 161
C 2 8 702 9 23 28 3 11 12 161
C 2 8 703 9 22 28 3 12 11 161
C 2 8 704 6 6 12 2 4 13 33
C 2 8 705 9 20 24 3 13 8 179
C 2 8 706 5 5 4 1 4 8 22
C 2 8 707 4 4 4 1 3 14 12
C 2 8 708 6 9 9 3 7 7 40
C 2 8 709 9 24 28 3 10 15 161
C 2 8 710 9 23 28 3 11 8 161
C 2 8 711 9 21 24 3 10 10 98
C 2 8 712 9 22 28 3 12 9 161
C 2 8 713 5 5 3 1 5 11 14
C 2 8 714 5 4 3 1 4 11 15
C 2 8 715 5 5 4 1 5 9 16
C 2 8 716 5 6 5 1 5 9 24
C 2 8 717 9 20 24 3 11 10 110
C 2 8 718 9 22 28 3 12 14 161
C 2 8 719 9 21 28 3 13 8 161
C 2 8 720 9 23 28 3 11 13 161
C 2 8 721 9 22 28 3 12 10 161
C 2 8 722 9 20 24 3 13 9 179
C 2 8 723 5 7 6 3 5 14 25
C 2 8 724 6 6 7 3 6 9 25
C 2 8 725 5 4 7 2 4 13 20
C 2 8 726 6 9 10 3 7 6 42
C 2 8 727 9 24 29 3 10 14 163
C 2 8 728 9 23 29 3 11 9 163
C 2 8 729 8 20 25 3 9 14 97
C 2 8 730 9 21 25 3 10 9 100
C 2 8 731 9 22 29 3 12 10 163
C 2 8 732 5 4 4 2 5 10 16
C 2 8 733 5 3 4 2 5 10 17
C 2 8 734 5 3 4 2 4 13 13
C 2 8 735 5 3 5 2 5 8 18
C 2 8 736 5 7 6 3 6 8 26
C 2 8 737 9 20 25 3 11 11 112
C 2 8 738 9 22 29 3 12 13 163
C 2 8 739 9 21 29 3 13 9 163
C 2 8 740 9 23 29 3 11 12 163
C 2 8 741 9 22 29 3 12 11 163
C 2 8 742 8 21 26 3 9 13 97
C 2 8 743 9 20 25 3 13 8 181
C 2 8 744 6 10 9 3 7 7 48
C 2 8 745 9 24 28 3 10 15 169
C 2 8 746 9 23 28 3 11 8 169
C 2 8 747 9 22 24 3 9 13 106
C 2 8 748 9 21 24 3 10 10 106
C 2 8 749 9 23 28 3 11 14 169
C 2 8 750 9 22 28 3 12 9 169
C 2 8 751 6 7 4 1 6 11 22
C 2 8 752 6 6 4 1 5 11 23
C 2 8 753 4 3 3 0 3 13 12
C 2 8 754 6 7 5 1 6 9 24
C 2 8 755 4 4 3 1 3 14 11
C 2 8 756 6 7 5 1 5 9 32
C 2 8 757 9 20 25 3 10 15 118
C 2 8 758 9 20 24 3 11 10 118
C 2 8 759 9 22 28 3 12 14 169
C 2 8 760 9 21 28 3 13 8 169
C 2 8 761 9 23 28 3 11 13 169
C 2 8 762 9 22 28 3 12 10 169
C 2 8 763 9 21 24 3 12 13 187
C 2 8 764 9 20 24 3 13 9 187
C 2 8 765 9 26 31 3 10 15 178
C 2 8 766 7 16 23 1 4 14 72
C 2 8 767 9 25 31 3 11 7 178
C 2 8 768 9 23 28 3 7 14 115
C 2 8 769 9 23 27 3 8 9 115
C 2 8 770 9 25 31 3 11 13 178
C 2 8 771 9 24 32 3 11 15 178
C 2 8 772 9 24 31 3 12 10 178
C 2 8 773 6 9 8 3 5 10 31
C 2 8 774 6 8 10 3 5 13 33
C 2 8 775 6 9 8 3 7 8 32
C 2 8 776 6 9 9 3 4 12 33
C 2 8 777 5 5 7 2 2 14 19
C 2 8 778 6 8 9 3 5 10 33
C 2 8 779 6 10 9 3 7 10 41
C 2 8 780 9 23 27 3 8 12 127
C 2 8 781 8 19 25 3 7 15 99
C 2 8 782 9 22 27 3 9 11 127
C 2 8 783 9 24 31 3 12 13 178
C 2 8 784 9 23 31 3 13 9 178
C 2 8 785 9 25 31 3 11 13 178
C 2 8 786 9 24 31 3 12 9 178
C 2 8 787 9 23 27 3 10 12 196
C 2 8 788 8 21 26 3 7 14 96
C 2 8 789 9 22 27 3 11 10 196
C 2 8 790 9 25 28 3 11 13 236
C 2 8 791 9 24 28 3 12 10 236
C 2 8 792 9 24 28 3 13 9 299
C 2 8 793 9 25 27 3 10 12 152
C 2 8 794 9 24 28 3 10 15 152
C 2 8 795 9 24 27 3 11 11 152
C 2 8 796 9 24 27 3 10 12 153
C 2 8 797 8 14 21 0 5 15 69
C 2 8 798 9 23 27 3 11 11 153
C 2 8 799 9 24 28 3 10 13 154
C 2 8 800 6 8 14 0 3 14 35
C 2 8 801 9 23 28 3 11 9 154
C 2 8 802 9 25 27 3 10 13 162
C 2 8 803 7 14 21 0 4 14 65
C 2 8 804 9 24 27 3 11 9 162
C 2 8 805 9 23 29 3 12 15 248
C 2 8 806 9 23 28 3 13 10 248
C 2 8 807 9 24 28 3 13 14 299
C 2 8 808 9 23 29 3 13 14 299
C 2 8 809 9 23 28 3 14 8 299
C 2 8 810 7 14 20 0 5 13 65
C 2 8 811 9 23 28 3 12 10 299
C 2 8 812 9 24 28 3 14 13 317
C 2 8 813 9 23 28 3 15 9 317
C 2 8 814 9 25 28 3 13 12 236
C 2 8 815 9 24 29 3 13 15 236
C 2 8 816 9 24 28 3 14 11 236
C 2 8 817 9 21 23 3 8 9 89
C 2 8 818 9 22 23 3 9 12 90
C 2 8 819 9 21 24 3 9 13 90
C 2 8 820 9 21 23 3 10 9 90
C 2 8 821 9 22 24 3 7 13 91
C 2 8 822 9 21 24 3 8 7 91
C 2 8 823 9 23 24 3 9 12 99
C 2 8 824 9 22 25 3 9 13 99
C 2 8 825 9 22 24 3 10 9 99
C 2 8 826 9 22 24 3 8 10 185
C 2 8 827 9 21 24 3 9 14 185
C 2 8 828 9 24 28 3 14 13 236
C 2 8 829 9 23 29 3 14 13 236
C 2 8 830 9 23 28 3 15 8 236
C 2 8 831 9 24 28 3 11 12 236
C 2 8 832 9 23 29 3 11 14 236
C 2 8 833 9 23 28 3 12 10 236
C 2 8 834 9 21 24 3 11 7 254
C 2 8 835 8 16 20 0 5 11 68
C 2 8 836 9 23 28 3 11 15 152
C 2 8 837 9 23 27 3 12 12 152
C 2 8 838 9 23 27 3 11 11 153
C 2 8 839 9 22 27 3 12 12 153
C 2 8 840 9 23 28 3 11 12 154
C 2 8 841 9 22 29 3 11 14 154
C 2 8 842 9 22 28 3 12 10 154
C 2 8 843 9 24 27 3 11 11 162
C 2 8 844 9 23 28 3 11 15 162
C 2 8 845 9 23 27 3 12 12 162
C 2 8 846 9 24 28 3 14 11 248
C 2 8 847 9 23 29 3 14 16 248
C 2 8 848 9 23 28 3 15 13 248
C 2 8 849 9 22 28 3 13 7 299
C 2 8 850 9 23 28 3 14 7 299
C 2 8 851 9 24 28 3 14 12 317
C 2 8 852 9 23 29 3 14 14 317
C 2 8 853 9 23 28 3 15 10 317
C 2 8 854 3 3 0 0 3 11 6
C 2 8 855 3 2 2 0 3 13 7
C 2 8 856 3 2 0 0 4 10 6
C 2 8 857 4 2 2 0 2 8 7
C 2 8 858 4 3 1 0 3 11 7
C 2 8 859 5 6 4 1 4 13 16
C 2 8 860 5 6 3 1 5 10 15
C 2 8 861 3 0 5 0 1 10 7
C 2 8 862 9 21 24 3 8 15 101
C 2 8 863 9 21 23 3 9 13 101
C 2 8 864 9 22 28 3 12 13 152
C 2 8 865 9 22 27 3 13 9 152
C 2 8 866 9 24 27 3 11 11 152
C 2 8 867 9 23 27 3 12 11 152
C 2 8 868 9 21 23 3 11 8 170
C 2 8 869 4 3 2 0 3 12 8
C 2 8 870 4 2 3 0 3 12 8
C 2 8 871 4 2 2 0 4 8 8
C 2 8 872 4 5 2 1 3 13 11
C 2 8 873 5 5 4 1 3 11 16
C 2 8 874 5 5 3 1 4 6 16
C 2 8 875 8 22 22 3 8 10 87
C 2 8 876 9 20 24 3 10 15 102
C 2 8 877 9 20 23 3 11 13 102
C 2 8 878 9 22 27 3 12 11 153
C 2 8 879 9 21 28 3 12 14 153
C 2 8 880 9 21 27 3 13 11 153
C 2 8 881 9 23 27 3 11 10 153
C 2 8 882 9 22 27 3 12 13 153
C 2 8 883 9 20 24 3 12 12 171
C 2 8 884 9 20 23 3 13 8 171
C 2 8 885 5 7 4 1 4 11 17
C 2 8 886 4 3 3 1 4 13 11
C 2 8 887 5 6 4 1 5 10 17
C 2 8 888 8 22 22 3 9 10 167
C 2 8 889 9 20 25 3 8 15 103
C 2 8 890 8 19 23 3 9 13 98
C 2 8 891 9 22 28 3 12 12 154
C 2 8 892 9 21 28 3 13 9 154
C 2 8 893 9 23 28 3 11 12 154
C 2 8 894 9 22 28 3 12 9 154
C 2 8 895 8 21 22 3 10 8 167
C 2 8 896 9 22 24 3 10 10 111
C 2 8 897 9 21 25 3 10 15 111
C 2 8 898 9 21 24 3 11 13 111
C 2 8 899 9 23 27 3 12 11 162
C 2 8 900 9 22 27 3 13 11 162
C 2 8 901 9 24 27 3 11 11 162
C 2 8 902 9 23 27 3 12 11 162
C 2 8 903 9 21 25 3 12 13 180
C 2 8 904 9 21 24 3 13 10 180
C 2 8 905 9 23 28 3 15 12 248
C 2 8 906 9 22 28 3 16 10 248
C 2 8 907 9 23 28 3 12 11 248
C 2 8 908 9 22 28 3 13 12 248
C 2 8 909 9 21 24 3 11 10 266
C 2 8 910 9 20 24 3 12 13 266
C 2 8 911 9 23 28 3 14 13 299
C 2 8 912 9 22 28 3 15 8 299
C 2 8 913 9 23 28 3 14 12 317
C 2 8 914 9 22 28 3 15 9 317
C 2 8 915 9 23 28 3 14 12 317
C 2 8 916 9 22 28 3 15 9 317
M 2 8 5 5 4 2 1
M 2 8 5 5 5 2 1
M 2 8 5 4 3 2 3
M 2 8 9 23 27 4 10
M 2 8 6 8 8 4 4
M 2 8 9 20 23 4 8
M 2 8 2 0 1 1 1
M 2 8 4 1 2 1 1
M 2 8 9 20 23 4 10
M 2 8 5 5 3 1 4
M 2 8 6 6 6 1 5
M 2 8 5 4 5 2 5
M 2 8 6 6 9 2 5
M 2 8 5 7 5 1 5
M 2 8 5 6 6 1 5
M 2 8 6 11 11 3 7
M 2 8 6 9 9 3 7
M 2 8 9 20 23 3 13
M 2 8 0 0 0 0 0
M 2 8 5 7 6 1 4
M 2 8 5 6 5 3 6
M 2 8 6 8 6 3 7
M 2 8 6 6 8 3 4
M 2 8 5 4 4 1 2
M 2 8 2 3 0 0 0
M 2 8 6 10 9 1 5
M 2 8 6 8 10 1 5
M 2 8 5 7 8 3 6
M 2 8 9 23 30 3 13
M 2 8 6 10 8 3 7
M 2 8 6 9 8 3 6
M 2 8 6 7 7 3 6
M 2 8 5 4 5 0 4
M 2 8 5 3 5 2 5
M 2 8 9 20 25 3 13
M 2 8 5 5 5 3 3
M 2 8 6 8 7 3 5
M 2 8 5 7 6 3 4
M 2 8 6 9 7 3 5
M 2 8 5 3 2 2 5
M 2 8 5 7 5 3 6
M 2 8 5 6 8 1 3
M 2 8 5 6 8 1 4
M 2 8 5 6 6 3 6
M 2 8 6 8 10 1 3
M 2 8 6 9 9 3 6
M 2 8 6 11 9 3 6
M 2 8 9 22 26 3 13
M 2 8 6 7 5 1 5
M 2 8 9 22 28 3 16
M 2 8 8 22 22 3 9
M 2 8 3 0 5 0 1
M 2 8 5 8 6 1 6
M 2 8 5 9 6 1 6
M 2 8 3 2 0 0 4
M 2 8 5 8 7 1 6
M 2 8 9 23 28 3 13
M 2 8 6 8 6 1 4
M 2 8 6 7 6 1 3
M 2 8 5 4 4 0 4
M 2 8 5 3 4 2 5
M 2 8 9 21 27 3 13
M 2 8 5 6 5 1 2
M 2 8 4 3 1 0 3
M 2 8 8 16 20 0 5
M 2 8 5 5 3 1 5
M 2 8 6 7 4 1 6
M 2 8 2 1 0 0 1
M 2 8 3 1 2 0 1
M 2 8 8 20 23 3 10
M 2 8 9 23 24 3 9
M 2 8 9 22 23 3 9
M 2 8 5 6 4 1 3
M 2 8 9 23 26 3 10
M 2 8 6 8 5 1 4
M 2 8 9 23 27 3 10
M 2 8 8 20 23 3 8
M 2 8 9 21 25 3 12
M 2 8 4 3 3 1 4
M 2 8 4 5 3 1 2
M 2 8 7 21 22 3 6
M 2 8 8 17 22 2 6
M 2 8 5 4 4 2 2
M 2 8 9 21 23 3 9
M 2 8 9 21 24 3 12
M 2 8 9 20 23 3 11
M 2 8 4 6 4 1 1
M 2 8 9 25 28 3 11
M 2 8 3 2 2 0 3
M 2 8 9 23 26 3 12
M 2 8 4 3 3 0 3
M 2 8 6 9 6 1 3
M 2 8 6 8 6 1 2
M 2 8 8 22 22 3 6
M 2 8 4 4 5 0 3
M 2 8 4 4 4 0 3
M 2 8 5 8 8 3 4
M 2 8 7 16 23 1 4
M 2 8 5 7 9 3 4
M 2 8 4 2 4 2 2
M 2 8 8 20 25 3 9
M 2 8 9 21 29 3 12
M 2 8 9 23 29 3 13
M 2 8 6 8 14 0 3
M 2 8 7 14 21 0 4
M 2 8 8 21 26 3 7
M 2 8 5 5 7 0 1
M 2 8 5 7 7 1 2
M 2 8 5 8 8 1 2
M 2 8 4 5 5 1 1
M 2 8 8 23 27 3 10
M 2 8 8 14 21 0 5
M 2 8 6 9 9 1 2
M 2 8 8 19 25 3 7
M 2 8 6 9 10 3 4
M 2 8 6 8 11 3 4
M 2 8 3 2 3 0 1
M 2 8 7 16 25 2 2
M 2 8 9 26 31 3 10
M 2 8 5 9 6 3 3
M 2 8 5 7 5 3 3
M 2 8 5 7 5 3 5
M 2 8 9 24 29 3 13
M 2 8 5 6 6 1 2
M 2 8 5 7 7 1 4
M 2 8 6 9 8 1 3
M 2 8 5 5 7 0 3
M 2 8 6 13 9 3 6
M 2 8 6 12 12 3 5
M 2 8 5 8 7 3 5
M 2 8 8 15 24 2 6
M 2 8 4 4 4 1 2
M 2 8 5 8 6 1 2
M 2 8 4 5 4 1 2
M 2 8 4 5 5 1 2
M 2 8 5 6 6 3 2
M 2 8 6 7 5 1 4
M 2 8 7 19 23 3 5
M 2 8 9 20 26 3 8
M 2 8 6 9 8 3 4
M 2 8 5 6 5 3 3
M 2 8 5 7 6 1 2
M 2 8 5 8 9 1 4
M 2 8 5 7 10 1 2
M 2 8 8 20 25 3 7
M 2 8 4 3 3 2 0
M 2 8 6 7 5 2 2
M 2 8 5 2 2 3 2
M 2 8 6 8 7 2 2
M 2 8 6 6 4 2 4
M 2 8 9 21 23 4 7
M 2 8 3 1 0 1 2
M 2 8 9 21 27 4 12
M 2 8 6 11 12 3 5
M 2 8 6 10 11 3 7
M 2 8 5 5 6 1 5
M 2 8 6 9 6 1 6
M 2 8 6 10 10 3 6
M 2 8 8 21 22 3 10
M 2 8 4 2 2 0 4
M 2 8 5 5 7 1 3
M 2 8 5 6 6 1 4
M 2 8 6 10 9 3 4
M 2 8 9 21 23 3 11
M 2 8 5 7 6 3 6
M 2 8 6 7 5 1 3
M 2 8 6 10 8 1 4
M 2 8 6 8 7 1 3
M 2 8 6 10 7 1 4
M 2 8 5 5 3 1 2
M 2 8 4 2 2 0 2
M 2 8 6 12 11 3 6
M 2 8 6 11 8 1 4
M 2 8 6 7 5 1 6
M 2 8 5 6 7 1 2
M 2 8 6 8 9 1 3
M 2 8 5 5 4 1 5
M 2 8 6 8 8 1 3
M 2 8 5 7 7 3 4
M 2 8 6 9 7 1 5
M 2 8 5 3 4 2 3
M 2 8 5 4 7 0 2
M 2 8 6 7 8 1 3
M 2 8 5 9 7 1 5
M 2 8 6 7 10 1 4
M 2 8 6 11 10 3 7
M 2 8 6 9 7 3 6
M 2 8 6 10 9 3 7
M 2 8 6 10 7 1 6
M 2 8 3 3 2 0 1
M 2 8 6 9 6 1 5
M 2 8 5 8 6 1 5
M 2 8 5 4 4 2 5
M 2 8 5 6 3 1 5
M 2 8 5 6 4 1 5
M 2 8 5 7 4 1 5
M 2 8 5 6 5 1 5
M 2 8 9 24 28 3 12
M 2 8 9 20 25 3 9
M 2 8 9 22 27 3 13
M 2 8 6 8 9 3 5
M 2 8 5 4 3 1 4
M 2 8 2 1 0 0 2
M 2 8 6 8 5 1 3
M 2 8 4 3 2 0 3
M 2 8 6 6 4 1 5
M 2 8 9 22 26 3 11
M 2 8 8 21 23 3 7
M 2 8 9 22 24 3 9
M 2 8 8 19 23 3 9
M 2 8 6 8 10 3 5
M 2 8 5 7 4 1 4
M 2 8 9 23 24 3 7
M 2 8 5 8 5 3 5
M 2 8 5 9 6 1 4
M 2 8 8 22 23 3 6
M 2 8 5 4 7 2 4
M 2 8 7 14 20 0 5
M 2 8 9 20 24 3 12
M 2 8 4 3 4 2 4
M 2 8 8 22 27 3 11
M 2 8 6 6 6 2 4
M 2 8 4 3 5 2 2
M 2 8 8 19 26 3 7
M 2 8 9 21 28 3 12
M 2 8 6 7 7 3 5
M 2 8 9 24 28 3 13
M 2 8 6 11 14 3 4
M 2 8 4 3 5 0 1
M 2 8 5 5 5 2 4
M 2 8 5 8 7 1 2
M 2 8 5 5 5 2 2
M 2 8 5 7 7 1 1
M 2 8 5 7 6 3 5
M 2 8 5 6 7 1 4
M 2 8 5 6 6 3 5
M 2 8 6 12 11 1 3
M 2 8 6 12 11 3 4
M 2 8 9 22 27 3 9
M 2 8 8 19 24 3 7
M 2 8 5 7 8 3 2
M 2 8 6 10 10 3 3
M 2 8 8 21 24 3 7
M 2 8 5 7 8 1 2
M 2 8 6 9 8 3 5
M 2 8 6 11 10 3 4
M 2 8 5 5 6 2 4
M 2 8 4 6 5 1 2
M 2 8 3 3 3 1 0
M 2 8 5 9 6 1 5
M 2 8 6 7 6 1 4
M 2 8 9 22 30 3 11
M 2 8 5 7 8 3 3
M 2 8 5 7 6 1 3
M 2 8 6 10 10 1 3
M 2 8 5 8 6 1 4
M 2 8 8 20 24 3 7
M 2 8 6 8 6 1 5
M 2 8 5 7 7 1 5
M 2 8 9 20 24 3 13
M 2 8 6 11 11 1 4
M 2 8 6 9 8 1 6
M 2 8 9 20 25 3 11
M 2 8 9 25 31 3 11
M 2 8 9 24 31 3 12
M 2 8 9 24 30 3 12
M 2 8 6 12 13 3 4
M 2 8 6 9 9 1 3
M 2 8 4 5 4 1 1
M 2 8 5 8 8 1 3
M 2 8 9 24 31 3 11
M 2 8 9 22 26 3 7
M 2 8 5 6 4 2 2
M 2 8 6 8 6 2 3
M 2 8 5 3 4 3 4
M 2 8 5 5 3 2 3
M 2 8 5 4 5 1 4
M 2 8 5 6 6 2 5
M 2 8 5 4 4 1 3
M 2 8 6 8 8 3 6
M 2 8 6 5 7 2 5
M 2 8 5 7 7 3 3
M 2 8 6 8 8 1 5
M 2 8 6 9 9 3 5
M 2 8 6 11 9 1 4
M 2 8 5 7 8 1 5
M 2 8 6 12 9 3 7
M 2 8 9 21 23 3 10
M 2 8 6 10 8 1 5
M 2 8 6 6 7 3 6
M 2 8 6 5 7 0 2
M 2 8 6 9 8 3 7
M 2 8 6 9 10 1 4
M 2 8 5 6 7 1 3
M 2 8 6 8 7 1 4
M 2 8 8 22 22 3 8
M 2 8 6 9 7 1 6
M 2 8 6 8 5 1 5
M 2 8 5 5 6 1 3
M 2 8 5 6 5 1 4
M 2 8 5 5 4 1 3
M 2 8 3 3 0 0 3
M 2 8 5 2 2 2 3
M 2 8 4 5 3 1 3
M 2 8 9 24 27 3 10
M 2 8 9 25 28 3 13
M 2 8 5 3 4 2 4
M 2 8 9 22 25 3 10
M 2 8 6 9 5 1 4
M 2 8 4 4 3 0 3
M 2 8 9 22 25 3 9
M 2 8 9 22 24 3 10
M 2 8 9 22 24 3 8
M 2 8 4 4 4 1 3
M 2 8 5 7 8 1 3
M 2 8 6 6 12 2 4
M 2 8 8 21 27 3 7
M 2 8 6 11 13 3 4
M 2 8 6 9 9 3 4
M 2 8 9 26 30 3 10
M 2 8 9 24 32 3 11
M 2 8 9 20 25 3 10
M 2 8 6 11 12 3 4
M 2 8 6 12 9 3 5
M 2 8 3 3 2 1 1
M 2 8 6 9 10 1 3
M 2 8 9 20 24 3 10
M 2 8 5 5 10 2 2
M 2 8 5 8 6 3 3
M 2 8 5 8 6 1 3
M 2 8 9 20 25 3 8
M 2 8 9 25 28 3 10
M 2 8 5 8 7 3 3
M 2 8 9 22 25 3 7
M 2 8 5 10 7 1 3
M 2 8 5 6 6 1 3
M 2 8 6 8 10 1 4
M 2 8 9 24 27 3 11
M 2 8 9 23 27 3 12
M 2 8 5 7 4 1 3
M 2 8 9 22 24 3 7
M 2 8 9 24 28 3 14
M 2 8 9 21 25 3 10
M 2 8 9 21 25 3 8
M 2 8 6 7 7 1 3
M 2 8 9 22 28 3 15
M 2 8 6 8 8 1 4
M 2 8 9 20 24 3 9
M 2 8 9 22 27 3 12
M 2 8 9 21 24 3 9
M 2 8 9 21 25 3 9
M 2 8 6 10 8 3 5
M 2 8 6 9 6 1 4
M 2 8 5 8 7 3 6
M 2 8 9 22 29 3 13
M 2 8 9 20 24 3 11
M 2 8 9 22 29 3 12
M 2 8 9 23 29 3 14
M 2 8 6 8 8 2 3
M 2 8 6 9 10 3 7
M 2 8 6 8 7 1 6
M 2 8 6 11 11 3 5
M 2 8 6 9 9 1 6
M 2 8 6 9 11 3 5
M 2 8 6 8 7 1 5
M 2 8 5 8 6 3 4
M 2 8 9 21 23 3 8
M 2 8 5 5 6 1 2
M 2 8 6 7 9 1 3
M 2 8 9 23 31 3 13
M 2 8 6 10 8 3 6
M 2 8 5 5 4 0 4
M 2 8 9 22 27 3 11
M 2 8 9 22 28 3 13
M 2 8 4 2 3 0 3
M 2 8 8 21 27 3 12
M 2 8 8 21 26 3 9
M 2 8 9 23 26 3 9
M 2 8 6 9 8 1 4
M 2 8 9 25 27 3 10
M 2 8 6 10 11 3 5
M 2 8 9 22 29 3 11
M 2 8 7 17 21 1 6
M 2 8 5 6 4 3 3
M 2 8 6 8 13 0 3
M 2 8 6 9 7 3 4
M 2 8 5 7 5 1 2
M 2 8 6 10 11 3 4
M 2 8 4 4 3 1 2
M 2 8 9 21 28 3 13
M 2 8 9 23 28 3 12
M 2 8 9 23 29 3 11
M 2 8 6 10 10 3 5
M 2 8 5 6 5 1 3
M 2 8 9 23 28 3 15
M 2 8 6 9 7 1 3
M 2 8 9 24 28 3 10
M 2 8 6 11 13 3 5
M 2 8 9 23 27 3 11
M 2 8 9 24 28 3 11
M 2 8 4 4 3 1 3
M 2 8 9 24 29 3 10
M 2 8 9 21 25 3 11
M 2 8 9 25 29 3 10
M 2 8 9 22 27 4 11
M 2 8 5 5 6 1 4
M 2 8 6 10 12 3 5
M 2 8 6 12 12 3 7
M 2 8 6 9 9 1 4
M 2 8 6 8 6 1 6
M 2 8 9 21 24 3 13
M 2 8 7 20 22 3 7
M 2 8 6 10 5 1 4
M 2 8 6 10 12 3 6
M 2 8 5 5 7 2 2
M 2 8 4 2 2 2 2
M 2 8 5 6 4 1 4
M 2 8 6 11 9 1 5
M 2 8 5 9 7 3 5
M 2 8 6 9 8 1 5
M 2 8 9 21 24 3 8
M 2 8 6 11 9 3 4
M 2 8 9 23 28 3 14
M 2 8 9 21 26 3 8
M 2 8 5 5 5 1 5
M 2 8 9 23 25 3 7
M 2 8 4 6 4 1 2
M 2 8 9 23 30 3 11
M 2 8 9 21 24 3 10
M 2 8 5 5 4 1 4
M 2 8 6 7 8 3 7
M 2 8 9 21 29 3 13
M 2 8 6 5 5 2 5
M 2 8 9 23 27 3 8
M 2 8 6 12 10 3 4
M 2 8 5 4 2 2 4
M 2 8 6 10 7 3 4
M 2 8 9 24 29 3 11
M 2 8 9 21 24 3 11
M 2 8 6 8 9 1 4
M 2 8 9 23 28 3 11
M 2 8 6 5 5 3 4
M 2 8 6 11 10 3 5
M 2 8 4 5 2 1 3
M 2 8 6 9 8 1 2
M 2 8 9 22 25 3 8
P 2 8 0 1
P 2 8 1 0
P 2 8 2 1
P 2 8 3 0
P 2 8 4 1
P 2 8 5 1
P 2 8 6 1
P 2 8 7 0
P 2 8 8 1
P 2 8 9 0
P 2 8 10 0
P 2 8 11 0
P 2 8 12 0
P 2 8 13 0
P 2 8 14 0
P 2 8 15 0
P 2 8 16 0
P 2 8 17 0
P 2 8 18 0
P 2 8 19 0
P 2 8 20 0
P 2 8 21 0
P 2 8 22 0
P 2 8 23 0
P 2 8 24 1
P 2 8 25 1
P 2 8 26 0
P 2 8 27 0
P 2 8 28 1
P 2 8 29 0
P 2 8 30 0
P 2 8 31 0
P 2 8 32 0
P 2 8 33 0
P 2 8 34 0
P 2 8 35 0
P 2 8 36 0
P 2 8 37 0
P 2 8 38 0
P 2 8 39 0
P 2 8 40 0
P 2 8 41 0
P 2 8 42 0
P 2 8 43 0
P 2 8 44 0
P 2 8 45 0
P 2 8 46 0
P 2 8 47 0
P 2 8 48 0
P 2 8 49 0
P 2 8 50 0
P 2 8 51 0
P 2 8 52 0
P 2 8 53 0
P 2 8 54 0
P 2 8 55 0
P 2 8 56 0
P 2 8 57 0
P 2 8 58 0
P 2 8 59 0
P 2 8 60 0
P 2 8 61 0
P 2 8 62 0
P 2 8 63 0
P 2 8 64 1
P 2 8 65 0
P 2 8 66 0
P 2 8 67 0
P 2 8 68 0
P 2 8 69 0
P 2 8 70 0
P 2 8 71 0
P 2 8 72 0
P 2 8 73 0
P 2 8 74 0
P 2 8 75 0
P 2 8 76 0
P 2 8 77 0
P 2 8 78 0
P 2 8 79 0
P 2 8 80 0
P 2 8 81 0
P 2 8 82 0
P 2 8 83 0
P 2 8 84 0
P 2 8 85 0
P 2 8 86 0
P 2 8 87 0
P 2 8 88 0
P 2 8 89 0
P 2 8 90 0
P 2 8 91 0
P 2 8 92 0
P 2 8 93 0
P 2 8 94 0
P 2 8 95 0
P 2 8 96 0
P 2 8 97 0
P 2 8 98 0
P 2 8 99 0
P 2 8 100 0
P 2 8 101 0
P 2 8 102 0
P 2 8 103 0
P 2 8 104 0
P 2 8 105 0
P 2 8 106 0
P 2 8 107 0
P 2 8 108 0
P 2 8 109 0
P 2 8 110 0
P 2 8 111 1
P 2 8 112 0
P 2 8 113 0
P 2 8 114 0
P 2 8 115 0
P 2 8 116 0
P 2 8 117 0
P 2 8 118 0
P 2 8 119 0
P 2 8 120 0
P 2 8 121 0
P 2 8 122 0
P 2 8 123 0
P 2 8 124 0
P 2 8 125 0
P 2 8 126 0
P 2 8 127 0
P 2 8 128 0
P 2 8 129 0
P 2 8 130 0
P 2 8 131 0
P 2 8 132 0
P 2 8 133 0
P 2 8 134 0
P 2 8 135 0
P 2 8 136 0
P 2 8 137 0
P 2 8 138 0
P 2 8 139 0
P 2 8 140 0
P 2 8 141 0
P 2 8 142 0
P 2 8 143 0
P 2 8 144 0
P 2 8 145 0
P 2 8 146 0
P 2 8 147 0
P 2 8 148 0
P 2 8 149 0
P 2 8 150 0
P 2 8 151 0
P 2 8 152 0
P 2 8 153 0
P 2 8 154 0
P 2 8 155 0
P 2 8 156 0
P 2 8 157 0
P 2 8 158 0
P 2 8 159 0
P 2 8 160 0
P 2 8 161 0
P 2 8 162 0
P 2 8 163 0
P 2 8 164 0
P 2 8 165 0
P 2 8 166 0
P 2 8 167 0
P 2 8 168 0
P 2 8 169 0
P 2 8 170 0
P 2 8 171 0
P 2 8 172 0
P 2 8 173 0
P 2 8 174 0
P 2 8 175 0
P 2 8 176 0
P 2 8 177 0
P 2 8 178 0
P 2 8 179 0
P 2 8 180 0
P 2 8 181 0
P 2 8 182 1
P 2 8 183 0
P 2 8 184 0
P 2 8 185 0
P 2 8 186 0
P 2 8 187 0
P 2 8 188 0
P 2 8 189 0
P 2 8 190 0
P 2 8 191 0
P 2 8 192 0
P 2 8 193 0
P 2 8 194 0
P 2 8 195 0
P 2 8 196 0
P 2 8 197 0
P 2 8 198 0
P 2 8 199 0
P 2 8 200 0
P 2 8 201 0
P 2 8 202 0
P 2 8 203 0
P 2 8 204 0
P 2 8 205 0
P 2 8 206 0
P 2 8 207 0
P 2 8 208 0
P 2 8 209 0
P 2 8 210 0
P 2 8 211 0
P 2 8 212 0
P 2 8 213 0
P 2 8 214 0
P 2 8 215 0
P 2 8 216 0
P 2 8 217 0
P 2 8 218 0
P 2 8 219 0
P 2 8 220 0
P 2 8 221 0
P 2 8 222 0
P 2 8 223 0
P 2 8 224 0
P 2 8 225 0
P 2 8 226 0
P 2 8 227 0
P 2 8 228 0
P 2 8 229 0
P 2 8 230 0
P 2 8 231 0
P 2 8 232 0
P 2 8 233 0
P 2 8 234 1
P 2 8 235 0
P 2 8 236 0
P 2 8 237 0
P 2 8 238 0
P 2 8 239 0
P 2 8 240 0
P 2 8 241 0
P 2 8 242 0
P 2 8 243 0
P 2 8 244 0
P 2 8 245 0
P 2 8 246 0
P 2 8 247 0
P 2 8 248 0
P 2 8 249 0
P 2 8 250 0
P 2 8 251 0
P 2 8 252 0
P 2 8 253 0
P 2 8 254 0
P 2 8 255 0
P 2 8 256 0
P 2 8 257 0
P 2 8 258 0
P 2 8 259 0
P 2 8 260 0
P 2 8 261 0
P 2 8 262 0
P 2 8 263 0
P 2 8 264 0
P 2 8 265 0
P 2 8 266 0
P 2 8 267 0
P 2 8 268 0
P 2 8 269 0
P 2 8 270 0
P 2 8 271 0
P 2 8 272 0
P 2 8 273 0
P 2 8 274 0
P 2 8 275 0
P 2 8 276 0
P 2 8 277 0
P 2 8 278 0
P 2 8 279 0
P 2 8 280 0
P 2 8 281 0
P 2 8 282 0
P 2 8 283 0
P 2 8 284 0
P 2 8 285 0
P 2 8 286 0
P 2 8 287 0
P 2 8 288 0
P 2 8 289 0
P 2 8 290 0
P 2 8 291 0
P 2 8 292 0
P 2 8 293 0
P 2 8 294 0
P 2 8 295 0
P 2 8 296 0
P 2 8 297 0
P 2 8 298 0
P 2 8 299 1
P 2 8 300 0
P 2 8 301 0
P 2 8 302 0
P 2 8 303 0
P 2 8 304 0
P 2 8 305 0
P 2 8 306 0
P 2 8 307 0
P 2 8 308 0
P 2 8 309 0
P 2 8 310 0
P 2 8 311 0
P 2 8 312 0
P 2 8 313 0
P 2 8 314 0
P 2 8 315 0
P 2 8 316 0
P 2 8 317 0
P 2 8 318 0
P 2 8 319 0
P 2 8 320 0
P 2 8 321 0
P 2 8 322 0
P 2 8 323 0
P 2 8 324 0
P 2 8 325 0
P 2 8 326 0
P 2 8 327 0
P 2 8 328 0
P 2 8 329 0
P 2 8 330 0
P 2 8 331 0
P 2 8 332 0
P 2 8 333 0
P 2 8 334 0
P 2 8 335 0
P 2 8 336 0
P 2 8 337 0
P 2 8 338 0
P 2 8 339 0
P 2 8 340 0
P 2 8 341 0
P 2 8 342 0
P 2 8 343 0
P 2 8 344 0
P 2 8 345 0
P 2 8 346 0
P 2 8 347 0
P 2 8 348 0
P 2 8 349 0
P 2 8 350 0
P 2 8 351 0
P 2 8 352 0
P 2 8 353 0
P 2 8 354 0
P 2 8 355 0
P 2 8 356 0
P 2 8 357 0
P 2 8 358 0
P 2 8 359 0
P 2 8 360 0
P 2 8 361 0
P 2 8 362 0
P 2 8 363 0
P 2 8 364 0
P 2 8 365 0
P 2 8 366 0
P 2 8 367 0
P 2 8 368 0
P 2 8 369 0
P 2 8 370 0
P 2 8 371 0
P 2 8 372 0
P 2 8 373 0
P 2 8 374 0
P 2 8 375 0
P 2 8 376 0
P 2 8 377 0
P 2 8 378 0
P 2 8 379 0
P 2 8 380 0
P 2 8 381 0
P 2 8 382 0
P 2 8 383 0
P 2 8 384 0
P 2 8 385 0
P 2 8 386 0
P 2 8 387 0
P 2 8 388 0
P 2 8 389 0
P 2 8 390 0
P 2 8 391 0
P 2 8 392 0
P 2 8 393 0
P 2 8 394 0
P 2 8 395 0
P 2 8 396 0
P 2 8 397 0
P 2 8 398 0
P 2 8 399 0
P 2 8 400 0
P 2 8 401 0
P 2 8 402 0
P 2 8 403 0
P 2 8 404 0
P 2 8 405 0
P 2 8 406 0
P 2 8 407 0
P 2 8 408 0
P 2 8 409 0
P 2 8 410 0
P 2 8 411 0
P 2 8 412 0
P 2 8 413 0
P 2 8 414 0
P 2 8 415 0
P 2 8 416 0
P 2 8 417 0
P 2 8 418 0
P 2 8 419 0
P 2 8 420 0
P 2 8 421 0
P 2 8 422 0
P 2 8 423 0
P 2 8 424 0
P 2 8 425 0
P 2 8 426 0
P 2 8 427 0
P 2 8 428 0
P 2 8 429 0
P 2 8 430 0
P 2 8 431 0
P 2 8 432 0
P 2 8 433 0
P 2 8 434 0
P 2 8 435 0
P 2 8 436 0
P 2 8 437 0
P 2 8 438 0
P 2 8 439 0
P 2 8 440 0
P 2 8 441 0
P 2 8 442 1
P 2 8 443 0
P 2 8 444 0
P 2 8 445 0
P 2 8 446 0
P 2 8 447 0
P 2 8 448 0
P 2 8 449 0
P 2 8 450 0
P 2 8 451 0
P 2 8 452 0
P 2 8 453 0
P 2 8 454 0
P 2 8 455 0
P 2 8 456 0
P 2 8 457 1
P 2 8 458 0
P 2 8 459 0
P 2 8 460 1
P 2 8 461 0
P 2 8 462 0
P 2 8 463 0
P 2 8 464 0
P 2 8 465 0
P 2 8 466 0
P 2 8 467 0
P 2 8 468 1
P 2 8 469 0
P 2 8 470 0
P 2 8 471 0
P 2 8 472 0
P 2 8 473 0
P 2 8 474 0
P 2 8 475 0
P 2 8 476 0
P 2 8 477 0
P 2 8 478 0
P 2 8 479 0
P 2 8 480 0
P 2 8 481 0
P 2 8 482 1
P 2 8 483 0
P 2 8 484 0
P 2 8 485 0
P 2 8 486 0
P 2 8 487 0
P 2 8 488 0
P 2 8 489 0
P 2 8 490 0
P 2 8 491 0
P 2 8 492 0
P 2 8 493 0
P 2 8 494 0
P 2 8 495 0
P 2 8 496 0
P 2 8 497 0
P 2 8 498 0
P 2 8 499 0
P 2 8 500 0
P 2 8 501 0
P 2 8 502 0
P 2 8 503 0
P 2 8 504 0
P 2 8 505 0
P 2 8 506 0
P 2 8 507 0
P 2 8 508 0
P 2 8 509 0
P 2 8 510 0
P 2 8 511 0
P 2 8 512 0
P 2 8 513 1
P 2 8 514 0
P 2 8 515 1
P 2 8 516 0
P 2 8 517 0
P 2 8 518 0
P 2 8 519 0
P 2 8 520 0
P 2 8 521 0
P 2 8 522 0
P 2 8 523 0
P 2 8 524 0
P 2 8 525 0
P 2 8 526 0
P 2 8 527 0
P 2 8 528 0
P 2 8 529 1
P 2 8 530 0
P 2 8 531 1
P 2 8 532 0
P 2 8 533 0
P 2 8 534 0
P 2 8 535 0
P 2 8 536 0
P 2 8 537 0
P 2 8 538 0
P 2 8 539 0
P 2 8 540 0
P 2 8 541 0
P 2 8 542 0
P 2 8 543 0
P 2 8 544 0
P 2 8 545 0
P 2 8 546 0
P 2 8 547 0
P 2 8 548 0
P 2 8 549 0
P 2 8 550 0
P 2 8 551 0
P 2 8 552 0
P 2 8 553 0
P 2 8 554 0
P 2 8 555 0
P 2 8 556 0
P 2 8 557 0
P 2 8 558 0
P 2 8 559 0
P 2 8 560 0
P 2 8 561 0
P 2 8 562 0
P 2 8 563 0
P 2 8 564 0
P 2 8 565 0
P 2 8 566 0
P 2 8 567 0
P 2 8 568 0
P 2 8 569 0
P 2 8 570 0
P 2 8 571 0
P 2 8 572 0
P 2 8 573 0
P 2 8 574 0
P 2 8 575 0
P 2 8 576 0
P 2 8 577 0
P 2 8 578 0
P 2 8 579 0
P 2 8 580 0
P 2 8 581 0
P 2 8 582 0
P 2 8 583 0
P 2 8 584 0
P 2 8 585 0
P 2 8 586 0
P 2 8 587 0
P 2 8 588 0
P 2 8 589 0
P 2 8 590 0
P 2 8 591 0
P 2 8 592 0
P 2 8 593 0
P 2 8 594 0
P 2 8 595 0
P 2 8 596 0
P 2 8 597 0
P 2 8 598 0
P 2 8 599 0
P 2 8 600 0
P 2 8 601 0
P 2 8 602 0
P 2 8 603 0
P 2 8 604 0
P 2 8 605 0
P 2 8 606 0
P 2 8 607 0
P 2 8 608 0
P 2 8 609 0
P 2 8 610 0
P 2 8 611 0
P 2 8 612 0
P 2 8 613 1
P 2 8 614 0
P 2 8 615 0
P 2 8 616 0
P 2 8 617 0
P 2 8 618 0
P 2 8 619 0
P 2 8 620 0
P 2 8 621 0
P 2 8 622 0
P 2 8 623 0
P 2 8 624 1
P 2 8 625 0
P 2 8 626 0
P 2 8 627 0
P 2 8 628 0
P 2 8 629 0
P 2 8 630 0
P 2 8 631 0
P 2 8 632 0
P 2 8 633 0
P 2 8 634 0
P 2 8 635 0
P 2 8 636 0
P 2 8 637 0
P 2 8 638 0
P 2 8 639 0
P 2 8 640 0
P 2 8 641 0
P 2 8 642 0
P 2 8 643 0
P 2 8 644 0
P 2 8 645 0
P 2 8 646 0
P 2 8 647 0
P 2 8 648 0
P 2 8 649 0
P 2 8 650 0
P 2 8 651 0
P 2 8 652 0
P 2 8 653 0
P 2 8 654 0
P 2 8 655 0
P 2 8 656 0
P 2 8 657 0
P 2 8 658 1
P 2 8 659 0
P 2 8 660 0
P 2 8 661 0
P 2 8 662 1
P 2 8 663 0
P 2 8 664 0
P 2 8 665 0
P 2 8 666 0
P 2 8 667 0
P 2 8 668 0
P 2 8 669 0
P 2 8 670 0
P 2 8 671 0
P 2 8 672 0
P 2 8 673 0
P 2 8 674 0
P 2 8 675 0
P 2 8 676 1
P 2 8 677 0
P 2 8 678 1
P 2 8 679 0
P 2 8 680 0
P 2 8 681 0
P 2 8 682 0
P 2 8 683 0
P 2 8 684 0
P 2 8 685 0
P 2 8 686 0
P 2 8 687 0
P 2 8 688 0
P 2 8 689 0
P 2 8 690 0
P 2 8 691 0
P 2 8 692 0
P 2 8 693 0
P 2 8 694 0
P 2 8 695 0
P 2 8 696 0
P 2 8 697 0
P 2 8 698 0
P 2 8 699 0
P 2 8 700 0
P 2 8 701 0
P 2 8 702 0
P 2 8 703 0
P 2 8 704 0
P 2 8 705 0
P 2 8 706 0
P 2 8 707 0
P 2 8 708 0
P 2 8 709 0
P 2 8 710 0
P 2 8 711 0
P 2 8 712 0
P 2 8 713 0
P 2 8 714 0
P 2 8 715 0
P 2 8 716 0
P 2 8 717 0
P 2 8 718 0
P 2 8 719 0
P 2 8 720 0
P 2 8 721 0
P 2 8 722 0
P 2 8 723 0
P 2 8 724 0
P 2 8 725 0
P 2 8 726 0
P 2 8 727 0
P 2 8 728 0
P 2 8 729 0
P 2 8 730 0
P 2 8 731 0
P 2 8 732 0
P 2 8 733 0
P 2 8 734 0
P 2 8 735 0
P 2 8 736 0
P 2 8 737 0
P 2 8 738 0
P 2 8 739 0
P 2 8 740 0
P 2 8 741 0
P 2 8 742 0
P 2 8 743 0
P 2 8 744 0
P 2 8 745 0
P 2 8 746 0
P 2 8 747 0
P 2 8 748 0
P 2 8 749 0
P 2 8 750 0
P 2 8 751 0
P 2 8 752 0
P 2 8 753 0
P 2 8 754 0
P 2 8 755 0
P 2 8 756 0
P 2 8 757 0
P 2 8 758 0
P 2 8 759 0
P 2 8 760 0
P 2 8 761 0
P 2 8 762 0
P 2 8 763 0
P 2 8 764 0
P 2 8 765 0
P 2 8 766 0
P 2 8 767 0
P 2 8 768 0
P 2 8 769 0
P 2 8 770 0
P 2 8 771 0
P 2 8 772 0
P 2 8 773 0
P 2 8 774 0
P 2 8 775 0
P 2 8 776 0
P 2 8 777 0
P 2 8 778 0
P 2 8 779 0
P 2 8 780 0
P 2 8 781 0
P 2 8 782 0
P 2 8 783 0
P 2 8 784 0
P 2 8 785 0
P 2 8 786 0
P 2 8 787 0
P 2 8 788 0
P 2 8 789 0
P 2 8 790 0
P 2 8 791 0
P 2 8 792 0
P 2 8 793 0
P 2 8 794 0
P 2 8 795 0
P 2 8 796 0
P 2 8 797 0
P 2 8 798 0
P 2 8 799 0
P 2 8 800 0
P 2 8 801 0
P 2 8 802 0
P 2 8 803 0
P 2 8 804 0
P 2 8 805 1
P 2 8 806 0
P 2 8 807 0
P 2 8 808 0
P 2 8 809 0
P 2 8 810 1
P 2 8 811 0
P 2 8 812 0
P 2 8 813 0
P 2 8 814 0
P 2 8 815 0
P 2 8 816 0
P 2 8 817 0
P 2 8 818 0
P 2 8 819 0
P 2 8 820 0
P 2 8 821 0
P 2 8 822 0
P 2 8 823 0
P 2 8 824 0
P 2 8 825 0
P 2 8 826 0
P 2 8 827 0
P 2 8 828 0
P 2 8 829 0
P 2 8 830 0
P 2 8 831 0
P 2 8 832 0
P 2 8 833 0
P 2 8 834 0
P 2 8 835 0
P 2 8 836 0
P 2 8 837 0
P 2 8 838 0
P 2 8 839 0
P 2 8 840 0
P 2 8 841 0
P 2 8 842 0
P 2 8 843 0
P 2 8 844 0
P 2 8 845 0
P 2 8 846 0
P 2 8 847 0
P 2 8 848 0
P 2 8 849 0
P 2 8 850 0
P 2 8 851 0
P 2 8 852 0
P 2 8 853 0
P 2 8 854 0
P 2 8 855 0
P 2 8 856 0
P 2 8 857 0
P 2 8 858 0
P 2 8 859 0
P 2 8 860 0
P 2 8 861 0
P 2 8 862 0
P 2 8 863 0
P 2 8 864 0
P 2 8 865 0
P 2 8 866 0
P 2 8 867 0
P 2 8 868 0
P 2 8 869 0
P 2 8 870 0
P 2 8 871 0
P 2 8 872 0
P 2 8 873 0
P 2 8 874 0
P 2 8 875 0
P 2 8 876 0
P 2 8 877 0
P 2 8 878 0
P 2 8 879 0
P 2 8 880 0
P 2 8 881 0
P 2 8 882 0
P 2 8 883 0
P 2 8 884 0
P 2 8 885 0
P 2 8 886 0
P 2 8 887 0
P 2 8 888 0
P 2 8 889 0
P 2 8 890 1
P 2 8 891 0
P 2 8 892 0
P 2 8 893 0
P 2 8 894 0
P 2 8 895 0
P 2 8 896 0
P 2 8 897 0
P 2 8 898 0
P 2 8 899 0
P 2 8 900 0
P 2 8 901 0
P 2 8 902 0
P 2 8 903 0
P 2 8 904 0
P 2 8 905 0
P 2 8 906 0
P 2 8 907 0
P 2 8 908 0
P 2 8 909 0
P 2 8 910 0
P 2 8 911 0
P 2 8 912 0
P 2 8 913 0
P 2 8 914 0
P 2 8 915 0
P 2 8 916 0
C 2 9 0 3 3 3 1 0 17 7
C 2 9 1 4 4 3 1 2 17 11
C 2 9 2 4 5 4 1 1 17 14
C 2 9 3 4 6 4 1 2 17 14
C 2 9 4 4 6 4 1 2 17 14
C 2 9 5 4 5 5 1 2 17 15
C 2 9 6 5 7 5 1 2 17 22
C 2 9 7 6 9 6 1 4 17 34
C 2 9 8 9 21 25 3 8 17 107
C 2 9 9 9 21 25 3 8 17 121
C 2 9 10 9 21 25 3 8 17 125
C 2 9 11 9 21 26 3 8 17 129
C 2 9 12 9 25 29 3 10 16 172
C 2 9 13 9 25 29 3 10 16 176
C 2 9 14 9 25 29 3 10 16 180
C 2 9 15 9 25 29 3 10 16 180
C 2 9 16 3 2 3 0 1 16 6
C 2 9 17 3 3 2 1 1 16 7
C 2 9 18 4 4 4 1 2 16 15
C 2 9 19 4 5 4 1 2 16 15
C 2 9 20 9 23 29 3 12 15 176
C 2 9 21 9 23 29 3 12 15 180
C 2 9 22 9 23 29 3 12 15 180
C 2 9 23 9 23 29 3 12 15 248
C 2 9 24 7 14 20 0 5 13 65
C 2 9 25 8 19 23 3 9 14 98
C 2 9 26 8 20 23 3 8 13 98
C 2 9 27 8 22 23 3 6 13 98
C 2 9 28 2 1 0 0 1 13 2
C 2 9 29 2 1 0 0 2 12 3
C 2 9 30 0 0 0 0 0 8 0
C 2 9 31 2 3 0 0 0 8 3
C 2 9 32 4 3 3 2 0 0 8
C 2 9 33 5 4 3 2 2 0 12
C 2 9 34 5 5 4 2 1 0 15
C 2 9 35 5 6 4 2 2 0 15
C 2 9 36 5 6 4 2 2 0 15
C 2 9 37 5 5 5 2 2 0 16
C 2 9 38 6 7 5 2 2 0 23
C 2 9 39 7 9 6 2 4 0 35
C 2 9 40 10 21 25 4 8 0 108
C 2 9 41 10 21 25 4 8 0 122
C 2 9 42 10 21 25 4 8 0 126
C 2 9 43 10 21 26 4 8 0 130
C 2 9 44 10 25 29 4 10 1 173
C 2 9 45 10 25 29 4 10 1 177
C 2 9 46 10 25 29 4 10 1 181
C 2 9 47 10 25 29 4 10 1 181
C 2 9 48 4 2 3 1 1 1 7
C 2 9 49 4 3 2 2 1 1 8
C 2 9 50 5 4 4 2 2 1 16
C 2 9 51 5 5 4 2 2 1 16
C 2 9 52 10 23 29 4 12 2 177
C 2 9 53 10 23 29 4 12 2 181
C 2 9 54 10 23 29 4 12 2 181
C 2 9 55 10 23 29 4 12 2 249
C 2 9 56 8 14 20 1 5 4 66
C 2 9 57 9 19 23 4 9 3 99
C 2 9 58 9 20 23 4 8 4 99
C 2 9 59 9 22 23 4 6 4 99
C 2 9 60 2 0 1 1 1 4 3
C 2 9 61 3 1 0 1 2 5 4
C 2 9 62 0 0 0 0 0 9 0
C 2 9 63 3 3 0 1 0 9 4
C 2 9 64 5 8 6 1 3 17 30
C 2 9 65 5 5 6 1 4 8 22
C 2 9 66 5 5 6 1 2 8 22
C 2 9 67 6 9 9 1 6 8 37
C 2 9 68 6 9 8 1 5 17 38
C 2 9 69 5 6 6 1 3 8 22
C 2 9 70 5 5 7 1 3 8 23
C 2 9 71 6 7 7 1 3 8 30
C 2 9 72 7 9 8 1 5 8 42
C 2 9 73 8 23 26 3 6 17 99
C 2 9 74 9 20 26 3 8 17 106
C 2 9 75 10 21 27 3 9 8 115
C 2 9 76 6 8 6 3 5 17 33
C 2 9 77 10 21 27 3 9 8 129
C 2 9 78 10 22 27 3 8 17 133
C 2 9 79 7 19 23 3 5 17 82
C 2 9 80 10 21 27 3 9 8 133
C 2 9 81 10 22 28 3 8 17 137
C 2 9 82 10 21 28 3 9 8 137
C 2 9 83 10 25 31 3 11 9 180
C 2 9 84 10 26 31 3 10 16 184
C 2 9 85 10 25 31 3 11 9 184
C 2 9 86 10 25 31 3 11 9 188
C 2 9 87 10 25 31 3 11 9 188
C 2 9 88 4 4 5 1 2 7 14
C 2 9 89 5 7 6 1 3 17 23
C 2 9 90 6 8 11 3 4 16 36
C 2 9 91 4 4 4 1 2 7 15
C 2 9 92 5 4 6 1 3 7 23
C 2 9 93 5 7 6 1 4 7 30
C 2 9 94 10 24 31 3 12 15 184
C 2 9 95 10 23 31 3 13 10 184
C 2 9 96 10 23 31 3 13 10 188
C 2 9 97 10 23 31 3 13 10 188
C 2 9 98 9 24 29 3 10 16 157
C 2 9 99 8 19 24 3 7 16 82
C 2 9 100 10 23 31 3 13 8 256
C 2 9 101 8 17 22 1 5 14 73
C 2 9 102 7 17 21 1 6 16 73
C 2 9 103 8 16 22 1 6 10 73
C 2 9 104 9 20 25 3 9 15 106
C 2 9 105 7 16 25 2 2 16 73
C 2 9 106 9 19 25 3 10 9 106
C 2 9 107 7 21 22 3 6 13 83
C 2 9 108 9 20 25 3 9 12 106
C 2 9 109 8 21 23 3 7 12 98
C 2 9 110 4 4 3 1 2 12 10
C 2 9 111 4 5 3 1 2 13 11
C 2 9 112 4 4 3 1 3 16 11
C 2 9 113 4 4 3 1 3 11 11
C 2 9 114 6 7 5 1 4 17 35
C 2 9 115 5 7 5 1 2 17 22
C 2 9 116 6 7 7 1 3 8 37
C 2 9 117 5 5 6 1 4 8 21
C 2 9 118 6 6 8 3 4 8 33
C 2 9 119 5 5 6 1 3 8 27
C 2 9 120 6 8 6 1 4 8 34
C 2 9 121 5 6 5 1 3 8 26
C 2 9 122 10 22 26 3 8 17 119
C 2 9 123 10 21 27 3 8 17 119
C 2 9 124 10 21 26 3 9 8 119
C 2 9 125 10 22 26 3 8 17 133
C 2 9 126 10 21 26 3 9 8 133
C 2 9 127 5 8 6 1 3 17 26
C 2 9 128 10 21 26 3 9 8 137
C 2 9 129 5 9 7 3 4 17 28
C 2 9 130 10 21 27 3 9 8 141
C 2 9 131 10 25 30 3 11 9 184
C 2 9 132 10 25 30 3 11 9 188
C 2 9 133 10 26 30 3 10 16 192
C 2 9 134 10 25 30 3 11 9 192
C 2 9 135 10 25 30 3 11 9 192
C 2 9 136 5 5 4 1 4 7 19
C 2 9 137 6 7 7 3 5 7 41
C 2 9 138 10 23 30 3 13 10 188
C 2 9 139 10 24 30 3 12 15 192
C 2 9 140 10 23 30 3 13 10 192
C 2 9 141 10 23 30 3 13 10 192
C 2 9 142 10 24 30 3 12 16 260
C 2 9 143 10 23 30 3 13 8 260
C 2 9 144 8 17 22 1 6 14 77
C 2 9 145 8 16 22 1 7 10 77
C 2 9 146 9 20 24 3 9 15 110
C 2 9 147 8 20 24 3 7 16 95
C 2 9 148 9 19 24 3 10 9 110
C 2 9 149 8 22 23 3 6 13 95
C 2 9 150 9 20 24 3 9 12 110
C 2 9 151 9 22 24 3 7 12 110
C 2 9 152 5 5 3 1 3 12 14
C 2 9 153 4 5 2 1 3 13 11
C 2 9 154 5 5 3 1 5 11 15
C 2 9 155 5 5 4 1 4 8 22
C 2 9 156 5 9 6 1 5 17 27
C 2 9 157 5 8 6 1 3 8 29
C 2 9 158 5 6 6 1 3 8 29
C 2 9 159 5 6 7 1 3 8 30
C 2 9 160 6 7 5 1 3 8 37
C 2 9 161 7 10 7 1 4 17 49
C 2 9 162 6 11 8 1 4 8 53
C 2 9 163 10 22 26 3 8 17 122
C 2 9 164 10 21 26 3 9 8 122
C 2 9 165 10 22 25 3 8 17 136
C 2 9 166 10 21 25 3 9 8 136
C 2 9 167 5 8 6 1 3 17 26
C 2 9 168 10 21 26 3 9 8 140
C 2 9 169 10 22 27 3 8 17 144
C 2 9 170 10 21 27 3 9 8 144
C 2 9 171 10 25 30 3 11 9 187
C 2 9 172 10 26 30 3 10 16 191
C 2 9 173 10 25 30 3 11 9 191
C 2 9 174 10 26 30 3 10 16 195
C 2 9 175 10 25 30 3 11 9 195
C 2 9 176 10 25 30 3 11 9 195
C 2 9 177 5 6 6 1 3 7 21
C 2 9 178 5 6 6 1 2 16 22
C 2 9 179 5 6 5 1 3 7 22
C 2 9 180 5 6 6 1 3 7 30
C 2 9 181 4 6 4 1 2 16 14
C 2 9 182 5 7 6 1 3 7 30
C 2 9 183 10 24 30 3 12 15 191
C 2 9 184 10 23 30 3 13 10 191
C 2 9 185 10 24 30 3 12 15 195
C 2 9 186 10 23 30 3 13 10 195
C 2 9 187 9 23 29 3 12 15 172
C 2 9 188 10 23 30 3 13 10 195
C 2 9 189 9 24 28 3 10 16 164
C 2 9 190 10 23 30 3 13 8 263
C 2 9 191 8 17 23 1 6 14 80
C 2 9 192 8 16 23 1 7 10 80
C 2 9 193 9 19 25 3 9 16 113
C 2 9 194 9 19 24 3 10 9 113
C 2 9 195 9 20 24 3 9 12 113
C 2 9 196 8 21 23 3 7 12 98
C 2 9 197 5 6 4 1 3 12 17
C 2 9 198 5 7 4 1 3 13 18
C 2 9 199 5 6 4 1 4 11 18
C 2 9 200 5 5 3 1 2 8 21
C 2 9 201 5 7 5 1 1 17 18
C 2 9 202 5 7 4 1 2 17 18
C 2 9 203 5 6 6 1 3 8 21
C 2 9 204 5 4 4 1 2 8 23
C 2 9 205 6 10 7 1 4 8 37
C 2 9 206 5 8 6 1 3 8 29
C 2 9 207 10 21 25 3 9 8 122
C 2 9 208 10 21 25 3 9 8 136
C 2 9 209 6 9 7 3 6 17 32
C 2 9 210 10 21 25 3 9 8 140
C 2 9 211 10 21 26 3 9 8 144
C 2 9 212 10 25 30 3 11 9 187
C 2 9 213 10 25 29 3 11 9 191
C 2 9 214 10 25 30 3 11 9 195
C 2 9 215 10 25 29 3 11 9 195
C 2 9 216 5 7 5 1 4 7 22
C 2 9 217 10 23 29 3 13 10 191
C 2 9 218 10 23 30 3 13 10 195
C 2 9 219 10 23 29 3 13 10 195
C 2 9 220 9 24 28 3 10 16 164
C 2 9 221 10 23 29 3 13 8 263
C 2 9 222 8 16 22 0 5 14 72
C 2 9 223 8 16 22 1 7 10 80
C 2 9 224 9 20 23 3 9 15 113
C 2 9 225 7 19 22 3 8 9 83
C 2 9 226 7 20 22 3 7 12 83
C 2 9 227 9 22 24 3 7 12 113
C 2 9 228 5 7 4 1 3 12 17
C 2 9 229 4 4 3 0 3 13 10
C 2 9 230 5 6 4 1 5 11 18
C 2 9 231 5 6 7 1 3 8 30
C 2 9 232 4 4 3 1 2 8 14
C 2 9 233 7 10 8 1 6 8 49
C 2 9 234 10 21 27 3 9 8 122
C 2 9 235 10 21 27 3 9 8 136
C 2 9 236 10 21 27 3 9 8 140
C 2 9 237 10 22 28 3 8 17 144
C 2 9 238 10 21 28 3 9 8 144
C 2 9 239 10 25 30 3 11 9 187
C 2 9 240 10 25 30 3 11 9 191
C 2 9 241 10 25 30 3 11 9 195
C 2 9 242 10 25 30 3 11 9 195
C 2 9 243 5 6 6 1 3 7 21
C 2 9 244 5 7 5 1 4 7 22
C 2 9 245 5 7 6 1 4 7 30
C 2 9 246 6 6 8 3 4 7 33
C 2 9 247 10 23 30 3 13 10 191
C 2 9 248 10 23 30 3 13 10 195
C 2 9 249 10 23 30 3 13 10 195
C 2 9 250 9 24 28 3 10 16 164
C 2 9 251 10 23 30 3 13 8 263
C 2 9 252 8 17 22 1 6 14 80
C 2 9 253 8 16 22 1 7 10 80
C 2 9 254 9 19 25 3 10 9 113
C 2 9 255 9 20 25 3 9 12 113
C 2 9 256 9 22 25 3 7 12 113
C 2 9 257 5 7 4 1 3 12 17
C 2 9 258 5 7 4 1 3 13 18
C 2 9 259 5 7 4 1 5 11 18
C 2 9 260 6 8 8 1 4 8 38
C 2 9 261 7 10 9 1 6 8 50
C 2 9 262 10 22 26 3 8 17 123
C 2 9 263 5 7 8 3 3 17 24
C 2 9 264 10 21 26 3 9 8 123
C 2 9 265 10 22 26 3 8 17 137
C 2 9 266 10 21 26 3 9 8 137
C 2 9 267 10 22 26 3 8 17 141
C 2 9 268 10 21 26 3 9 8 141
C 2 9 269 9 23 30 3 11 17 180
C 2 9 270 10 21 26 3 9 8 145
C 2 9 271 10 25 30 3 11 9 188
C 2 9 272 10 25 30 3 11 9 192
C 2 9 273 10 25 29 3 11 9 196
C 2 9 274 10 25 30 3 11 9 196
C 2 9 275 4 6 5 1 2 16 15
C 2 9 276 5 5 7 1 3 7 22
C 2 9 277 5 6 6 1 4 7 23
C 2 9 278 5 6 7 1 4 7 31
C 2 9 279 5 7 7 1 4 7 31
C 2 9 280 10 23 30 3 13 10 192
C 2 9 281 10 23 29 3 13 10 196
C 2 9 282 10 23 30 3 13 10 196
C 2 9 283 9 24 28 3 10 16 165
C 2 9 284 9 22 29 3 11 16 164
C 2 9 285 10 23 30 3 13 8 264
C 2 9 286 8 17 22 1 6 14 81
C 2 9 287 5 6 7 1 4 16 23
C 2 9 288 8 16 22 1 7 10 81
C 2 9 289 9 20 24 3 9 15 114
C 2 9 290 5 5 10 2 2 16 25
C 2 9 291 9 19 24 3 10 9 114
C 2 9 292 9 21 24 3 8 13 114
C 2 9 293 9 20 24 3 9 12 114
C 2 9 294 9 22 24 3 7 12 114
C 2 9 295 5 6 5 1 3 12 18
C 2 9 296 5 6 5 1 5 11 19
C 2 9 297 5 7 5 1 3 17 19
C 2 9 298 6 10 8 1 4 8 45
C 2 9 299 10 23 26 3 8 17 130
C 2 9 300 10 22 27 3 8 17 130
C 2 9 301 10 22 26 3 9 8 130
C 2 9 302 10 21 25 3 9 8 144
C 2 9 303 10 22 26 3 9 8 148
C 2 9 304 10 22 27 3 9 8 152
C 2 9 305 9 25 28 3 10 16 172
C 2 9 306 10 26 30 3 11 9 195
C 2 9 307 10 26 30 3 11 9 199
C 2 9 308 5 8 8 1 3 17 30
C 2 9 309 10 26 30 3 11 9 203
C 2 9 310 10 26 30 3 11 9 203
C 2 9 311 6 8 7 1 4 7 29
C 2 9 312 6 7 5 1 3 7 30
C 2 9 313 6 7 6 1 3 7 38
C 2 9 314 6 9 7 1 4 7 38
C 2 9 315 9 23 28 3 12 15 172
C 2 9 316 10 24 30 3 13 10 199
C 2 9 317 10 24 30 3 13 10 203
C 2 9 318 10 24 30 3 13 10 203
C 2 9 319 10 24 30 3 13 8 271
C 2 9 320 8 19 24 1 7 14 88
C 2 9 321 8 18 24 1 8 10 88
C 2 9 322 9 21 24 3 9 15 121
C 2 9 323 9 20 25 3 9 16 121
C 2 9 324 9 20 24 3 10 9 121
C 2 9 325 9 22 24 3 8 13 121
C 2 9 326 9 21 24 3 9 12 121
C 2 9 327 9 23 23 3 7 12 121
C 2 9 328 6 8 5 1 4 12 25
C 2 9 329 6 9 5 1 4 13 26
C 2 9 330 5 6 4 1 4 16 19
C 2 9 331 6 8 5 1 5 11 26
C 2 9 332 6 8 6 1 2 17 26
C 2 9 333 10 23 27 3 10 17 142
C 2 9 334 10 22 27 3 11 8 142
C 2 9 335 10 22 28 3 10 17 156
C 2 9 336 10 22 27 3 11 8 156
C 2 9 337 10 22 28 3 10 17 160
C 2 9 338 10 22 27 3 11 8 160
C 2 9 339 10 22 27 3 11 8 164
C 2 9 340 10 26 31 3 11 9 207
C 2 9 341 10 27 31 3 10 16 211
C 2 9 342 5 10 7 1 3 17 29
C 2 9 343 10 27 30 3 10 16 215
C 2 9 344 10 26 31 3 11 9 215
C 2 9 345 7 10 8 1 6 7 41
C 2 9 346 5 7 5 1 3 16 26
C 2 9 347 7 9 7 1 5 7 50
C 2 9 348 10 25 31 3 12 15 211
C 2 9 349 10 25 30 3 12 15 215
C 2 9 350 10 24 31 3 13 10 215
C 2 9 351 10 24 31 3 13 8 283
C 2 9 352 8 20 25 1 7 14 100
C 2 9 353 8 19 25 1 8 10 100
C 2 9 354 9 21 25 3 11 15 133
C 2 9 355 8 20 23 3 7 16 91
C 2 9 356 9 20 25 3 12 9 133
C 2 9 357 8 22 22 3 6 13 91
C 2 9 358 9 21 25 3 11 12 133
C 2 9 359 9 23 26 3 8 17 133
C 2 9 360 9 23 25 3 9 12 133
C 2 9 361 7 10 6 1 6 12 37
C 2 9 362 5 7 4 1 3 13 18
C 2 9 363 7 9 6 1 5 11 38
C 2 9 364 7 10 7 1 4 17 38
C 2 9 365 7 10 6 1 5 17 38
C 2 9 366 10 23 27 3 8 17 229
C 2 9 367 10 22 27 3 9 8 229
C 2 9 368 10 22 27 3 9 8 233
C 2 9 369 10 22 28 3 9 8 237
C 2 9 370 10 27 32 3 12 16 280
C 2 9 371 10 26 33 3 12 17 280
C 2 9 372 10 26 32 3 13 9 280
C 2 9 373 10 27 31 3 12 16 284
C 2 9 374 10 26 32 3 12 17 284
C 2 9 375 10 26 31 3 13 9 284
C 2 9 376 10 27 32 3 12 16 288
C 2 9 377 10 26 33 3 12 17 288
C 2 9 378 10 26 32 3 13 9 288
C 2 9 379 10 27 31 3 12 16 288
C 2 9 380 10 26 31 3 13 9 288
C 2 9 381 10 21 27 3 9 7 114
C 2 9 382 8 19 24 3 7 16 91
C 2 9 383 10 21 25 3 9 7 115
C 2 9 384 8 19 25 3 7 16 99
C 2 9 385 10 21 26 3 9 7 123
C 2 9 386 7 18 23 3 6 16 82
C 2 9 387 10 22 27 3 10 7 123
C 2 9 388 10 26 31 3 15 15 284
C 2 9 389 10 25 32 3 15 17 284
C 2 9 390 10 25 31 3 16 10 284
C 2 9 391 10 26 32 3 15 15 288
C 2 9 392 10 25 33 3 15 17 288
C 2 9 393 10 25 32 3 16 10 288
C 2 9 394 10 26 31 3 15 15 288
C 2 9 395 10 25 32 3 15 17 288
C 2 9 396 10 25 31 3 16 10 288
C 2 9 397 10 25 31 3 12 16 356
C 2 9 398 9 24 29 3 10 16 158
C 2 9 399 10 24 31 3 13 8 356
C 2 9 400 10 24 29 3 12 14 173
C 2 9 401 10 23 29 3 13 10 173
C 2 9 402 10 22 25 3 12 15 206
C 2 9 403 9 20 25 3 8 16 103
C 2 9 404 10 21 25 3 13 9 206
C 2 9 405 8 23 25 3 7 12 99
C 2 9 406 10 23 26 3 9 12 206
C 2 9 407 10 21 25 3 9 12 110
C 2 9 408 10 22 25 3 10 13 111
C 2 9 409 8 15 24 2 6 16 79
C 2 9 410 10 21 25 3 11 11 111
C 2 9 411 10 23 25 3 8 8 111
C 2 9 412 10 22 26 3 8 17 111
C 2 9 413 10 22 25 3 9 17 111
C 2 9 414 10 22 27 3 9 8 247
C 2 9 415 10 27 32 3 12 16 294
C 2 9 416 9 21 26 3 8 17 121
C 2 9 417 10 26 32 3 13 9 294
C 2 9 418 10 27 31 3 12 16 298
C 2 9 419 10 26 31 3 13 9 298
C 2 9 420 10 26 32 3 13 9 302
C 2 9 421 10 26 31 3 13 9 302
C 2 9 422 10 21 27 3 9 7 128
C 2 9 423 8 19 23 3 8 16 91
C 2 9 424 10 21 25 3 9 7 129
C 2 9 425 10 21 26 3 9 7 137
C 2 9 426 10 22 27 3 10 7 137
C 2 9 427 10 26 31 3 15 15 298
C 2 9 428 10 25 31 3 16 10 298
C 2 9 429 10 25 32 3 16 10 302
C 2 9 430 10 25 31 3 16 10 302
C 2 9 431 10 25 31 3 12 16 370
C 2 9 432 10 24 31 3 13 8 370
C 2 9 433 10 24 29 3 12 14 187
C 2 9 434 10 23 29 3 13 10 187
C 2 9 435 10 22 25 3 12 15 220
C 2 9 436 10 21 25 3 13 9 220
C 2 9 437 8 21 22 3 7 12 91
C 2 9 438 10 23 25 3 9 12 220
C 2 9 439 10 22 25 3 9 12 124
C 2 9 440 5 6 4 3 4 13 17
C 2 9 441 9 20 25 3 10 16 118
C 2 9 442 10 21 25 3 11 11 125
C 2 9 443 10 22 25 3 9 17 125
C 2 9 444 10 22 28 3 9 8 255
C 2 9 445 10 26 32 3 13 9 298
C 2 9 446 10 25 30 3 13 9 302
C 2 9 447 10 26 32 3 13 9 306
C 2 9 448 10 26 31 3 13 9 306
C 2 9 449 10 21 27 3 9 7 132
C 2 9 450 8 19 24 3 8 16 95
C 2 9 451 10 21 25 3 9 7 133
C 2 9 452 10 21 26 3 9 7 141
C 2 9 453 10 22 27 3 10 7 141
C 2 9 454 10 24 30 3 16 10 302
C 2 9 455 10 25 32 3 16 10 306
C 2 9 456 10 25 31 3 16 10 306
C 2 9 457 10 25 31 3 12 16 374
C 2 9 458 10 24 31 3 13 8 374
C 2 9 459 10 24 29 3 12 14 191
C 2 9 460 10 23 29 3 13 10 191
C 2 9 461 10 22 25 3 12 15 224
C 2 9 462 10 21 25 3 13 9 224
C 2 9 463 8 21 23 3 7 12 95
C 2 9 464 10 23 26 3 9 12 224
C 2 9 465 10 22 25 3 9 12 128
C 2 9 466 6 8 5 3 5 13 24
C 2 9 467 10 21 25 3 11 11 129
C 2 9 468 8 20 25 3 7 17 98
C 2 9 469 10 27 33 3 12 16 302
C 2 9 470 10 26 33 3 13 9 302
C 2 9 471 10 26 32 3 13 9 306
C 2 9 472 10 25 31 3 13 9 310
C 2 9 473 10 27 32 3 12 16 310
C 2 9 474 10 26 32 3 13 9 310
C 2 9 475 10 21 28 3 9 7 136
C 2 9 476 8 19 25 3 7 16 98
C 2 9 477 10 21 26 3 9 7 137
C 2 9 478 8 19 25 3 7 16 98
C 2 9 479 10 21 27 3 9 7 145
C 2 9 480 10 22 28 3 10 7 145
C 2 9 481 10 25 32 3 16 10 306
C 2 9 482 10 24 31 3 16 10 310
C 2 9 483 10 26 32 3 15 15 310
C 2 9 484 10 25 32 3 16 10 310
C 2 9 485 10 25 32 3 12 16 378
C 2 9 486 10 24 32 3 13 8 378
C 2 9 487 10 24 30 3 12 14 195
C 2 9 488 10 23 30 3 13 10 195
C 2 9 489 10 22 26 3 12 15 228
C 2 9 490 10 21 26 3 13 9 228
C 2 9 491 8 21 23 3 7 12 98
C 2 9 492 10 23 27 3 9 12 228
C 2 9 493 10 22 26 3 9 12 132
C 2 9 494 10 22 26 3 10 13 133
C 2 9 495 10 21 26 3 11 11 133
C 2 9 496 10 22 26 3 9 17 133
C 2 9 497 6 11 9 1 4 8 49
C 2 9 498 10 28 31 3 10 16 353
C 2 9 499 10 27 32 3 10 16 353
C 2 9 500 6 9 10 1 4 8 53
C 2 9 501 6 11 9 1 4 8 53
C 2 9 502 10 25 31 3 11 8 179
C 2 9 503 10 25 29 3 11 8 180
C 2 9 504 10 25 30 3 11 8 188
C 2 9 505 10 26 31 3 12 8 188
C 2 9 506 10 28 32 3 13 15 349
C 2 9 507 10 27 33 3 13 16 349
C 2 9 508 10 27 32 3 14 9 349
C 2 9 509 10 28 32 3 13 15 353
C 2 9 510 10 27 33 3 13 16 353
C 2 9 511 10 27 32 3 14 9 353
C 2 9 512 10 28 32 3 13 15 353
C 2 9 513 10 27 33 3 13 16 353
C 2 9 514 10 27 32 3 14 9 353
C 2 9 515 10 25 31 3 13 7 421
C 2 9 516 10 26 29 3 10 14 238
C 2 9 517 8 23 27 3 10 15 149
C 2 9 518 10 25 29 3 11 9 238
C 2 9 519 10 26 30 3 14 14 271
C 2 9 520 10 25 31 3 14 16 271
C 2 9 521 10 25 30 3 15 10 271
C 2 9 522 10 25 31 3 12 16 271
C 2 9 523 10 25 30 3 13 11 271
C 2 9 524 10 26 30 3 11 11 271
C 2 9 525 9 25 27 3 10 12 152
C 2 9 526 10 26 30 3 10 17 175
C 2 9 527 10 26 29 3 11 13 175
C 2 9 528 10 26 29 3 10 13 176
C 2 9 529 10 25 30 3 10 15 176
C 2 9 530 10 25 29 3 11 10 176
C 2 9 531 10 26 30 3 10 16 176
C 2 9 532 10 26 29 3 11 16 176
C 2 9 533 6 8 7 1 5 8 30
C 2 9 534 10 25 31 3 11 8 183
C 2 9 535 4 4 3 1 2 16 11
C 2 9 536 10 25 29 3 11 8 184
C 2 9 537 10 25 30 3 11 8 192
C 2 9 538 10 26 31 3 12 8 192
C 2 9 539 10 27 30 3 13 15 353
C 2 9 540 10 26 31 3 13 16 353
C 2 9 541 10 26 30 3 14 9 353
C 2 9 542 10 28 32 3 13 15 357
C 2 9 543 10 27 33 3 13 16 357
C 2 9 544 10 27 32 3 14 9 357
C 2 9 545 10 28 31 3 13 15 357
C 2 9 546 10 27 31 3 14 9 357
C 2 9 547 10 25 30 3 13 7 425
C 2 9 548 8 18 22 1 6 14 77
C 2 9 549 10 25 29 3 11 9 242
C 2 9 550 10 26 29 3 14 14 275
C 2 9 551 10 25 30 3 14 16 275
C 2 9 552 10 25 29 3 15 10 275
C 2 9 553 10 25 29 3 13 11 275
C 2 9 554 10 26 30 3 11 11 275
C 2 9 555 10 26 30 3 10 17 179
C 2 9 556 10 26 29 3 11 13 179
C 2 9 557 10 26 29 3 10 13 180
C 2 9 558 10 25 30 3 10 15 180
C 2 9 559 10 25 29 3 11 10 180
C 2 9 560 5 6 6 1 3 8 30
C 2 9 561 10 25 31 3 11 8 187
C 2 9 562 4 5 4 1 1 16 14
C 2 9 563 10 25 29 3 11 8 188
C 2 9 564 10 25 30 3 11 8 196
C 2 9 565 10 26 31 3 12 8 196
C 2 9 566 10 27 30 3 13 15 361
C 2 9 567 10 26 31 3 13 16 361
C 2 9 568 10 28 32 3 13 15 361
C 2 9 569 10 27 32 3 14 9 361
C 2 9 570 10 25 31 3 13 7 429
C 2 9 571 8 18 23 1 6 14 80
C 2 9 572 10 25 29 3 11 9 246
C 2 9 573 10 26 30 3 14 14 279
C 2 9 574 10 25 31 3 14 16 279
C 2 9 575 10 25 30 3 15 10 279
C 2 9 576 10 25 30 3 13 11 279
C 2 9 577 10 26 31 3 10 16 279
C 2 9 578 10 26 30 3 11 11 279
C 2 9 579 10 26 30 3 10 17 183
C 2 9 580 10 26 29 3 11 13 183
C 2 9 581 10 26 29 3 10 13 184
C 2 9 582 10 25 29 3 11 10 184
C 2 9 583 10 26 30 3 10 16 184
C 2 9 584 10 26 29 3 11 16 184
C 2 9 585 10 25 31 3 11 8 187
C 2 9 586 10 25 29 3 11 8 188
C 2 9 587 10 25 29 3 11 8 196
C 2 9 588 10 26 31 3 12 8 196
C 2 9 589 10 27 30 3 13 15 361
C 2 9 590 10 25 30 3 13 7 429
C 2 9 591 8 18 23 1 7 14 81
C 2 9 592 10 25 29 3 11 9 246
C 2 9 593 10 25 29 3 15 10 279
C 2 9 594 10 25 29 3 13 11 279
C 2 9 595 10 26 30 3 11 11 279
C 2 9 596 10 26 30 3 10 17 183
C 2 9 597 10 26 29 3 11 13 183
C 2 9 598 10 26 29 3 10 13 184
C 2 9 599 10 25 29 3 11 10 184
C 2 9 600 10 26 29 3 11 16 184
C 2 9 601 4 4 4 1 3 8 14
C 2 9 602 10 23 31 3 13 9 183
C 2 9 603 10 23 31 3 13 9 187
C 2 9 604 10 23 31 3 13 9 187
C 2 9 605 8 19 26 3 7 15 86
C 2 9 606 10 23 31 3 13 7 255
C 2 9 607 7 16 23 1 4 15 72
C 2 9 608 8 15 22 0 6 9 72
C 2 9 609 9 20 25 3 9 14 105
C 2 9 610 9 19 25 3 10 10 105
C 2 9 611 9 20 25 3 9 11 105
C 2 9 612 9 22 25 3 7 11 105
C 2 9 613 4 3 3 0 2 11 9
C 2 9 614 4 4 4 1 3 15 12
C 2 9 615 4 3 3 0 4 10 10
C 2 9 616 5 4 4 1 3 8 23
C 2 9 617 10 23 29 3 13 9 184
C 2 9 618 10 23 29 3 13 9 188
C 2 9 619 10 23 29 3 13 9 188
C 2 9 620 10 23 29 3 13 7 256
C 2 9 621 8 18 21 1 6 14 73
C 2 9 622 8 17 21 1 7 9 73
C 2 9 623 9 20 23 3 9 14 106
C 2 9 624 9 19 23 3 10 10 106
C 2 9 625 9 20 23 3 9 11 106
C 2 9 626 4 5 3 2 3 16 14
C 2 9 627 9 22 23 3 7 11 106
C 2 9 628 4 4 2 1 3 11 10
C 2 9 629 4 5 2 1 3 13 11
C 2 9 630 4 4 3 1 3 15 11
C 2 9 631 4 4 2 1 4 10 11
C 2 9 632 4 4 3 1 1 16 11
C 2 9 633 10 23 30 3 13 9 192
C 2 9 634 10 23 30 3 13 9 196
C 2 9 635 10 23 29 3 13 9 196
C 2 9 636 10 23 30 3 13 7 264
C 2 9 637 8 17 23 1 8 9 81
C 2 9 638 9 20 24 3 9 14 114
C 2 9 639 9 19 24 3 10 10 114
C 2 9 640 9 20 24 3 9 11 114
C 2 9 641 9 22 24 3 7 11 114
C 2 9 642 5 5 4 1 4 11 18
C 2 9 643 5 6 4 1 4 13 19
C 2 9 644 5 5 4 1 5 10 19
C 2 9 645 5 5 4 1 3 16 19
C 2 9 646 10 24 31 3 14 9 192
C 2 9 647 10 24 31 3 14 9 196
C 2 9 648 10 24 31 3 14 9 196
C 2 9 649 10 24 31 3 14 7 264
C 2 9 650 8 17 23 1 8 9 81
C 2 9 651 9 21 25 3 10 14 114
C 2 9 652 9 20 25 3 11 10 114
C 2 9 653 9 21 25 3 10 11 114
C 2 9 654 9 23 25 3 8 11 114
C 2 9 655 5 6 4 1 4 11 18
C 2 9 656 5 6 4 1 5 10 19
C 2 9 657 4 6 4 1 2 16 14
C 2 9 658 9 22 28 3 12 15 164
C 2 9 659 10 25 31 3 12 15 357
C 2 9 660 10 25 32 3 15 15 425
C 2 9 661 10 25 31 3 16 8 425
C 2 9 662 10 23 30 3 12 14 242
C 2 9 663 10 23 29 3 13 8 242
C 2 9 664 10 24 29 3 13 13 275
C 2 9 665 10 23 29 3 14 11 275
C 2 9 666 10 25 29 3 15 12 275
C 2 9 667 10 24 30 3 15 16 275
C 2 9 668 10 24 29 3 16 12 275
C 2 9 669 10 27 30 3 13 12 275
C 2 9 670 10 26 30 3 14 12 275
C 2 9 671 10 24 30 3 12 16 179
C 2 9 672 10 24 29 3 13 12 179
C 2 9 673 10 24 29 3 12 12 180
C 2 9 674 10 23 30 3 12 15 180
C 2 9 675 10 23 29 3 13 11 180
C 2 9 676 9 22 28 3 12 15 164
C 2 9 677 10 25 32 3 12 15 361
C 2 9 678 10 25 32 3 16 8 429
C 2 9 679 10 23 29 3 13 8 246
C 2 9 680 10 24 30 3 13 13 279
C 2 9 681 10 23 30 3 14 11 279
C 2 9 682 10 25 30 3 15 12 279
C 2 9 683 10 24 31 3 15 16 279
C 2 9 684 10 24 30 3 16 12 279
C 2 9 685 10 27 30 3 13 12 279
C 2 9 686 10 26 31 3 13 16 279
C 2 9 687 10 26 30 3 14 12 279
C 2 9 688 10 24 30 3 12 16 183
C 2 9 689 10 24 29 3 13 12 183
C 2 9 690 10 24 29 3 12 12 184
C 2 9 691 10 23 30 3 12 15 184
C 2 9 692 10 23 29 3 13 11 184
C 2 9 693 10 24 30 3 12 15 184
C 2 9 694 10 24 29 3 13 15 184
C 2 9 695 10 25 31 3 16 8 429
C 2 9 696 10 23 29 3 13 8 246
C 2 9 697 10 24 29 3 13 13 279
C 2 9 698 10 23 29 3 14 11 279
C 2 9 699 10 24 30 3 15 16 279
C 2 9 700 10 24 29 3 16 12 279
C 2 9 701 10 26 30 3 14 12 279
C 2 9 702 10 24 30 3 12 16 183
C 2 9 703 10 24 29 3 13 12 183
C 2 9 704 10 24 29 3 12 12 184
C 2 9 705 10 23 29 3 13 11 184
C 2 9 706 9 22 29 3 12 15 157
C 2 9 707 10 24 29 3 13 15 184
C 2 9 708 10 23 29 3 13 10 314
C 2 9 709 10 24 29 3 16 14 347
C 2 9 710 8 16 24 2 6 15 79
C 2 9 711 10 23 29 3 17 9 347
C 2 9 712 10 23 29 3 13 10 347
C 2 9 713 10 24 30 3 13 10 347
C 2 9 714 10 24 30 3 12 16 251
C 2 9 715 10 24 29 3 13 12 251
C 2 9 716 9 24 27 3 10 12 153
C 2 9 717 10 23 30 3 12 15 252
C 2 9 718 10 23 29 3 13 11 252
C 2 9 719 10 24 29 3 13 15 252
C 2 9 720 9 22 27 3 13 13 164
C 2 9 721 9 21 28 3 13 14 164
C 2 9 722 9 21 27 3 14 9 164
C 2 9 723 9 24 28 3 14 11 248
C 2 9 724 9 22 27 3 13 12 164
C 2 9 725 9 25 27 3 10 11 164
C 2 9 726 9 24 27 3 11 12 164
C 2 9 727 8 16 20 0 5 11 68
C 2 9 728 8 15 21 0 5 15 68
C 2 9 729 8 15 20 0 6 12 68
C 2 9 730 8 15 20 0 5 10 69
C 2 9 731 8 14 21 0 5 15 69
C 2 9 732 8 14 20 0 6 13 69
C 2 9 733 8 17 20 0 6 13 69
C 2 9 734 9 21 23 3 12 11 197
C 2 9 735 3 1 2 0 1 13 4
C 2 9 736 9 23 24 3 10 11 197
C 2 9 737 9 22 24 3 11 13 197
C 2 9 738 3 3 2 1 1 11 7
C 2 9 739 9 20 24 3 9 16 101
C 2 9 740 9 20 23 3 10 13 101
C 2 9 741 9 20 23 3 11 12 102
C 2 9 742 9 19 24 3 11 14 102
C 2 9 743 9 19 23 3 12 10 102
C 2 9 744 8 19 24 3 9 14 98
C 2 9 745 9 20 23 3 10 14 102
C 2 9 746 9 22 24 3 9 8 197
C 2 9 747 3 0 5 0 1 10 7
C 2 9 748 9 21 24 3 8 16 101
C 2 9 749 9 21 23 3 9 14 101
C 2 9 750 8 22 22 3 8 10 87
C 2 9 751 9 20 24 3 10 15 102
C 2 9 752 9 20 23 3 11 13 102
C 2 9 753 9 21 24 3 8 13 102
C 2 9 754 9 21 23 3 9 13 102
C 2 9 755 9 23 24 3 6 16 101
C 2 9 756 9 23 23 3 7 14 101
C 2 9 757 9 23 23 3 8 10 102
C 2 9 758 8 21 23 3 8 15 87
C 2 9 759 9 22 23 3 9 13 102
C 2 9 760 9 23 24 3 6 13 102
C 2 9 761 3 3 0 0 3 11 6
C 2 9 762 3 2 2 0 3 14 7
C 2 9 763 3 2 0 0 4 11 6
C 2 9 764 3 4 1 0 1 13 6
C 2 9 765 3 4 1 0 2 12 7
C 2 9 766 3 4 0 0 3 12 7
M 2 9 5 4 3 2 2
M 2 9 5 5 5 2 2
M 2 9 7 9 6 2 4
M 2 9 4 2 3 1 1
M 2 9 5 4 4 2 2
M 2 9 9 19 23 4 9
M 2 9 9 20 23 4 8
M 2 9 2 0 1 1 1
M 2 9 4 4 5 1 2
M 2 9 6 7 7 3 5
M 2 9 5 7 7 1 4
M 2 9 6 7 6 1 3
M 2 9 7 9 7 1 5
M 2 9 5 5 6 1 2
M 2 9 6 9 9 1 6
M 2 9 5 5 6 1 3
M 2 9 6 11 8 1 4
M 2 9 5 4 4 1 2
M 2 9 6 8 8 1 4
M 2 9 6 10 8 1 4
M 2 9 10 24 32 3 13
M 2 9 6 8 7 1 5
M 2 9 3 3 0 1 0
M 2 9 9 20 25 3 12
M 2 9 10 21 26 3 13
M 2 9 8 15 22 0 6
M 2 9 10 23 29 3 17
M 2 9 9 23 23 3 8
M 2 9 9 19 23 3 12
M 2 9 8 22 22 3 8
M 2 9 3 0 5 0 1
M 2 9 10 24 31 3 16
M 2 9 9 19 23 3 10
M 2 9 5 5 4 1 5
M 2 9 8 15 20 0 5
M 2 9 3 3 0 0 3
M 2 9 5 5 3 1 5
M 2 9 8 16 20 0 5
M 2 9 6 8 5 1 5
M 2 9 9 24 28 3 14
M 2 9 10 21 26 3 11
M 2 9 4 3 3 0 2
M 2 9 4 4 2 1 3
M 2 9 2 1 0 0 2
M 2 9 3 4 1 0 2
M 2 9 8 15 20 0 6
M 2 9 5 6 4 1 3
M 2 9 6 8 5 1 4
M 2 9 9 23 25 3 9
M 2 9 8 23 25 3 7
M 2 9 10 23 25 3 9
M 2 9 7 14 20 0 5
M 2 9 2 1 0 0 1
M 2 9 9 22 23 3 9
M 2 9 4 5 3 1 2
M 2 9 9 22 24 3 11
M 2 9 6 9 5 1 4
M 2 9 8 22 22 3 6
M 2 9 5 6 4 3 4
M 2 9 8 14 20 0 6
M 2 9 3 1 2 0 1
M 2 9 9 21 28 3 13
M 2 9 3 2 2 0 3
M 2 9 8 17 22 1 5
M 2 9 8 17 23 1 6
M 2 9 8 19 24 1 7
M 2 9 8 18 22 1 6
M 2 9 8 18 23 1 6
M 2 9 8 21 23 3 8
M 2 9 8 15 21 0 5
M 2 9 9 23 28 3 12
M 2 9 8 14 21 0 5
M 2 9 10 25 30 3 12
M 2 9 8 23 27 3 10
M 2 9 7 16 23 1 4
M 2 9 4 5 4 1 2
M 2 9 6 8 11 3 4
M 2 9 7 16 25 2 2
M 2 9 8 20 24 3 7
M 2 9 9 19 25 3 9
M 2 9 9 22 29 3 11
M 2 9 9 25 28 3 10
M 2 9 10 27 30 3 10
M 2 9 7 18 23 3 6
M 2 9 8 15 24 2 6
M 2 9 4 5 3 2 3
M 2 9 8 19 24 3 8
M 2 9 10 27 33 3 12
M 2 9 10 28 31 3 10
M 2 9 3 3 3 1 0
M 2 9 6 9 6 1 4
M 2 9 8 23 26 3 6
M 2 9 6 8 6 3 5
M 2 9 6 7 5 1 4
M 2 9 5 9 7 3 4
M 2 9 10 22 25 3 8
M 2 9 5 7 4 1 2
M 2 9 5 7 8 3 3
M 2 9 10 23 26 3 8
M 2 9 6 8 6 1 2
M 2 9 5 10 7 1 3
M 2 9 7 10 6 1 5
M 2 9 10 26 32 3 12
M 2 9 8 20 25 3 7
M 2 9 5 5 4 2 1
M 2 9 6 7 5 2 2
M 2 9 4 3 2 2 1
M 2 9 8 14 20 1 5
M 2 9 3 1 0 1 2
M 2 9 5 7 6 1 4
M 2 9 5 6 6 1 4
M 2 9 6 9 7 1 4
M 2 9 5 5 6 1 4
M 2 9 5 5 7 1 3
M 2 9 7 9 8 1 5
M 2 9 6 6 8 3 4
M 2 9 5 6 7 1 3
M 2 9 6 11 9 1 4
M 2 9 6 10 7 1 4
M 2 9 7 10 8 1 6
M 2 9 10 22 28 3 9
M 2 9 10 26 33 3 13
M 2 9 8 17 23 1 8
M 2 9 8 17 21 1 7
M 2 9 10 26 31 3 11
M 2 9 8 16 22 1 6
M 2 9 4 4 2 1 4
M 2 9 9 21 27 3 14
M 2 9 9 20 25 3 11
M 2 9 3 2 0 0 4
M 2 9 10 23 30 3 14
M 2 9 5 7 4 1 5
M 2 9 10 25 29 3 13
M 2 9 7 9 6 1 5
M 2 9 3 4 0 0 3
M 2 9 10 23 26 3 9
M 2 9 8 21 22 3 7
M 2 9 7 20 22 3 7
M 2 9 9 23 25 3 8
M 2 9 9 24 27 3 11
M 2 9 8 20 23 3 8
M 2 9 10 22 25 3 10
M 2 9 6 8 5 3 5
M 2 9 4 5 2 1 3
M 2 9 9 20 23 3 11
M 2 9 10 22 26 3 10
M 2 9 9 22 24 3 8
M 2 9 10 26 29 3 14
M 2 9 8 18 21 1 6
M 2 9 9 19 24 3 11
M 2 9 8 16 22 0 5
M 2 9 9 21 23 3 9
M 2 9 8 20 25 1 7
M 2 9 10 24 31 3 12
M 2 9 10 28 31 3 13
M 2 9 9 22 28 3 12
M 2 9 8 16 24 2 6
M 2 9 8 19 26 3 7
M 2 9 9 20 24 3 10
M 2 9 10 22 26 3 12
M 2 9 3 3 2 1 1
M 2 9 5 5 4 1 3
M 2 9 9 20 25 3 10
M 2 9 10 26 31 3 10
M 2 9 8 19 24 3 7
M 2 9 9 20 25 3 8
M 2 9 9 23 24 3 6
M 2 9 8 19 23 3 8
M 2 9 8 20 23 3 7
M 2 9 10 25 30 3 14
M 2 9 5 6 7 1 4
M 2 9 5 5 10 2 2
M 2 9 4 5 5 1 2
M 2 9 9 21 26 3 8
M 2 9 10 25 33 3 15
M 2 9 9 20 26 3 8
M 2 9 10 22 28 3 8
M 2 9 10 27 32 3 10
M 2 9 10 23 27 3 10
M 2 9 7 10 7 1 4
M 2 9 5 7 5 1 1
M 2 9 6 9 7 3 6
M 2 9 5 7 5 1 3
M 2 9 10 21 25 4 8
M 2 9 10 21 28 3 9
M 2 9 10 21 25 3 13
M 2 9 5 5 4 1 4
M 2 9 10 25 30 3 15
M 2 9 10 25 29 3 15
M 2 9 10 24 29 3 16
M 2 9 10 22 25 3 12
M 2 9 10 27 31 3 12
M 2 9 4 4 3 1 3
M 2 9 9 21 25 3 8
M 2 9 10 25 32 3 15
M 2 9 4 3 3 2 0
M 2 9 10 21 26 4 8
M 2 9 10 23 29 4 12
M 2 9 9 22 23 4 6
M 2 9 6 8 7 1 4
M 2 9 2 3 0 0 0
M 2 9 9 22 24 3 9
M 2 9 10 26 31 3 12
M 2 9 10 22 27 3 9
M 2 9 6 8 6 1 4
M 2 9 5 5 3 1 2
M 2 9 0 0 0 0 0
M 2 9 10 24 31 3 14
M 2 9 7 19 22 3 8
M 2 9 4 3 3 0 4
M 2 9 8 16 22 1 7
M 2 9 8 16 23 1 7
M 2 9 9 21 23 3 12
M 2 9 9 22 23 3 7
M 2 9 9 25 27 3 10
M 2 9 9 24 27 3 10
M 2 9 10 24 30 3 16
M 2 9 9 22 24 3 7
M 2 9 7 10 6 1 6
M 2 9 4 4 3 0 3
M 2 9 10 23 27 3 9
M 2 9 9 22 27 3 13
M 2 9 8 19 23 3 9
M 2 9 8 19 24 3 9
M 2 9 9 23 23 3 7
M 2 9 9 22 29 3 12
M 2 9 4 4 4 1 3
M 2 9 9 21 25 3 11
M 2 9 10 26 32 3 15
M 2 9 9 25 29 3 10
M 2 9 4 4 4 1 2
M 2 9 10 24 30 3 15
M 2 9 10 24 31 3 15
M 2 9 9 24 28 3 10
M 2 9 10 27 31 3 10
M 2 9 9 24 29 3 10
M 2 9 4 4 3 1 1
M 2 9 4 4 3 1 2
M 2 9 4 6 4 1 2
M 2 9 10 22 25 3 9
M 2 9 10 26 33 3 12
M 2 9 5 9 6 1 5
M 2 9 7 19 23 3 5
M 2 9 10 23 27 3 8
M 2 9 10 22 26 3 9
M 2 9 10 24 31 3 13
M 2 9 5 7 4 1 3
M 2 9 10 28 32 3 13
M 2 9 10 27 30 3 13
M 2 9 5 8 6 1 3
M 2 9 10 25 31 3 13
M 2 9 9 19 25 3 10
M 2 9 5 6 5 1 3
M 2 9 10 24 29 3 12
M 2 9 8 17 22 1 6
M 2 9 10 25 31 3 12
M 2 9 9 20 23 3 9
M 2 9 10 22 27 3 8
M 2 9 5 6 6 1 3
M 2 9 10 26 29 3 11
M 2 9 10 22 28 3 10
M 2 9 10 25 29 4 10
M 2 9 5 4 6 1 3
M 2 9 6 7 5 1 3
M 2 9 6 7 7 1 3
M 2 9 10 22 27 3 11
M 2 9 5 4 4 1 3
M 2 9 10 25 31 3 11
M 2 9 9 19 24 3 10
M 2 9 8 18 24 1 8
M 2 9 10 23 29 3 14
M 2 9 10 26 30 3 11
M 2 9 5 6 4 1 5
M 2 9 9 22 25 3 7
M 2 9 8 22 23 3 6
M 2 9 3 4 1 0 1
M 2 9 9 20 23 3 10
M 2 9 10 25 30 3 10
M 2 9 8 18 23 1 7
M 2 9 10 27 33 3 13
M 2 9 3 2 3 0 1
M 2 9 10 25 32 3 12
M 2 9 5 6 4 1 4
M 2 9 9 20 24 3 9
M 2 9 4 5 4 1 1
M 2 9 10 21 27 3 8
M 2 9 9 23 30 3 11
M 2 9 5 7 6 1 3
M 2 9 10 21 25 3 9
M 2 9 10 26 30 3 10
M 2 9 10 25 30 3 13
M 2 9 10 26 29 3 10
M 2 9 5 8 8 1 3
M 2 9 10 22 27 3 10
M 2 9 10 21 25 3 11
M 2 9 10 24 30 3 13
M 2 9 9 21 24 3 8
M 2 9 8 19 25 3 7
M 2 9 10 25 31 3 16
M 2 9 5 6 4 2 2
M 2 9 6 9 10 1 4
M 2 9 5 7 5 1 4
M 2 9 10 23 25 3 8
M 2 9 10 27 31 3 14
M 2 9 5 6 5 1 5
M 2 9 9 23 24 3 10
M 2 9 5 5 3 1 3
M 2 9 8 17 20 0 6
M 2 9 9 21 25 3 10
M 2 9 10 27 32 3 12
M 2 9 5 6 6 1 2
M 2 9 10 25 31 3 14
M 2 9 5 7 5 1 2
M 2 9 6 9 8 1 5
M 2 9 10 25 30 3 11
M 2 9 10 27 32 3 14
M 2 9 10 24 30 3 12
M 2 9 10 21 27 3 9
M 2 9 10 26 30 3 14
M 2 9 9 20 25 3 9
M 2 9 10 22 26 3 8
M 2 9 5 5 4 2 2
M 2 9 8 19 25 1 8
M 2 9 10 23 31 3 13
M 2 9 7 21 22 3 6
M 2 9 7 17 21 1 6
M 2 9 10 26 31 3 13
M 2 9 9 23 26 3 8
M 2 9 10 23 30 3 13
M 2 9 10 23 29 3 13
M 2 9 10 26 31 3 15
M 2 9 7 10 9 1 6
M 2 9 10 25 29 3 11
M 2 9 10 23 30 3 12
P 2 9 0 1
P 2 9 1 1
P 2 9 2 1
P 2 9 3 1
P 2 9 4 1
P 2 9 5 1
P 2 9 6 0
P 2 9 7 0
P 2 9 8 1
P 2 9 9 1
P 2 9 10 1
P 2 9 11 0
P 2 9 12 0
P 2 9 13 0
P 2 9 14 0
P 2 9 15 0
P 2 9 16 1
P 2 9 17 1
P 2 9 18 1
P 2 9 19 0
P 2 9 20 0
P 2 9 21 0
P 2 9 22 0
P 2 9 23 0
P 2 9 24 0
P 2 9 25 0
P 2 9 26 0
P 2 9 27 0
P 2 9 28 0
P 2 9 29 0
P 2 9 30 0
P 2 9 31 0
P 2 9 32 0
P 2 9 33 0
P 2 9 34 0
P 2 9 35 0
P 2 9 36 0
P 2 9 37 0
P 2 9 38 0
P 2 9 39 0
P 2 9 40 0
P 2 9 41 0
P 2 9 42 0
P 2 9 43 0
P 2 9 44 0
P 2 9 45 0
P 2 9 46 0
P 2 9 47 0
P 2 9 48 0
P 2 9 49 0
P 2 9 50 0
P 2 9 51 0
P 2 9 52 0
P 2 9 53 0
P 2 9 54 0
P 2 9 55 0
P 2 9 56 0
P 2 9 57 0
P 2 9 58 0
P 2 9 59 0
P 2 9 60 0
P 2 9 61 0
P 2 9 62 0
P 2 9 63 0
P 2 9 64 1
P 2 9 65 0
P 2 9 66 0
P 2 9 67 0
P 2 9 68 0
P 2 9 69 0
P 2 9 70 0
P 2 9 71 0
P 2 9 72 0
P 2 9 73 0
P 2 9 74 0
P 2 9 75 0
P 2 9 76 0
P 2 9 77 0
P 2 9 78 0
P 2 9 79 0
P 2 9 80 0
P 2 9 81 0
P 2 9 82 0
P 2 9 83 0
P 2 9 84 0
P 2 9 85 0
P 2 9 86 0
P 2 9 87 0
P 2 9 88 0
P 2 9 89 0
P 2 9 90 0
P 2 9 91 0
P 2 9 92 0
P 2 9 93 0
P 2 9 94 0
P 2 9 95 0
P 2 9 96 0
P 2 9 97 0
P 2 9 98 0
P 2 9 99 0
P 2 9 100 0
P 2 9 101 0
P 2 9 102 0
P 2 9 103 0
P 2 9 104 0
P 2 9 105 0
P 2 9 106 0
P 2 9 107 0
P 2 9 108 0
P 2 9 109 0
P 2 9 110 0
P 2 9 111 0
P 2 9 112 0
P 2 9 113 0
P 2 9 114 0
P 2 9 115 0
P 2 9 116 0
P 2 9 117 0
P 2 9 118 0
P 2 9 119 0
P 2 9 120 0
P 2 9 121 0
P 2 9 122 0
P 2 9 123 0
P 2 9 124 0
P 2 9 125 0
P 2 9 126 0
P 2 9 127 1
P 2 9 128 0
P 2 9 129 0
P 2 9 130 0
P 2 9 131 0
P 2 9 132 0
P 2 9 133 0
P 2 9 134 0
P 2 9 135 0
P 2 9 136 0
P 2 9 137 0
P 2 9 138 0
P 2 9 139 0
P 2 9 140 0
P 2 9 141 0
P 2 9 142 0
P 2 9 143 0
P 2 9 144 0
P 2 9 145 0
P 2 9 146 0
P 2 9 147 0
P 2 9 148 0
P 2 9 149 0
P 2 9 150 0
P 2 9 151 0
P 2 9 152 0
P 2 9 153 0
P 2 9 154 0
P 2 9 155 0
P 2 9 156 0
P 2 9 157 0
P 2 9 158 0
P 2 9 159 0
P 2 9 160 0
P 2 9 161 0
P 2 9 162 0
P 2 9 163 0
P 2 9 164 0
P 2 9 165 0
P 2 9 166 0
P 2 9 167 1
P 2 9 168 0
P 2 9 169 0
P 2 9 170 0
P 2 9 171 0
P 2 9 172 0
P 2 9 173 0
P 2 9 174 0
P 2 9 175 0
P 2 9 176 0
P 2 9 177 0
P 2 9 178 0
P 2 9 179 0
P 2 9 180 0
P 2 9 181 0
P 2 9 182 0
P 2 9 183 0
P 2 9 184 0
P 2 9 185 0
P 2 9 186 0
P 2 9 187 0
P 2 9 188 0
P 2 9 189 0
P 2 9 190 0
P 2 9 191 0
P 2 9 192 0
P 2 9 193 0
P 2 9 194 0
P 2 9 195 0
P 2 9 196 0
P 2 9 197 0
P 2 9 198 0
P 2 9 199 0
P 2 9 200 0
P 2 9 201 1
P 2 9 202 1
P 2 9 203 0
P 2 9 204 0
P 2 9 205 0
P 2 9 206 0
P 2 9 207 0
P 2 9 208 0
P 2 9 209 0
P 2 9 210 0
P 2 9 211 0
P 2 9 212 0
P 2 9 213 0
P 2 9 214 0
P 2 9 215 0
P 2 9 216 0
P 2 9 217 0
P 2 9 218 0
P 2 9 219 0
P 2 9 220 0
P 2 9 221 0
P 2 9 222 0
P 2 9 223 0
P 2 9 224 0
P 2 9 225 0
P 2 9 226 0
P 2 9 227 0
P 2 9 228 0
P 2 9 229 0
P 2 9 230 0
P 2 9 231 0
P 2 9 232 0
P 2 9 233 0
P 2 9 234 0
P 2 9 235 0
P 2 9 236 0
P 2 9 237 0
P 2 9 238 0
P 2 9 239 0
P 2 9 240 0
P 2 9 241 0
P 2 9 242 0
P 2 9 243 0
P 2 9 244 0
P 2 9 245 0
P 2 9 246 0
P 2 9 247 0
P 2 9 248 0
P 2 9 249 0
P 2 9 250 0
P 2 9 251 0
P 2 9 252 0
P 2 9 253 0
P 2 9 254 0
P 2 9 255 0
P 2 9 256 0
P 2 9 257 0
P 2 9 258 0
P 2 9 259 0
P 2 9 260 0
P 2 9 261 0
P 2 9 262 1
P 2 9 263 0
P 2 9 264 0
P 2 9 265 1
P 2 9 266 0
P 2 9 267 1
P 2 9 268 0
P 2 9 269 0
P 2 9 270 0
P 2 9 271 0
P 2 9 272 0
P 2 9 273 0
P 2 9 274 0
P 2 9 275 0
P 2 9 276 0
P 2 9 277 0
P 2 9 278 0
P 2 9 279 0
P 2 9 280 0
P 2 9 281 0
P 2 9 282 0
P 2 9 283 0
P 2 9 284 0
P 2 9 285 0
P 2 9 286 0
P 2 9 287 0
P 2 9 288 0
P 2 9 289 0
P 2 9 290 0
P 2 9 291 0
P 2 9 292 0
P 2 9 293 0
P 2 9 294 0
P 2 9 295 0
P 2 9 296 0
P 2 9 297 0
P 2 9 298 0
P 2 9 299 0
P 2 9 300 1
P 2 9 301 0
P 2 9 302 0
P 2 9 303 0
P 2 9 304 0
P 2 9 305 0
P 2 9 306 0
P 2 9 307 0
P 2 9 308 0
P 2 9 309 0
P 2 9 310 0
P 2 9 311 0
P 2 9 312 0
P 2 9 313 0
P 2 9 314 0
P 2 9 315 0
P 2 9 316 0
P 2 9 317 0
P 2 9 318 0
P 2 9 319 0
P 2 9 320 0
P 2 9 321 0
P 2 9 322 0
P 2 9 323 0
P 2 9 324 0
P 2 9 325 0
P 2 9 326 0
P 2 9 327 0
P 2 9 328 0
P 2 9 329 0
P 2 9 330 0
P 2 9 331 0
P 2 9 332 1
P 2 9 333 0
P 2 9 334 0
P 2 9 335 0
P 2 9 336 0
P 2 9 337 0
P 2 9 338 0
P 2 9 339 0
P 2 9 340 0
P 2 9 341 0
P 2 9 342 0
P 2 9 343 0
P 2 9 344 0
P 2 9 345 0
P 2 9 346 0
P 2 9 347 0
P 2 9 348 0
P 2 9 349 0
P 2 9 350 0
P 2 9 351 0
P 2 9 352 0
P 2 9 353 0
P 2 9 354 0
P 2 9 355 0
P 2 9 356 0
P 2 9 357 0
P 2 9 358 0
P 2 9 359 0
P 2 9 360 0
P 2 9 361 0
P 2 9 362 0
P 2 9 363 0
P 2 9 364 0
P 2 9 365 0
P 2 9 366 0
P 2 9 367 0
P 2 9 368 0
P 2 9 369 0
P 2 9 370 0
P 2 9 371 0
P 2 9 372 0
P 2 9 373 0
P 2 9 374 0
P 2 9 375 0
P 2 9 376 0
P 2 9 377 0
P 2 9 378 0
P 2 9 379 0
P 2 9 380 0
P 2 9 381 0
P 2 9 382 0
P 2 9 383 0
P 2 9 384 0
P 2 9 385 0
P 2 9 386 0
P 2 9 387 0
P 2 9 388 0
P 2 9 389 0
P 2 9 390 0
P 2 9 391 0
P 2 9 392 1
P 2 9 393 0
P 2 9 394 0
P 2 9 395 0
P 2 9 396 0
P 2 9 397 0
P 2 9 398 0
P 2 9 399 0
P 2 9 400 0
P 2 9 401 0
P 2 9 402 0
P 2 9 403 0
P 2 9 404 0
P 2 9 405 0
P 2 9 406 0
P 2 9 407 0
P 2 9 408 0
P 2 9 409 0
P 2 9 410 0
P 2 9 411 0
P 2 9 412 1
P 2 9 413 0
P 2 9 414 0
P 2 9 415 0
P 2 9 416 0
P 2 9 417 0
P 2 9 418 0
P 2 9 419 0
P 2 9 420 0
P 2 9 421 0
P 2 9 422 0
P 2 9 423 0
P 2 9 424 0
P 2 9 425 0
P 2 9 426 0
P 2 9 427 0
P 2 9 428 0
P 2 9 429 0
P 2 9 430 0
P 2 9 431 0
P 2 9 432 0
P 2 9 433 0
P 2 9 434 0
P 2 9 435 0
P 2 9 436 0
P 2 9 437 0
P 2 9 438 0
P 2 9 439 0
P 2 9 440 0
P 2 9 441 0
P 2 9 442 0
P 2 9 443 0
P 2 9 444 0
P 2 9 445 0
P 2 9 446 0
P 2 9 447 0
P 2 9 448 0
P 2 9 449 0
P 2 9 450 0
P 2 9 451 0
P 2 9 452 0
P 2 9 453 0
P 2 9 454 0
P 2 9 455 0
P 2 9 456 0
P 2 9 457 0
P 2 9 458 0
P 2 9 459 0
P 2 9 460 0
P 2 9 461 0
P 2 9 462 0
P 2 9 463 0
P 2 9 464 0
P 2 9 465 0
P 2 9 466 0
P 2 9 467 0
P 2 9 468 0
P 2 9 469 0
P 2 9 470 0
P 2 9 471 0
P 2 9 472 0
P 2 9 473 0
P 2 9 474 0
P 2 9 475 0
P 2 9 476 0
P 2 9 477 0
P 2 9 478 0
P 2 9 479 0
P 2 9 480 0
P 2 9 481 0
P 2 9 482 0
P 2 9 483 0
P 2 9 484 0
P 2 9 485 0
P 2 9 486 0
P 2 9 487 0
P 2 9 488 0
P 2 9 489 0
P 2 9 490 0
P 2 9 491 0
P 2 9 492 0
P 2 9 493 0
P 2 9 494 0
P 2 9 495 0
P 2 9 496 0
P 2 9 497 0
P 2 9 498 0
P 2 9 499 0
P 2 9 500 0
P 2 9 501 0
P 2 9 502 0
P 2 9 503 0
P 2 9 504 0
P 2 9 505 0
P 2 9 506 0
P 2 9 507 0
P 2 9 508 0
P 2 9 509 0
P 2 9 510 1
P 2 9 511 0
P 2 9 512 0
P 2 9 513 1
P 2 9 514 0
P 2 9 515 0
P 2 9 516 0
P 2 9 517 0
P 2 9 518 0
P 2 9 519 0
P 2 9 520 0
P 2 9 521 0
P 2 9 522 0
P 2 9 523 0
P 2 9 524 0
P 2 9 525 0
P 2 9 526 1
P 2 9 527 0
P 2 9 528 0
P 2 9 529 0
P 2 9 530 0
P 2 9 531 0
P 2 9 532 0
P 2 9 533 0
P 2 9 534 0
P 2 9 535 0
P 2 9 536 0
P 2 9 537 0
P 2 9 538 0
P 2 9 539 0
P 2 9 540 0
P 2 9 541 0
P 2 9 542 0
P 2 9 543 1
P 2 9 544 0
P 2 9 545 0
P 2 9 546 0
P 2 9 547 0
P 2 9 548 0
P 2 9 549 0
P 2 9 550 0
P 2 9 551 0
P 2 9 552 0
P 2 9 553 0
P 2 9 554 0
P 2 9 555 1
P 2 9 556 0
P 2 9 557 0
P 2 9 558 0
P 2 9 559 0
P 2 9 560 0
P 2 9 561 0
P 2 9 562 0
P 2 9 563 0
P 2 9 564 0
P 2 9 565 0
P 2 9 566 0
P 2 9 567 0
P 2 9 568 0
P 2 9 569 0
P 2 9 570 0
P 2 9 571 0
P 2 9 572 0
P 2 9 573 0
P 2 9 574 0
P 2 9 575 0
P 2 9 576 0
P 2 9 577 0
P 2 9 578 0
P 2 9 579 1
P 2 9 580 0
P 2 9 581 0
P 2 9 582 0
P 2 9 583 0
P 2 9 584 0
P 2 9 585 0
P 2 9 586 0
P 2 9 587 0
P 2 9 588 0
P 2 9 589 0
P 2 9 590 0
P 2 9 591 0
P 2 9 592 0
P 2 9 593 0
P 2 9 594 0
P 2 9 595 0
P 2 9 596 1
P 2 9 597 0
P 2 9 598 0
P 2 9 599 0
P 2 9 600 0
P 2 9 601 0
P 2 9 602 0
P 2 9 603 0
P 2 9 604 0
P 2 9 605 0
P 2 9 606 0
P 2 9 607 0
P 2 9 608 0
P 2 9 609 0
P 2 9 610 0
P 2 9 611 0
P 2 9 612 0
P 2 9 613 0
P 2 9 614 0
P 2 9 615 0
P 2 9 616 0
P 2 9 617 0
P 2 9 618 0
P 2 9 619 0
P 2 9 620 0
P 2 9 621 0
P 2 9 622 0
P 2 9 623 0
P 2 9 624 0
P 2 9 625 0
P 2 9 626 0
P 2 9 627 0
P 2 9 628 0
P 2 9 629 0
P 2 9 630 0
P 2 9 631 0
P 2 9 632 1
P 2 9 633 0
P 2 9 634 0
P 2 9 635 0
P 2 9 636 0
P 2 9 637 0
P 2 9 638 0
P 2 9 639 0
P 2 9 640 0
P 2 9 641 0
P 2 9 642 0
P 2 9 643 0
P 2 9 644 0
P 2 9 645 0
P 2 9 646 0
P 2 9 647 0
P 2 9 648 0
P 2 9 649 0
P 2 9 650 0
P 2 9 651 0
P 2 9 652 0
P 2 9 653 0
P 2 9 654 0
P 2 9 655 0
P 2 9 656 0
P 2 9 657 0
P 2 9 658 0
P 2 9 659 0
P 2 9 660 0
P 2 9 661 0
P 2 9 662 0
P 2 9 663 0
P 2 9 664 0
P 2 9 665 0
P 2 9 666 0
P 2 9 667 0
P 2 9 668 0
P 2 9 669 0
P 2 9 670 0
P 2 9 671 0
P 2 9 672 0
P 2 9 673 0
P 2 9 674 0
P 2 9 675 0
P 2 9 676 0
P 2 9 677 0
P 2 9 678 0
P 2 9 679 0
P 2 9 680 0
P 2 9 681 0
P 2 9 682 0
P 2 9 683 0
P 2 9 684 0
P 2 9 685 0
P 2 9 686 0
P 2 9 687 0
P 2 9 688 0
P 2 9 689 0
P 2 9 690 0
P 2 9 691 0
P 2 9 692 0
P 2 9 693 0
P 2 9 694 0
P 2 9 695 0
P 2 9 696 0
P 2 9 697 0
P 2 9 698 0
P 2 9 699 0
P 2 9 700 0
P 2 9 701 0
P 2 9 702 0
P 2 9 703 0
P 2 9 704 0
P 2 9 705 0
P 2 9 706 0
P 2 9 707 0
P 2 9 708 0
P 2 9 709 0
P 2 9 710 0
P 2 9 711 0
P 2 9 712 0
P 2 9 713 0
P 2 9 714 0
P 2 9 715 0
P 2 9 716 0
P 2 9 717 0
P 2 9 718 0
P 2 9 719 0
P 2 9 720 0
P 2 9 721 0
P 2 9 722 0
P 2 9 723 0
P 2 9 724 0
P 2 9 725 0
P 2 9 726 0
P 2 9 727 0
P 2 9 728 0
P 2 9 729 0
P 2 9 730 0
P 2 9 731 0
P 2 9 732 0
P 2 9 733 0
P 2 9 734 0
P 2 9 735 0
P 2 9 736 0
P 2 9 737 0
P 2 9 738 0
P 2 9 739 0
P 2 9 740 0
P 2 9 741 0
P 2 9 742 0
P 2 9 743 0
P 2 9 744 0
P 2 9 745 0
P 2 9 746 0
P 2 9 747 0
P 2 9 748 0
P 2 9 749 0
P 2 9 750 0
P 2 9 751 0
P 2 9 752 0
P 2 9 753 0
P 2 9 754 0
P 2 9 755 0
P 2 9 756 0
P 2 9 757 0
P 2 9 758 0
P 2 9 759 0
P 2 9 760 0
P 2 9 761 0
P 2 9 762 0
P 2 9 763 0
P 2 9 764 0
P 2 9 765 0
P 2 9 766 0
C 2 10 0 3 3 3 1 0 18 7
C 2 10 1 4 4 3 1 2 18 11
C 2 10 2 4 5 4 1 1 18 14
C 2 10 3 4 6 4 1 2 18 14
C 2 10 4 4 6 4 1 2 18 14
C 2 10 5 4 5 5 1 2 18 15
C 2 10 6 5 7 4 1 2 18 18
C 2 10 7 5 7 5 1 1 18 18
C 2 10 8 6 8 6 1 2 18 26
C 2 10 9 5 8 6 1 3 18 26
C 2 10 10 5 8 6 1 3 18 26
C 2 10 11 5 8 6 1 3 18 30
C 2 10 12 9 21 25 3 8 17 107
C 2 10 13 10 22 26 3 8 17 111
C 2 10 14 9 21 25 3 8 18 121
C 2 10 15 10 22 26 3 8 17 123
C 2 10 16 9 21 25 3 8 18 125
C 2 10 17 10 22 27 3 8 18 130
C 2 10 18 10 22 26 3 8 18 137
C 2 10 19 10 22 26 3 8 18 141
C 2 10 20 10 26 30 3 10 17 175
C 2 10 21 10 26 30 3 10 17 179
C 2 10 22 10 26 30 3 10 17 183
C 2 10 23 10 26 30 3 10 17 183
C 2 10 24 10 25 33 3 15 18 288
C 2 10 25 3 2 3 0 1 17 6
C 2 10 26 3 3 2 1 1 17 7
C 2 10 27 4 4 3 1 1 17 11
C 2 10 28 4 4 4 1 2 17 15
C 2 10 29 10 27 33 3 13 17 353
C 2 10 30 10 27 33 3 13 17 353
C 2 10 31 10 27 33 3 13 17 357
C 2 10 32 4 3 3 2 0 0 8
C 2 10 33 5 4 3 2 2 0 12
C 2 10 34 5 5 4 2 1 0 15
C 2 10 35 5 6 4 2 2 0 15
C 2 10 36 5 6 4 2 2 0 15
C 2 10 37 5 5 5 2 2 0 16
C 2 10 38 6 7 4 2 2 0 19
C 2 10 39 6 7 5 2 1 0 19
C 2 10 40 7 8 6 2 2 0 27
C 2 10 41 6 8 6 2 3 0 27
C 2 10 42 6 8 6 2 3 0 27
C 2 10 43 6 8 6 2 3 0 31
C 2 10 44 10 21 25 4 8 1 108
C 2 10 45 11 22 26 4 8 1 112
C 2 10 46 10 21 25 4 8 0 122
C 2 10 47 11 22 26 4 8 1 124
C 2 10 48 10 21 25 4 8 0 126
C 2 10 49 11 22 27 4 8 0 131
C 2 10 50 11 22 26 4 8 0 138
C 2 10 51 11 22 26 4 8 0 142
C 2 10 52 11 26 30 4 10 1 176
C 2 10 53 11 26 30 4 10 1 180
C 2 10 54 11 26 30 4 10 1 184
C 2 10 55 11 26 30 4 10 1 184
C 2 10 56 11 25 33 4 15 0 289
C 2 10 57 4 2 3 1 1 1 7
C 2 10 58 4 3 2 2 1 1 8
C 2 10 59 5 4 3 2 1 1 12
C 2 10 60 5 4 4 2 2 1 16
C 2 10 61 11 27 33 4 13 1 354
C 2 10 62 11 27 33 4 13 1 354
C 2 10 63 11 27 33 4 13 1 358
C 2 10 64 0 0 0 0 0 8 0
C 2 10 65 5 5 6 1 4 8 22
C 2 10 66 5 5 6 1 2 8 22
C 2 10 67 6 9 9 1 6 8 37
C 2 10 68 6 9 8 1 5 18 38
C 2 10 69 5 6 6 1 3 8 22
C 2 10 70 5 5 7 1 3 8 23
C 2 10 71 6 9 9 1 4 8 53
C 2 10 72 6 11 9 1 4 8 53
C 2 10 73 6 8 9 1 4 8 45
C 2 10 74 6 7 5 1 4 18 35
C 2 10 75 5 7 6 1 4 8 30
C 2 10 76 6 8 8 1 4 8 34
C 2 10 77 5 5 6 1 4 8 21
C 2 10 78 8 23 26 3 6 17 99
C 2 10 79 9 20 26 3 8 18 106
C 2 10 80 10 21 27 3 9 9 115
C 2 10 81 11 23 28 3 8 17 119
C 2 10 82 11 22 28 3 9 9 119
C 2 10 83 6 8 6 3 5 18 33
C 2 10 84 10 21 27 3 9 8 129
C 2 10 85 9 22 30 3 11 18 157
C 2 10 86 11 22 28 3 9 9 131
C 2 10 87 10 22 27 3 8 18 133
C 2 10 88 7 19 23 3 5 18 82
C 2 10 89 10 21 27 3 9 8 133
C 2 10 90 5 9 7 3 4 18 28
C 2 10 91 11 22 29 3 9 8 138
C 2 10 92 11 22 28 3 9 8 145
C 2 10 93 5 7 10 1 2 18 23
C 2 10 94 11 22 28 3 9 8 149
C 2 10 95 11 26 32 3 11 9 183
C 2 10 96 11 27 32 3 10 17 187
C 2 10 97 11 26 32 3 11 9 187
C 2 10 98 11 26 32 3 11 9 191
C 2 10 99 11 26 32 3 11 9 191
C 2 10 100 11 26 35 3 15 18 296
C 2 10 101 11 25 35 3 16 8 296
C 2 10 102 4 4 5 1 2 7 14
C 2 10 103 5 7 6 1 3 18 23
C 2 10 104 6 8 11 3 4 17 36
C 2 10 105 4 4 4 1 2 7 15
C 2 10 106 7 10 7 1 4 18 38
C 2 10 107 5 5 5 1 2 7 19
C 2 10 108 5 4 6 1 3 7 23
C 2 10 109 11 27 35 3 14 9 361
C 2 10 110 11 27 35 3 14 9 361
C 2 10 111 11 27 35 3 14 9 365
C 2 10 112 5 7 5 1 2 18 22
C 2 10 113 6 7 7 1 3 8 37
C 2 10 114 6 6 8 3 4 8 33
C 2 10 115 5 5 6 1 3 8 27
C 2 10 116 6 7 7 3 3 18 27
C 2 10 117 6 8 5 1 4 8 30
C 2 10 118 6 9 7 1 3 8 37
C 2 10 119 6 10 10 1 3 18 53
C 2 10 120 7 9 7 1 4 8 38
C 2 10 121 5 5 4 1 4 8 22
C 2 10 122 6 11 9 1 4 8 49
C 2 10 123 10 22 26 3 8 17 119
C 2 10 124 10 21 27 3 8 18 119
C 2 10 125 10 21 26 3 9 9 119
C 2 10 126 10 21 27 3 9 9 122
C 2 10 127 10 22 26 3 8 18 133
C 2 10 128 10 21 26 3 9 8 133
C 2 10 129 9 23 30 3 11 18 176
C 2 10 130 11 22 27 3 9 9 135
C 2 10 131 10 21 26 3 9 8 137
C 2 10 132 5 9 7 3 4 18 28
C 2 10 133 10 21 28 3 9 8 144
C 2 10 134 11 22 27 3 9 8 149
C 2 10 135 11 22 27 3 9 8 153
C 2 10 136 11 26 31 3 11 9 187
C 2 10 137 11 26 31 3 11 9 191
C 2 10 138 11 26 31 3 11 9 195
C 2 10 139 11 27 31 3 10 17 195
C 2 10 140 11 26 31 3 11 9 195
C 2 10 141 11 26 34 3 15 18 300
C 2 10 142 11 25 34 3 16 8 300
C 2 10 143 4 5 4 1 2 17 15
C 2 10 144 5 5 4 1 4 7 19
C 2 10 145 6 10 8 3 4 18 35
C 2 10 146 5 6 5 1 4 7 23
C 2 10 147 11 27 34 3 14 9 365
C 2 10 148 11 27 34 3 14 9 365
C 2 10 149 10 27 33 3 13 17 349
C 2 10 150 11 27 34 3 14 9 369
C 2 10 151 5 8 6 1 3 8 29
C 2 10 152 5 6 6 1 3 8 29
C 2 10 153 5 6 7 1 3 8 30
C 2 10 154 2 3 0 0 0 8 3
C 2 10 155 5 6 6 1 3 8 21
C 2 10 156 5 7 6 1 2 18 29
C 2 10 157 6 8 10 1 4 8 38
C 2 10 158 6 10 8 1 4 8 41
C 2 10 159 5 5 3 1 2 8 21
C 2 10 160 6 10 8 1 4 8 45
C 2 10 161 10 22 26 3 8 17 122
C 2 10 162 10 21 26 3 9 9 122
C 2 10 163 11 23 27 3 8 17 126
C 2 10 164 11 22 27 3 9 9 126
C 2 10 165 10 22 25 3 8 18 136
C 2 10 166 10 21 25 3 9 8 136
C 2 10 167 11 22 27 3 9 9 138
C 2 10 168 10 21 26 3 9 8 140
C 2 10 169 5 8 7 3 3 18 28
C 2 10 170 11 22 27 3 9 8 145
C 2 10 171 11 22 26 3 9 8 152
C 2 10 172 11 22 27 3 9 8 156
C 2 10 173 11 26 31 3 11 9 190
C 2 10 174 11 27 31 3 10 17 194
C 2 10 175 11 26 31 3 11 9 194
C 2 10 176 11 26 31 3 11 9 198
C 2 10 177 11 27 31 3 10 17 198
C 2 10 178 11 26 31 3 11 9 198
C 2 10 179 11 26 34 3 15 18 303
C 2 10 180 11 25 34 3 16 8 303
C 2 10 181 5 6 6 1 3 7 21
C 2 10 182 5 7 5 1 2 18 22
C 2 10 183 5 6 6 1 2 17 22
C 2 10 184 5 6 5 1 3 7 22
C 2 10 185 5 7 6 1 3 7 26
C 2 10 186 5 6 6 1 3 7 30
C 2 10 187 11 28 34 3 13 17 368
C 2 10 188 11 27 34 3 14 9 368
C 2 10 189 11 28 34 3 13 17 368
C 2 10 190 11 27 34 3 14 9 368
C 2 10 191 11 27 34 3 14 9 372
C 2 10 192 5 4 4 1 2 8 23
C 2 10 193 5 5 3 1 2 8 22
C 2 10 194 6 10 8 1 4 8 41
C 2 10 195 10 21 25 3 9 9 122
C 2 10 196 11 22 26 3 9 9 126
C 2 10 197 10 21 25 3 9 8 136
C 2 10 198 11 22 26 3 9 9 138
C 2 10 199 6 9 7 3 6 18 32
C 2 10 200 10 21 25 3 9 8 140
C 2 10 201 11 22 27 3 9 8 145
C 2 10 202 11 22 26 3 9 8 152
C 2 10 203 11 22 26 3 9 8 156
C 2 10 204 11 26 31 3 11 9 190
C 2 10 205 11 26 30 3 11 9 194
C 2 10 206 11 26 30 3 11 9 198
C 2 10 207 11 26 31 3 11 9 198
C 2 10 208 11 25 33 3 16 8 303
C 2 10 209 6 7 7 3 5 7 41
C 2 10 210 5 7 5 1 4 7 22
C 2 10 211 5 7 7 1 4 7 29
C 2 10 212 5 7 6 1 4 7 30
C 2 10 213 11 27 33 3 14 9 368
C 2 10 214 5 6 7 1 3 8 30
C 2 10 215 7 9 8 1 4 8 41
C 2 10 216 6 10 9 1 5 8 37
C 2 10 217 11 23 28 3 8 17 126
C 2 10 218 10 21 27 3 9 8 136
C 2 10 219 11 22 28 3 9 9 138
C 2 10 220 10 21 27 3 9 8 140
C 2 10 221 10 21 27 3 9 8 141
C 2 10 222 11 22 28 3 9 8 152
C 2 10 223 11 22 28 3 9 8 156
C 2 10 224 11 26 31 3 11 9 190
C 2 10 225 11 26 31 3 11 9 194
C 2 10 226 11 26 31 3 11 9 198
C 2 10 227 11 26 31 3 11 9 198
C 2 10 228 11 26 34 3 15 18 303
C 2 10 229 11 25 34 3 16 8 303
C 2 10 230 5 6 6 1 3 7 21
C 2 10 231 4 6 4 1 2 17 14
C 2 10 232 5 7 5 1 4 7 22
C 2 10 233 5 8 8 1 3 18 30
C 2 10 234 5 9 7 1 4 7 29
C 2 10 235 5 7 6 1 4 7 30
C 2 10 236 11 27 34 3 14 9 372
C 2 10 237 6 8 7 1 4 8 34
C 2 10 238 6 8 8 1 3 8 34
C 2 10 239 5 6 5 1 2 8 30
C 2 10 240 6 8 7 1 3 8 41
C 2 10 241 6 8 9 1 4 8 42
C 2 10 242 6 8 8 1 4 8 45
C 2 10 243 5 7 8 3 3 18 24
C 2 10 244 10 21 26 3 9 9 123
C 2 10 245 11 23 27 3 8 17 127
C 2 10 246 11 22 27 3 9 9 127
C 2 10 247 10 21 26 3 9 8 137
C 2 10 248 11 22 26 3 9 9 139
C 2 10 249 10 21 26 3 9 8 141
C 2 10 250 9 23 29 3 11 18 172
C 2 10 251 11 22 28 3 9 8 146
C 2 10 252 11 22 26 3 9 8 153
C 2 10 253 11 22 26 3 9 8 157
C 2 10 254 11 26 31 3 11 9 191
C 2 10 255 11 26 31 3 11 9 195
C 2 10 256 11 26 31 3 11 9 199
C 2 10 257 11 26 30 3 11 9 199
C 2 10 258 11 26 33 3 15 18 304
C 2 10 259 11 25 33 3 16 8 304
C 2 10 260 4 6 5 1 2 17 15
C 2 10 261 5 5 7 1 3 7 22
C 2 10 262 5 6 6 1 4 7 23
C 2 10 263 5 7 7 1 4 7 27
C 2 10 264 5 6 7 1 4 7 31
C 2 10 265 11 27 34 3 14 9 369
C 2 10 266 11 27 33 3 14 9 369
C 2 10 267 11 27 33 3 14 9 373
C 2 10 268 7 9 6 1 3 18 45
C 2 10 269 6 7 5 1 3 8 37
C 2 10 270 6 11 9 1 4 18 49
C 2 10 271 6 11 8 1 5 8 49
C 2 10 272 10 23 26 3 9 17 126
C 2 10 273 9 21 26 3 8 18 121
C 2 10 274 10 22 26 3 10 9 126
C 2 10 275 11 22 27 3 10 9 130
C 2 10 276 10 23 25 3 9 18 140
C 2 10 277 10 22 26 3 9 18 140
C 2 10 278 10 22 25 3 10 8 140
C 2 10 279 9 23 30 3 11 18 172
C 2 10 280 11 23 27 3 10 9 142
C 2 10 281 10 22 26 3 10 8 144
C 2 10 282 11 23 27 3 10 8 149
C 2 10 283 11 23 27 3 9 18 156
C 2 10 284 11 23 26 3 10 8 156
C 2 10 285 11 23 27 3 10 8 160
C 2 10 286 11 27 32 3 11 18 194
C 2 10 287 11 27 31 3 12 9 194
C 2 10 288 11 27 31 3 12 9 198
C 2 10 289 11 27 31 3 12 9 202
C 2 10 290 11 28 31 3 11 17 202
C 2 10 291 11 27 31 3 12 9 202
C 2 10 292 11 27 34 3 16 18 307
C 2 10 293 11 26 34 3 17 8 307
C 2 10 294 6 8 6 1 3 7 37
C 2 10 295 6 7 6 1 3 17 26
C 2 10 296 5 6 5 2 5 17 22
C 2 10 297 6 7 6 1 4 7 34
C 2 10 298 11 29 34 3 14 17 372
C 2 10 299 11 28 34 3 15 9 372
C 2 10 300 11 28 34 3 15 9 372
C 2 10 301 11 28 34 3 15 9 376
C 2 10 302 7 8 7 1 3 8 45
C 2 10 303 6 7 7 1 3 8 30
C 2 10 304 10 23 27 3 8 17 126
C 2 10 305 10 22 27 3 9 9 126
C 2 10 306 11 23 28 3 8 17 130
C 2 10 307 11 22 28 3 9 9 130
C 2 10 308 10 22 26 3 9 8 140
C 2 10 309 11 23 28 3 9 9 142
C 2 10 310 10 22 27 3 9 8 144
C 2 10 311 11 24 28 3 8 18 149
C 2 10 312 11 23 28 3 9 8 149
C 2 10 313 11 23 27 3 9 8 156
C 2 10 314 11 23 28 3 9 8 160
C 2 10 315 11 27 32 3 11 9 198
C 2 10 316 11 27 32 3 11 9 202
C 2 10 317 11 27 35 3 15 18 307
C 2 10 318 11 26 35 3 16 8 307
C 2 10 319 6 8 5 1 3 7 30
C 2 10 320 6 7 6 1 3 7 26
C 2 10 321 5 6 6 1 3 7 29
C 2 10 322 6 7 7 1 3 7 34
C 2 10 323 11 28 35 3 14 9 372
C 2 10 324 11 28 35 3 14 9 372
C 2 10 325 11 28 35 3 14 9 376
C 2 10 326 6 10 7 1 4 8 37
C 2 10 327 7 10 7 1 4 8 53
C 2 10 328 7 12 9 1 4 8 57
C 2 10 329 10 24 27 3 8 17 134
C 2 10 330 9 21 26 3 8 18 129
C 2 10 331 10 23 27 3 9 9 134
C 2 10 332 11 24 28 3 8 17 138
C 2 10 333 11 23 28 3 9 9 138
C 2 10 334 10 22 26 3 9 8 148
C 2 10 335 9 23 30 3 11 18 180
C 2 10 336 11 24 28 3 9 9 150
C 2 10 337 10 23 27 3 9 8 152
C 2 10 338 11 24 28 3 8 18 157
C 2 10 339 11 23 28 3 9 8 157
C 2 10 340 11 23 27 3 9 8 164
C 2 10 341 11 24 28 3 9 8 168
C 2 10 342 11 29 32 3 10 17 202
C 2 10 343 11 28 32 3 11 9 202
C 2 10 344 11 28 32 3 11 9 206
C 2 10 345 11 28 32 3 11 9 210
C 2 10 346 11 28 32 3 11 9 210
C 2 10 347 11 28 35 3 15 18 315
C 2 10 348 11 27 35 3 16 8 315
C 2 10 349 7 9 8 1 4 7 33
C 2 10 350 7 8 6 1 3 7 34
C 2 10 351 6 7 5 1 3 7 30
C 2 10 352 7 8 7 1 3 7 42
C 2 10 353 11 30 35 3 13 17 380
C 2 10 354 11 29 35 3 14 9 380
C 2 10 355 11 30 35 3 13 17 380
C 2 10 356 11 29 35 3 14 9 380
C 2 10 357 11 29 35 3 14 9 384
C 2 10 358 6 8 7 1 5 8 30
C 2 10 359 10 23 26 3 8 17 134
C 2 10 360 10 22 26 3 9 9 134
C 2 10 361 11 23 27 3 9 9 138
C 2 10 362 11 23 27 3 9 9 150
C 2 10 363 10 21 25 3 9 8 152
C 2 10 364 11 23 27 3 9 8 164
C 2 10 365 11 22 26 3 9 8 168
C 2 10 366 11 27 32 3 11 9 202
C 2 10 367 11 26 30 3 11 9 206
C 2 10 368 11 27 31 3 11 9 210
C 2 10 369 11 28 32 3 10 17 210
C 2 10 370 11 27 32 3 11 9 210
C 2 10 371 11 27 34 3 15 18 315
C 2 10 372 11 26 34 3 16 8 315
C 2 10 373 5 7 6 1 4 7 26
C 2 10 374 4 4 3 1 2 17 11
C 2 10 375 6 8 7 1 4 7 42
C 2 10 376 11 29 34 3 13 17 380
C 2 10 377 11 28 34 3 14 9 380
C 2 10 378 11 28 35 3 14 9 380
C 2 10 379 10 26 31 3 13 17 353
C 2 10 380 11 27 33 3 14 9 384
C 2 10 381 6 11 9 1 4 8 57
C 2 10 382 10 23 27 3 8 17 134
C 2 10 383 10 22 27 3 9 9 134
C 2 10 384 11 23 28 3 9 9 138
C 2 10 385 10 21 27 3 9 8 144
C 2 10 386 11 23 28 3 9 9 150
C 2 10 387 10 22 26 3 9 8 152
C 2 10 388 11 23 28 3 9 8 157
C 2 10 389 11 23 27 3 9 8 164
C 2 10 390 11 23 27 3 9 8 168
C 2 10 391 11 27 32 3 11 9 210
C 2 10 392 11 27 32 3 11 9 210
C 2 10 393 11 27 35 3 15 18 315
C 2 10 394 11 26 35 3 16 8 315
C 2 10 395 6 9 7 1 4 7 29
C 2 10 396 5 6 4 1 3 17 19
C 2 10 397 6 11 9 1 5 7 45
C 2 10 398 11 28 35 3 14 9 380
C 2 10 399 11 28 35 3 14 9 380
C 2 10 400 11 28 34 3 14 9 384
C 2 10 401 10 22 26 3 9 9 138
C 2 10 402 11 23 27 3 9 9 142
C 2 10 403 10 22 26 3 9 8 152
C 2 10 404 11 23 27 3 9 9 154
C 2 10 405 10 22 26 3 9 8 156
C 2 10 406 11 23 28 3 9 8 161
C 2 10 407 11 23 27 3 9 8 168
C 2 10 408 11 23 27 3 9 8 172
C 2 10 409 11 27 32 3 11 9 206
C 2 10 410 11 27 32 3 11 9 214
C 2 10 411 11 26 34 3 16 8 319
C 2 10 412 6 8 6 1 4 7 38
C 2 10 413 6 9 7 1 4 7 42
C 2 10 414 10 23 27 3 8 17 229
C 2 10 415 10 22 27 3 9 9 229
C 2 10 416 5 3 5 2 3 8 19
C 2 10 417 10 22 27 3 9 9 233
C 2 10 418 11 22 27 3 9 9 238
C 2 10 419 11 24 28 3 8 17 245
C 2 10 420 11 23 28 3 9 9 245
C 2 10 421 11 23 28 3 9 9 249
C 2 10 422 11 27 33 3 12 17 283
C 2 10 423 10 26 33 3 12 17 280
C 2 10 424 11 26 33 3 13 8 283
C 2 10 425 11 27 32 3 12 17 287
C 2 10 426 10 26 32 3 12 17 284
C 2 10 427 11 26 32 3 13 8 287
C 2 10 428 11 27 32 3 12 17 291
C 2 10 429 11 26 32 3 13 8 291
C 2 10 430 11 27 33 3 12 17 291
C 2 10 431 10 26 33 3 12 17 288
C 2 10 432 11 26 33 3 13 8 291
C 2 10 433 11 25 33 3 16 9 396
C 2 10 434 7 16 25 2 2 17 73
C 2 10 435 10 21 27 3 9 8 114
C 2 10 436 10 23 27 3 10 17 142
C 2 10 437 8 19 24 3 7 17 91
C 2 10 438 10 21 25 3 9 8 115
C 2 10 439 10 23 26 3 8 17 119
C 2 10 440 8 19 25 3 7 17 98
C 2 10 441 10 22 26 3 9 8 119
C 2 10 442 8 19 25 3 7 17 99
C 2 10 443 10 21 26 3 9 8 123
C 2 10 444 10 27 31 3 12 16 288
C 2 10 445 10 25 32 3 15 18 288
C 2 10 446 11 28 35 3 16 10 461
C 2 10 447 11 28 37 3 15 18 461
C 2 10 448 11 28 36 3 16 10 461
C 2 10 449 11 28 36 3 15 18 465
C 2 10 450 11 28 35 3 16 10 465
C 2 10 451 11 23 28 3 9 9 233
C 2 10 452 6 6 7 3 4 8 27
C 2 10 453 11 23 28 3 9 9 237
C 2 10 454 10 22 28 3 9 9 237
C 2 10 455 11 24 29 3 9 9 249
C 2 10 456 11 24 29 3 9 9 253
C 2 10 457 11 27 35 3 12 17 287
C 2 10 458 11 27 34 3 13 8 287
C 2 10 459 11 27 34 3 12 17 291
C 2 10 460 11 27 33 3 13 8 291
C 2 10 461 11 27 33 3 13 8 295
C 2 10 462 11 28 34 3 12 17 295
C 2 10 463 11 27 34 3 13 8 295
C 2 10 464 11 26 34 3 16 9 400
C 2 10 465 11 22 28 3 9 8 118
C 2 10 466 11 22 26 3 9 8 119
C 2 10 467 11 23 27 3 8 17 123
C 2 10 468 11 22 27 3 9 8 123
C 2 10 469 8 19 25 3 7 17 98
C 2 10 470 11 22 27 3 9 8 127
C 2 10 471 11 30 37 3 15 16 465
C 2 10 472 11 29 36 3 16 10 469
C 2 10 473 10 22 27 3 9 8 247
C 2 10 474 11 23 28 3 9 8 263
C 2 10 475 11 28 33 3 12 17 297
C 2 10 476 11 27 33 3 13 9 297
C 2 10 477 11 28 32 3 12 17 301
C 2 10 478 11 27 32 3 13 9 301
C 2 10 479 11 27 32 3 13 9 305
C 2 10 480 11 27 33 3 13 9 305
C 2 10 481 11 27 35 3 15 18 410
C 2 10 482 11 26 35 3 16 8 410
C 2 10 483 10 21 27 3 9 7 128
C 2 10 484 8 19 23 3 8 17 91
C 2 10 485 10 21 25 3 9 7 129
C 2 10 486 10 23 26 3 8 18 133
C 2 10 487 10 22 26 3 9 7 133
C 2 10 488 10 21 26 3 9 7 137
C 2 10 489 11 29 35 3 15 17 475
C 2 10 490 11 28 35 3 16 9 475
C 2 10 491 11 28 36 3 16 9 475
C 2 10 492 11 28 35 3 16 9 479
C 2 10 493 11 23 28 3 9 9 254
C 2 10 494 11 27 35 3 12 17 299
C 2 10 495 11 27 34 3 13 8 299
C 2 10 496 11 27 34 3 12 17 303
C 2 10 497 11 27 33 3 13 8 303
C 2 10 498 11 27 33 3 13 8 307
C 2 10 499 11 27 34 3 12 17 307
C 2 10 500 11 27 33 3 13 8 307
C 2 10 501 11 26 33 3 16 9 412
C 2 10 502 5 8 10 1 2 17 23
C 2 10 503 11 22 28 3 9 8 130
C 2 10 504 11 22 27 3 8 17 131
C 2 10 505 11 22 26 3 9 8 131
C 2 10 506 11 23 28 3 8 17 135
C 2 10 507 11 23 27 3 9 8 135
C 2 10 508 9 24 32 3 11 17 178
C 2 10 509 11 22 27 3 9 8 139
C 2 10 510 11 29 37 3 15 18 477
C 2 10 511 11 29 36 3 16 10 477
C 2 10 512 11 29 37 3 15 18 477
C 2 10 513 11 29 36 3 16 10 477
C 2 10 514 11 29 36 3 15 18 481
C 2 10 515 11 29 35 3 16 10 481
C 2 10 516 11 23 29 3 9 8 256
C 2 10 517 11 27 33 3 13 9 301
C 2 10 518 11 26 31 3 13 9 305
C 2 10 519 11 27 32 3 13 9 309
C 2 10 520 11 27 33 3 13 9 309
C 2 10 521 11 26 35 3 16 8 414
C 2 10 522 10 21 27 3 9 7 132
C 2 10 523 8 19 24 3 8 17 95
C 2 10 524 10 21 25 3 9 7 133
C 2 10 525 10 22 26 3 9 7 137
C 2 10 526 7 18 23 3 6 17 82
C 2 10 527 10 21 26 3 9 7 141
C 2 10 528 11 28 35 3 16 9 479
C 2 10 529 11 28 36 3 16 9 479
C 2 10 530 11 27 34 3 16 9 483
C 2 10 531 11 23 29 3 9 8 268
C 2 10 532 11 24 30 3 9 8 272
C 2 10 533 11 28 35 3 12 17 306
C 2 10 534 11 27 35 3 13 9 306
C 2 10 535 11 27 34 3 13 9 310
C 2 10 536 11 28 34 3 12 17 314
C 2 10 537 11 27 34 3 13 9 314
C 2 10 538 11 27 35 3 13 9 314
C 2 10 539 11 27 35 3 15 18 419
C 2 10 540 11 26 35 3 16 8 419
C 2 10 541 11 22 29 3 9 7 137
C 2 10 542 11 22 27 3 9 7 138
C 2 10 543 7 10 6 1 5 18 38
C 2 10 544 11 23 28 3 9 7 142
C 2 10 545 11 22 28 3 9 7 146
C 2 10 546 11 30 37 3 15 17 484
C 2 10 547 11 29 37 3 16 9 484
C 2 10 548 11 29 38 3 16 9 484
C 2 10 549 11 29 37 3 16 9 488
C 2 10 550 11 28 34 3 13 9 313
C 2 10 551 11 28 33 3 13 9 317
C 2 10 552 11 28 33 3 13 9 321
C 2 10 553 11 28 33 3 13 9 321
C 2 10 554 11 28 35 3 15 18 426
C 2 10 555 11 27 35 3 16 8 426
C 2 10 556 11 22 28 3 9 7 144
C 2 10 557 11 22 27 3 8 17 145
C 2 10 558 11 22 26 3 9 7 145
C 2 10 559 11 23 27 3 9 7 149
C 2 10 560 11 22 27 3 9 7 153
C 2 10 561 11 29 36 3 16 9 491
C 2 10 562 11 29 36 3 16 9 491
C 2 10 563 11 29 35 3 16 9 495
C 2 10 564 11 28 34 3 13 9 317
C 2 10 565 11 27 32 3 13 9 321
C 2 10 566 11 28 33 3 13 9 325
C 2 10 567 11 28 33 3 13 9 325
C 2 10 568 11 27 35 3 16 8 430
C 2 10 569 11 22 28 3 9 7 148
C 2 10 570 11 22 27 3 8 17 149
C 2 10 571 11 22 26 3 9 7 149
C 2 10 572 11 23 27 3 9 7 153
C 2 10 573 11 22 28 3 8 17 157
C 2 10 574 11 22 27 3 9 7 157
C 2 10 575 11 29 36 3 16 9 495
C 2 10 576 11 29 36 3 16 9 495
C 2 10 577 11 28 34 3 16 9 499
C 2 10 578 11 28 34 3 10 17 355
C 2 10 579 11 28 34 3 10 17 359
C 2 10 580 6 9 10 1 4 8 53
C 2 10 581 11 28 37 3 16 9 464
C 2 10 582 11 26 32 3 11 8 182
C 2 10 583 11 26 30 3 11 8 183
C 2 10 584 11 27 31 3 11 8 187
C 2 10 585 11 26 31 3 11 8 191
C 2 10 586 9 25 29 3 10 16 172
C 2 10 587 11 28 35 3 13 18 529
C 2 10 588 11 28 34 3 14 10 529
C 2 10 589 11 28 35 3 13 18 529
C 2 10 590 11 28 34 3 14 10 529
C 2 10 591 11 30 37 3 13 18 533
C 2 10 592 11 30 36 3 14 10 533
C 2 10 593 11 28 34 3 10 17 363
C 2 10 594 5 6 5 1 3 8 26
C 2 10 595 11 28 36 3 16 9 468
C 2 10 596 11 26 32 3 11 8 186
C 2 10 597 11 26 30 3 11 8 187
C 2 10 598 11 27 31 3 11 8 191
C 2 10 599 11 26 31 3 11 8 195
C 2 10 600 10 26 31 3 10 16 184
C 2 10 601 11 30 36 3 13 18 533
C 2 10 602 11 30 35 3 14 10 533
C 2 10 603 11 30 36 3 14 10 533
C 2 10 604 9 25 29 3 10 16 176
C 2 10 605 11 28 34 3 14 10 537
C 2 10 606 5 6 6 1 3 8 30
C 2 10 607 11 28 36 3 16 9 472
C 2 10 608 11 26 32 3 11 8 190
C 2 10 609 11 26 30 3 11 8 191
C 2 10 610 11 27 31 3 11 8 195
C 2 10 611 11 26 30 3 11 8 199
C 2 10 612 9 25 29 3 10 16 180
C 2 10 613 11 29 34 3 14 10 537
C 2 10 614 11 30 36 3 14 10 537
C 2 10 615 11 30 35 3 14 10 541
C 2 10 616 11 27 35 3 16 9 472
C 2 10 617 11 26 32 3 11 8 190
C 2 10 618 4 5 4 1 1 17 14
C 2 10 619 11 26 30 3 11 8 191
C 2 10 620 11 27 31 3 11 8 195
C 2 10 621 11 26 31 3 11 8 199
C 2 10 622 10 26 30 3 10 16 192
C 2 10 623 11 30 36 3 14 10 537
C 2 10 624 9 25 29 3 10 16 180
C 2 10 625 11 29 34 3 14 10 537
C 2 10 626 11 29 34 3 14 10 541
C 2 10 627 11 25 35 3 16 7 295
C 2 10 628 11 26 33 3 15 18 296
C 2 10 629 11 25 33 3 16 7 296
C 2 10 630 11 27 34 3 15 18 300
C 2 10 631 11 26 34 3 16 7 300
C 2 10 632 11 25 34 3 16 7 304
C 2 10 633 11 30 38 3 16 9 642
C 2 10 634 10 26 31 3 13 17 279
C 2 10 635 11 28 37 3 16 9 642
C 2 10 636 11 28 36 3 16 9 646
C 2 10 637 4 4 4 1 3 8 14
C 2 10 638 5 4 3 1 3 8 19
C 2 10 639 11 27 35 3 14 8 360
C 2 10 640 11 27 35 3 14 8 360
C 2 10 641 11 27 35 3 14 8 364
C 2 10 642 5 4 4 1 3 8 23
C 2 10 643 11 28 33 3 13 17 361
C 2 10 644 11 27 33 3 14 8 361
C 2 10 645 11 27 33 3 14 8 361
C 2 10 646 11 27 33 3 14 8 365
C 2 10 647 5 7 5 1 2 17 22
C 2 10 648 5 5 5 1 3 8 27
C 2 10 649 11 29 34 3 13 17 365
C 2 10 650 11 28 34 3 14 8 365
C 2 10 651 10 26 31 3 13 17 361
C 2 10 652 11 28 34 3 14 8 365
C 2 10 653 11 28 34 3 14 8 369
C 2 10 654 11 27 33 3 14 8 369
C 2 10 655 11 27 34 3 14 8 369
C 2 10 656 11 27 34 3 14 8 373
M 2 10 5 4 3 2 2
M 2 10 5 5 5 2 2
M 2 10 6 7 5 2 1
M 2 10 11 22 27 4 8
M 2 10 4 2 3 1 1
M 2 10 5 4 3 2 1
M 2 10 4 4 5 1 2
M 2 10 5 4 6 1 3
M 2 10 6 7 7 3 5
M 2 10 5 6 6 1 4
M 2 10 6 8 6 1 3
M 2 10 6 8 5 1 3
M 2 10 6 11 9 1 5
M 2 10 5 5 5 1 3
M 2 10 5 4 4 1 3
M 2 10 4 4 4 1 3
M 2 10 5 5 6 1 2
M 2 10 6 9 9 1 4
M 2 10 5 5 6 1 3
M 2 10 6 9 7 1 3
M 2 10 10 21 28 3 9
M 2 10 6 8 10 1 4
M 2 10 6 10 9 1 5
M 2 10 5 6 5 1 2
M 2 10 6 8 7 1 3
M 2 10 10 22 25 3 10
M 2 10 11 26 34 3 17
M 2 10 7 12 9 1 4
M 2 10 5 3 5 2 3
M 2 10 11 28 34 3 16
M 2 10 11 29 38 3 16
M 2 10 11 26 31 3 13
M 2 10 11 26 33 3 16
M 2 10 10 27 31 3 12
M 2 10 3 3 2 1 1
M 2 10 11 22 28 3 8
M 2 10 8 23 26 3 6
M 2 10 11 27 32 3 10
M 2 10 4 5 4 1 2
M 2 10 5 6 6 1 2
M 2 10 11 28 35 3 12
M 2 10 4 6 5 1 2
M 2 10 8 19 24 3 8
M 2 10 9 24 32 3 11
M 2 10 10 24 27 3 8
M 2 10 11 28 32 3 10
M 2 10 10 26 32 3 12
M 2 10 10 23 27 3 10
M 2 10 5 8 10 1 2
M 2 10 4 5 5 1 2
M 2 10 5 7 5 1 1
M 2 10 6 8 6 1 2
M 2 10 11 29 36 3 15
M 2 10 6 9 8 1 5
M 2 10 9 20 26 3 8
M 2 10 6 8 6 3 5
M 2 10 7 19 23 3 5
M 2 10 11 26 35 3 15
M 2 10 6 7 7 3 3
M 2 10 10 21 27 3 8
M 2 10 6 10 8 3 4
M 2 10 10 22 25 3 8
M 2 10 6 9 7 3 6
M 2 10 5 7 8 3 3
M 2 10 11 30 37 3 13
M 2 10 10 23 25 3 9
M 2 10 5 5 4 2 1
M 2 10 6 7 4 2 2
M 2 10 11 25 33 4 15
M 2 10 5 4 4 2 2
M 2 10 5 6 5 1 4
M 2 10 5 7 5 1 4
M 2 10 5 9 7 1 4
M 2 10 6 7 6 1 4
M 2 10 6 9 10 1 4
M 2 10 5 4 3 1 3
M 2 10 5 5 6 1 4
M 2 10 5 5 7 1 3
M 2 10 6 8 8 1 4
M 2 10 11 25 35 3 16
M 2 10 6 6 8 3 4
M 2 10 7 9 7 1 4
M 2 10 11 26 32 3 13
M 2 10 2 3 0 0 0
M 2 10 5 6 5 1 3
M 2 10 7 9 8 1 4
M 2 10 6 8 8 1 3
M 2 10 11 26 33 3 13
M 2 10 6 11 8 1 5
M 2 10 7 8 7 1 3
M 2 10 11 23 29 3 9
M 2 10 11 28 37 3 16
M 2 10 10 22 28 3 9
M 2 10 11 29 37 3 16
M 2 10 11 24 28 3 9
M 2 10 10 22 26 3 10
M 2 10 11 29 35 3 16
M 2 10 10 26 31 3 10
M 2 10 4 4 3 1 1
M 2 10 5 6 4 1 3
M 2 10 8 19 23 3 8
M 2 10 6 8 11 3 4
M 2 10 7 16 25 2 2
M 2 10 11 27 35 3 12
M 2 10 11 28 33 3 12
M 2 10 11 27 32 3 12
M 2 10 11 29 32 3 10
M 2 10 11 30 37 3 15
M 2 10 10 23 26 3 9
M 2 10 11 28 34 3 12
M 2 10 3 3 3 1 0
M 2 10 4 5 4 1 1
M 2 10 11 28 36 3 15
M 2 10 10 25 33 3 15
M 2 10 11 28 37 3 15
M 2 10 10 25 32 3 15
M 2 10 5 9 7 3 4
M 2 10 11 30 36 3 13
M 2 10 7 10 7 1 4
M 2 10 6 10 10 1 3
M 2 10 5 7 6 1 2
M 2 10 5 8 7 3 3
M 2 10 11 28 35 3 15
M 2 10 11 28 35 3 13
M 2 10 11 26 33 3 15
M 2 10 6 8 6 2 3
M 2 10 11 27 33 4 13
M 2 10 6 10 8 1 4
M 2 10 11 28 34 3 15
M 2 10 11 22 27 3 8
M 2 10 10 23 27 3 8
M 2 10 8 19 25 3 7
M 2 10 11 23 27 3 8
M 2 10 4 6 4 1 2
M 2 10 10 23 26 3 8
M 2 10 9 23 30 3 11
M 2 10 4 3 3 2 0
M 2 10 7 8 6 2 2
M 2 10 11 26 30 4 10
M 2 10 4 3 2 2 1
M 2 10 6 9 7 1 4
M 2 10 6 7 5 1 3
M 2 10 6 8 6 1 4
M 2 10 0 0 0 0 0
M 2 10 6 8 9 1 4
M 2 10 6 8 7 1 4
M 2 10 6 8 7 1 5
M 2 10 6 8 5 1 4
M 2 10 11 25 34 3 16
M 2 10 5 6 7 1 3
M 2 10 11 24 30 3 9
M 2 10 6 6 7 3 4
M 2 10 11 28 32 3 11
M 2 10 11 25 33 3 16
M 2 10 11 24 29 3 9
M 2 10 11 27 35 3 16
M 2 10 11 30 36 3 14
M 2 10 11 30 35 3 14
M 2 10 3 2 3 0 1
M 2 10 10 27 33 3 13
M 2 10 11 29 34 3 13
M 2 10 11 29 35 3 15
M 2 10 11 23 28 3 8
M 2 10 8 19 24 3 7
M 2 10 11 28 34 3 13
M 2 10 11 30 35 3 13
M 2 10 4 4 3 1 2
M 2 10 5 7 4 1 2
M 2 10 10 22 27 3 8
M 2 10 9 23 29 3 11
M 2 10 5 8 8 1 3
M 2 10 11 27 34 3 15
M 2 10 6 7 5 1 4
M 2 10 9 22 30 3 11
M 2 10 5 7 6 1 3
M 2 10 11 27 35 3 15
M 2 10 11 27 34 3 13
M 2 10 11 28 35 3 16
M 2 10 7 9 6 1 3
M 2 10 6 7 7 1 3
M 2 10 11 23 27 3 10
M 2 10 11 27 35 3 14
M 2 10 11 27 31 3 10
M 2 10 11 28 33 3 13
M 2 10 11 29 35 3 14
M 2 10 9 21 25 3 8
M 2 10 11 29 36 3 16
M 2 10 10 22 26 3 8
M 2 10 11 22 26 4 8
M 2 10 5 6 7 1 4
M 2 10 5 5 3 1 2
M 2 10 6 10 7 1 4
M 2 10 6 9 9 1 6
M 2 10 5 6 6 1 3
M 2 10 5 7 7 1 4
M 2 10 11 27 31 3 12
M 2 10 10 21 25 3 9
M 2 10 11 27 33 3 14
M 2 10 11 27 32 3 13
M 2 10 11 28 34 3 14
M 2 10 11 22 27 3 10
M 2 10 11 27 33 3 12
M 2 10 10 26 33 3 12
M 2 10 9 25 29 3 10
M 2 10 6 7 6 1 3
M 2 10 11 27 34 3 16
M 2 10 9 21 26 3 8
M 2 10 7 10 6 1 5
M 2 10 11 29 34 3 14
M 2 10 6 11 9 1 4
M 2 10 11 26 30 3 11
M 2 10 11 26 35 3 16
M 2 10 11 27 31 3 11
M 2 10 10 21 26 3 9
M 2 10 10 22 26 3 9
M 2 10 11 28 35 3 14
M 2 10 11 27 34 3 12
M 2 10 11 28 34 3 10
M 2 10 11 22 26 3 9
M 2 10 11 22 28 3 9
M 2 10 11 23 27 3 9
M 2 10 5 5 5 1 2
M 2 10 7 8 6 1 3
M 2 10 5 5 4 1 4
M 2 10 11 23 28 3 9
M 2 10 11 26 34 3 16
M 2 10 10 23 27 3 9
M 2 10 11 26 32 3 11
M 2 10 5 6 5 2 5
M 2 10 11 28 32 3 12
M 2 10 5 7 10 1 2
M 2 10 11 28 31 3 11
M 2 10 11 29 37 3 15
M 2 10 11 27 32 3 11
M 2 10 11 27 34 3 14
M 2 10 10 21 27 3 9
M 2 10 11 28 36 3 16
M 2 10 10 26 31 3 13
M 2 10 11 26 34 3 15
M 2 10 11 23 26 3 10
M 2 10 11 22 27 3 9
M 2 10 5 4 4 1 2
M 2 10 11 27 35 3 13
M 2 10 7 18 23 3 6
M 2 10 11 24 28 3 8
M 2 10 11 26 31 3 11
M 2 10 10 21 25 4 8
M 2 10 5 7 5 1 2
M 2 10 5 7 6 1 4
P 2 10 0 1
P 2 10 1 1
P 2 10 2 1
P 2 10 3 1
P 2 10 4 1
P 2 10 5 1
P 2 10 6 1
P 2 10 7 1
P 2 10 8 1
P 2 10 9 0
P 2 10 10 0
P 2 10 11 0
P 2 10 12 0
P 2 10 13 0
P 2 10 14 0
P 2 10 15 0
P 2 10 16 0
P 2 10 17 0
P 2 10 18 0
P 2 10 19 0
P 2 10 20 0
P 2 10 21 0
P 2 10 22 0
P 2 10 23 0
P 2 10 24 0
P 2 10 25 1
P 2 10 26 1
P 2 10 27 1
P 2 10 28 0
P 2 10 29 0
P 2 10 30 0
P 2 10 31 0
P 2 10 32 0
P 2 10 33 0
P 2 10 34 0
P 2 10 35 0
P 2 10 36 0
P 2 10 37 0
P 2 10 38 0
P 2 10 39 0
P 2 10 40 0
P 2 10 41 0
P 2 10 42 0
P 2 10 43 0
P 2 10 44 0
P 2 10 45 0
P 2 10 46 0
P 2 10 47 0
P 2 10 48 0
P 2 10 49 0
P 2 10 50 0
P 2 10 51 0
P 2 10 52 0
P 2 10 53 0
P 2 10 54 0
P 2 10 55 0
P 2 10 56 0
P 2 10 57 0
P 2 10 58 0
P 2 10 59 0
P 2 10 60 0
P 2 10 61 0
P 2 10 62 0
P 2 10 63 0
P 2 10 64 0
P 2 10 65 0
P 2 10 66 0
P 2 10 67 0
P 2 10 68 0
P 2 10 69 0
P 2 10 70 0
P 2 10 71 0
P 2 10 72 0
P 2 10 73 0
P 2 10 74 0
P 2 10 75 0
P 2 10 76 0
P 2 10 77 0
P 2 10 78 0
P 2 10 79 0
P 2 10 80 0
P 2 10 81 0
P 2 10 82 0
P 2 10 83 0
P 2 10 84 0
P 2 10 85 0
P 2 10 86 0
P 2 10 87 0
P 2 10 88 0
P 2 10 89 0
P 2 10 90 0
P 2 10 91 0
P 2 10 92 0
P 2 10 93 0
P 2 10 94 0
P 2 10 95 0
P 2 10 96 0
P 2 10 97 0
P 2 10 98 0
P 2 10 99 0
P 2 10 100 0
P 2 10 101 0
P 2 10 102 0
P 2 10 103 1
P 2 10 104 0
P 2 10 105 0
P 2 10 106 0
P 2 10 107 0
P 2 10 108 0
P 2 10 109 0
P 2 10 110 0
P 2 10 111 0
P 2 10 112 1
P 2 10 113 0
P 2 10 114 0
P 2 10 115 0
P 2 10 116 0
P 2 10 117 0
P 2 10 118 0
P 2 10 119 0
P 2 10 120 0
P 2 10 121 0
P 2 10 122 0
P 2 10 123 0
P 2 10 124 0
P 2 10 125 0
P 2 10 126 0
P 2 10 127 0
P 2 10 128 0
P 2 10 129 0
P 2 10 130 0
P 2 10 131 0
P 2 10 132 0
P 2 10 133 0
P 2 10 134 0
P 2 10 135 0
P 2 10 136 0
P 2 10 137 0
P 2 10 138 0
P 2 10 139 0
P 2 10 140 0
P 2 10 141 0
P 2 10 142 0
P 2 10 143 0
P 2 10 144 0
P 2 10 145 0
P 2 10 146 0
P 2 10 147 0
P 2 10 148 0
P 2 10 149 0
P 2 10 150 0
P 2 10 151 0
P 2 10 152 0
P 2 10 153 0
P 2 10 154 0
P 2 10 155 0
P 2 10 156 0
P 2 10 157 0
P 2 10 158 0
P 2 10 159 0
P 2 10 160 0
P 2 10 161 0
P 2 10 162 0
P 2 10 163 0
P 2 10 164 0
P 2 10 165 0
P 2 10 166 0
P 2 10 167 0
P 2 10 168 0
P 2 10 169 0
P 2 10 170 0
P 2 10 171 0
P 2 10 172 0
P 2 10 173 0
P 2 10 174 0
P 2 10 175 0
P 2 10 176 0
P 2 10 177 0
P 2 10 178 0
P 2 10 179 0
P 2 10 180 0
P 2 10 181 0
P 2 10 182 1
P 2 10 183 0
P 2 10 184 0
P 2 10 185 0
P 2 10 186 0
P 2 10 187 0
P 2 10 188 0
P 2 10 189 0
P 2 10 190 0
P 2 10 191 0
P 2 10 192 0
P 2 10 193 0
P 2 10 194 0
P 2 10 195 0
P 2 10 196 0
P 2 10 197 0
P 2 10 198 0
P 2 10 199 0
P 2 10 200 0
P 2 10 201 0
P 2 10 202 0
P 2 10 203 0
P 2 10 204 0
P 2 10 205 0
P 2 10 206 0
P 2 10 207 0
P 2 10 208 0
P 2 10 209 0
P 2 10 210 0
P 2 10 211 0
P 2 10 212 0
P 2 10 213 0
P 2 10 214 0
P 2 10 215 0
P 2 10 216 0
P 2 10 217 0
P 2 10 218 0
P 2 10 219 0
P 2 10 220 0
P 2 10 221 0
P 2 10 222 0
P 2 10 223 0
P 2 10 224 0
P 2 10 225 0
P 2 10 226 0
P 2 10 227 0
P 2 10 228 0
P 2 10 229 0
P 2 10 230 0
P 2 10 231 0
P 2 10 232 0
P 2 10 233 0
P 2 10 234 0
P 2 10 235 0
P 2 10 236 0
P 2 10 237 0
P 2 10 238 0
P 2 10 239 0
P 2 10 240 0
P 2 10 241 0
P 2 10 242 0
P 2 10 243 0
P 2 10 244 0
P 2 10 245 0
P 2 10 246 0
P 2 10 247 0
P 2 10 248 0
P 2 10 249 0
P 2 10 250 0
P 2 10 251 0
P 2 10 252 0
P 2 10 253 0
P 2 10 254 0
P 2 10 255 0
P 2 10 256 0
P 2 10 257 0
P 2 10 258 0
P 2 10 259 0
P 2 10 260 0
P 2 10 261 0
P 2 10 262 0
P 2 10 263 0
P 2 10 264 0
P 2 10 265 1
P 2 10 266 0
P 2 10 267 0
P 2 10 268 1
P 2 10 269 0
P 2 10 270 0
P 2 10 271 0
P 2 10 272 0
P 2 10 273 0
P 2 10 274 0
P 2 10 275 0
P 2 10 276 1
P 2 10 277 1
P 2 10 278 0
P 2 10 279 0
P 2 10 280 0
P 2 10 281 0
P 2 10 282 0
P 2 10 283 0
P 2 10 284 0
P 2 10 285 0
P 2 10 286 1
P 2 10 287 0
P 2 10 288 0
P 2 10 289 0
P 2 10 290 0
P 2 10 291 0
P 2 10 292 0
P 2 10 293 0
P 2 10 294 0
P 2 10 295 0
P 2 10 296 1
P 2 10 297 0
P 2 10 298 0
P 2 10 299 0
P 2 10 300 0
P 2 10 301 0
P 2 10 302 0
P 2 10 303 0
P 2 10 304 0
P 2 10 305 0
P 2 10 306 0
P 2 10 307 0
P 2 10 308 0
P 2 10 309 0
P 2 10 310 0
P 2 10 311 0
P 2 10 312 0
P 2 10 313 0
P 2 10 314 0
P 2 10 315 0
P 2 10 316 0
P 2 10 317 0
P 2 10 318 0
P 2 10 319 0
P 2 10 320 0
P 2 10 321 0
P 2 10 322 0
P 2 10 323 0
P 2 10 324 0
P 2 10 325 0
P 2 10 326 0
P 2 10 327 0
P 2 10 328 0
P 2 10 329 0
P 2 10 330 0
P 2 10 331 0
P 2 10 332 0
P 2 10 333 0
P 2 10 334 0
P 2 10 335 0
P 2 10 336 0
P 2 10 337 0
P 2 10 338 0
P 2 10 339 0
P 2 10 340 0
P 2 10 341 0
P 2 10 342 0
P 2 10 343 0
P 2 10 344 0
P 2 10 345 0
P 2 10 346 0
P 2 10 347 0
P 2 10 348 0
P 2 10 349 0
P 2 10 350 0
P 2 10 351 0
P 2 10 352 0
P 2 10 353 0
P 2 10 354 0
P 2 10 355 0
P 2 10 356 0
P 2 10 357 0
P 2 10 358 0
P 2 10 359 0
P 2 10 360 0
P 2 10 361 0
P 2 10 362 0
P 2 10 363 0
P 2 10 364 0
P 2 10 365 0
P 2 10 366 0
P 2 10 367 0
P 2 10 368 0
P 2 10 369 0
P 2 10 370 0
P 2 10 371 0
P 2 10 372 0
P 2 10 373 0
P 2 10 374 0
P 2 10 375 0
P 2 10 376 0
P 2 10 377 0
P 2 10 378 0
P 2 10 379 0
P 2 10 380 0
P 2 10 381 0
P 2 10 382 0
P 2 10 383 0
P 2 10 384 0
P 2 10 385 0
P 2 10 386 0
P 2 10 387 0
P 2 10 388 0
P 2 10 389 0
P 2 10 390 0
P 2 10 391 0
P 2 10 392 0
P 2 10 393 0
P 2 10 394 0
P 2 10 395 0
P 2 10 396 0
P 2 10 397 0
P 2 10 398 0
P 2 10 399 0
P 2 10 400 0
P 2 10 401 0
P 2 10 402 0
P 2 10 403 0
P 2 10 404 0
P 2 10 405 0
P 2 10 406 0
P 2 10 407 0
P 2 10 408 0
P 2 10 409 0
P 2 10 410 0
P 2 10 411 0
P 2 10 412 0
P 2 10 413 0
P 2 10 414 0
P 2 10 415 0
P 2 10 416 0
P 2 10 417 0
P 2 10 418 0
P 2 10 419 0
P 2 10 420 0
P 2 10 421 0
P 2 10 422 0
P 2 10 423 0
P 2 10 424 0
P 2 10 425 0
P 2 10 426 0
P 2 10 427 0
P 2 10 428 0
P 2 10 429 0
P 2 10 430 0
P 2 10 431 0
P 2 10 432 0
P 2 10 433 0
P 2 10 434 0
P 2 10 435 0
P 2 10 436 0
P 2 10 437 0
P 2 10 438 0
P 2 10 439 0
P 2 10 440 0
P 2 10 441 0
P 2 10 442 0
P 2 10 443 0
P 2 10 444 0
P 2 10 445 0
P 2 10 446 1
P 2 10 447 0
P 2 10 448 0
P 2 10 449 0
P 2 10 450 1
P 2 10 451 0
P 2 10 452 0
P 2 10 453 0
P 2 10 454 0
P 2 10 455 0
P 2 10 456 0
P 2 10 457 0
P 2 10 458 0
P 2 10 459 0
P 2 10 460 0
P 2 10 461 0
P 2 10 462 0
P 2 10 463 0
P 2 10 464 0
P 2 10 465 0
P 2 10 466 0
P 2 10 467 0
P 2 10 468 0
P 2 10 469 0
P 2 10 470 0
P 2 10 471 1
P 2 10 472 0
P 2 10 473 0
P 2 10 474 0
P 2 10 475 0
P 2 10 476 0
P 2 10 477 0
P 2 10 478 0
P 2 10 479 0
P 2 10 480 0
P 2 10 481 0
P 2 10 482 0
P 2 10 483 0
P 2 10 484 0
P 2 10 485 0
P 2 10 486 0
P 2 10 487 0
P 2 10 488 0
P 2 10 489 0
P 2 10 490 0
P 2 10 491 0
P 2 10 492 0
P 2 10 493 0
P 2 10 494 0
P 2 10 495 0
P 2 10 496 0
P 2 10 497 0
P 2 10 498 0
P 2 10 499 0
P 2 10 500 0
P 2 10 501 0
P 2 10 502 0
P 2 10 503 0
P 2 10 504 0
P 2 10 505 0
P 2 10 506 0
P 2 10 507 0
P 2 10 508 0
P 2 10 509 0
P 2 10 510 0
P 2 10 511 0
P 2 10 512 0
P 2 10 513 0
P 2 10 514 0
P 2 10 515 0
P 2 10 516 0
P 2 10 517 0
P 2 10 518 0
P 2 10 519 0
P 2 10 520 0
P 2 10 521 0
P 2 10 522 0
P 2 10 523 0
P 2 10 524 0
P 2 10 525 0
P 2 10 526 0
P 2 10 527 0
P 2 10 528 0
P 2 10 529 0
P 2 10 530 0
P 2 10 531 0
P 2 10 532 0
P 2 10 533 0
P 2 10 534 0
P 2 10 535 0
P 2 10 536 0
P 2 10 537 0
P 2 10 538 0
P 2 10 539 0
P 2 10 540 0
P 2 10 541 0
P 2 10 542 0
P 2 10 543 0
P 2 10 544 0
P 2 10 545 0
P 2 10 546 1
P 2 10 547 1
P 2 10 548 1
P 2 10 549 1
P 2 10 550 0
P 2 10 551 0
P 2 10 552 0
P 2 10 553 0
P 2 10 554 0
P 2 10 555 0
P 2 10 556 0
P 2 10 557 0
P 2 10 558 0
P 2 10 559 0
P 2 10 560 0
P 2 10 561 0
P 2 10 562 0
P 2 10 563 0
P 2 10 564 0
P 2 10 565 0
P 2 10 566 0
P 2 10 567 0
P 2 10 568 0
P 2 10 569 0
P 2 10 570 0
P 2 10 571 0
P 2 10 572 0
P 2 10 573 0
P 2 10 574 0
P 2 10 575 0
P 2 10 576 0
P 2 10 577 1
P 2 10 578 0
P 2 10 579 0
P 2 10 580 0
P 2 10 581 0
P 2 10 582 0
P 2 10 583 0
P 2 10 584 0
P 2 10 585 0
P 2 10 586 0
P 2 10 587 0
P 2 10 588 0
P 2 10 589 0
P 2 10 590 0
P 2 10 591 0
P 2 10 592 0
P 2 10 593 0
P 2 10 594 0
P 2 10 595 0
P 2 10 596 0
P 2 10 597 0
P 2 10 598 0
P 2 10 599 0
P 2 10 600 0
P 2 10 601 0
P 2 10 602 0
P 2 10 603 0
P 2 10 604 0
P 2 10 605 0
P 2 10 606 0
P 2 10 607 0
P 2 10 608 0
P 2 10 609 0
P 2 10 610 0
P 2 10 611 0
P 2 10 612 0
P 2 10 613 0
P 2 10 614 0
P 2 10 615 0
P 2 10 616 0
P 2 10 617 0
P 2 10 618 0
P 2 10 619 0
P 2 10 620 0
P 2 10 621 0
P 2 10 622 0
P 2 10 623 0
P 2 10 624 0
P 2 10 625 0
P 2 10 626 0
P 2 10 627 0
P 2 10 628 0
P 2 10 629 0
P 2 10 630 0
P 2 10 631 0
P 2 10 632 0
P 2 10 633 1
P 2 10 634 0
P 2 10 635 1
P 2 10 636 0
P 2 10 637 0
P 2 10 638 0
P 2 10 639 0
P 2 10 640 0
P 2 10 641 0
P 2 10 642 0
P 2 10 643 1
P 2 10 644 0
P 2 10 645 0
P 2 10 646 0
P 2 10 647 0
P 2 10 648 0
P 2 10 649 0
P 2 10 650 0
P 2 10 651 0
P 2 10 652 0
P 2 10 653 0
P 2 10 654 0
P 2 10 655 0
P 2 10 656 0
C 2 11 0 3 3 3 1 0 19 7
C 2 11 1 4 4 3 1 2 19 11
C 2 11 2 4 5 4 1 1 18 14
C 2 11 3 4 6 4 1 2 19 14
C 2 11 4 4 6 4 1 2 19 14
C 2 11 5 4 5 5 1 2 19 15
C 2 11 6 5 7 4 1 2 18 18
C 2 11 7 5 7 5 1 1 18 18
C 2 11 8 5 7 5 1 2 18 22
C 2 11 9 5 7 5 1 2 18 22
C 2 11 10 5 7 6 1 3 19 23
C 2 11 11 6 8 6 1 2 18 26
C 2 11 12 7 9 6 1 3 18 45
C 2 11 13 10 22 26 3 9 19 140
C 2 11 14 10 23 25 3 9 18 140
C 2 11 15 11 27 32 3 11 18 194
C 2 11 16 3 2 3 0 1 18 6
C 2 11 17 3 3 2 1 1 18 7
C 2 11 18 4 4 3 1 1 18 11
C 2 11 19 5 6 5 2 5 18 22
C 2 11 20 11 28 33 3 13 18 361
C 2 11 21 11 30 37 3 15 18 484
C 2 11 22 11 30 37 3 15 17 465
C 2 11 23 11 28 35 3 16 10 461
C 2 11 24 11 28 35 3 16 10 465
C 2 11 25 11 27 34 3 14 9 369
C 2 11 26 11 29 37 3 16 9 484
C 2 11 27 11 29 38 3 16 9 484
C 2 11 28 11 29 37 3 16 9 488
C 2 11 29 11 28 34 3 16 9 499
C 2 11 30 11 28 37 3 16 9 642
C 2 11 31 11 30 38 3 16 9 642
C 2 11 32 4 3 3 2 0 0 8
C 2 11 33 5 4 3 2 2 0 12
C 2 11 34 5 5 4 2 1 1 15
C 2 11 35 5 6 4 2 2 0 15
C 2 11 36 5 6 4 2 2 0 15
C 2 11 37 5 5 5 2 2 0 16
C 2 11 38 6 7 4 2 2 1 19
C 2 11 39 6 7 5 2 1 1 19
C 2 11 40 6 7 5 2 2 1 23
C 2 11 41 6 7 5 2 2 1 23
C 2 11 42 6 7 6 2 3 0 24
C 2 11 43 7 8 6 2 2 1 27
C 2 11 44 8 9 6 2 3 1 46
C 2 11 45 11 22 26 4 9 0 141
C 2 11 46 11 23 25 4 9 1 141
C 2 11 47 12 27 32 4 11 1 195
C 2 11 48 4 2 3 1 1 1 7
C 2 11 49 4 3 2 2 1 1 8
C 2 11 50 5 4 3 2 1 1 12
C 2 11 51 6 6 5 3 5 1 23
C 2 11 52 12 28 33 4 13 1 362
C 2 11 53 12 30 37 4 15 1 485
C 2 11 54 12 30 37 4 15 2 466
C 2 11 55 12 28 35 4 16 9 462
C 2 11 56 12 28 35 4 16 9 466
C 2 11 57 12 27 34 4 14 10 370
C 2 11 58 12 29 37 4 16 10 485
C 2 11 59 12 29 38 4 16 10 485
C 2 11 60 12 29 37 4 16 10 489
C 2 11 61 12 28 34 4 16 10 500
C 2 11 62 12 28 37 4 16 10 643
C 2 11 63 12 30 38 4 16 10 643
C 2 11 64 0 0 0 0 0 8 0
C 2 11 65 5 8 6 1 3 19 30
C 2 11 66 5 5 6 1 4 8 22
C 2 11 67 5 5 6 1 2 9 22
C 2 11 68 6 9 9 1 6 8 37
C 2 11 69 6 9 8 1 5 19 38
C 2 11 70 5 6 6 1 3 8 22
C 2 11 71 5 5 7 1 3 8 23
C 2 11 72 6 9 9 1 4 9 53
C 2 11 73 6 11 9 1 4 9 53
C 2 11 74 6 7 7 1 3 9 30
C 2 11 75 6 7 7 1 3 9 30
C 2 11 76 7 10 7 1 4 8 53
C 2 11 77 6 8 9 1 4 9 45
C 2 11 78 8 9 8 1 4 9 53
C 2 11 79 10 22 27 3 8 19 133
C 2 11 80 9 20 26 3 8 19 106
C 2 11 81 10 21 25 3 9 8 140
C 2 11 82 11 23 27 3 10 9 148
C 2 11 83 6 10 8 1 4 9 45
C 2 11 84 4 4 5 1 2 7 14
C 2 11 85 6 8 11 3 4 18 36
C 2 11 86 4 4 4 1 2 7 15
C 2 11 87 7 10 7 1 4 19 38
C 2 11 88 5 5 5 1 2 7 19
C 2 11 89 6 11 9 1 4 19 49
C 2 11 90 6 6 8 3 4 7 33
C 2 11 91 12 28 35 3 14 9 369
C 2 11 92 12 30 39 3 16 9 492
C 2 11 93 12 30 39 3 16 10 473
C 2 11 94 12 29 37 3 16 10 469
C 2 11 95 12 28 37 3 17 17 469
C 2 11 96 12 29 37 3 16 10 473
C 2 11 97 7 19 23 3 5 19 82
C 2 11 98 12 28 37 3 17 17 473
C 2 11 99 11 27 35 3 14 9 361
C 2 11 100 12 27 36 3 15 18 377
C 2 11 101 12 30 39 3 16 9 492
C 2 11 102 12 29 39 3 17 18 492
C 2 11 103 12 29 40 3 17 18 492
C 2 11 104 12 29 39 3 17 18 496
C 2 11 105 12 29 36 3 16 9 507
C 2 11 106 9 22 30 3 11 19 157
C 2 11 107 12 28 36 3 17 18 507
C 2 11 108 12 29 39 3 16 9 650
C 2 11 109 12 28 39 3 17 18 650
C 2 11 110 12 31 40 3 16 9 650
C 2 11 111 12 30 40 3 17 18 650
C 2 11 112 6 7 7 1 3 9 37
C 2 11 113 5 5 6 1 4 8 21
C 2 11 114 6 6 8 3 4 8 33
C 2 11 115 5 5 6 1 3 8 27
C 2 11 116 5 8 6 1 3 18 26
C 2 11 117 6 7 7 3 3 19 27
C 2 11 118 6 8 5 1 4 9 30
C 2 11 119 6 9 7 1 3 9 37
C 2 11 120 6 8 6 1 4 9 34
C 2 11 121 5 6 6 1 3 9 29
C 2 11 122 7 10 8 1 6 8 49
C 2 11 123 6 10 10 1 3 18 53
C 2 11 124 7 9 7 1 4 9 38
C 2 11 125 8 10 7 1 5 9 57
C 2 11 126 6 7 5 1 4 19 35
C 2 11 127 10 21 27 3 8 19 119
C 2 11 128 10 22 26 3 9 8 156
C 2 11 129 10 22 25 3 8 18 136
C 2 11 130 11 23 26 3 10 9 152
C 2 11 131 5 8 6 1 3 9 29
C 2 11 132 5 4 6 1 3 7 23
C 2 11 133 4 5 4 1 2 18 15
C 2 11 134 5 5 4 1 4 7 19
C 2 11 135 6 10 8 3 4 19 35
C 2 11 136 5 6 5 1 4 7 23
C 2 11 137 6 7 7 3 3 18 27
C 2 11 138 6 7 6 2 7 7 34
C 2 11 139 12 28 34 3 14 9 373
C 2 11 140 12 30 38 3 16 9 496
C 2 11 141 10 27 31 3 12 17 288
C 2 11 142 12 30 38 3 16 10 477
C 2 11 143 12 29 36 3 16 10 473
C 2 11 144 12 28 36 3 17 17 473
C 2 11 145 12 29 36 3 16 10 477
C 2 11 146 12 28 36 3 17 17 477
C 2 11 147 11 27 34 3 14 9 365
C 2 11 148 12 27 35 3 15 18 381
C 2 11 149 12 30 38 3 16 9 496
C 2 11 150 12 29 38 3 17 18 496
C 2 11 151 12 29 39 3 17 18 496
C 2 11 152 10 24 31 3 15 18 279
C 2 11 153 12 29 35 3 16 9 511
C 2 11 154 5 7 10 1 2 19 23
C 2 11 155 12 28 35 3 17 18 511
C 2 11 156 12 29 38 3 16 9 654
C 2 11 157 12 28 38 3 17 18 654
C 2 11 158 12 30 39 3 17 18 654
C 2 11 159 5 6 7 1 3 9 30
C 2 11 160 2 3 0 0 0 8 3
C 2 11 161 5 6 6 1 3 8 21
C 2 11 162 6 7 5 1 3 8 37
C 2 11 163 5 7 6 1 2 18 29
C 2 11 164 6 8 10 1 4 8 38
C 2 11 165 11 22 26 3 10 9 155
C 2 11 166 11 23 25 3 10 8 155
C 2 11 167 5 6 6 1 3 8 21
C 2 11 168 5 6 6 1 2 18 22
C 2 11 169 5 6 5 1 3 8 22
C 2 11 170 5 7 6 1 3 8 26
C 2 11 171 6 7 7 1 3 8 34
C 2 11 172 12 29 34 3 13 17 376
C 2 11 173 12 28 34 3 14 10 376
C 2 11 174 12 31 37 3 15 17 499
C 2 11 175 12 30 37 3 16 10 499
C 2 11 176 12 31 38 3 15 16 480
C 2 11 177 12 30 38 3 16 11 480
C 2 11 178 12 28 37 3 16 18 476
C 2 11 179 12 28 36 3 17 16 476
C 2 11 180 12 29 36 3 16 10 480
C 2 11 181 12 28 37 3 16 18 480
C 2 11 182 12 28 36 3 17 16 480
C 2 11 183 11 27 34 3 14 9 369
C 2 11 184 12 27 36 3 14 18 384
C 2 11 185 12 27 35 3 15 17 384
C 2 11 186 12 29 37 3 17 17 499
C 2 11 187 12 30 38 3 16 9 499
C 2 11 188 12 29 38 3 17 17 499
C 2 11 189 12 29 37 3 17 17 503
C 2 11 190 11 27 33 3 14 9 384
C 2 11 191 12 28 36 3 16 18 514
C 2 11 192 12 28 35 3 17 17 514
C 2 11 193 12 28 38 3 17 17 657
C 2 11 194 12 31 39 3 16 9 657
C 2 11 195 12 30 39 3 17 17 657
C 2 11 196 5 4 4 1 2 8 23
C 2 11 197 6 10 8 1 4 9 41
C 2 11 198 6 10 7 1 4 9 37
C 2 11 199 4 4 4 1 3 8 14
C 2 11 200 5 5 3 1 2 9 22
C 2 11 201 4 4 3 1 2 9 14
C 2 11 202 10 21 27 3 9 8 133
C 2 11 203 11 23 25 3 10 9 155
C 2 11 204 6 7 7 3 5 7 41
C 2 11 205 5 7 5 1 4 7 22
C 2 11 206 5 7 7 1 4 7 29
C 2 11 207 5 7 6 1 4 7 30
C 2 11 208 12 28 33 3 14 9 376
C 2 11 209 12 30 37 3 16 9 499
C 2 11 210 12 30 37 3 16 10 480
C 2 11 211 12 28 35 3 17 17 476
C 2 11 212 12 29 35 3 16 10 480
C 2 11 213 12 28 35 3 17 17 480
C 2 11 214 11 27 33 3 14 9 368
C 2 11 215 12 27 34 3 15 18 384
C 2 11 216 12 29 37 3 17 18 499
C 2 11 217 12 28 34 3 17 18 514
C 2 11 218 12 28 37 3 17 18 657
C 2 11 219 12 30 38 3 17 18 657
C 2 11 220 5 6 7 1 3 8 30
C 2 11 221 6 10 8 1 4 9 41
C 2 11 222 5 6 5 1 3 8 26
C 2 11 223 7 9 8 1 4 9 41
C 2 11 224 11 22 28 3 10 8 155
C 2 11 225 11 23 27 3 10 9 155
C 2 11 226 5 6 6 1 3 7 21
C 2 11 227 4 6 4 1 2 18 14
C 2 11 228 5 7 5 1 4 7 22
C 2 11 229 5 8 8 1 3 19 30
C 2 11 230 5 9 7 1 4 7 29
C 2 11 231 5 7 6 1 4 7 30
C 2 11 232 12 28 34 3 14 9 376
C 2 11 233 12 30 38 3 16 9 499
C 2 11 234 12 30 38 3 16 10 480
C 2 11 235 12 28 36 3 17 17 476
C 2 11 236 12 29 36 3 16 10 480
C 2 11 237 12 28 36 3 17 17 480
C 2 11 238 11 27 34 3 14 9 365
C 2 11 239 12 27 35 3 15 18 384
C 2 11 240 12 29 38 3 17 18 503
C 2 11 241 12 28 35 3 17 18 514
C 2 11 242 6 8 7 1 4 9 34
C 2 11 243 6 8 8 1 3 9 34
C 2 11 244 6 8 8 1 4 9 38
C 2 11 245 6 7 8 1 3 9 38
C 2 11 246 6 7 6 1 4 8 39
C 2 11 247 5 6 5 1 2 9 30
C 2 11 248 5 5 5 1 2 9 22
C 2 11 249 11 23 27 3 9 19 156
C 2 11 250 5 7 8 3 3 19 24
C 2 11 251 11 22 27 3 10 8 156
C 2 11 252 11 23 26 3 10 9 156
C 2 11 253 12 27 33 3 12 9 210
C 2 11 254 4 6 5 1 2 18 15
C 2 11 255 5 5 7 1 3 7 22
C 2 11 256 5 6 6 1 4 7 23
C 2 11 257 5 7 7 1 4 7 27
C 2 11 258 6 8 8 2 7 7 38
C 2 11 259 12 28 34 3 14 9 377
C 2 11 260 12 30 38 3 16 9 500
C 2 11 261 12 30 37 3 16 10 481
C 2 11 262 11 29 36 3 16 10 477
C 2 11 263 12 28 36 3 17 17 477
C 2 11 264 11 29 35 3 16 10 481
C 2 11 265 12 28 35 3 17 17 481
C 2 11 266 10 27 33 3 13 18 353
C 2 11 267 12 30 38 3 16 9 500
C 2 11 268 12 29 38 3 17 18 500
C 2 11 269 12 30 38 3 16 9 500
C 2 11 270 12 29 38 3 17 18 500
C 2 11 271 12 30 37 3 16 9 504
C 2 11 272 12 29 37 3 17 18 504
C 2 11 273 12 28 34 3 17 18 515
C 2 11 274 12 29 37 3 16 9 658
C 2 11 275 12 28 37 3 17 18 658
C 2 11 276 12 31 38 3 16 9 658
C 2 11 277 12 30 38 3 17 18 658
C 2 11 278 5 5 3 1 2 8 21
C 2 11 279 10 23 25 3 8 8 111
C 2 11 280 6 9 8 1 5 9 42
C 2 11 281 7 8 7 1 3 8 45
C 2 11 282 11 22 26 3 10 9 159
C 2 11 283 11 23 25 3 10 8 159
C 2 11 284 5 5 4 1 4 8 22
C 2 11 285 6 8 6 1 3 8 37
C 2 11 286 6 7 6 1 3 18 26
C 2 11 287 6 11 9 1 5 8 45
C 2 11 288 11 29 35 3 14 10 380
C 2 11 289 12 32 37 3 16 17 503
C 2 11 290 12 31 37 3 17 10 503
C 2 11 291 12 31 38 3 16 16 484
C 2 11 292 12 30 38 3 17 11 484
C 2 11 293 12 29 37 3 17 18 480
C 2 11 294 12 29 36 3 18 16 480
C 2 11 295 12 29 37 3 17 18 484
C 2 11 296 12 29 36 3 18 16 484
C 2 11 297 11 27 35 3 14 9 361
C 2 11 298 12 28 36 3 15 18 388
C 2 11 299 12 28 35 3 16 17 388
C 2 11 300 12 30 37 3 18 17 503
C 2 11 301 12 30 39 3 17 18 503
C 2 11 302 12 30 38 3 18 17 503
C 2 11 303 12 30 37 3 18 17 507
C 2 11 304 12 29 35 3 18 17 518
C 2 11 305 12 29 38 3 18 17 661
C 2 11 306 12 31 39 3 18 17 661
C 2 11 307 11 22 27 3 10 9 159
C 2 11 308 11 23 26 3 10 8 159
C 2 11 309 6 8 5 1 3 8 30
C 2 11 310 6 7 6 1 3 8 26
C 2 11 311 5 6 6 1 3 8 29
C 2 11 312 5 6 6 1 3 8 30
C 2 11 313 12 29 35 3 14 10 380
C 2 11 314 12 31 38 3 16 10 503
C 2 11 315 12 30 39 3 16 11 484
C 2 11 316 12 29 37 3 17 16 480
C 2 11 317 12 29 37 3 17 16 484
C 2 11 318 12 28 36 3 15 17 388
C 2 11 319 12 30 38 3 17 17 503
C 2 11 320 12 30 39 3 17 17 503
C 2 11 321 12 30 38 3 17 17 507
C 2 11 322 12 29 36 3 17 17 518
C 2 11 323 12 29 39 3 17 17 661
C 2 11 324 12 31 40 3 17 17 661
C 2 11 325 5 4 4 1 3 8 23
C 2 11 326 11 22 26 3 10 9 163
C 2 11 327 11 23 25 3 10 8 163
C 2 11 328 7 9 8 1 5 8 42
C 2 11 329 6 8 7 1 4 8 29
C 2 11 330 6 7 5 1 3 8 30
C 2 11 331 7 8 6 1 3 8 34
C 2 11 332 6 9 7 2 6 8 45
C 2 11 333 11 27 34 3 14 10 368
C 2 11 334 5 9 7 3 4 19 28
C 2 11 335 12 30 37 3 16 10 507
C 2 11 336 12 32 38 3 15 16 488
C 2 11 337 10 22 28 3 8 19 144
C 2 11 338 12 31 38 3 16 11 488
C 2 11 339 12 30 36 3 16 10 484
C 2 11 340 12 29 37 3 16 18 484
C 2 11 341 12 29 36 3 17 16 484
C 2 11 342 12 29 37 3 16 18 488
C 2 11 343 12 29 36 3 17 16 488
C 2 11 344 11 27 34 3 14 9 372
C 2 11 345 12 28 36 3 14 18 392
C 2 11 346 12 28 35 3 15 17 392
C 2 11 347 12 29 37 3 17 17 507
C 2 11 348 12 29 39 3 16 18 507
C 2 11 349 12 29 38 3 17 17 507
C 2 11 350 12 29 37 3 17 17 511
C 2 11 351 12 29 36 3 16 18 522
C 2 11 352 12 29 35 3 17 17 522
C 2 11 353 12 30 38 3 16 9 665
C 2 11 354 12 29 38 3 17 17 665
C 2 11 355 12 31 39 3 17 17 665
C 2 11 356 6 11 8 1 4 9 53
C 2 11 357 5 5 5 1 3 8 27
C 2 11 358 9 21 26 3 8 19 121
C 2 11 359 11 23 28 3 10 9 163
C 2 11 360 11 24 27 3 10 8 163
C 2 11 361 6 7 7 1 3 8 29
C 2 11 362 4 4 4 1 2 18 15
C 2 11 363 6 7 6 1 3 8 38
C 2 11 364 7 8 7 1 3 8 42
C 2 11 365 6 10 8 2 7 8 45
C 2 11 366 12 28 33 3 14 10 384
C 2 11 367 12 30 37 3 16 10 507
C 2 11 368 10 27 32 3 12 16 280
C 2 11 369 12 30 37 3 16 11 488
C 2 11 370 12 28 36 3 16 18 484
C 2 11 371 12 28 35 3 17 16 484
C 2 11 372 12 29 37 3 17 16 488
C 2 11 373 12 27 34 3 15 17 392
C 2 11 374 12 30 39 3 17 17 511
C 2 11 375 12 29 36 3 17 17 522
C 2 11 376 6 8 8 1 4 9 34
C 2 11 377 10 23 26 3 8 19 133
C 2 11 378 11 23 27 3 10 8 164
C 2 11 379 6 8 6 3 5 19 33
C 2 11 380 11 24 26 3 10 9 164
C 2 11 381 12 28 33 3 12 9 218
C 2 11 382 5 7 6 1 4 7 26
C 2 11 383 6 9 8 2 7 7 46
C 2 11 384 12 31 38 3 16 9 508
C 2 11 385 12 32 37 3 15 17 489
C 2 11 386 12 31 37 3 16 10 489
C 2 11 387 12 29 37 3 16 19 485
C 2 11 388 12 29 36 3 17 17 485
C 2 11 389 12 29 36 3 16 19 489
C 2 11 390 12 29 35 3 17 17 489
C 2 11 391 12 28 35 3 14 19 393
C 2 11 392 12 28 34 3 15 18 393
C 2 11 393 12 30 38 3 17 18 508
C 2 11 394 12 30 39 3 16 19 508
C 2 11 395 12 30 38 3 17 18 508
C 2 11 396 12 30 37 3 17 18 512
C 2 11 397 12 29 35 3 16 19 523
C 2 11 398 12 29 34 3 17 18 523
C 2 11 399 12 29 37 3 17 18 666
C 2 11 400 12 31 38 3 17 18 666
C 2 11 401 11 22 27 3 10 9 167
C 2 11 402 11 23 27 3 9 18 167
C 2 11 403 11 23 26 3 10 8 167
C 2 11 404 11 24 28 3 8 18 157
C 2 11 405 5 6 6 1 3 8 30
C 2 11 406 7 9 8 1 4 8 33
C 2 11 407 7 10 8 2 6 8 49
C 2 11 408 11 28 34 3 15 10 372
C 2 11 409 11 30 35 3 13 17 380
C 2 11 410 10 22 28 3 8 19 137
C 2 11 411 12 31 38 3 16 10 511
C 2 11 412 12 32 39 3 15 16 492
C 2 11 413 12 31 39 3 16 11 492
C 2 11 414 12 31 37 3 16 10 488
C 2 11 415 12 30 38 3 16 18 488
C 2 11 416 12 30 37 3 17 16 488
C 2 11 417 12 31 37 3 16 10 492
C 2 11 418 12 30 38 3 16 18 492
C 2 11 419 12 30 37 3 17 16 492
C 2 11 420 12 29 37 3 14 18 396
C 2 11 421 12 29 36 3 15 17 396
C 2 11 422 12 30 38 3 17 17 511
C 2 11 423 12 30 39 3 17 17 511
C 2 11 424 12 30 38 3 17 17 515
C 2 11 425 12 30 36 3 17 17 526
C 2 11 426 12 31 39 3 16 9 669
C 2 11 427 12 30 39 3 17 17 669
C 2 11 428 12 33 40 3 16 9 669
C 2 11 429 12 32 40 3 17 17 669
C 2 11 430 11 23 27 3 10 9 186
C 2 11 431 11 24 26 3 10 8 186
C 2 11 432 8 10 8 1 5 8 52
C 2 11 433 8 9 7 1 3 18 53
C 2 11 434 8 9 7 1 4 8 57
C 2 11 435 11 28 35 3 14 10 372
C 2 11 436 5 9 7 3 4 19 28
C 2 11 437 12 32 38 3 17 10 530
C 2 11 438 12 32 39 3 17 11 511
C 2 11 439 12 31 37 3 18 16 507
C 2 11 440 12 31 37 3 18 16 511
C 2 11 441 12 30 36 3 16 17 415
C 2 11 442 12 31 38 3 18 17 530
C 2 11 443 12 31 39 3 18 17 530
C 2 11 444 12 31 38 3 18 17 534
C 2 11 445 12 31 36 3 18 17 545
C 2 11 446 12 31 39 3 18 17 688
C 2 11 447 12 33 40 3 18 17 688
C 2 11 448 10 22 25 3 10 9 140
C 2 11 449 12 28 35 3 14 9 335
C 2 11 450 7 16 25 2 2 18 73
C 2 11 451 11 22 28 3 10 7 147
C 2 11 452 11 22 27 3 9 18 148
C 2 11 453 11 22 26 3 10 7 148
C 2 11 454 8 19 25 3 7 18 98
C 2 11 455 11 22 27 3 10 7 152
C 2 11 456 8 19 25 3 7 18 99
C 2 11 457 11 23 28 3 12 7 163
C 2 11 458 12 30 36 3 17 9 502
C 2 11 459 11 29 35 3 15 18 475
C 2 11 460 11 28 35 3 16 9 475
C 2 11 461 10 27 31 3 12 17 284
C 2 11 462 12 31 40 3 17 10 606
C 2 11 463 12 30 38 3 18 17 602
C 2 11 464 10 22 28 3 10 19 160
C 2 11 465 12 30 38 3 18 17 606
C 2 11 466 12 30 37 3 17 9 510
C 2 11 467 12 29 38 3 17 19 510
C 2 11 468 12 29 37 3 18 18 510
C 2 11 469 12 30 41 3 17 19 625
C 2 11 470 12 30 40 3 18 18 625
C 2 11 471 12 30 39 3 18 18 629
C 2 11 472 12 30 37 3 18 18 640
C 2 11 473 12 30 40 3 18 18 783
C 2 11 474 12 32 41 3 18 18 783
C 2 11 475 12 29 34 3 14 8 335
C 2 11 476 11 23 27 3 10 8 147
C 2 11 477 4 5 3 2 4 18 14
C 2 11 478 11 23 25 3 10 8 148
C 2 11 479 5 7 5 2 4 18 21
C 2 11 480 11 23 26 3 10 8 152
C 2 11 481 11 24 27 3 12 8 163
C 2 11 482 12 31 35 3 17 10 502
C 2 11 483 11 28 34 3 15 10 372
C 2 11 484 12 32 39 3 17 11 606
C 2 11 485 12 31 37 3 18 16 602
C 2 11 486 12 31 37 3 18 16 606
C 2 11 487 12 30 37 3 17 18 510
C 2 11 488 12 30 36 3 18 17 510
C 2 11 489 12 31 38 3 18 17 625
C 2 11 490 12 31 39 3 18 17 625
C 2 11 491 12 31 38 3 18 17 629
C 2 11 492 12 31 37 3 17 18 640
C 2 11 493 12 31 36 3 18 17 640
C 2 11 494 12 31 39 3 18 17 783
C 2 11 495 12 33 40 3 18 17 783
C 2 11 496 5 7 6 1 3 8 30
C 2 11 497 12 30 36 3 15 10 556
C 2 11 498 12 31 39 3 17 10 679
C 2 11 499 12 30 40 3 17 11 660
C 2 11 500 12 29 38 3 18 16 656
C 2 11 501 12 31 40 3 18 16 660
C 2 11 502 12 29 37 3 16 17 564
C 2 11 503 12 32 41 3 18 17 683
C 2 11 504 12 33 39 3 17 9 694
C 2 11 505 12 32 39 3 18 17 694
C 2 11 506 5 4 3 1 3 8 19
C 2 11 507 6 10 9 1 5 8 37
C 2 11 508 12 28 35 3 14 8 368
C 2 11 509 12 30 39 3 16 8 491
C 2 11 510 12 30 39 3 16 9 472
C 2 11 511 12 28 37 3 17 16 468
C 2 11 512 12 28 37 3 17 16 472
C 2 11 513 12 27 36 3 15 17 376
C 2 11 514 12 29 39 3 17 17 491
C 2 11 515 12 29 40 3 17 17 491
C 2 11 516 12 29 39 3 17 17 495
C 2 11 517 5 8 10 1 2 18 23
C 2 11 518 12 28 36 3 17 17 506
C 2 11 519 12 28 39 3 17 17 649
C 2 11 520 12 30 40 3 17 17 649
C 2 11 521 11 27 33 3 14 8 369
C 2 11 522 5 6 6 3 3 18 29
C 2 11 523 12 30 37 3 16 8 492
C 2 11 524 12 30 38 3 15 18 473
C 2 11 525 12 30 37 3 16 9 473
C 2 11 526 12 28 36 3 16 18 469
C 2 11 527 12 28 35 3 17 16 469
C 2 11 528 12 28 36 3 16 18 473
C 2 11 529 12 28 35 3 17 16 473
C 2 11 530 12 27 35 3 14 18 377
C 2 11 531 12 27 34 3 15 17 377
C 2 11 532 12 29 37 3 17 17 492
C 2 11 533 12 29 39 3 16 18 492
C 2 11 534 12 29 38 3 17 17 492
C 2 11 535 12 29 37 3 17 17 496
C 2 11 536 12 28 35 3 16 18 507
C 2 11 537 12 28 34 3 17 17 507
C 2 11 538 12 28 37 3 17 17 650
C 2 11 539 12 30 38 3 17 17 650
C 2 11 540 6 8 6 2 5 18 34
C 2 11 541 12 29 34 3 14 8 373
C 2 11 542 11 29 34 3 13 18 365
C 2 11 543 12 31 38 3 16 8 496
C 2 11 544 12 31 38 3 15 17 477
C 2 11 545 12 30 38 3 16 9 477
C 2 11 546 12 29 37 3 16 18 473
C 2 11 547 12 29 36 3 17 16 473
C 2 11 548 12 29 37 3 16 18 477
C 2 11 549 12 29 36 3 17 16 477
C 2 11 550 12 28 36 3 14 18 381
C 2 11 551 12 28 35 3 15 17 381
C 2 11 552 12 30 38 3 17 17 496
C 2 11 553 12 30 39 3 17 17 496
C 2 11 554 12 30 38 3 17 17 500
C 2 11 555 12 29 35 3 17 17 511
C 2 11 556 12 29 38 3 17 17 654
C 2 11 557 12 31 39 3 17 17 654
C 2 11 558 12 29 34 3 14 8 384
C 2 11 559 12 31 38 3 16 8 507
C 2 11 560 12 31 39 3 16 9 488
C 2 11 561 12 28 35 3 15 17 392
C 2 11 562 12 30 40 3 17 17 507
C 2 11 563 12 29 37 3 16 18 522
C 2 11 564 12 29 36 3 17 17 522
C 2 11 565 12 29 39 3 17 17 665
C 2 11 566 12 31 39 3 17 17 665
C 2 11 567 12 31 37 3 16 8 846
C 2 11 568 10 26 31 3 13 18 279
C 2 11 569 12 33 39 3 16 9 827
C 2 11 570 11 26 34 3 16 9 400
C 2 11 571 12 29 36 3 16 19 823
C 2 11 572 12 29 35 3 17 18 823
C 2 11 573 12 33 40 3 16 19 827
C 2 11 574 12 33 39 3 17 18 827
C 2 11 575 12 31 39 3 16 19 1004
C 2 11 576 11 25 33 3 16 9 396
C 2 11 577 10 25 32 3 15 19 288
C 2 11 578 12 30 37 3 17 18 946
C 2 11 579 11 28 36 3 15 19 465
C 2 11 580 12 34 41 3 17 18 950
C 2 11 581 12 30 39 3 16 19 854
C 2 11 582 9 23 30 3 11 19 180
C 2 11 583 12 35 42 3 17 19 984
C 2 11 584 11 28 37 3 15 19 461
C 2 11 585 10 25 32 3 15 19 284
C 2 11 586 12 32 40 3 16 18 835
C 2 11 587 12 32 39 3 17 18 835
C 2 11 588 12 33 42 3 16 18 950
C 2 11 589 12 31 39 3 17 18 950
C 2 11 590 12 33 42 3 16 18 954
C 2 11 591 12 33 41 3 17 18 954
C 2 11 592 12 33 41 3 16 18 965
C 2 11 593 12 33 40 3 17 18 965
C 2 11 594 12 30 39 3 16 18 1108
C 2 11 595 12 29 36 3 17 9 831
C 2 11 596 12 28 37 3 17 10 831
C 2 11 597 10 21 26 3 9 9 123
C 2 11 598 12 29 38 3 17 10 946
C 2 11 599 11 22 27 3 9 9 238
C 2 11 600 12 31 41 3 17 10 946
C 2 11 601 10 22 28 3 9 9 237
C 2 11 602 12 33 42 3 17 10 950
C 2 11 603 12 33 41 3 18 9 950
C 2 11 604 12 33 40 3 18 9 961
C 2 11 605 11 28 36 3 16 10 461
C 2 11 606 12 33 39 3 17 9 835
C 2 11 607 12 32 39 3 18 9 835
C 2 11 608 12 31 40 3 18 9 950
C 2 11 609 12 30 37 3 17 9 954
C 2 11 610 12 30 36 3 17 9 965
C 2 11 611 12 29 37 3 17 10 965
C 2 11 612 11 23 28 3 9 9 249
C 2 11 613 12 30 39 3 18 9 1108
C 2 11 614 12 32 40 3 18 9 1108
C 2 11 615 12 29 39 3 17 9 854
C 2 11 616 11 22 28 3 9 8 146
C 2 11 617 12 32 40 3 17 9 854
C 2 11 618 10 21 26 3 9 8 145
C 2 11 619 12 34 41 3 17 9 858
C 2 11 620 12 33 41 3 18 8 858
C 2 11 621 12 32 39 3 17 9 869
C 2 11 622 12 32 38 3 18 8 869
C 2 11 623 12 30 39 3 18 8 1012
C 2 11 624 11 25 33 3 16 8 304
C 2 11 625 11 28 36 3 16 9 475
C 2 11 626 12 34 42 3 18 8 984
C 2 11 627 12 31 41 3 18 8 1127
C 2 11 628 11 26 35 3 16 8 419
C 2 11 629 12 32 41 3 18 8 984
C 2 11 630 11 28 35 3 16 9 479
C 2 11 631 11 24 30 3 9 8 272
C 2 11 632 12 31 41 3 18 8 1131
C 2 11 633 12 33 42 3 18 8 1131
C 2 11 634 12 31 40 3 18 8 1142
C 2 11 635 12 33 41 3 18 8 1142
M 2 11 5 4 3 2 2
M 2 11 6 7 6 2 3
M 2 11 5 5 4 2 1
M 2 11 6 7 5 2 1
M 2 11 8 9 6 2 3
M 2 11 12 27 32 4 11
M 2 11 4 3 2 2 1
M 2 11 6 6 5 3 5
M 2 11 4 4 5 1 2
M 2 11 5 6 5 1 4
M 2 11 6 7 7 3 5
M 2 11 5 6 6 1 4
M 2 11 6 9 8 2 7
M 2 11 12 33 42 3 18
M 2 11 11 24 30 3 9
M 2 11 12 32 38 3 18
M 2 11 0 0 0 0 0
M 2 11 10 21 25 3 9
M 2 11 7 10 8 1 6
M 2 11 6 8 10 1 4
M 2 11 4 4 4 1 3
M 2 11 6 7 6 1 4
M 2 11 6 8 6 1 3
M 2 11 6 8 5 1 3
M 2 11 7 9 8 1 5
M 2 11 6 9 7 2 6
M 2 11 11 24 27 3 10
M 2 11 7 10 8 2 6
M 2 11 8 9 7 1 4
M 2 11 5 4 3 1 3
M 2 11 11 29 38 3 16
M 2 11 11 28 37 3 16
M 2 11 12 32 40 3 18
M 2 11 6 9 9 1 4
M 2 11 8 9 8 1 4
M 2 11 12 31 40 3 16
M 2 11 6 9 7 1 3
M 2 11 7 9 7 1 4
M 2 11 12 29 38 3 16
M 2 11 6 8 8 1 3
M 2 11 5 6 5 1 2
M 2 11 6 11 8 1 4
M 2 11 12 28 33 3 12
M 2 11 11 26 34 3 16
M 2 11 10 22 25 3 10
M 2 11 12 27 34 4 14
M 2 11 12 28 34 4 16
M 2 11 12 30 38 4 16
M 2 11 11 29 36 3 16
M 2 11 11 29 35 3 14
M 2 11 12 30 36 3 15
M 2 11 11 28 35 3 14
M 2 11 12 32 38 3 15
M 2 11 12 32 39 3 15
M 2 11 12 31 37 3 15
M 2 11 12 29 35 3 18
M 2 11 12 32 37 3 15
M 2 11 12 29 36 3 15
M 2 11 5 7 4 1 2
M 2 11 5 7 5 1 1
M 2 11 7 9 6 1 3
M 2 11 11 27 32 3 11
M 2 11 3 3 2 1 1
M 2 11 5 6 5 2 5
M 2 11 11 29 34 3 13
M 2 11 12 33 40 3 17
M 2 11 5 7 5 2 4
M 2 11 12 33 41 3 16
M 2 11 5 6 6 3 3
M 2 11 12 33 41 3 17
M 2 11 5 8 10 1 2
M 2 11 10 26 31 3 13
M 2 11 4 5 4 1 2
M 2 11 5 7 6 1 2
M 2 11 5 6 6 1 2
M 2 11 11 29 35 3 15
M 2 11 4 6 5 1 2
M 2 11 12 29 37 3 18
M 2 11 12 29 34 3 17
M 2 11 11 24 28 3 8
M 2 11 4 5 5 1 2
M 2 11 10 22 27 3 8
M 2 11 7 19 23 3 5
M 2 11 6 7 5 1 4
M 2 11 6 10 8 3 4
M 2 11 10 22 28 3 10
M 2 11 5 8 8 1 3
M 2 11 5 7 8 3 3
M 2 11 11 28 36 3 15
M 2 11 10 23 26 3 8
M 2 11 4 3 3 2 0
M 2 11 5 5 5 2 2
M 2 11 6 7 5 2 2
M 2 11 11 22 26 4 9
M 2 11 4 2 3 1 1
M 2 11 12 30 37 4 15
M 2 11 5 4 6 1 3
M 2 11 5 7 5 1 4
M 2 11 5 9 7 1 4
M 2 11 11 24 27 3 12
M 2 11 12 31 41 3 18
M 2 11 12 34 42 3 18
M 2 11 5 5 6 1 4
M 2 11 5 5 7 1 3
M 2 11 6 6 8 3 4
M 2 11 5 5 5 1 3
M 2 11 2 3 0 0 0
M 2 11 5 6 5 1 3
M 2 11 5 4 4 1 2
M 2 11 11 22 28 3 10
M 2 11 10 23 25 3 8
M 2 11 6 11 9 1 5
M 2 11 11 29 37 3 16
M 2 11 11 30 38 3 16
M 2 11 11 25 33 3 16
M 2 11 12 28 35 4 16
M 2 11 5 5 6 1 2
M 2 11 11 23 28 3 9
M 2 11 11 27 35 3 14
M 2 11 6 10 9 1 5
M 2 11 8 10 7 1 5
M 2 11 11 24 26 3 10
M 2 11 5 5 3 1 2
M 2 11 10 22 28 3 9
M 2 11 6 8 8 1 4
M 2 11 12 27 33 3 12
M 2 11 12 31 41 3 17
M 2 11 12 29 38 4 16
M 2 11 12 31 35 3 17
M 2 11 11 28 36 3 16
M 2 11 12 33 42 3 17
M 2 11 10 27 32 3 12
M 2 11 12 29 36 3 18
M 2 11 12 29 38 3 18
M 2 11 12 32 40 3 17
M 2 11 10 27 31 3 12
M 2 11 12 29 34 3 13
M 2 11 12 31 38 3 15
M 2 11 12 30 36 3 18
M 2 11 12 31 38 3 17
M 2 11 5 7 5 1 2
M 2 11 10 23 25 3 9
M 2 11 4 4 3 1 1
M 2 11 11 30 37 3 15
M 2 11 12 34 41 3 17
M 2 11 12 28 36 3 14
M 2 11 4 5 3 2 4
M 2 11 8 9 7 1 3
M 2 11 4 4 4 1 2
M 2 11 12 29 40 3 17
M 2 11 12 28 35 3 16
M 2 11 6 10 10 1 3
M 2 11 12 28 34 3 15
M 2 11 10 24 31 3 15
M 2 11 11 22 27 3 9
M 2 11 12 29 37 3 14
M 2 11 12 28 37 3 16
M 2 11 12 31 37 3 17
M 2 11 3 3 3 1 0
M 2 11 11 23 27 3 9
M 2 11 12 35 42 3 17
M 2 11 12 30 41 3 17
M 2 11 9 23 30 3 11
M 2 11 10 22 28 3 8
M 2 11 7 10 7 1 4
M 2 11 9 22 30 3 11
M 2 11 12 33 40 3 16
M 2 11 5 9 7 3 4
M 2 11 10 25 32 3 15
M 2 11 12 29 34 3 14
M 2 11 6 10 8 1 4
M 2 11 12 31 40 3 18
M 2 11 12 28 35 3 15
M 2 11 12 30 36 3 17
M 2 11 6 7 6 1 3
M 2 11 12 32 41 3 18
M 2 11 12 29 39 3 16
M 2 11 12 27 35 3 15
M 2 11 4 6 4 1 2
M 2 11 6 8 6 3 5
M 2 11 12 29 35 3 16
M 2 11 6 7 4 2 2
M 2 11 11 23 25 4 9
M 2 11 12 28 33 4 13
M 2 11 6 7 6 2 7
M 2 11 7 8 6 1 3
M 2 11 6 10 8 2 7
M 2 11 6 9 9 1 6
M 2 11 8 10 8 1 5
M 2 11 5 4 4 1 3
M 2 11 5 5 6 1 3
M 2 11 11 22 27 3 10
M 2 11 6 7 8 1 3
M 2 11 10 21 26 3 9
M 2 11 11 23 28 3 10
M 2 11 6 8 7 1 4
M 2 11 11 23 28 3 12
M 2 11 5 5 5 1 2
M 2 11 7 9 8 1 4
M 2 11 11 28 35 3 16
M 2 11 12 28 33 3 14
M 2 11 12 29 37 4 16
M 2 11 12 31 37 3 16
M 2 11 12 31 37 3 18
M 2 11 11 29 35 3 16
M 2 11 12 31 38 3 18
M 2 11 12 32 39 3 18
M 2 11 12 31 40 3 17
M 2 11 4 5 4 1 1
M 2 11 12 32 40 3 16
M 2 11 12 29 35 3 17
M 2 11 3 2 3 0 1
M 2 11 11 28 33 3 13
M 2 11 6 8 6 2 5
M 2 11 12 27 36 3 14
M 2 11 8 19 25 3 7
M 2 11 12 28 38 3 17
M 2 11 12 30 38 3 15
M 2 11 10 22 25 3 8
M 2 11 12 28 36 3 16
M 2 11 10 22 26 3 9
M 2 11 10 21 27 3 8
M 2 11 9 21 26 3 8
M 2 11 5 7 10 1 2
M 2 11 6 11 9 1 4
M 2 11 12 28 35 3 14
M 2 11 11 23 25 3 10
M 2 11 11 23 27 3 10
M 2 11 12 31 39 3 17
M 2 11 5 7 6 1 4
M 2 11 11 27 34 3 14
M 2 11 12 33 40 3 18
M 2 11 12 30 39 3 18
M 2 11 12 28 34 3 17
M 2 11 5 7 6 1 3
M 2 11 5 8 6 1 3
M 2 11 5 6 4 2 2
M 2 11 5 4 3 2 1
M 2 11 10 21 27 3 9
M 2 11 6 8 8 2 7
M 2 11 11 22 28 3 9
M 2 11 11 22 26 3 10
M 2 11 5 5 4 1 4
M 2 11 11 28 34 3 16
M 2 11 6 10 7 1 4
M 2 11 5 6 6 1 3
M 2 11 12 29 35 3 14
M 2 11 12 28 37 4 16
M 2 11 11 28 34 3 15
M 2 11 12 31 36 3 18
M 2 11 12 30 36 3 16
M 2 11 7 16 25 2 2
M 2 11 12 27 36 3 15
M 2 11 6 8 11 3 4
M 2 11 12 32 37 3 16
M 2 11 12 30 40 3 17
M 2 11 12 27 35 3 14
M 2 11 12 30 39 3 17
M 2 11 4 4 3 1 2
M 2 11 12 29 36 3 16
M 2 11 12 30 40 3 18
M 2 11 6 9 8 1 5
M 2 11 12 28 36 3 17
M 2 11 12 30 39 3 16
M 2 11 6 7 7 1 3
M 2 11 12 31 39 3 18
M 2 11 12 31 39 3 16
M 2 11 12 33 41 3 18
M 2 11 12 30 38 3 17
M 2 11 12 33 39 3 17
M 2 11 12 27 34 3 15
M 2 11 12 30 37 3 17
M 2 11 7 8 6 2 2
M 2 11 11 26 35 3 16
M 2 11 6 8 9 1 4
M 2 11 6 8 5 1 4
M 2 11 6 7 5 1 3
M 2 11 12 28 34 3 14
M 2 11 12 32 38 3 17
M 2 11 12 33 42 3 16
M 2 11 12 28 37 3 17
M 2 11 12 28 39 3 17
M 2 11 10 27 33 3 13
M 2 11 11 28 37 3 15
M 2 11 12 29 39 3 17
M 2 11 12 28 35 3 17
M 2 11 12 30 37 3 16
M 2 11 12 29 38 3 17
M 2 11 12 30 38 3 18
M 2 11 12 30 38 3 16
M 2 11 5 7 7 1 4
M 2 11 7 8 7 1 3
M 2 11 6 8 6 1 4
M 2 11 12 28 36 3 15
M 2 11 11 30 35 3 13
M 2 11 6 7 7 3 3
M 2 11 12 29 36 3 17
M 2 11 12 29 37 3 16
M 2 11 12 30 37 3 18
M 2 11 12 33 39 3 16
P 2 11 0 1
P 2 11 1 1
P 2 11 2 0
P 2 11 3 1
P 2 11 4 1
P 2 11 5 1
P 2 11 6 0
P 2 11 7 1
P 2 11 8 0
P 2 11 9 0
P 2 11 10 1
P 2 11 11 0
P 2 11 12 0
P 2 11 13 0
P 2 11 14 0
P 2 11 15 0
P 2 11 16 1
P 2 11 17 1
P 2 11 18 1
P 2 11 19 0
P 2 11 20 0
P 2 11 21 0
P 2 11 22 0
P 2 11 23 0
P 2 11 24 0
P 2 11 25 0
P 2 11 26 0
P 2 11 27 0
P 2 11 28 0
P 2 11 29 0
P 2 11 30 0
P 2 11 31 0
P 2 11 32 0
P 2 11 33 0
P 2 11 34 0
P 2 11 35 0
P 2 11 36 0
P 2 11 37 0
P 2 11 38 0
P 2 11 39 0
P 2 11 40 0
P 2 11 41 0
P 2 11 42 0
P 2 11 43 0
P 2 11 44 0
P 2 11 45 0
P 2 11 46 0
P 2 11 47 0
P 2 11 48 0
P 2 11 49 0
P 2 11 50 0
P 2 11 51 0
P 2 11 52 0
P 2 11 53 0
P 2 11 54 0
P 2 11 55 0
P 2 11 56 0
P 2 11 57 0
P 2 11 58 0
P 2 11 59 0
P 2 11 60 0
P 2 11 61 0
P 2 11 62 0
P 2 11 63 0
P 2 11 64 0
P 2 11 65 1
P 2 11 66 0
P 2 11 67 0
P 2 11 68 0
P 2 11 69 0
P 2 11 70 0
P 2 11 71 0
P 2 11 72 0
P 2 11 73 0
P 2 11 74 0
P 2 11 75 0
P 2 11 76 0
P 2 11 77 0
P 2 11 78 0
P 2 11 79 0
P 2 11 80 0
P 2 11 81 0
P 2 11 82 0
P 2 11 83 0
P 2 11 84 0
P 2 11 85 0
P 2 11 86 0
P 2 11 87 1
P 2 11 88 0
P 2 11 89 0
P 2 11 90 0
P 2 11 91 0
P 2 11 92 0
P 2 11 93 0
P 2 11 94 0
P 2 11 95 0
P 2 11 96 0
P 2 11 97 0
P 2 11 98 0
P 2 11 99 0
P 2 11 100 0
P 2 11 101 0
P 2 11 102 0
P 2 11 103 0
P 2 11 104 0
P 2 11 105 0
P 2 11 106 0
P 2 11 107 0
P 2 11 108 0
P 2 11 109 0
P 2 11 110 0
P 2 11 111 0
P 2 11 112 0
P 2 11 113 0
P 2 11 114 0
P 2 11 115 0
P 2 11 116 0
P 2 11 117 1
P 2 11 118 0
P 2 11 119 0
P 2 11 120 0
P 2 11 121 0
P 2 11 122 0
P 2 11 123 0
P 2 11 124 0
P 2 11 125 0
P 2 11 126 1
P 2 11 127 0
P 2 11 128 0
P 2 11 129 0
P 2 11 130 0
P 2 11 131 0
P 2 11 132 0
P 2 11 133 1
P 2 11 134 0
P 2 11 135 0
P 2 11 136 0
P 2 11 137 0
P 2 11 138 0
P 2 11 139 0
P 2 11 140 0
P 2 11 141 0
P 2 11 142 0
P 2 11 143 0
P 2 11 144 0
P 2 11 145 0
P 2 11 146 0
P 2 11 147 0
P 2 11 148 0
P 2 11 149 0
P 2 11 150 0
P 2 11 151 0
P 2 11 152 0
P 2 11 153 0
P 2 11 154 0
P 2 11 155 0
P 2 11 156 0
P 2 11 157 0
P 2 11 158 0
P 2 11 159 0
P 2 11 160 0
P 2 11 161 0
P 2 11 162 0
P 2 11 163 1
P 2 11 164 0
P 2 11 165 0
P 2 11 166 0
P 2 11 167 0
P 2 11 168 0
P 2 11 169 0
P 2 11 170 0
P 2 11 171 0
P 2 11 172 0
P 2 11 173 0
P 2 11 174 0
P 2 11 175 0
P 2 11 176 0
P 2 11 177 0
P 2 11 178 0
P 2 11 179 0
P 2 11 180 0
P 2 11 181 0
P 2 11 182 0
P 2 11 183 0
P 2 11 184 0
P 2 11 185 0
P 2 11 186 0
P 2 11 187 0
P 2 11 188 0
P 2 11 189 0
P 2 11 190 0
P 2 11 191 0
P 2 11 192 0
P 2 11 193 0
P 2 11 194 0
P 2 11 195 0
P 2 11 196 0
P 2 11 197 0
P 2 11 198 0
P 2 11 199 0
P 2 11 200 0
P 2 11 201 0
P 2 11 202 0
P 2 11 203 0
P 2 11 204 0
P 2 11 205 0
P 2 11 206 0
P 2 11 207 0
P 2 11 208 0
P 2 11 209 0
P 2 11 210 0
P 2 11 211 0
P 2 11 212 0
P 2 11 213 0
P 2 11 214 0
P 2 11 215 0
P 2 11 216 0
P 2 11 217 0
P 2 11 218 0
P 2 11 219 0
P 2 11 220 0
P 2 11 221 0
P 2 11 222 0
P 2 11 223 0
P 2 11 224 0
P 2 11 225 0
P 2 11 226 0
P 2 11 227 0
P 2 11 228 0
P 2 11 229 1
P 2 11 230 0
P 2 11 231 0
P 2 11 232 0
P 2 11 233 0
P 2 11 234 0
P 2 11 235 0
P 2 11 236 0
P 2 11 237 0
P 2 11 238 0
P 2 11 239 0
P 2 11 240 0
P 2 11 241 0
P 2 11 242 0
P 2 11 243 0
P 2 11 244 0
P 2 11 245 0
P 2 11 246 0
P 2 11 247 0
P 2 11 248 0
P 2 11 249 0
P 2 11 250 1
P 2 11 251 0
P 2 11 252 0
P 2 11 253 0
P 2 11 254 0
P 2 11 255 0
P 2 11 256 0
P 2 11 257 0
P 2 11 258 0
P 2 11 259 0
P 2 11 260 0
P 2 11 261 0
P 2 11 262 0
P 2 11 263 0
P 2 11 264 0
P 2 11 265 0
P 2 11 266 0
P 2 11 267 0
P 2 11 268 0
P 2 11 269 0
P 2 11 270 0
P 2 11 271 0
P 2 11 272 1
P 2 11 273 0
P 2 11 274 0
P 2 11 275 0
P 2 11 276 0
P 2 11 277 0
P 2 11 278 0
P 2 11 279 0
P 2 11 280 0
P 2 11 281 0
P 2 11 282 0
P 2 11 283 0
P 2 11 284 0
P 2 11 285 0
P 2 11 286 0
P 2 11 287 0
P 2 11 288 0
P 2 11 289 0
P 2 11 290 0
P 2 11 291 0
P 2 11 292 0
P 2 11 293 1
P 2 11 294 0
P 2 11 295 1
P 2 11 296 0
P 2 11 297 0
P 2 11 298 0
P 2 11 299 0
P 2 11 300 0
P 2 11 301 0
P 2 11 302 0
P 2 11 303 0
P 2 11 304 0
P 2 11 305 0
P 2 11 306 0
P 2 11 307 0
P 2 11 308 0
P 2 11 309 0
P 2 11 310 0
P 2 11 311 0
P 2 11 312 0
P 2 11 313 0
P 2 11 314 0
P 2 11 315 0
P 2 11 316 0
P 2 11 317 0
P 2 11 318 0
P 2 11 319 0
P 2 11 320 0
P 2 11 321 0
P 2 11 322 0
P 2 11 323 0
P 2 11 324 0
P 2 11 325 0
P 2 11 326 0
P 2 11 327 0
P 2 11 328 0
P 2 11 329 0
P 2 11 330 0
P 2 11 331 0
P 2 11 332 0
P 2 11 333 0
P 2 11 334 0
P 2 11 335 0
P 2 11 336 0
P 2 11 337 0
P 2 11 338 0
P 2 11 339 0
P 2 11 340 0
P 2 11 341 0
P 2 11 342 0
P 2 11 343 0
P 2 11 344 0
P 2 11 345 0
P 2 11 346 0
P 2 11 347 0
P 2 11 348 0
P 2 11 349 0
P 2 11 350 0
P 2 11 351 0
P 2 11 352 0
P 2 11 353 0
P 2 11 354 0
P 2 11 355 0
P 2 11 356 0
P 2 11 357 0
P 2 11 358 0
P 2 11 359 0
P 2 11 360 0
P 2 11 361 0
P 2 11 362 1
P 2 11 363 0
P 2 11 364 0
P 2 11 365 0
P 2 11 366 0
P 2 11 367 0
P 2 11 368 0
P 2 11 369 0
P 2 11 370 0
P 2 11 371 0
P 2 11 372 0
P 2 11 373 0
P 2 11 374 0
P 2 11 375 0
P 2 11 376 0
P 2 11 377 0
P 2 11 378 0
P 2 11 379 0
P 2 11 380 0
P 2 11 381 0
P 2 11 382 0
P 2 11 383 0
P 2 11 384 0
P 2 11 385 0
P 2 11 386 0
P 2 11 387 1
P 2 11 388 0
P 2 11 389 0
P 2 11 390 0
P 2 11 391 0
P 2 11 392 0
P 2 11 393 0
P 2 11 394 0
P 2 11 395 0
P 2 11 396 0
P 2 11 397 0
P 2 11 398 0
P 2 11 399 1
P 2 11 400 0
P 2 11 401 0
P 2 11 402 0
P 2 11 403 0
P 2 11 404 0
P 2 11 405 0
P 2 11 406 0
P 2 11 407 0
P 2 11 408 0
P 2 11 409 0
P 2 11 410 0
P 2 11 411 0
P 2 11 412 0
P 2 11 413 0
P 2 11 414 0
P 2 11 415 0
P 2 11 416 0
P 2 11 417 0
P 2 11 418 0
P 2 11 419 0
P 2 11 420 0
P 2 11 421 0
P 2 11 422 0
P 2 11 423 0
P 2 11 424 0
P 2 11 425 0
P 2 11 426 0
P 2 11 427 0
P 2 11 428 0
P 2 11 429 0
P 2 11 430 0
P 2 11 431 0
P 2 11 432 0
P 2 11 433 0
P 2 11 434 0
P 2 11 435 0
P 2 11 436 0
P 2 11 437 0
P 2 11 438 0
P 2 11 439 0
P 2 11 440 0
P 2 11 441 0
P 2 11 442 0
P 2 11 443 0
P 2 11 444 0
P 2 11 445 0
P 2 11 446 0
P 2 11 447 0
P 2 11 448 0
P 2 11 449 0
P 2 11 450 0
P 2 11 451 0
P 2 11 452 0
P 2 11 453 0
P 2 11 454 0
P 2 11 455 0
P 2 11 456 0
P 2 11 457 0
P 2 11 458 0
P 2 11 459 0
P 2 11 460 0
P 2 11 461 0
P 2 11 462 0
P 2 11 463 0
P 2 11 464 0
P 2 11 465 0
P 2 11 466 0
P 2 11 467 1
P 2 11 468 0
P 2 11 469 0
P 2 11 470 0
P 2 11 471 0
P 2 11 472 0
P 2 11 473 0
P 2 11 474 0
P 2 11 475 0
P 2 11 476 0
P 2 11 477 0
P 2 11 478 0
P 2 11 479 0
P 2 11 480 0
P 2 11 481 0
P 2 11 482 0
P 2 11 483 0
P 2 11 484 0
P 2 11 485 0
P 2 11 486 0
P 2 11 487 0
P 2 11 488 0
P 2 11 489 0
P 2 11 490 0
P 2 11 491 0
P 2 11 492 0
P 2 11 493 0
P 2 11 494 0
P 2 11 495 0
P 2 11 496 0
P 2 11 497 0
P 2 11 498 0
P 2 11 499 0
P 2 11 500 0
P 2 11 501 0
P 2 11 502 0
P 2 11 503 0
P 2 11 504 0
P 2 11 505 0
P 2 11 506 0
P 2 11 507 0
P 2 11 508 0
P 2 11 509 0
P 2 11 510 0
P 2 11 511 0
P 2 11 512 0
P 2 11 513 0
P 2 11 514 0
P 2 11 515 0
P 2 11 516 0
P 2 11 517 0
P 2 11 518 0
P 2 11 519 0
P 2 11 520 0
P 2 11 521 0
P 2 11 522 1
P 2 11 523 0
P 2 11 524 0
P 2 11 525 0
P 2 11 526 0
P 2 11 527 0
P 2 11 528 0
P 2 11 529 0
P 2 11 530 0
P 2 11 531 0
P 2 11 532 0
P 2 11 533 0
P 2 11 534 0
P 2 11 535 0
P 2 11 536 0
P 2 11 537 0
P 2 11 538 0
P 2 11 539 0
P 2 11 540 0
P 2 11 541 0
P 2 11 542 0
P 2 11 543 0
P 2 11 544 0
P 2 11 545 0
P 2 11 546 0
P 2 11 547 0
P 2 11 548 0
P 2 11 549 0
P 2 11 550 0
P 2 11 551 0
P 2 11 552 0
P 2 11 553 0
P 2 11 554 0
P 2 11 555 0
P 2 11 556 0
P 2 11 557 0
P 2 11 558 0
P 2 11 559 0
P 2 11 560 0
P 2 11 561 0
P 2 11 562 0
P 2 11 563 1
P 2 11 564 0
P 2 11 565 0
P 2 11 566 0
P 2 11 567 0
P 2 11 568 0
P 2 11 569 0
P 2 11 570 0
P 2 11 571 0
P 2 11 572 0
P 2 11 573 0
P 2 11 574 0
P 2 11 575 1
P 2 11 576 0
P 2 11 577 0
P 2 11 578 0
P 2 11 579 0
P 2 11 580 1
P 2 11 581 0
P 2 11 582 0
P 2 11 583 1
P 2 11 584 0
P 2 11 585 0
P 2 11 586 0
P 2 11 587 0
P 2 11 588 0
P 2 11 589 0
P 2 11 590 0
P 2 11 591 1
P 2 11 592 0
P 2 11 593 0
P 2 11 594 0
P 2 11 595 0
P 2 11 596 0
P 2 11 597 0
P 2 11 598 0
P 2 11 599 0
P 2 11 600 0
P 2 11 601 0
P 2 11 602 1
P 2 11 603 0
P 2 11 604 0
P 2 11 605 0
P 2 11 606 0
P 2 11 607 0
P 2 11 608 0
P 2 11 609 0
P 2 11 610 0
P 2 11 611 0
P 2 11 612 0
P 2 11 613 0
P 2 11 614 0
P 2 11 615 0
P 2 11 616 0
P 2 11 617 0
P 2 11 618 0
P 2 11 619 0
P 2 11 620 0
P 2 11 621 0
P 2 11 622 0
P 2 11 623 0
P 2 11 624 0
P 2 11 625 0
P 2 11 626 0
P 2 11 627 0
P 2 11 628 0
P 2 11 629 0
P 2 11 630 0
P 2 11 631 0
P 2 11 632 0
P 2 11 633 0
P 2 11 634 0
P 2 11 635 0
C 2 12 0 3 3 3 1 0 20 7
C 2 12 1 4 4 3 1 2 19 11
C 2 12 2 4 6 4 1 2 19 14
C 2 12 3 4 6 4 1 2 19 14
C 2 12 4 4 5 5 1 2 19 15
C 2 12 5 5 7 6 1 3 20 23
C 2 12 6 5 7 8 3 3 19 24
C 2 12 7 6 7 7 3 3 19 27
C 2 12 8 5 8 6 1 3 20 30
C 2 12 9 5 8 8 1 3 20 30
C 2 12 10 6 7 5 1 4 20 35
C 2 12 11 7 10 7 1 4 20 38
C 2 12 12 12 29 37 3 16 20 485
C 2 12 13 12 29 38 3 17 19 510
C 2 12 14 12 35 42 3 17 20 984
C 2 12 15 12 31 39 3 16 20 1004
C 2 12 16 3 2 3 0 1 18 6
C 2 12 17 3 3 2 1 1 19 7
C 2 12 18 4 4 3 1 1 19 11
C 2 12 19 4 4 4 1 2 19 15
C 2 12 20 4 5 4 1 2 18 15
C 2 12 21 5 7 5 1 1 19 18
C 2 12 22 5 7 6 1 2 19 29
C 2 12 23 5 6 6 3 3 19 29
C 2 12 24 12 29 37 3 17 19 480
C 2 12 25 12 29 37 3 17 18 484
C 2 12 26 12 29 37 3 17 19 504
C 2 12 27 12 29 37 3 16 19 522
C 2 12 28 12 29 37 3 17 19 666
C 2 12 29 12 34 41 3 17 18 950
C 2 12 30 12 33 41 3 17 18 954
C 2 12 31 12 33 42 3 17 10 950
C 2 12 32 4 3 3 2 0 0 8
C 2 12 33 5 4 3 2 2 1 12
C 2 12 34 5 6 4 2 2 1 15
C 2 12 35 5 6 4 2 2 1 15
C 2 12 36 5 5 5 2 2 1 16
C 2 12 37 6 7 6 2 3 0 24
C 2 12 38 6 7 8 4 3 1 25
C 2 12 39 7 7 7 4 3 1 28
C 2 12 40 6 8 6 2 3 0 31
C 2 12 41 6 8 8 2 3 0 31
C 2 12 42 7 7 5 2 4 0 36
C 2 12 43 8 10 7 2 4 0 39
C 2 12 44 13 29 37 4 16 0 486
C 2 12 45 13 29 38 4 17 1 511
C 2 12 46 13 35 42 4 17 0 985
C 2 12 47 13 31 39 4 16 0 1005
C 2 12 48 4 2 3 1 1 2 7
C 2 12 49 4 3 2 2 1 1 8
C 2 12 50 5 4 3 2 1 1 12
C 2 12 51 5 4 4 2 2 1 16
C 2 12 52 5 5 4 2 2 2 16
C 2 12 53 6 7 5 2 1 1 19
C 2 12 54 6 7 6 2 2 1 30
C 2 12 55 6 6 6 4 3 1 30
C 2 12 56 13 29 37 4 17 1 481
C 2 12 57 13 29 37 4 17 2 485
C 2 12 58 13 29 37 4 17 1 505
C 2 12 59 13 29 37 4 16 1 523
C 2 12 60 13 29 37 4 17 1 667
C 2 12 61 13 34 41 4 17 2 951
C 2 12 62 13 33 41 4 17 2 955
C 2 12 63 13 33 42 4 17 10 951
C 2 12 64 0 0 0 0 0 9 0
C 2 12 65 5 5 6 1 4 8 22
C 2 12 66 6 9 9 1 6 8 37
C 2 12 67 6 9 8 1 5 20 38
C 2 12 68 5 6 6 1 3 8 22
C 2 12 69 5 5 7 1 3 8 23
C 2 12 70 7 10 7 1 4 9 53
C 2 12 71 6 7 10 3 4 8 32
C 2 12 72 6 11 9 1 4 20 49
C 2 12 73 6 10 9 1 5 8 37
C 2 12 74 5 5 6 1 4 9 21
C 2 12 75 6 8 10 1 4 9 38
C 2 12 76 2 3 0 0 0 9 3
C 2 12 77 7 8 7 1 3 9 45
C 2 12 78 13 30 39 3 16 20 493
C 2 12 79 9 20 26 3 8 20 106
C 2 12 80 13 29 39 3 17 9 493
C 2 12 81 6 7 6 1 4 20 27
C 2 12 82 13 29 40 3 18 8 518
C 2 12 83 13 36 44 3 17 20 992
C 2 12 84 9 22 30 3 11 20 157
C 2 12 85 13 35 44 3 18 9 992
C 2 12 86 13 32 41 3 16 20 1012
C 2 12 87 13 31 41 3 17 9 1012
C 2 12 88 4 4 5 1 2 7 14
C 2 12 89 6 8 11 3 4 19 36
C 2 12 90 4 4 4 1 2 8 15
C 2 12 91 5 5 5 1 2 8 19
C 2 12 92 5 4 6 1 3 8 23
C 2 12 93 5 7 6 1 4 7 30
C 2 12 94 6 11 9 1 4 10 53
C 2 12 95 6 9 8 1 5 10 42
C 2 12 96 5 9 7 3 4 20 28
C 2 12 97 6 6 8 3 4 8 37
C 2 12 98 5 7 4 1 2 19 18
C 2 12 99 11 22 27 3 10 10 159
C 2 12 100 13 30 39 3 17 19 492
C 2 12 101 7 19 23 3 5 19 82
C 2 12 102 13 29 39 3 18 9 492
C 2 12 103 11 30 37 3 15 19 484
C 2 12 104 13 29 40 3 17 20 512
C 2 12 105 13 29 39 3 18 10 512
C 2 12 106 8 18 24 1 8 8 86
C 2 12 107 13 30 39 3 17 19 674
C 2 12 108 13 29 39 3 18 10 674
C 2 12 109 13 35 43 3 17 19 958
C 2 12 110 13 34 43 3 18 9 958
C 2 12 111 13 34 43 3 17 19 962
C 2 12 112 13 33 43 3 18 9 962
C 2 12 113 13 34 44 3 17 11 958
C 2 12 114 13 33 44 3 18 17 958
C 2 12 115 6 6 8 3 4 9 33
C 2 12 116 5 5 6 1 3 9 27
C 2 12 117 7 10 8 1 6 8 49
C 2 12 118 6 7 9 3 4 9 36
C 2 12 119 5 6 6 1 3 9 21
C 2 12 120 6 10 8 3 4 20 35
C 2 12 121 6 8 9 1 4 8 42
C 2 12 122 6 8 7 1 5 8 30
C 2 12 123 5 6 4 1 3 8 22
C 2 12 124 13 30 38 3 16 20 497
C 2 12 125 10 21 27 3 8 19 119
C 2 12 126 13 29 38 3 17 8 497
C 2 12 127 5 8 6 1 3 19 26
C 2 12 128 13 29 39 3 18 9 522
C 2 12 129 10 22 26 3 8 20 133
C 2 12 130 5 7 10 1 2 19 23
C 2 12 131 11 22 28 3 9 8 152
C 2 12 132 13 32 40 3 16 20 1016
C 2 12 133 13 31 40 3 17 8 1016
C 2 12 134 5 5 4 1 4 7 19
C 2 12 135 5 6 5 1 4 7 23
C 2 12 136 6 7 7 3 5 8 41
C 2 12 137 5 7 5 1 2 19 22
C 2 12 138 6 9 7 1 3 9 37
C 2 12 139 6 10 10 1 3 19 53
C 2 12 140 6 8 7 1 4 9 41
C 2 12 141 6 7 7 3 5 7 41
C 2 12 142 5 8 6 1 3 19 26
C 2 12 143 13 29 38 3 18 9 492
C 2 12 144 13 30 38 3 17 18 496
C 2 12 145 11 22 26 3 10 10 155
C 2 12 146 13 29 39 3 17 19 516
C 2 12 147 13 29 38 3 18 9 516
C 2 12 148 5 8 10 1 2 18 23
C 2 12 149 13 29 38 3 17 7 534
C 2 12 150 13 30 38 3 17 19 678
C 2 12 151 13 29 38 3 18 9 678
C 2 12 152 13 35 42 3 17 18 962
C 2 12 153 13 34 42 3 18 10 962
C 2 12 154 13 34 42 3 17 18 966
C 2 12 155 13 33 42 3 18 10 966
C 2 12 156 12 30 38 3 16 10 480
C 2 12 157 13 33 43 3 18 18 962
C 2 12 158 5 4 4 1 2 9 23
C 2 12 159 4 4 4 1 3 8 14
C 2 12 160 6 9 10 3 4 9 39
C 2 12 161 5 6 6 1 3 8 21
C 2 12 162 5 7 6 1 4 8 30
C 2 12 163 5 4 3 1 3 8 19
C 2 12 164 13 29 37 3 17 8 500
C 2 12 165 5 9 6 1 5 19 27
C 2 12 166 13 29 38 3 18 9 525
C 2 12 167 13 35 42 3 18 8 999
C 2 12 168 13 31 39 3 17 8 1019
C 2 12 169 5 7 5 1 4 7 22
C 2 12 170 5 7 7 1 4 7 29
C 2 12 171 5 6 6 1 3 9 29
C 2 12 172 7 9 8 1 4 9 41
C 2 12 173 6 9 8 3 5 7 44
C 2 12 174 10 22 27 3 9 9 144
C 2 12 175 13 30 37 3 17 18 499
C 2 12 176 12 28 35 3 14 10 335
C 2 12 177 13 29 38 3 17 19 519
C 2 12 178 13 29 37 3 18 9 519
C 2 12 179 13 29 37 3 17 7 537
C 2 12 180 13 29 37 3 18 9 681
C 2 12 181 13 35 41 3 17 18 965
C 2 12 182 13 34 41 3 18 10 965
C 2 12 183 13 34 41 3 17 18 969
C 2 12 184 13 33 41 3 18 10 969
C 2 12 185 13 34 42 3 17 10 965
C 2 12 186 13 33 42 3 18 18 965
C 2 12 187 5 6 7 1 3 9 30
C 2 12 188 5 6 5 1 3 8 26
C 2 12 189 6 8 10 3 4 9 39
C 2 12 190 7 10 7 1 6 8 50
C 2 12 191 13 29 38 3 17 8 500
C 2 12 192 5 10 7 1 3 19 29
C 2 12 193 13 29 39 3 18 9 525
C 2 12 194 9 23 26 3 8 20 133
C 2 12 195 11 22 27 3 9 8 149
C 2 12 196 13 32 40 3 16 20 1019
C 2 12 197 13 31 40 3 17 8 1019
C 2 12 198 5 6 6 1 3 8 21
C 2 12 199 4 6 4 1 2 18 14
C 2 12 200 5 7 5 1 4 7 22
C 2 12 201 5 9 7 1 4 7 29
C 2 12 202 5 7 6 1 4 7 30
C 2 12 203 6 6 8 3 4 8 33
C 2 12 204 4 5 4 1 1 19 14
C 2 12 205 5 8 6 1 3 9 29
C 2 12 206 5 5 3 1 2 9 22
C 2 12 207 6 9 8 3 5 7 44
C 2 12 208 10 21 26 3 9 9 140
C 2 12 209 13 30 38 3 17 18 499
C 2 12 210 11 23 28 3 10 10 163
C 2 12 211 13 29 39 3 17 19 519
C 2 12 212 13 29 38 3 18 9 519
C 2 12 213 13 29 38 3 17 7 537
C 2 12 214 13 29 38 3 18 9 681
C 2 12 215 13 35 42 3 17 18 965
C 2 12 216 13 34 42 3 18 10 965
C 2 12 217 13 33 42 3 18 10 969
C 2 12 218 12 30 38 3 16 10 477
C 2 12 219 10 25 31 3 12 18 356
C 2 12 220 6 7 6 1 4 8 39
C 2 12 221 5 3 5 2 3 9 19
C 2 12 222 7 8 10 3 4 9 43
C 2 12 223 6 8 8 1 4 8 45
C 2 12 224 6 8 7 1 3 8 44
C 2 12 225 7 9 8 1 6 8 51
C 2 12 226 8 11 10 1 6 8 54
C 2 12 227 13 30 37 3 16 20 501
C 2 12 228 13 29 37 3 17 8 501
C 2 12 229 13 30 38 3 17 19 526
C 2 12 230 11 23 29 3 9 9 268
C 2 12 231 13 35 42 3 18 8 1000
C 2 12 232 13 32 39 3 16 20 1020
C 2 12 233 13 31 39 3 17 8 1020
C 2 12 234 4 6 5 1 2 18 15
C 2 12 235 5 5 7 1 3 8 22
C 2 12 236 5 6 6 1 4 7 23
C 2 12 237 5 7 7 1 4 7 27
C 2 12 238 5 6 7 1 4 7 31
C 2 12 239 5 7 7 1 4 8 31
C 2 12 240 6 8 8 1 3 9 34
C 2 12 241 6 8 9 1 4 9 45
C 2 12 242 6 8 9 3 5 7 45
C 2 12 243 13 30 38 3 17 19 496
C 2 12 244 13 29 38 3 18 9 496
C 2 12 245 13 30 37 3 17 18 500
C 2 12 246 13 29 37 3 18 10 500
C 2 12 247 13 30 37 3 17 19 520
C 2 12 248 11 29 37 3 16 9 488
C 2 12 249 13 29 37 3 17 7 538
C 2 12 250 13 30 37 3 17 19 682
C 2 12 251 13 29 37 3 18 9 682
C 2 12 252 13 35 41 3 17 18 966
C 2 12 253 13 34 41 3 18 10 966
C 2 12 254 13 34 41 3 17 18 970
C 2 12 255 13 33 41 3 18 10 970
C 2 12 256 13 34 42 3 17 10 966
C 2 12 257 13 33 42 3 18 18 966
C 2 12 258 6 9 9 3 5 8 48
C 2 12 259 5 8 6 1 3 8 29
C 2 12 260 5 4 4 1 3 9 23
C 2 12 261 5 5 3 1 2 9 21
C 2 12 262 11 23 28 3 9 9 161
C 2 12 263 13 30 38 3 18 8 534
C 2 12 264 13 36 42 3 18 9 1008
C 2 12 265 11 26 33 3 15 20 296
C 2 12 266 12 30 39 3 16 20 508
C 2 12 267 11 26 34 3 16 9 319
C 2 12 268 5 7 6 1 4 8 26
C 2 12 269 6 8 6 1 4 8 38
C 2 12 270 5 7 5 1 2 19 22
C 2 12 271 6 7 7 1 3 10 30
C 2 12 272 6 9 9 1 4 10 53
C 2 12 273 6 9 9 3 5 8 53
C 2 12 274 10 22 26 3 9 20 140
C 2 12 275 11 22 26 3 10 10 163
C 2 12 276 10 22 28 3 10 19 160
C 2 12 277 13 30 37 3 18 9 508
C 2 12 278 11 28 33 3 13 19 361
C 2 12 279 13 30 38 3 17 20 528
C 2 12 280 13 30 37 3 18 10 528
C 2 12 281 13 30 37 3 17 8 546
C 2 12 282 13 30 37 3 17 19 690
C 2 12 283 11 28 37 3 16 10 642
C 2 12 284 10 23 27 3 10 19 142
C 2 12 285 13 35 41 3 18 9 974
C 2 12 286 13 35 41 3 17 19 978
C 2 12 287 13 34 41 3 18 9 978
C 2 12 288 13 35 42 3 17 11 974
C 2 12 289 12 29 36 3 16 19 489
C 2 12 290 13 34 42 3 18 17 974
C 2 12 291 6 7 8 3 4 9 36
C 2 12 292 6 11 12 3 5 8 55
C 2 12 293 6 10 11 3 5 8 55
C 2 12 294 7 11 11 3 7 8 60
C 2 12 295 8 13 13 3 7 8 63
C 2 12 296 13 29 38 3 17 8 510
C 2 12 297 5 5 4 1 4 9 22
C 2 12 298 13 35 43 3 18 8 1009
C 2 12 299 13 31 40 3 17 8 1029
C 2 12 300 5 5 10 2 2 18 25
C 2 12 301 5 6 9 3 4 8 28
C 2 12 302 6 8 9 3 5 7 32
C 2 12 303 6 9 10 3 5 7 36
C 2 12 304 6 8 10 3 5 7 40
C 2 12 305 6 9 10 3 5 8 40
C 2 12 306 6 10 11 3 4 9 43
C 2 12 307 6 10 12 3 5 9 54
C 2 12 308 6 9 11 3 5 7 54
C 2 12 309 13 29 39 3 18 9 505
C 2 12 310 13 29 38 3 18 10 509
C 2 12 311 12 30 37 3 16 9 504
C 2 12 312 13 30 39 3 17 7 547
C 2 12 313 13 29 38 3 18 9 691
C 2 12 314 13 34 42 3 18 10 975
C 2 12 315 13 33 42 3 18 10 979
C 2 12 316 13 33 43 3 18 18 975
C 2 12 317 7 11 10 3 7 8 63
C 2 12 318 7 10 6 1 5 20 38
C 2 12 319 13 31 41 3 17 8 513
C 2 12 320 6 9 7 3 6 19 32
C 2 12 321 13 31 42 3 18 9 538
C 2 12 322 6 8 6 3 5 20 33
C 2 12 323 11 22 26 3 9 8 152
C 2 12 324 13 34 43 3 16 20 1032
C 2 12 325 13 33 43 3 17 8 1032
C 2 12 326 6 7 7 3 3 18 27
C 2 12 327 7 10 8 1 6 7 41
C 2 12 328 7 9 9 3 5 7 39
C 2 12 329 6 7 6 2 7 7 34
C 2 12 330 11 27 32 3 11 19 194
C 2 12 331 6 7 7 1 3 9 37
C 2 12 332 7 9 7 1 4 9 38
C 2 12 333 7 9 10 3 5 7 57
C 2 12 334 13 32 41 3 17 18 512
C 2 12 335 13 31 42 3 17 19 532
C 2 12 336 13 31 41 3 18 9 532
C 2 12 337 13 31 41 3 17 7 550
C 2 12 338 13 31 41 3 18 9 694
C 2 12 339 13 37 45 3 17 18 978
C 2 12 340 13 36 45 3 18 10 978
C 2 12 341 13 35 45 3 18 10 982
C 2 12 342 12 30 37 3 16 10 480
C 2 12 343 13 35 46 3 18 18 978
C 2 12 344 5 6 6 1 3 9 30
C 2 12 345 5 5 5 1 3 9 27
C 2 12 346 9 21 26 3 8 20 121
C 2 12 347 10 22 27 3 11 9 164
C 2 12 348 13 35 42 3 18 9 1015
C 2 12 349 13 31 39 3 17 9 1035
C 2 12 350 6 9 7 1 4 8 42
C 2 12 351 6 7 7 1 3 10 30
C 2 12 352 6 9 10 1 4 10 53
C 2 12 353 6 10 8 3 5 8 60
C 2 12 354 13 30 39 3 17 20 535
C 2 12 355 13 30 38 3 18 10 535
C 2 12 356 13 30 37 3 17 8 553
C 2 12 357 13 30 38 3 18 10 697
C 2 12 358 13 35 41 3 17 19 981
C 2 12 359 13 34 41 3 18 9 981
C 2 12 360 13 35 42 3 17 19 985
C 2 12 361 13 34 42 3 18 9 985
C 2 12 362 13 34 42 3 17 11 981
C 2 12 363 13 33 42 3 18 17 981
C 2 12 364 6 7 5 1 3 9 37
C 2 12 365 13 30 39 3 16 20 516
C 2 12 366 13 30 38 3 17 9 516
C 2 12 367 6 9 6 1 4 20 34
C 2 12 368 13 30 39 3 18 8 541
C 2 12 369 9 23 30 3 11 20 180
C 2 12 370 13 35 42 3 18 9 1015
C 2 12 371 13 32 39 3 16 20 1035
C 2 12 372 13 31 39 3 17 9 1035
C 2 12 373 4 5 4 1 1 19 14
C 2 12 374 5 7 6 1 4 8 26
C 2 12 375 5 6 6 1 2 19 22
C 2 12 376 6 8 9 1 4 8 46
C 2 12 377 12 30 38 3 15 19 473
C 2 12 378 6 10 11 3 5 8 60
C 2 12 379 13 30 39 3 18 10 511
C 2 12 380 7 10 7 1 4 19 49
C 2 12 381 13 29 37 3 18 9 515
C 2 12 382 11 29 34 3 13 19 365
C 2 12 383 13 29 38 3 17 20 535
C 2 12 384 13 29 37 3 18 10 535
C 2 12 385 13 29 37 3 17 8 553
C 2 12 386 13 29 37 3 18 10 697
C 2 12 387 13 35 41 3 17 19 981
C 2 12 388 13 34 41 3 18 9 981
C 2 12 389 13 34 41 3 17 19 985
C 2 12 390 13 33 41 3 18 9 985
C 2 12 391 13 34 42 3 17 11 981
C 2 12 392 13 33 43 3 17 19 981
C 2 12 393 13 33 42 3 18 17 981
C 2 12 394 13 30 38 3 17 9 521
C 2 12 395 13 36 44 3 17 20 1020
C 2 12 396 13 36 43 3 18 9 1020
C 2 12 397 12 30 41 3 17 20 625
C 2 12 398 13 32 40 3 17 9 1040
C 2 12 399 7 8 7 1 6 7 42
C 2 12 400 5 6 4 1 3 19 19
C 2 12 401 4 4 4 0 2 8 13
C 2 12 402 6 8 7 1 4 7 42
C 2 12 403 6 8 8 1 4 10 34
C 2 12 404 8 9 8 1 4 10 53
C 2 12 405 7 9 7 3 6 8 65
C 2 12 406 9 22 24 3 9 10 197
C 2 12 407 13 30 39 3 18 9 520
C 2 12 408 11 29 35 3 15 19 475
C 2 12 409 13 30 39 3 18 10 540
C 2 12 410 13 30 38 3 17 8 558
C 2 12 411 13 30 39 3 18 10 702
C 2 12 412 13 36 42 3 17 19 986
C 2 12 413 13 35 42 3 18 9 986
C 2 12 414 13 35 43 3 17 19 990
C 2 12 415 13 34 43 3 18 9 990
C 2 12 416 13 34 43 3 18 17 986
C 2 12 417 10 23 26 3 8 20 133
C 2 12 418 10 21 27 3 9 9 129
C 2 12 419 13 31 41 3 17 20 549
C 2 12 420 13 30 41 3 18 8 549
C 2 12 421 13 37 44 3 18 9 1023
C 2 12 422 13 34 41 3 16 20 1043
C 2 12 423 13 33 41 3 17 9 1043
C 2 12 424 6 8 6 1 2 19 26
C 2 12 425 6 8 9 1 4 10 45
C 2 12 426 5 5 6 1 2 10 22
C 2 12 427 5 7 5 2 4 19 21
C 2 12 428 8 12 10 3 6 8 68
C 2 12 429 7 9 6 1 3 19 45
C 2 12 430 11 22 27 3 10 10 167
C 2 12 431 13 31 39 3 17 19 523
C 2 12 432 13 30 39 3 18 9 523
C 2 12 433 13 31 40 3 17 20 543
C 2 12 434 13 31 39 3 18 10 543
C 2 12 435 13 31 39 3 17 8 561
C 2 12 436 13 32 39 3 17 19 705
C 2 12 437 13 31 39 3 18 10 705
C 2 12 438 11 23 27 3 8 19 123
C 2 12 439 13 36 43 3 18 9 989
C 2 12 440 13 35 43 3 17 19 993
C 2 12 441 13 34 43 3 18 9 993
C 2 12 442 13 36 44 3 17 11 989
C 2 12 443 13 35 44 3 18 17 989
C 2 12 444 13 31 41 3 19 8 996
C 2 12 445 13 37 43 3 18 20 1470
C 2 12 446 13 36 43 3 19 9 1470
C 2 12 447 12 29 36 3 16 20 823
C 2 12 448 11 26 35 3 16 9 419
C 2 12 449 7 16 25 2 2 18 73
C 2 12 450 13 29 39 3 17 7 492
C 2 12 451 12 28 36 3 16 19 469
C 2 12 452 11 22 28 3 9 8 146
C 2 12 453 12 29 37 3 16 19 473
C 2 12 454 13 30 38 3 17 8 497
C 2 12 455 8 19 25 3 7 19 99
C 2 12 456 11 22 27 3 9 8 138
C 2 12 457 7 18 23 3 6 18 82
C 2 12 458 13 30 39 3 18 7 501
C 2 12 459 13 31 39 3 16 19 504
C 2 12 460 10 22 26 3 9 10 148
C 2 12 461 10 21 25 3 9 10 136
C 2 12 462 13 30 38 3 17 8 515
C 2 12 463 12 29 37 3 16 19 484
C 2 12 464 13 30 39 3 18 10 966
C 2 12 465 13 34 42 3 19 9 970
C 2 12 466 13 35 42 3 18 19 990
C 2 12 467 13 34 43 3 18 20 990
C 2 12 468 13 34 42 3 19 10 990
C 2 12 469 8 19 25 3 7 19 98
C 2 12 470 13 35 43 3 18 8 1008
C 2 12 471 12 30 38 3 16 10 665
C 2 12 472 12 29 35 3 17 19 823
C 2 12 473 13 35 42 3 19 9 1436
C 2 12 474 13 37 44 3 18 19 1440
C 2 12 475 13 36 44 3 19 9 1440
C 2 12 476 12 29 38 3 17 11 946
C 2 12 477 13 34 43 3 18 17 1436
C 2 12 478 10 21 26 3 9 8 145
C 2 12 479 13 33 43 3 19 8 1515
C 2 12 480 13 29 40 3 18 8 517
C 2 12 481 13 29 39 3 17 18 518
C 2 12 482 13 29 38 3 18 7 518
C 2 12 483 13 29 39 3 18 7 522
C 2 12 484 13 29 38 3 18 7 526
C 2 12 485 13 30 40 3 19 8 526
C 2 12 486 13 29 39 3 18 9 529
C 2 12 487 13 30 39 3 18 9 540
C 2 12 488 13 30 39 3 18 7 540
C 2 12 489 13 30 41 3 19 9 991
C 2 12 490 13 34 44 3 19 10 995
C 2 12 491 13 35 44 3 19 19 1015
C 2 12 492 11 29 35 3 16 9 495
C 2 12 493 13 35 44 3 19 7 1033
C 2 12 494 13 33 43 3 20 9 1177
C 2 12 495 13 36 44 3 19 18 1461
C 2 12 496 13 35 44 3 20 10 1461
C 2 12 497 13 36 46 3 19 18 1465
C 2 12 498 13 35 46 3 20 10 1465
C 2 12 499 13 34 45 3 20 18 1461
C 2 12 500 13 37 44 3 18 20 1989
C 2 12 501 13 36 44 3 19 9 1989
C 2 12 502 13 35 44 3 18 7 991
C 2 12 503 13 35 43 3 17 19 992
C 2 12 504 13 35 42 3 18 8 992
C 2 12 505 11 23 28 3 8 19 135
C 2 12 506 13 36 43 3 18 8 996
C 2 12 507 13 35 42 3 18 8 1000
C 2 12 508 13 36 44 3 19 7 1000
C 2 12 509 13 37 43 3 17 19 1003
C 2 12 510 13 36 43 3 18 10 1003
C 2 12 511 13 36 42 3 18 10 1014
C 2 12 512 13 37 43 3 19 19 1465
C 2 12 513 13 36 43 3 20 10 1465
C 2 12 514 13 37 43 3 19 19 1469
C 2 12 515 13 36 43 3 20 9 1469
C 2 12 516 13 35 43 3 19 20 1489
C 2 12 517 13 35 42 3 20 10 1489
C 2 12 518 13 37 44 3 19 19 1651
C 2 12 519 13 36 44 3 20 10 1651
C 2 12 520 13 36 42 3 19 19 1935
C 2 12 521 11 23 28 3 9 9 249
C 2 12 522 12 33 40 3 17 19 965
C 2 12 523 13 37 44 3 20 9 1939
C 2 12 524 13 36 43 3 19 11 1935
C 2 12 525 13 35 43 3 20 17 1935
C 2 12 526 13 31 41 3 17 7 1011
C 2 12 527 12 29 39 3 16 19 492
C 2 12 528 11 25 34 3 16 8 304
C 2 12 529 13 32 40 3 17 8 1016
C 2 12 530 11 25 33 3 16 8 296
C 2 12 531 13 32 41 3 18 7 1020
C 2 12 532 13 33 41 3 16 19 1023
C 2 12 533 13 32 41 3 17 10 1023
C 2 12 534 13 33 40 3 16 19 1034
C 2 12 535 13 32 40 3 17 10 1034
C 2 12 536 13 32 40 3 17 8 1034
C 2 12 537 13 33 41 3 18 19 1485
C 2 12 538 13 32 41 3 19 10 1485
C 2 12 539 13 35 43 3 18 19 1489
C 2 12 540 13 34 43 3 19 9 1489
C 2 12 541 13 34 44 3 18 20 1509
C 2 12 542 13 34 43 3 19 10 1509
C 2 12 543 13 35 44 3 18 8 1527
C 2 12 544 12 30 38 3 17 19 508
C 2 12 545 11 27 34 3 14 10 369
C 2 12 546 13 36 43 3 18 19 1955
C 2 12 547 11 28 36 3 15 19 465
C 2 12 548 11 28 36 3 16 11 461
C 2 12 549 13 34 44 3 19 17 1955
C 2 12 550 6 8 5 1 3 8 30
C 2 12 551 6 8 8 1 4 8 36
C 2 12 552 6 7 8 3 5 8 36
C 2 12 553 13 29 39 3 18 8 487
C 2 12 554 13 29 39 3 18 9 491
C 2 12 555 13 29 40 3 17 18 511
C 2 12 556 13 29 39 3 18 8 511
C 2 12 557 13 29 39 3 17 8 529
C 2 12 558 13 29 39 3 18 8 673
C 2 12 559 13 34 43 3 18 9 957
C 2 12 560 13 33 43 3 18 9 961
C 2 12 561 13 33 44 3 18 17 957
C 2 12 562 6 7 6 1 3 9 26
C 2 12 563 8 9 7 1 4 9 57
C 2 12 564 12 31 37 3 16 9 846
C 2 12 565 11 22 27 3 9 19 148
C 2 12 566 13 29 37 3 18 9 488
C 2 12 567 8 19 24 3 8 18 98
C 2 12 568 13 29 37 3 18 8 492
C 2 12 569 13 29 38 3 17 19 512
C 2 12 570 13 29 37 3 18 9 512
C 2 12 571 13 29 37 3 17 9 530
C 2 12 572 13 29 37 3 18 9 674
C 2 12 573 13 34 41 3 18 8 958
C 2 12 574 13 33 41 3 18 8 962
C 2 12 575 12 28 36 3 16 18 473
C 2 12 576 13 33 42 3 18 16 958
C 2 12 577 5 7 5 1 2 19 22
C 2 12 578 5 6 6 1 3 9 29
C 2 12 579 6 10 8 2 7 9 45
C 2 12 580 6 7 7 3 4 9 41
C 2 12 581 13 29 38 3 18 9 492
C 2 12 582 13 29 38 3 18 8 496
C 2 12 583 13 30 39 3 17 19 516
C 2 12 584 13 30 38 3 18 9 516
C 2 12 585 13 30 38 3 17 9 534
C 2 12 586 13 30 38 3 18 9 678
C 2 12 587 13 35 42 3 18 8 962
C 2 12 588 13 33 42 3 18 8 966
C 2 12 589 12 29 37 3 16 18 477
C 2 12 590 13 34 43 3 18 16 962
C 2 12 591 6 7 7 1 3 9 34
C 2 12 592 7 10 8 2 6 9 49
C 2 12 593 11 23 25 3 10 9 159
C 2 12 594 13 29 37 3 18 9 496
C 2 12 595 13 29 38 3 18 8 500
C 2 12 596 13 29 39 3 17 19 520
C 2 12 597 13 29 38 3 18 9 520
C 2 12 598 13 29 37 3 17 9 538
C 2 12 599 13 29 38 3 18 9 682
C 2 12 600 13 34 41 3 18 8 966
C 2 12 601 13 33 42 3 18 8 970
C 2 12 602 13 33 42 3 18 16 966
C 2 12 603 6 7 7 1 3 8 29
C 2 12 604 6 9 8 1 4 8 45
C 2 12 605 10 22 27 3 9 8 247
C 2 12 606 13 30 39 3 19 8 496
C 2 12 607 13 30 39 3 19 9 500
C 2 12 608 13 30 40 3 18 18 520
C 2 12 609 13 30 39 3 19 8 520
C 2 12 610 13 30 39 3 18 8 538
C 2 12 611 13 30 39 3 19 8 682
C 2 12 612 13 35 43 3 19 9 966
C 2 12 613 13 34 43 3 19 9 970
C 2 12 614 13 34 44 3 19 17 966
C 2 12 615 5 8 7 3 3 19 28
C 2 12 616 6 9 9 3 4 9 48
C 2 12 617 12 28 37 3 16 19 476
C 2 12 618 10 21 25 3 9 9 140
C 2 12 619 12 28 37 3 16 18 480
C 2 12 620 13 29 38 3 18 8 503
C 2 12 621 12 31 37 3 15 18 499
C 2 12 622 13 30 38 3 18 11 523
C 2 12 623 13 30 39 3 17 9 541
C 2 12 624 13 31 39 3 17 18 685
C 2 12 625 13 30 39 3 18 11 685
C 2 12 626 13 36 42 3 17 18 969
C 2 12 627 13 35 42 3 18 10 969
C 2 12 628 13 34 42 3 17 18 973
C 2 12 629 13 33 42 3 18 10 973
C 2 12 630 13 34 43 3 18 16 969
C 2 12 631 6 9 9 3 4 9 59
C 2 12 632 13 30 38 3 18 9 510
C 2 12 633 13 30 37 3 18 8 514
C 2 12 634 11 30 35 3 13 18 380
C 2 12 635 13 30 37 3 18 11 534
C 2 12 636 13 30 38 3 17 9 552
C 2 12 637 13 31 38 3 17 18 696
C 2 12 638 13 30 38 3 18 11 696
C 2 12 639 13 36 41 3 17 18 980
C 2 12 640 13 35 41 3 18 10 980
C 2 12 641 13 35 41 3 17 18 984
C 2 12 642 13 34 41 3 18 10 984
C 2 12 643 12 30 38 3 16 18 492
C 2 12 644 13 34 42 3 18 16 980
C 2 12 645 10 22 25 3 8 19 136
C 2 12 646 13 30 38 3 18 9 510
C 2 12 647 13 30 39 3 18 8 514
C 2 12 648 13 30 39 3 18 9 534
C 2 12 649 13 30 39 3 18 9 696
C 2 12 650 10 22 26 3 8 19 119
C 2 12 651 13 35 42 3 18 8 980
C 2 12 652 13 35 43 3 17 19 984
C 2 12 653 13 34 43 3 18 8 984
C 2 12 654 13 34 43 3 18 16 980
C 2 12 655 13 35 42 3 19 18 985
C 2 12 656 13 34 42 3 20 11 985
C 2 12 657 13 35 44 3 19 9 1003
C 2 12 658 12 29 38 3 17 18 665
C 2 12 659 13 32 41 3 20 11 1147
C 2 12 660 13 36 42 3 19 18 1431
C 2 12 661 13 35 42 3 20 10 1431
C 2 12 662 13 36 44 3 19 18 1435
C 2 12 663 13 35 44 3 20 10 1435
C 2 12 664 13 34 43 3 19 16 1431
C 2 12 665 13 30 38 3 20 10 989
C 2 12 666 13 32 41 3 18 19 1007
C 2 12 667 13 31 41 3 19 8 1007
C 2 12 668 13 32 41 3 20 10 1151
C 2 12 669 13 36 42 3 18 17 1435
C 2 12 670 13 35 42 3 19 11 1435
C 2 12 671 13 34 42 3 19 17 1439
C 2 12 672 13 33 42 3 20 11 1439
C 2 12 673 12 31 38 3 16 17 484
C 2 12 674 13 31 42 3 18 19 1027
C 2 12 675 13 31 41 3 19 9 1027
C 2 12 676 13 32 42 3 19 19 1171
C 2 12 677 13 32 41 3 20 9 1171
C 2 12 678 13 35 41 3 19 18 1455
C 2 12 679 13 34 42 3 19 19 1455
C 2 12 680 13 34 41 3 20 10 1455
C 2 12 681 13 33 42 3 18 19 1459
C 2 12 682 12 30 37 3 16 10 481
C 2 12 683 13 34 42 3 18 10 1455
C 2 12 684 13 33 42 3 19 18 1455
C 2 12 685 13 33 43 3 19 9 1189
C 2 12 686 13 37 44 3 18 19 1473
C 2 12 687 13 36 44 3 19 8 1473
C 2 12 688 13 36 45 3 18 19 1477
C 2 12 689 13 35 45 3 19 8 1477
C 2 12 690 13 36 45 3 18 11 1473
C 2 12 691 13 35 45 3 19 16 1473
C 2 12 692 13 36 43 3 19 18 1617
C 2 12 693 13 35 43 3 20 10 1617
C 2 12 694 12 29 36 3 17 18 485
C 2 12 695 13 34 42 3 20 10 1621
C 2 12 696 10 22 26 3 9 10 138
C 2 12 697 13 34 44 3 20 18 1617
C 2 12 698 13 37 43 3 19 18 1905
C 2 12 699 12 33 42 3 16 18 954
C 2 12 700 12 30 37 3 17 9 954
C 2 12 701 13 34 42 3 20 19 1901
C 2 12 702 13 36 44 3 18 9 1905
C 2 12 703 10 26 31 3 13 19 279
M 2 12 6 7 6 2 3
M 2 12 6 8 8 2 3
M 2 12 8 10 7 2 4
M 2 12 13 31 39 4 16
M 2 12 5 5 5 2 2
M 2 12 7 7 7 4 3
M 2 12 4 3 2 2 1
M 2 12 5 4 4 2 2
M 2 12 6 7 6 2 2
M 2 12 4 2 3 1 1
M 2 12 13 34 41 4 17
M 2 12 4 4 5 1 2
M 2 12 5 9 7 1 4
M 2 12 5 6 7 1 4
M 2 12 6 9 11 3 5
M 2 12 6 7 6 2 7
M 2 12 7 8 7 1 6
M 2 12 6 7 10 3 4
M 2 12 5 5 5 1 2
M 2 12 8 18 24 1 8
M 2 12 4 4 4 1 3
M 2 12 5 6 5 1 3
M 2 12 6 8 7 1 3
M 2 12 8 11 10 1 6
M 2 12 6 11 12 3 5
M 2 12 8 13 13 3 7
M 2 12 7 11 10 3 7
M 2 12 11 22 26 3 9
M 2 12 6 10 8 3 5
M 2 12 7 9 7 3 6
M 2 12 8 12 10 3 6
M 2 12 11 25 34 3 16
M 2 12 6 8 5 1 3
M 2 12 13 36 44 3 18
M 2 12 12 30 37 3 17
M 2 12 0 0 0 0 0
M 2 12 2 3 0 0 0
M 2 12 7 8 7 1 3
M 2 12 6 7 9 3 4
M 2 12 5 4 4 1 2
M 2 12 7 9 8 1 4
M 2 12 6 8 10 3 4
M 2 12 7 8 10 3 4
M 2 12 6 8 8 1 3
M 2 12 5 4 4 1 3
M 2 12 6 7 8 3 4
M 2 12 6 10 12 3 5
M 2 12 7 9 7 1 4
M 2 12 10 22 27 3 11
M 2 12 6 7 5 1 3
M 2 12 10 21 27 3 9
M 2 12 6 10 8 2 7
M 2 12 11 26 35 3 16
M 2 12 11 29 35 3 16
M 2 12 12 33 42 3 17
M 2 12 13 34 41 3 20
M 2 12 11 27 34 3 14
M 2 12 11 23 28 3 10
M 2 12 13 32 41 3 19
M 2 12 11 28 37 3 16
M 2 12 6 9 10 1 4
M 2 12 9 22 24 3 9
M 2 12 13 35 46 3 20
M 2 12 13 34 44 3 17
M 2 12 12 31 38 3 16
M 2 12 4 5 4 1 2
M 2 12 12 33 41 3 17
M 2 12 12 29 36 3 17
M 2 12 13 35 41 3 19
M 2 12 13 36 41 3 17
M 2 12 13 31 38 3 17
M 2 12 13 34 45 3 20
M 2 12 12 31 37 3 15
M 2 12 4 6 5 1 2
M 2 12 5 5 10 2 2
M 2 12 13 35 46 3 18
M 2 12 7 16 25 2 2
M 2 12 4 4 3 1 2
M 2 12 5 7 8 3 3
M 2 12 3 3 2 1 1
M 2 12 5 7 5 1 1
M 2 12 5 6 6 3 3
M 2 12 13 37 44 3 19
M 2 12 6 8 11 3 4
M 2 12 5 7 4 1 2
M 2 12 11 30 37 3 15
M 2 12 11 28 36 3 15
M 2 12 5 7 10 1 2
M 2 12 6 10 10 1 3
M 2 12 5 9 6 1 5
M 2 12 5 10 7 1 3
M 2 12 5 8 7 3 3
M 2 12 10 22 28 3 10
M 2 12 11 28 33 3 13
M 2 12 13 33 41 3 16
M 2 12 6 9 7 3 6
M 2 12 13 31 42 3 17
M 2 12 13 37 43 3 17
M 2 12 5 6 6 1 2
M 2 12 11 29 34 3 13
M 2 12 11 23 28 3 8
M 2 12 3 3 3 1 0
M 2 12 5 8 8 1 3
M 2 12 12 35 42 3 17
M 2 12 12 31 39 3 16
M 2 12 9 22 30 3 11
M 2 12 5 9 7 3 4
M 2 12 6 10 8 3 4
M 2 12 13 34 44 3 18
M 2 12 13 30 37 3 16
M 2 12 11 26 33 3 15
M 2 12 7 10 6 1 5
M 2 12 13 34 43 3 16
M 2 12 9 21 26 3 8
M 2 12 9 23 30 3 11
M 2 12 6 8 6 2 3
M 2 12 13 35 42 4 17
M 2 12 5 6 4 2 2
M 2 12 13 29 37 4 16
M 2 12 5 4 3 2 1
M 2 12 5 5 4 2 2
M 2 12 13 33 41 4 17
M 2 12 5 7 5 1 4
M 2 12 5 6 6 1 4
M 2 12 6 8 10 3 5
M 2 12 7 9 10 3 5
M 2 12 6 9 9 1 6
M 2 12 6 10 9 1 5
M 2 12 5 4 6 1 3
M 2 12 13 30 40 3 19
M 2 12 6 8 7 1 5
M 2 12 6 7 7 3 5
M 2 12 13 30 41 3 18
M 2 12 7 10 7 1 6
M 2 12 6 9 9 3 5
M 2 12 6 10 11 3 5
M 2 12 5 6 9 3 4
M 2 12 6 9 8 1 4
M 2 12 8 9 7 1 4
M 2 12 6 7 6 1 3
M 2 12 6 7 8 3 5
M 2 12 6 8 10 1 4
M 2 12 12 31 37 3 16
M 2 12 13 31 41 3 18
M 2 12 5 5 4 1 4
M 2 12 6 8 7 1 4
M 2 12 6 9 10 3 4
M 2 12 5 6 7 1 3
M 2 12 5 5 3 1 2
M 2 12 5 3 5 2 3
M 2 12 13 37 44 3 20
M 2 12 5 5 5 1 3
M 2 12 11 23 28 3 9
M 2 12 10 21 25 3 9
M 2 12 13 33 43 3 20
M 2 12 13 33 42 4 17
M 2 12 11 22 27 3 10
M 2 12 11 22 26 3 10
M 2 12 13 31 39 3 18
M 2 12 13 30 38 3 20
M 2 12 13 36 43 3 20
M 2 12 5 5 6 1 2
M 2 12 13 35 45 3 19
M 2 12 13 33 44 3 18
M 2 12 3 2 3 0 1
M 2 12 13 34 44 3 20
M 2 12 13 33 42 3 19
M 2 12 13 37 45 3 17
M 2 12 13 30 40 3 18
M 2 12 13 32 41 3 17
M 2 12 10 25 31 3 12
M 2 12 4 5 5 1 2
M 2 12 6 7 7 3 3
M 2 12 7 18 23 3 6
M 2 12 4 4 4 1 2
M 2 12 5 7 6 1 2
M 2 12 12 28 36 3 16
M 2 12 10 26 31 3 13
M 2 12 13 32 42 3 19
M 2 12 12 33 40 3 17
M 2 12 12 30 38 3 15
M 2 12 13 34 43 3 17
M 2 12 5 6 4 1 3
M 2 12 11 23 27 3 8
M 2 12 6 8 6 1 2
M 2 12 12 30 38 3 17
M 2 12 11 27 32 3 11
M 2 12 7 9 6 1 3
M 2 12 12 29 35 3 17
M 2 12 11 29 35 3 15
M 2 12 10 23 26 3 8
M 2 12 6 9 6 1 4
M 2 12 6 11 9 1 4
M 2 12 13 30 39 3 16
M 2 12 9 20 26 3 8
M 2 12 13 32 41 3 16
M 2 12 13 29 40 3 17
M 2 12 13 30 38 3 16
M 2 12 13 32 39 3 16
M 2 12 12 29 36 3 16
M 2 12 12 30 41 3 17
M 2 12 6 6 8 3 4
M 2 12 6 8 8 1 4
M 2 12 13 32 41 3 20
M 2 12 13 34 44 3 19
M 2 12 13 35 42 3 19
M 2 12 12 29 38 3 17
M 2 12 13 35 43 3 18
M 2 12 13 35 44 3 19
M 2 12 13 36 45 3 18
M 2 12 5 7 5 1 2
M 2 12 10 22 26 3 9
M 2 12 4 3 3 2 0
M 2 12 5 4 3 2 2
M 2 12 13 29 38 4 17
M 2 12 13 29 37 4 17
M 2 12 6 6 6 4 3
M 2 12 7 9 9 3 5
M 2 12 7 11 11 3 7
M 2 12 6 9 10 3 5
M 2 12 11 25 33 3 16
M 2 12 13 29 40 3 18
M 2 12 4 4 4 0 2
M 2 12 7 10 8 1 6
M 2 12 13 30 39 3 19
M 2 12 10 22 27 3 9
M 2 12 11 23 25 3 10
M 2 12 5 5 6 1 4
M 2 12 13 33 41 3 17
M 2 12 6 9 9 3 4
M 2 12 5 5 6 1 3
M 2 12 6 9 7 1 3
M 2 12 13 35 42 3 20
M 2 12 13 35 44 3 20
M 2 12 6 9 9 1 4
M 2 12 13 35 41 3 18
M 2 12 11 26 34 3 16
M 2 12 12 28 35 3 14
M 2 12 13 34 43 3 19
M 2 12 13 35 43 3 20
M 2 12 12 34 41 3 17
M 2 12 12 33 42 3 16
M 2 12 13 36 46 3 19
M 2 12 13 33 43 3 18
M 2 12 13 33 42 3 20
M 2 12 13 31 39 3 16
M 2 12 4 4 3 1 1
M 2 12 13 33 40 3 16
M 2 12 12 29 37 3 17
M 2 12 13 36 42 3 19
M 2 12 13 34 42 3 19
M 2 12 13 35 42 3 17
M 2 12 13 32 39 3 17
M 2 12 13 32 41 3 18
M 2 12 7 19 23 3 5
M 2 12 5 7 6 1 3
M 2 12 6 7 5 1 4
M 2 12 9 23 26 3 8
M 2 12 13 31 40 3 17
M 2 12 6 9 8 1 5
M 2 12 13 35 43 3 19
M 2 12 13 32 40 3 16
M 2 12 5 7 6 1 4
M 2 12 13 36 43 3 18
M 2 12 13 35 43 3 17
M 2 12 12 29 37 3 16
M 2 12 5 7 7 1 4
M 2 12 12 30 37 3 16
M 2 12 13 36 44 3 19
M 2 12 13 36 43 3 19
M 2 12 13 34 41 3 17
M 2 12 11 22 27 3 9
M 2 12 13 37 43 3 19
M 2 12 13 30 39 3 17
M 2 12 5 6 6 1 3
M 2 12 13 30 37 3 17
M 2 12 13 29 39 3 17
M 2 12 6 7 8 4 3
M 2 12 6 7 5 2 1
M 2 12 6 8 9 3 5
M 2 12 7 9 8 1 6
M 2 12 5 5 7 1 3
M 2 12 5 4 3 1 3
M 2 12 11 29 37 3 16
M 2 12 11 22 28 3 9
M 2 12 13 30 41 3 19
M 2 12 6 10 11 3 4
M 2 12 13 35 45 3 18
M 2 12 13 36 44 3 20
M 2 12 6 8 9 1 4
M 2 12 13 30 37 3 18
M 2 12 5 8 10 1 2
M 2 12 11 30 35 3 13
M 2 12 8 19 24 3 8
M 2 12 13 33 43 3 17
M 2 12 8 19 25 3 7
M 2 12 10 22 25 3 8
M 2 12 10 23 27 3 10
M 2 12 13 31 42 3 18
M 2 12 12 30 39 3 16
M 2 12 13 29 38 3 17
M 2 12 6 8 6 3 5
M 2 12 13 37 44 3 18
M 2 12 13 37 43 3 18
M 2 12 13 33 41 3 18
M 2 12 13 35 42 3 18
M 2 12 13 34 43 3 18
M 2 12 13 29 37 3 18
M 2 12 13 36 42 3 18
M 2 12 4 6 4 1 2
M 2 12 13 35 41 3 17
M 2 12 13 33 42 3 18
M 2 12 13 29 37 3 17
M 2 12 13 34 42 3 18
M 2 12 13 36 44 3 17
M 2 12 6 9 8 3 5
M 2 12 5 6 5 1 4
M 2 12 13 33 43 3 19
M 2 12 6 7 7 3 4
M 2 12 13 32 40 3 17
M 2 12 8 9 8 1 4
M 2 12 11 28 36 3 16
M 2 12 13 35 44 3 18
M 2 12 5 7 5 2 4
M 2 12 10 21 27 3 8
M 2 12 4 5 4 1 1
M 2 12 13 34 41 3 16
M 2 12 13 29 38 3 18
M 2 12 6 7 7 1 3
M 2 12 13 31 41 3 17
M 2 12 13 31 41 3 19
M 2 12 13 34 42 3 17
M 2 12 13 30 38 3 17
M 2 12 13 30 39 3 18
M 2 12 6 9 7 1 4
M 2 12 10 21 26 3 9
M 2 12 7 10 8 2 6
M 2 12 12 30 38 3 16
M 2 12 12 29 39 3 16
M 2 12 12 28 37 3 16
M 2 12 13 30 38 3 18
M 2 12 13 29 39 3 18
M 2 12 7 10 7 1 4
M 2 12 7 7 5 2 4
M 2 12 13 34 41 3 18
P 2 12 0 1
P 2 12 1 1
P 2 12 2 0
P 2 12 3 0
P 2 12 4 0
P 2 12 5 1
P 2 12 6 0
P 2 12 7 0
P 2 12 8 1
P 2 12 9 1
P 2 12 10 1
P 2 12 11 1
P 2 12 12 1
P 2 12 13 0
P 2 12 14 0
P 2 12 15 0
P 2 12 16 1
P 2 12 17 1
P 2 12 18 1
P 2 12 19 1
P 2 12 20 0
P 2 12 21 0
P 2 12 22 0
P 2 12 23 0
P 2 12 24 0
P 2 12 25 0
P 2 12 26 0
P 2 12 27 0
P 2 12 28 0
P 2 12 29 0
P 2 12 30 0
P 2 12 31 0
P 2 12 32 0
P 2 12 33 0
P 2 12 34 0
P 2 12 35 0
P 2 12 36 0
P 2 12 37 0
P 2 12 38 0
P 2 12 39 0
P 2 12 40 0
P 2 12 41 0
P 2 12 42 0
P 2 12 43 0
P 2 12 44 0
P 2 12 45 0
P 2 12 46 0
P 2 12 47 0
P 2 12 48 0
P 2 12 49 0
P 2 12 50 0
P 2 12 51 0
P 2 12 52 0
P 2 12 53 0
P 2 12 54 0
P 2 12 55 0
P 2 12 56 0
P 2 12 57 0
P 2 12 58 0
P 2 12 59 0
P 2 12 60 0
P 2 12 61 0
P 2 12 62 0
P 2 12 63 0
P 2 12 64 0
P 2 12 65 0
P 2 12 66 0
P 2 12 67 0
P 2 12 68 0
P 2 12 69 0
P 2 12 70 0
P 2 12 71 0
P 2 12 72 0
P 2 12 73 0
P 2 12 74 0
P 2 12 75 0
P 2 12 76 0
P 2 12 77 0
P 2 12 78 0
P 2 12 79 0
P 2 12 80 0
P 2 12 81 1
P 2 12 82 0
P 2 12 83 1
P 2 12 84 0
P 2 12 85 0
P 2 12 86 0
P 2 12 87 0
P 2 12 88 0
P 2 12 89 0
P 2 12 90 0
P 2 12 91 0
P 2 12 92 0
P 2 12 93 0
P 2 12 94 0
P 2 12 95 0
P 2 12 96 1
P 2 12 97 0
P 2 12 98 0
P 2 12 99 0
P 2 12 100 0
P 2 12 101 0
P 2 12 102 0
P 2 12 103 0
P 2 12 104 0
P 2 12 105 0
P 2 12 106 0
P 2 12 107 0
P 2 12 108 0
P 2 12 109 0
P 2 12 110 0
P 2 12 111 0
P 2 12 112 0
P 2 12 113 0
P 2 12 114 0
P 2 12 115 0
P 2 12 116 0
P 2 12 117 0
P 2 12 118 0
P 2 12 119 0
P 2 12 120 0
P 2 12 121 0
P 2 12 122 0
P 2 12 123 0
P 2 12 124 0
P 2 12 125 0
P 2 12 126 0
P 2 12 127 0
P 2 12 128 0
P 2 12 129 0
P 2 12 130 0
P 2 12 131 0
P 2 12 132 0
P 2 12 133 0
P 2 12 134 0
P 2 12 135 0
P 2 12 136 0
P 2 12 137 0
P 2 12 138 0
P 2 12 139 0
P 2 12 140 0
P 2 12 141 0
P 2 12 142 0
P 2 12 143 0
P 2 12 144 0
P 2 12 145 0
P 2 12 146 0
P 2 12 147 0
P 2 12 148 0
P 2 12 149 0
P 2 12 150 0
P 2 12 151 0
P 2 12 152 0
P 2 12 153 0
P 2 12 154 0
P 2 12 155 0
P 2 12 156 0
P 2 12 157 0
P 2 12 158 0
P 2 12 159 0
P 2 12 160 0
P 2 12 161 0
P 2 12 162 0
P 2 12 163 0
P 2 12 164 0
P 2 12 165 0
P 2 12 166 0
P 2 12 167 0
P 2 12 168 0
P 2 12 169 0
P 2 12 170 0
P 2 12 171 0
P 2 12 172 0
P 2 12 173 0
P 2 12 174 0
P 2 12 175 0
P 2 12 176 0
P 2 12 177 0
P 2 12 178 0
P 2 12 179 0
P 2 12 180 0
P 2 12 181 0
P 2 12 182 0
P 2 12 183 0
P 2 12 184 0
P 2 12 185 0
P 2 12 186 0
P 2 12 187 0
P 2 12 188 0
P 2 12 189 0
P 2 12 190 0
P 2 12 191 0
P 2 12 192 0
P 2 12 193 0
P 2 12 194 0
P 2 12 195 0
P 2 12 196 0
P 2 12 197 0
P 2 12 198 0
P 2 12 199 0
P 2 12 200 0
P 2 12 201 0
P 2 12 202 0
P 2 12 203 0
P 2 12 204 0
P 2 12 205 0
P 2 12 206 0
P 2 12 207 0
P 2 12 208 0
P 2 12 209 0
P 2 12 210 0
P 2 12 211 0
P 2 12 212 0
P 2 12 213 0
P 2 12 214 0
P 2 12 215 0
P 2 12 216 0
P 2 12 217 0
P 2 12 218 0
P 2 12 219 0
P 2 12 220 0
P 2 12 221 0
P 2 12 222 0
P 2 12 223 0
P 2 12 224 0
P 2 12 225 0
P 2 12 226 0
P 2 12 227 0
P 2 12 228 0
P 2 12 229 0
P 2 12 230 0
P 2 12 231 0
P 2 12 232 0
P 2 12 233 0
P 2 12 234 0
P 2 12 235 0
P 2 12 236 0
P 2 12 237 0
P 2 12 238 0
P 2 12 239 0
P 2 12 240 0
P 2 12 241 0
P 2 12 242 0
P 2 12 243 0
P 2 12 244 0
P 2 12 245 0
P 2 12 246 0
P 2 12 247 0
P 2 12 248 0
P 2 12 249 0
P 2 12 250 1
P 2 12 251 0
P 2 12 252 0
P 2 12 253 0
P 2 12 254 0
P 2 12 255 0
P 2 12 256 0
P 2 12 257 0
P 2 12 258 0
P 2 12 259 0
P 2 12 260 0
P 2 12 261 0
P 2 12 262 0
P 2 12 263 0
P 2 12 264 0
P 2 12 265 0
P 2 12 266 0
P 2 12 267 0
P 2 12 268 0
P 2 12 269 0
P 2 12 270 0
P 2 12 271 0
P 2 12 272 0
P 2 12 273 0
P 2 12 274 1
P 2 12 275 0
P 2 12 276 0
P 2 12 277 0
P 2 12 278 0
P 2 12 279 1
P 2 12 280 0
P 2 12 281 0
P 2 12 282 1
P 2 12 283 0
P 2 12 284 0
P 2 12 285 0
P 2 12 286 0
P 2 12 287 0
P 2 12 288 0
P 2 12 289 0
P 2 12 290 0
P 2 12 291 0
P 2 12 292 0
P 2 12 293 0
P 2 12 294 0
P 2 12 295 0
P 2 12 296 0
P 2 12 297 0
P 2 12 298 0
P 2 12 299 0
P 2 12 300 0
P 2 12 301 0
P 2 12 302 0
P 2 12 303 0
P 2 12 304 0
P 2 12 305 0
P 2 12 306 0
P 2 12 307 0
P 2 12 308 0
P 2 12 309 0
P 2 12 310 0
P 2 12 311 0
P 2 12 312 0
P 2 12 313 0
P 2 12 314 0
P 2 12 315 0
P 2 12 316 0
P 2 12 317 0
P 2 12 318 0
P 2 12 319 0
P 2 12 320 0
P 2 12 321 0
P 2 12 322 1
P 2 12 323 0
P 2 12 324 0
P 2 12 325 0
P 2 12 326 0
P 2 12 327 0
P 2 12 328 0
P 2 12 329 0
P 2 12 330 0
P 2 12 331 0
P 2 12 332 0
P 2 12 333 0
P 2 12 334 0
P 2 12 335 0
P 2 12 336 0
P 2 12 337 0
P 2 12 338 0
P 2 12 339 0
P 2 12 340 0
P 2 12 341 0
P 2 12 342 0
P 2 12 343 0
P 2 12 344 0
P 2 12 345 0
P 2 12 346 0
P 2 12 347 0
P 2 12 348 0
P 2 12 349 0
P 2 12 350 0
P 2 12 351 0
P 2 12 352 0
P 2 12 353 0
P 2 12 354 1
P 2 12 355 0
P 2 12 356 0
P 2 12 357 0
P 2 12 358 0
P 2 12 359 0
P 2 12 360 0
P 2 12 361 0
P 2 12 362 0
P 2 12 363 0
P 2 12 364 0
P 2 12 365 0
P 2 12 366 0
P 2 12 367 1
P 2 12 368 0
P 2 12 369 0
P 2 12 370 0
P 2 12 371 0
P 2 12 372 0
P 2 12 373 0
P 2 12 374 0
P 2 12 375 0
P 2 12 376 0
P 2 12 377 0
P 2 12 378 0
P 2 12 379 0
P 2 12 380 0
P 2 12 381 0
P 2 12 382 0
P 2 12 383 0
P 2 12 384 0
P 2 12 385 0
P 2 12 386 0
P 2 12 387 0
P 2 12 388 0
P 2 12 389 0
P 2 12 390 0
P 2 12 391 0
P 2 12 392 0
P 2 12 393 0
P 2 12 394 0
P 2 12 395 1
P 2 12 396 0
P 2 12 397 0
P 2 12 398 0
P 2 12 399 0
P 2 12 400 0
P 2 12 401 0
P 2 12 402 0
P 2 12 403 0
P 2 12 404 0
P 2 12 405 0
P 2 12 406 0
P 2 12 407 0
P 2 12 408 0
P 2 12 409 0
P 2 12 410 0
P 2 12 411 0
P 2 12 412 0
P 2 12 413 0
P 2 12 414 0
P 2 12 415 0
P 2 12 416 0
P 2 12 417 0
P 2 12 418 0
P 2 12 419 1
P 2 12 420 0
P 2 12 421 0
P 2 12 422 0
P 2 12 423 0
P 2 12 424 0
P 2 12 425 0
P 2 12 426 0
P 2 12 427 0
P 2 12 428 0
P 2 12 429 0
P 2 12 430 0
P 2 12 431 0
P 2 12 432 0
P 2 12 433 0
P 2 12 434 0
P 2 12 435 0
P 2 12 436 0
P 2 12 437 0
P 2 12 438 0
P 2 12 439 0
P 2 12 440 0
P 2 12 441 0
P 2 12 442 0
P 2 12 443 0
P 2 12 444 0
P 2 12 445 0
P 2 12 446 0
P 2 12 447 0
P 2 12 448 0
P 2 12 449 0
P 2 12 450 0
P 2 12 451 0
P 2 12 452 0
P 2 12 453 0
P 2 12 454 0
P 2 12 455 0
P 2 12 456 0
P 2 12 457 0
P 2 12 458 0
P 2 12 459 0
P 2 12 460 0
P 2 12 461 0
P 2 12 462 0
P 2 12 463 0
P 2 12 464 0
P 2 12 465 0
P 2 12 466 0
P 2 12 467 1
P 2 12 468 0
P 2 12 469 0
P 2 12 470 0
P 2 12 471 0
P 2 12 472 0
P 2 12 473 0
P 2 12 474 0
P 2 12 475 0
P 2 12 476 0
P 2 12 477 0
P 2 12 478 0
P 2 12 479 0
P 2 12 480 0
P 2 12 481 0
P 2 12 482 0
P 2 12 483 0
P 2 12 484 0
P 2 12 485 0
P 2 12 486 0
P 2 12 487 0
P 2 12 488 0
P 2 12 489 0
P 2 12 490 0
P 2 12 491 0
P 2 12 492 0
P 2 12 493 0
P 2 12 494 0
P 2 12 495 0
P 2 12 496 0
P 2 12 497 1
P 2 12 498 1
P 2 12 499 0
P 2 12 500 0
P 2 12 501 0
P 2 12 502 0
P 2 12 503 0
P 2 12 504 0
P 2 12 505 0
P 2 12 506 0
P 2 12 507 0
P 2 12 508 0
P 2 12 509 0
P 2 12 510 0
P 2 12 511 0
P 2 12 512 0
P 2 12 513 0
P 2 12 514 0
P 2 12 515 0
P 2 12 516 0
P 2 12 517 0
P 2 12 518 1
P 2 12 519 1
P 2 12 520 0
P 2 12 521 0
P 2 12 522 0
P 2 12 523 0
P 2 12 524 0
P 2 12 525 0
P 2 12 526 0
P 2 12 527 0
P 2 12 528 0
P 2 12 529 0
P 2 12 530 0
P 2 12 531 0
P 2 12 532 0
P 2 12 533 0
P 2 12 534 0
P 2 12 535 0
P 2 12 536 0
P 2 12 537 0
P 2 12 538 0
P 2 12 539 0
P 2 12 540 0
P 2 12 541 0
P 2 12 542 0
P 2 12 543 0
P 2 12 544 0
P 2 12 545 0
P 2 12 546 0
P 2 12 547 0
P 2 12 548 0
P 2 12 549 0
P 2 12 550 0
P 2 12 551 0
P 2 12 552 0
P 2 12 553 0
P 2 12 554 0
P 2 12 555 0
P 2 12 556 0
P 2 12 557 0
P 2 12 558 0
P 2 12 559 0
P 2 12 560 0
P 2 12 561 0
P 2 12 562 0
P 2 12 563 0
P 2 12 564 0
P 2 12 565 0
P 2 12 566 0
P 2 12 567 0
P 2 12 568 0
P 2 12 569 0
P 2 12 570 0
P 2 12 571 0
P 2 12 572 0
P 2 12 573 0
P 2 12 574 0
P 2 12 575 0
P 2 12 576 0
P 2 12 577 0
P 2 12 578 0
P 2 12 579 0
P 2 12 580 0
P 2 12 581 0
P 2 12 582 0
P 2 12 583 0
P 2 12 584 0
P 2 12 585 0
P 2 12 586 0
P 2 12 587 0
P 2 12 588 0
P 2 12 589 0
P 2 12 590 0
P 2 12 591 0
P 2 12 592 0
P 2 12 593 0
P 2 12 594 0
P 2 12 595 0
P 2 12 596 0
P 2 12 597 0
P 2 12 598 0
P 2 12 599 0
P 2 12 600 0
P 2 12 601 0
P 2 12 602 0
P 2 12 603 0
P 2 12 604 0
P 2 12 605 0
P 2 12 606 0
P 2 12 607 0
P 2 12 608 0
P 2 12 609 0
P 2 12 610 0
P 2 12 611 0
P 2 12 612 0
P 2 12 613 0
P 2 12 614 0
P 2 12 615 0
P 2 12 616 0
P 2 12 617 0
P 2 12 618 0
P 2 12 619 0
P 2 12 620 0
P 2 12 621 1
P 2 12 622 0
P 2 12 623 0
P 2 12 624 0
P 2 12 625 0
P 2 12 626 0
P 2 12 627 0
P 2 12 628 0
P 2 12 629 0
P 2 12 630 0
P 2 12 631 0
P 2 12 632 0
P 2 12 633 0
P 2 12 634 1
P 2 12 635 0
P 2 12 636 0
P 2 12 637 1
P 2 12 638 0
P 2 12 639 0
P 2 12 640 0
P 2 12 641 0
P 2 12 642 0
P 2 12 643 0
P 2 12 644 0
P 2 12 645 0
P 2 12 646 0
P 2 12 647 0
P 2 12 648 0
P 2 12 649 0
P 2 12 650 0
P 2 12 651 0
P 2 12 652 0
P 2 12 653 0
P 2 12 654 0
P 2 12 655 0
P 2 12 656 0
P 2 12 657 0
P 2 12 658 0
P 2 12 659 0
P 2 12 660 0
P 2 12 661 0
P 2 12 662 0
P 2 12 663 0
P 2 12 664 0
P 2 12 665 0
P 2 12 666 0
P 2 12 667 0
P 2 12 668 0
P 2 12 669 0
P 2 12 670 0
P 2 12 671 0
P 2 12 672 0
P 2 12 673 0
P 2 12 674 0
P 2 12 675 0
P 2 12 676 0
P 2 12 677 0
P 2 12 678 0
P 2 12 679 0
P 2 12 680 0
P 2 12 681 0
P 2 12 682 0
P 2 12 683 0
P 2 12 684 0
P 2 12 685 0
P 2 12 686 0
P 2 12 687 0
P 2 12 688 0
P 2 12 689 0
P 2 12 690 0
P 2 12 691 0
P 2 12 692 0
P 2 12 693 0
P 2 12 694 0
P 2 12 695 0
P 2 12 696 0
P 2 12 697 0
P 2 12 698 0
P 2 12 699 0
P 2 12 700 0
P 2 12 701 0
P 2 12 702 0
P 2 12 703 0
C 2 13 0 3 3 3 1 0 20 7
C 2 13 1 5 7 6 1 3 21 23
C 2 13 2 6 7 6 1 4 20 27
C 2 13 3 5 9 7 3 4 21 28
C 2 13 4 5 8 6 1 3 20 30
C 2 13 5 5 8 8 1 3 21 30
C 2 13 6 6 8 6 3 5 21 33
C 2 13 7 6 9 6 1 4 21 34
C 2 13 8 6 7 5 1 4 20 35
C 2 13 9 7 10 7 1 4 21 38
C 2 13 10 10 22 26 3 9 20 140
C 2 13 11 12 29 37 3 16 20 485
C 2 13 12 13 30 38 3 17 21 528
C 2 13 13 13 30 39 3 17 20 535
C 2 13 14 13 31 41 3 17 21 549
C 2 13 15 13 34 43 3 18 20 990
C 2 13 16 13 36 44 3 17 21 992
C 2 13 17 13 36 44 3 17 20 1020
C 2 13 18 3 3 2 1 1 20 7
C 2 13 19 4 4 3 1 1 20 11
C 2 13 20 4 4 3 1 2 19 11
C 2 13 21 4 4 4 1 2 19 15
C 2 13 22 13 30 37 3 17 19 682
C 2 13 23 13 30 37 3 17 20 690
C 2 13 24 13 37 44 3 19 20 1651
C 2 13 25 3 2 3 0 1 18 6
C 2 13 26 11 30 35 3 13 19 380
C 2 13 27 12 31 37 3 15 19 499
C 2 13 28 13 31 38 3 17 19 696
C 2 13 29 13 36 46 3 19 18 1465
C 2 13 30 13 35 46 3 20 11 1465
C 2 13 31 13 36 44 3 20 10 1651
C 2 13 32 4 3 3 2 0 1 8
C 2 13 33 6 7 6 2 3 0 24
C 2 13 34 7 7 6 2 4 1 28
C 2 13 35 6 9 7 4 4 0 29
C 2 13 36 6 8 6 2 3 1 31
C 2 13 37 6 8 8 2 3 0 31
C 2 13 38 7 8 6 4 5 0 34
C 2 13 39 7 9 6 2 4 0 35
C 2 13 40 7 7 5 2 4 1 36
C 2 13 41 8 10 7 2 4 0 39
C 2 13 42 11 22 26 4 9 1 141
C 2 13 43 13 29 37 4 16 1 486
C 2 13 44 14 30 38 4 17 0 529
C 2 13 45 14 30 39 4 17 1 536
C 2 13 46 14 31 41 4 17 0 550
C 2 13 47 14 34 43 4 18 1 991
C 2 13 48 14 36 44 4 17 0 993
C 2 13 49 14 36 44 4 17 1 1021
C 2 13 50 4 3 2 2 1 1 8
C 2 13 51 5 4 3 2 1 1 12
C 2 13 52 5 4 3 2 2 2 12
C 2 13 53 5 4 4 2 2 2 16
C 2 13 54 14 30 37 4 17 2 683
C 2 13 55 14 30 37 4 17 1 691
C 2 13 56 14 37 44 4 19 1 1652
C 2 13 57 4 2 3 1 1 3 7
C 2 13 58 12 30 35 4 13 2 381
C 2 13 59 13 31 37 4 15 2 500
C 2 13 60 14 31 38 4 17 2 697
C 2 13 61 14 36 46 4 19 3 1466
C 2 13 62 14 35 46 4 20 10 1466
C 2 13 63 14 36 44 4 20 11 1652
C 2 13 64 0 0 0 0 0 10 0
C 2 13 65 7 10 7 1 4 9 53
C 2 13 66 5 5 4 1 4 10 22
C 2 13 67 6 9 9 3 5 9 36
C 2 13 68 5 5 6 1 4 10 21
C 2 13 69 6 8 10 1 4 9 38
C 2 13 70 11 23 26 3 10 9 159
C 2 13 71 7 9 8 1 5 9 42
C 2 13 72 2 3 0 0 0 10 3
C 2 13 73 7 8 7 1 3 9 45
C 2 13 74 10 22 27 3 8 20 133
C 2 13 75 9 20 26 3 8 20 106
C 2 13 76 10 21 25 3 9 10 140
C 2 13 77 13 30 39 3 16 20 493
C 2 13 78 13 29 39 3 17 10 493
C 2 13 79 13 29 40 3 17 20 512
C 2 13 80 14 30 40 3 18 9 536
C 2 13 81 14 30 41 3 18 10 543
C 2 13 82 5 4 4 1 3 9 23
C 2 13 83 6 11 9 1 4 20 49
C 2 13 84 14 34 46 3 18 20 998
C 2 13 85 6 7 8 3 4 10 36
C 2 13 86 12 29 34 3 14 9 335
C 2 13 87 9 22 30 3 11 20 157
C 2 13 88 8 19 23 1 8 10 93
C 2 13 89 6 8 11 3 4 19 36
C 2 13 90 4 4 4 1 2 8 15
C 2 13 91 5 5 5 1 2 8 19
C 2 13 92 4 6 4 1 2 19 14
C 2 13 93 5 5 6 1 4 9 22
C 2 13 94 5 4 6 1 3 9 23
C 2 13 95 13 30 39 3 17 19 674
C 2 13 96 14 30 39 3 18 11 690
C 2 13 97 14 30 39 3 18 10 698
C 2 13 98 13 32 39 3 17 20 705
C 2 13 99 14 37 46 3 20 10 1659
C 2 13 100 4 4 5 1 2 8 14
C 2 13 101 11 29 35 3 14 11 380
C 2 13 102 12 31 38 3 16 11 503
C 2 13 103 14 31 40 3 18 11 704
C 2 13 104 14 37 48 3 19 19 1473
C 2 13 105 7 19 23 3 5 19 82
C 2 13 106 14 36 48 3 20 10 1473
C 2 13 107 14 36 48 3 20 11 1473
C 2 13 108 14 35 49 3 20 20 1473
C 2 13 109 14 35 48 3 21 19 1473
C 2 13 110 14 37 46 3 20 10 1659
C 2 13 111 5 6 6 3 2 20 20
C 2 13 112 14 36 46 3 21 20 1659
C 2 13 113 5 5 5 1 3 9 27
C 2 13 114 12 31 37 3 16 10 846
C 2 13 115 5 5 3 1 2 10 21
C 2 13 116 11 23 25 3 10 10 163
C 2 13 117 6 6 8 3 4 10 33
C 2 13 118 11 23 27 3 10 9 164
C 2 13 119 11 23 28 3 9 9 161
C 2 13 120 14 30 38 3 18 10 552
C 2 13 121 14 31 39 3 18 9 559
C 2 13 122 14 34 43 3 19 9 1014
C 2 13 123 6 7 7 3 4 10 41
C 2 13 124 14 37 44 3 18 9 1044
C 2 13 125 6 7 7 3 5 9 41
C 2 13 126 5 7 6 1 4 9 26
C 2 13 127 7 10 8 1 6 8 49
C 2 13 128 6 8 6 1 4 8 38
C 2 13 129 13 30 37 3 16 20 501
C 2 13 130 12 29 37 3 16 10 658
C 2 13 131 12 30 38 3 16 11 665
C 2 13 132 13 37 43 3 18 21 1470
C 2 13 133 12 29 36 3 17 11 831
C 2 13 134 5 7 5 1 4 7 22
C 2 13 135 12 29 34 3 13 19 376
C 2 13 136 6 10 8 3 4 21 35
C 2 13 137 11 28 35 3 14 12 380
C 2 13 138 12 30 37 3 16 12 507
C 2 13 139 14 31 38 3 18 12 720
C 2 13 140 13 35 41 3 17 20 978
C 2 13 141 9 21 25 3 8 19 125
C 2 13 142 14 37 46 3 20 9 1489
C 2 13 143 11 26 34 3 16 11 400
C 2 13 144 14 36 47 3 20 21 1489
C 2 13 145 14 36 46 3 21 20 1489
C 2 13 146 14 36 45 3 20 20 1675
C 2 13 147 14 36 44 3 21 19 1675
C 2 13 148 10 22 26 3 8 21 133
C 2 13 149 11 23 25 3 10 9 155
C 2 13 150 7 9 8 3 6 9 61
C 2 13 151 12 30 41 3 17 20 625
C 2 13 152 11 23 29 3 12 10 168
C 2 13 153 13 30 40 3 17 10 513
C 2 13 154 14 31 41 3 18 9 556
C 2 13 155 14 31 42 3 18 10 563
C 2 13 156 13 31 42 3 18 10 538
C 2 13 157 11 23 25 3 10 9 159
C 2 13 158 8 17 21 1 7 10 85
C 2 13 159 5 5 4 1 3 19 19
C 2 13 160 6 9 7 1 4 8 42
C 2 13 161 5 7 6 1 4 9 30
C 2 13 162 14 31 40 3 18 11 710
C 2 13 163 14 31 40 3 18 10 718
C 2 13 164 14 38 47 3 20 10 1679
C 2 13 165 6 8 7 1 4 8 42
C 2 13 166 12 29 35 3 14 11 380
C 2 13 167 12 32 37 3 16 19 503
C 2 13 168 13 32 40 3 16 11 527
C 2 13 169 14 32 41 3 18 11 724
C 2 13 170 10 22 28 3 10 19 160
C 2 13 171 13 33 43 3 18 10 962
C 2 13 172 11 25 33 3 16 11 396
C 2 13 173 14 36 49 3 21 19 1493
C 2 13 174 14 37 48 3 20 20 1679
C 2 13 175 14 37 47 3 21 20 1679
C 2 13 176 10 22 28 3 8 21 144
C 2 13 177 6 10 12 3 5 10 59
C 2 13 178 5 9 7 3 4 21 28
C 2 13 179 10 23 25 3 8 10 111
C 2 13 180 11 23 26 3 10 10 167
C 2 13 181 10 22 28 3 8 21 137
C 2 13 182 9 21 26 3 8 20 121
C 2 13 183 10 22 26 3 9 9 152
C 2 13 184 13 30 39 3 17 9 514
C 2 13 185 14 31 40 3 18 10 557
C 2 13 186 12 33 41 3 18 9 858
C 2 13 187 14 32 43 3 18 10 578
C 2 13 188 14 35 45 3 19 9 1019
C 2 13 189 13 35 42 3 18 9 1015
C 2 13 190 5 6 6 3 3 20 29
C 2 13 191 6 9 9 3 5 9 53
C 2 13 192 5 7 5 2 4 20 21
C 2 13 193 8 12 10 3 6 9 68
C 2 13 194 10 22 27 3 9 8 247
C 2 13 195 6 10 8 3 5 8 60
C 2 13 196 9 23 30 3 11 20 172
C 2 13 197 14 31 39 3 18 10 711
C 2 13 198 14 31 39 3 18 11 719
C 2 13 199 9 23 29 3 11 21 172
C 2 13 200 14 38 46 3 20 11 1680
C 2 13 201 6 9 8 3 5 7 44
C 2 13 202 12 31 37 3 14 12 409
C 2 13 203 11 27 34 3 14 12 368
C 2 13 204 14 32 40 3 18 12 725
C 2 13 205 14 38 48 3 19 20 1494
C 2 13 206 10 21 27 3 8 19 119
C 2 13 207 14 37 48 3 20 9 1494
C 2 13 208 14 37 48 3 20 11 1494
C 2 13 209 14 36 49 3 20 21 1494
C 2 13 210 14 36 48 3 21 20 1494
C 2 13 211 14 38 46 3 20 11 1680
C 2 13 212 14 37 47 3 20 20 1680
C 2 13 213 14 37 46 3 21 19 1680
C 2 13 214 6 9 8 1 5 20 38
C 2 13 215 5 6 6 1 3 9 30
C 2 13 216 11 24 27 3 10 9 163
C 2 13 217 6 7 5 1 3 9 37
C 2 13 218 10 21 26 3 9 10 137
C 2 13 219 13 30 38 3 16 20 497
C 2 13 220 10 22 27 3 11 10 164
C 2 13 221 6 8 10 3 4 10 39
C 2 13 222 11 22 28 3 9 10 156
C 2 13 223 6 9 9 1 6 9 37
C 2 13 224 13 30 38 3 17 19 678
C 2 13 225 14 31 38 3 18 10 721
C 2 13 226 5 7 6 1 4 8 30
C 2 13 227 12 30 35 3 14 11 411
C 2 13 228 12 30 37 3 16 11 507
C 2 13 229 14 32 39 3 18 11 727
C 2 13 230 13 35 43 3 17 19 990
C 2 13 231 13 34 43 3 18 10 990
C 2 13 232 14 35 47 3 20 20 1496
C 2 13 233 14 35 46 3 21 19 1496
C 2 13 234 14 37 44 3 20 10 1682
C 2 13 235 14 36 44 3 21 20 1682
C 2 13 236 5 6 6 1 3 10 21
C 2 13 237 13 30 38 3 18 9 510
C 2 13 238 13 30 39 3 16 20 516
C 2 13 239 13 30 38 3 17 9 516
C 2 13 240 13 29 38 3 17 21 535
C 2 13 241 14 30 38 3 18 10 559
C 2 13 242 14 30 40 3 17 20 566
C 2 13 243 14 30 39 3 18 9 566
C 2 13 244 14 34 43 3 19 9 1021
C 2 13 245 14 36 44 3 18 10 1023
C 2 13 246 14 36 44 3 18 9 1051
C 2 13 247 4 5 4 1 1 20 14
C 2 13 248 5 7 6 1 4 9 26
C 2 13 249 5 6 6 1 3 9 21
C 2 13 250 4 6 4 1 2 19 14
C 2 13 251 6 8 9 1 4 8 42
C 2 13 252 5 6 6 1 2 19 22
C 2 13 253 6 8 9 1 4 8 46
C 2 13 254 14 30 38 3 17 20 713
C 2 13 255 14 30 37 3 18 10 713
C 2 13 256 14 30 37 3 18 11 721
C 2 13 257 12 29 35 3 16 21 523
C 2 13 258 14 37 44 3 20 11 1682
C 2 13 259 5 9 7 1 4 7 29
C 2 13 260 11 27 34 3 14 12 368
C 2 13 261 13 32 39 3 16 12 530
C 2 13 262 14 31 38 3 18 12 727
C 2 13 263 14 36 46 3 20 9 1496
C 2 13 264 14 35 46 3 21 20 1496
C 2 13 265 14 37 44 3 20 11 1682
C 2 13 266 14 36 44 3 21 19 1682
C 2 13 267 7 9 7 3 6 9 69
C 2 13 268 10 23 26 3 8 21 133
C 2 13 269 10 21 28 3 9 9 137
C 2 13 270 13 30 39 3 17 9 519
C 2 13 271 14 31 41 3 17 21 562
C 2 13 272 14 31 40 3 18 10 562
C 2 13 273 14 31 42 3 17 20 569
C 2 13 274 14 31 41 3 18 9 569
C 2 13 275 14 35 45 3 19 9 1024
C 2 13 276 14 37 45 3 18 9 1054
C 2 13 277 4 5 3 2 4 20 14
C 2 13 278 7 8 6 3 6 9 41
C 2 13 279 7 9 7 3 6 9 45
C 2 13 280 6 7 7 3 3 19 27
C 2 13 281 7 9 7 3 7 8 45
C 2 13 282 5 6 5 2 5 19 22
C 2 13 283 7 8 7 3 6 8 49
C 2 13 284 11 23 27 3 9 20 156
C 2 13 285 14 31 39 3 18 10 716
C 2 13 286 14 31 39 3 18 11 724
C 2 13 287 10 22 26 3 8 21 137
C 2 13 288 14 38 46 3 20 11 1685
C 2 13 289 7 9 8 3 7 7 40
C 2 13 290 12 32 38 3 17 12 530
C 2 13 291 11 28 34 3 15 12 372
C 2 13 292 14 32 40 3 18 12 730
C 2 13 293 14 38 48 3 19 20 1499
C 2 13 294 14 37 48 3 20 9 1499
C 2 13 295 14 36 49 3 20 21 1499
C 2 13 296 14 36 48 3 21 20 1499
C 2 13 297 14 37 46 3 21 19 1685
C 2 13 298 7 10 8 1 4 20 70
C 2 13 299 11 23 28 3 12 9 175
C 2 13 300 12 30 39 3 16 20 508
C 2 13 301 13 30 39 3 17 9 520
C 2 13 302 14 31 39 3 18 10 563
C 2 13 303 14 31 40 3 18 9 570
C 2 13 304 14 35 44 3 19 9 1025
C 2 13 305 14 37 44 3 18 9 1055
C 2 13 306 5 7 5 1 3 20 26
C 2 13 307 6 6 8 3 4 9 33
C 2 13 308 5 9 7 1 4 9 29
C 2 13 309 5 6 5 1 3 8 26
C 2 13 310 7 9 7 1 5 8 50
C 2 13 311 14 31 39 3 17 20 717
C 2 13 312 12 31 38 3 16 10 658
C 2 13 313 14 38 46 3 19 21 1686
C 2 13 314 12 30 36 3 17 11 965
C 2 13 315 7 10 8 1 6 7 41
C 2 13 316 11 28 35 3 14 12 380
C 2 13 317 13 32 39 3 16 12 534
C 2 13 318 14 32 39 3 18 12 731
C 2 13 319 13 33 41 3 18 9 985
C 2 13 320 14 36 47 3 21 20 1500
C 2 13 321 14 37 45 3 21 19 1686
C 2 13 322 10 21 25 3 9 10 152
C 2 13 323 13 30 38 3 17 10 521
C 2 13 324 14 31 40 3 18 9 564
C 2 13 325 14 31 40 3 18 10 571
C 2 13 326 13 29 39 3 18 10 525
C 2 13 327 13 29 37 3 17 10 538
C 2 13 328 5 6 4 1 3 19 19
C 2 13 329 6 8 7 1 5 9 30
C 2 13 330 4 4 4 0 2 9 13
C 2 13 331 14 31 39 3 18 11 718
C 2 13 332 14 38 45 3 20 10 1687
C 2 13 333 7 8 7 1 6 8 42
C 2 13 334 12 28 33 3 14 11 384
C 2 13 335 13 32 38 3 16 11 535
C 2 13 336 14 32 40 3 18 11 732
C 2 13 337 13 34 42 3 18 10 985
C 2 13 338 14 36 47 3 21 19 1501
C 2 13 339 14 37 45 3 21 20 1687
C 2 13 340 11 23 29 3 12 9 179
C 2 13 341 10 21 27 3 9 9 129
C 2 13 342 13 31 40 3 17 21 543
C 2 13 343 14 32 40 3 18 10 567
C 2 13 344 14 32 41 3 18 9 574
C 2 13 345 7 10 6 1 5 21 38
C 2 13 346 14 36 45 3 19 9 1029
C 2 13 347 14 38 45 3 18 9 1059
C 2 13 348 5 6 4 1 3 8 22
C 2 13 349 14 32 39 3 18 10 721
C 2 13 350 14 32 39 3 18 11 729
C 2 13 351 14 39 46 3 20 11 1690
C 2 13 352 5 7 7 1 4 7 29
C 2 13 353 11 28 35 3 14 12 372
C 2 13 354 12 31 38 3 16 12 511
C 2 13 355 14 33 40 3 18 12 735
C 2 13 356 14 38 48 3 19 20 1504
C 2 13 357 14 37 48 3 20 9 1504
C 2 13 358 14 36 49 3 20 21 1504
C 2 13 359 14 36 48 3 21 20 1504
C 2 13 360 14 38 46 3 21 19 1690
C 2 13 361 11 24 26 3 10 10 186
C 2 13 362 14 32 40 3 18 21 669
C 2 13 363 14 31 40 3 19 9 669
C 2 13 364 14 32 41 3 18 20 676
C 2 13 365 14 31 41 3 19 10 676
C 2 13 366 14 31 41 3 18 9 690
C 2 13 367 14 35 45 3 20 10 1131
C 2 13 368 11 22 29 3 9 9 138
C 2 13 369 6 6 7 3 4 10 27
C 2 13 370 11 22 27 3 9 19 148
C 2 13 371 11 22 26 3 10 8 148
C 2 13 372 8 19 25 3 7 19 98
C 2 13 373 11 22 27 3 10 8 152
C 2 13 374 10 22 26 3 9 9 156
C 2 13 375 8 19 25 3 7 19 99
C 2 13 376 10 22 27 3 10 9 141
C 2 13 377 14 32 40 3 19 11 823
C 2 13 378 14 32 40 3 19 10 831
C 2 13 379 14 38 46 3 21 10 1792
C 2 13 380 7 16 25 2 2 18 73
C 2 13 381 11 22 28 3 10 8 147
C 2 13 382 12 30 37 3 17 11 521
C 2 13 383 13 32 39 3 17 11 640
C 2 13 384 14 33 40 3 19 11 837
C 2 13 385 14 37 46 3 19 19 1606
C 2 13 386 12 32 40 3 18 10 1108
C 2 13 387 14 35 46 3 21 19 1606
C 2 13 388 14 37 46 3 22 20 1792
C 2 13 389 14 35 43 3 18 21 1014
C 2 13 390 14 34 43 3 19 9 1014
C 2 13 391 14 35 43 3 18 20 1021
C 2 13 392 14 34 43 3 19 10 1021
C 2 13 393 14 34 43 3 19 10 1476
C 2 13 394 14 37 45 3 19 10 1506
C 2 13 395 12 28 36 3 16 19 469
C 2 13 396 11 22 28 3 9 8 146
C 2 13 397 12 29 37 3 16 19 473
C 2 13 398 13 30 38 3 17 8 497
C 2 13 399 13 29 38 3 17 9 497
C 2 13 400 11 22 27 3 9 9 138
C 2 13 401 14 32 40 3 19 11 1168
C 2 13 402 11 28 37 3 16 10 642
C 2 13 403 14 37 45 3 21 10 2137
C 2 13 404 13 29 39 3 17 8 492
C 2 13 405 13 32 40 3 16 20 866
C 2 13 406 14 33 41 3 19 11 1182
C 2 13 407 13 37 44 3 18 19 1440
C 2 13 408 14 37 47 3 21 10 1951
C 2 13 409 14 36 48 3 21 20 1951
C 2 13 410 14 36 47 3 22 19 1951
C 2 13 411 14 36 45 3 22 20 2137
C 2 13 412 14 37 47 3 20 10 1078
C 2 13 413 14 34 44 3 19 9 1519
C 2 13 414 14 37 45 3 20 9 1549
C 2 13 415 13 29 38 3 17 20 512
C 2 13 416 14 30 38 3 18 9 536
C 2 13 417 13 30 39 3 17 20 516
C 2 13 418 14 31 39 3 18 9 540
C 2 13 419 13 29 39 3 17 19 516
C 2 13 420 10 21 26 3 9 8 145
C 2 13 421 13 29 39 3 17 19 520
C 2 13 422 14 30 39 3 18 8 544
C 2 13 423 14 33 42 3 20 10 1211
C 2 13 424 14 33 42 3 20 11 1219
C 2 13 425 14 37 46 3 21 21 2180
C 2 13 426 14 37 45 3 22 11 2180
C 2 13 427 13 29 40 3 17 18 511
C 2 13 428 14 30 40 3 18 7 535
C 2 13 429 14 36 43 3 18 12 909
C 2 13 430 14 36 42 3 18 12 1028
C 2 13 431 14 34 42 3 20 12 1225
C 2 13 432 14 38 47 3 20 20 1994
C 2 13 433 13 33 42 3 18 19 1459
C 2 13 434 14 37 47 3 21 9 1994
C 2 13 435 14 37 47 3 21 11 1994
C 2 13 436 14 36 47 3 22 20 1994
C 2 13 437 14 36 45 3 23 19 2180
C 2 13 438 14 36 47 3 20 9 1085
C 2 13 439 11 22 26 3 9 10 168
C 2 13 440 13 29 39 3 18 10 522
C 2 13 441 14 30 39 3 18 8 543
C 2 13 442 14 31 41 3 17 19 547
C 2 13 443 14 31 40 3 18 8 547
C 2 13 444 14 30 40 3 18 9 547
C 2 13 445 14 30 39 3 18 9 551
C 2 13 446 14 34 43 3 20 10 1226
C 2 13 447 14 30 41 3 18 8 542
C 2 13 448 14 35 43 3 18 11 916
C 2 13 449 14 35 42 3 18 11 1035
C 2 13 450 14 35 43 3 20 11 1232
C 2 13 451 14 37 47 3 20 19 2001
C 2 13 452 14 36 47 3 21 10 2001
C 2 13 453 14 35 47 3 22 19 2001
C 2 13 454 14 36 45 3 23 20 2187
C 2 13 455 14 37 48 3 21 9 1540
C 2 13 456 13 30 38 3 17 9 534
C 2 13 457 14 31 42 3 17 20 557
C 2 13 458 4 4 4 1 3 8 14
C 2 13 459 14 36 45 3 20 10 1232
C 2 13 460 12 33 40 3 16 11 669
C 2 13 461 14 40 49 3 22 11 2201
C 2 13 462 5 5 4 1 4 7 19
C 2 13 463 11 28 34 3 15 12 372
C 2 13 464 14 34 44 3 18 12 1049
C 2 13 465 14 37 45 3 20 12 1246
C 2 13 466 13 34 43 3 18 9 993
C 2 13 467 14 37 48 3 21 20 2015
C 2 13 468 14 39 49 3 23 19 2201
C 2 13 469 14 37 46 3 21 9 1983
C 2 13 470 10 21 26 3 9 10 141
C 2 13 471 14 34 44 3 18 19 998
C 2 13 472 14 34 43 3 19 8 998
C 2 13 473 13 31 42 3 18 19 1027
C 2 13 474 14 35 44 3 19 8 1002
C 2 13 475 14 34 44 3 19 9 1002
C 2 13 476 14 34 43 3 19 9 1006
C 2 13 477 5 5 10 2 2 18 25
C 2 13 478 14 34 45 3 19 8 997
C 2 13 479 14 36 44 3 19 11 1371
C 2 13 480 14 36 43 3 19 11 1490
C 2 13 481 14 36 45 3 21 11 1687
C 2 13 482 14 37 48 3 22 10 2456
C 2 13 483 14 36 48 3 23 19 2456
C 2 13 484 14 36 46 3 24 20 2642
C 2 13 485 14 37 46 3 18 9 2013
C 2 13 486 14 36 45 3 17 20 1000
C 2 13 487 14 36 45 3 18 8 1004
C 2 13 488 14 36 44 3 18 8 1008
C 2 13 489 14 38 46 3 20 11 1683
C 2 13 490 12 35 42 3 17 21 984
C 2 13 491 14 36 46 3 18 7 999
C 2 13 492 14 39 46 3 20 12 1689
C 2 13 493 14 39 49 3 22 9 2458
C 2 13 494 14 38 49 3 23 20 2458
C 2 13 495 14 38 46 3 20 11 2644
C 2 13 496 14 37 46 3 21 19 2644
C 2 13 497 14 36 45 3 17 19 1028
C 2 13 498 14 36 44 3 18 8 1028
C 2 13 499 12 29 37 3 16 19 522
C 2 13 500 14 37 45 3 18 8 1032
C 2 13 501 5 7 10 1 2 19 23
C 2 13 502 14 36 45 3 18 9 1032
C 2 13 503 13 30 38 3 17 9 558
C 2 13 504 14 38 46 3 20 10 1711
C 2 13 505 5 8 10 1 2 18 23
C 2 13 506 14 36 46 3 18 8 1027
C 2 13 507 14 38 45 3 18 11 1401
C 2 13 508 14 37 44 3 18 11 1520
C 2 13 509 14 39 46 3 20 11 1717
C 2 13 510 14 40 49 3 21 19 2486
C 2 13 511 4 5 4 1 2 18 15
C 2 13 512 5 7 5 1 2 20 22
C 2 13 513 8 19 24 3 8 18 95
C 2 13 514 5 6 5 1 4 7 23
C 2 13 515 12 28 35 3 16 20 507
C 2 13 516 5 4 3 1 3 8 19
C 2 13 517 5 7 8 3 3 19 28
C 2 13 518 9 23 30 3 11 19 176
C 2 13 519 9 24 32 3 11 19 178
C 2 13 520 7 18 23 3 6 18 82
C 2 13 521 11 23 27 3 9 10 164
C 2 13 522 10 22 28 3 10 21 156
C 2 13 523 13 34 42 3 20 20 1901
C 2 13 524 6 11 9 1 4 11 53
C 2 13 525 4 3 5 2 2 18 12
C 2 13 526 12 32 38 3 15 18 488
C 2 13 527 12 31 38 3 16 18 484
C 2 13 528 5 7 8 3 3 19 24
M 2 13 6 9 7 4 4
M 2 13 7 8 6 4 5
M 2 13 8 10 7 2 4
M 2 13 14 31 41 4 17
M 2 13 7 7 6 2 4
M 2 13 7 7 5 2 4
M 2 13 13 29 37 4 16
M 2 13 14 34 43 4 18
M 2 13 5 4 3 2 1
M 2 13 5 4 3 2 2
M 2 13 12 30 35 4 13
M 2 13 14 31 38 4 17
M 2 13 14 36 46 4 19
M 2 13 5 7 5 1 4
M 2 13 7 9 8 3 7
M 2 13 5 4 3 1 3
M 2 13 4 4 5 1 2
M 2 13 6 9 7 1 4
M 2 13 10 22 27 3 9
M 2 13 7 9 7 3 7
M 2 13 5 6 5 1 3
M 2 13 7 8 7 1 6
M 2 13 11 22 27 3 10
M 2 13 4 4 4 1 3
M 2 13 6 8 10 1 4
M 2 13 7 8 7 1 3
M 2 13 12 29 34 3 14
M 2 13 14 39 49 3 22
M 2 13 11 23 27 3 10
M 2 13 6 7 7 3 5
M 2 13 12 33 41 3 18
M 2 13 8 12 10 3 6
M 2 13 6 7 5 1 3
M 2 13 13 30 38 3 18
M 2 13 10 21 28 3 9
M 2 13 11 23 28 3 12
M 2 13 6 8 7 1 5
M 2 13 14 37 46 3 18
M 2 13 14 36 45 3 19
M 2 13 11 22 29 3 9
M 2 13 13 36 44 3 20
M 2 13 14 35 46 4 20
M 2 13 14 37 48 3 22
M 2 13 6 7 8 3 4
M 2 13 12 31 37 3 16
M 2 13 6 7 7 3 4
M 2 13 14 31 42 3 18
M 2 13 13 33 43 3 18
M 2 13 10 23 25 3 8
M 2 13 10 22 27 3 11
M 2 13 13 29 37 3 17
M 2 13 13 34 42 3 18
M 2 13 14 31 41 3 19
M 2 13 14 34 43 3 20
M 2 13 12 32 40 3 18
M 2 13 14 37 45 3 19
M 2 13 14 36 44 4 20
M 2 13 14 36 43 3 19
M 2 13 11 29 35 3 14
M 2 13 12 29 36 3 17
M 2 13 14 37 45 3 22
M 2 13 11 25 33 3 16
M 2 13 14 40 49 3 22
M 2 13 12 30 35 3 14
M 2 13 12 30 36 3 17
M 2 13 12 28 33 3 14
M 2 13 14 35 42 3 18
M 2 13 14 34 42 3 20
M 2 13 14 36 43 3 18
M 2 13 12 32 38 3 17
M 2 13 3 2 3 0 1
M 2 13 12 32 38 3 15
M 2 13 7 18 23 3 6
M 2 13 4 5 4 1 2
M 2 13 5 8 10 1 2
M 2 13 4 4 3 1 2
M 2 13 12 31 37 3 15
M 2 13 9 24 32 3 11
M 2 13 12 28 36 3 16
M 2 13 6 8 11 3 4
M 2 13 7 19 23 3 5
M 2 13 13 37 44 3 18
M 2 13 9 21 25 3 8
M 2 13 5 5 4 1 3
M 2 13 14 36 49 3 21
M 2 13 10 21 27 3 8
M 2 13 5 6 6 1 2
M 2 13 6 7 7 3 3
M 2 13 5 7 10 1 2
M 2 13 3 3 3 1 0
M 2 13 5 8 6 1 3
M 2 13 3 3 2 1 1
M 2 13 13 37 44 3 19
M 2 13 14 38 49 3 23
M 2 13 5 7 5 1 2
M 2 13 10 22 27 3 8
M 2 13 14 34 46 3 18
M 2 13 9 22 30 3 11
M 2 13 14 35 49 3 20
M 2 13 13 30 37 3 16
M 2 13 12 30 41 3 17
M 2 13 5 6 6 3 3
M 2 13 5 7 5 2 4
M 2 13 13 30 38 3 16
M 2 13 14 30 40 3 17
M 2 13 4 5 4 1 1
M 2 13 4 5 3 2 4
M 2 13 7 10 8 1 4
M 2 13 5 8 8 1 3
M 2 13 6 9 6 1 4
M 2 13 13 37 43 3 18
M 2 13 14 38 46 3 19
M 2 13 13 31 40 3 17
M 2 13 9 23 29 3 11
M 2 13 10 23 26 3 8
M 2 13 6 8 8 2 3
M 2 13 14 30 38 4 17
M 2 13 6 8 6 2 3
M 2 13 14 30 39 4 17
M 2 13 4 3 2 2 1
M 2 13 14 30 37 4 17
M 2 13 13 31 37 4 15
M 2 13 5 6 5 1 4
M 2 13 5 7 7 1 4
M 2 13 7 10 8 1 6
M 2 13 11 22 26 3 10
M 2 13 6 8 7 1 4
M 2 13 6 10 8 3 5
M 2 13 11 22 28 3 10
M 2 13 4 4 4 0 2
M 2 13 7 8 6 3 6
M 2 13 14 37 45 3 18
M 2 13 7 9 8 1 5
M 2 13 5 4 6 1 3
M 2 13 13 33 41 3 18
M 2 13 14 34 45 3 19
M 2 13 7 9 7 3 6
M 2 13 7 9 8 3 6
M 2 13 13 35 42 3 18
M 2 13 10 21 27 3 9
M 2 13 14 34 44 3 19
M 2 13 14 38 45 3 20
M 2 13 11 22 26 3 9
M 2 13 14 35 45 3 20
M 2 13 5 5 4 1 4
M 2 13 11 23 26 3 10
M 2 13 2 3 0 0 0
M 2 13 13 29 39 3 18
M 2 13 14 30 41 3 18
M 2 13 5 5 3 1 2
M 2 13 11 28 37 3 16
M 2 13 11 23 29 3 12
M 2 13 8 17 21 1 7
M 2 13 14 32 43 3 18
M 2 13 14 30 37 3 18
M 2 13 13 32 38 3 16
M 2 13 14 36 44 3 19
M 2 13 12 30 38 3 16
M 2 13 14 38 45 3 18
M 2 13 12 33 40 3 16
M 2 13 14 33 42 3 20
M 2 13 11 28 34 3 15
M 2 13 14 33 41 3 19
M 2 13 14 36 42 3 18
M 2 13 13 32 39 3 16
M 2 13 13 36 46 3 19
M 2 13 8 19 24 3 8
M 2 13 5 5 10 2 2
M 2 13 4 4 4 1 2
M 2 13 11 30 35 3 13
M 2 13 13 31 38 3 17
M 2 13 5 7 8 3 3
M 2 13 14 36 48 3 23
M 2 13 13 33 42 3 18
M 2 13 4 6 4 1 2
M 2 13 14 35 48 3 21
M 2 13 8 19 25 3 7
M 2 13 12 29 34 3 13
M 2 13 13 31 42 3 18
M 2 13 6 7 6 1 4
M 2 13 6 7 5 1 4
M 2 13 13 30 37 3 17
M 2 13 14 30 38 3 17
M 2 13 14 31 39 3 17
M 2 13 12 30 39 3 16
M 2 13 14 36 47 3 22
M 2 13 14 31 42 3 17
M 2 13 14 36 45 3 23
M 2 13 14 35 47 3 20
M 2 13 13 30 39 3 16
M 2 13 14 36 45 3 17
M 2 13 14 36 46 3 24
M 2 13 6 9 8 1 5
M 2 13 14 37 46 3 22
M 2 13 14 36 46 3 21
M 2 13 9 21 26 3 8
M 2 13 14 36 45 3 20
M 2 13 10 22 28 3 8
M 2 13 6 8 6 3 5
M 2 13 13 31 41 3 17
M 2 13 12 35 42 3 17
M 2 13 14 31 41 3 17
M 2 13 7 10 6 1 5
M 2 13 6 10 8 3 4
M 2 13 14 31 41 3 18
M 2 13 14 37 46 3 20
M 2 13 10 21 26 3 9
M 2 13 14 30 38 3 18
M 2 13 14 37 44 3 20
M 2 13 14 39 46 3 20
M 2 13 11 28 35 3 14
M 2 13 13 34 43 3 18
M 2 13 14 32 41 3 18
M 2 13 14 38 48 3 19
M 2 13 14 36 47 3 21
M 2 13 14 35 43 3 18
M 2 13 14 36 49 3 20
M 2 13 7 9 6 2 4
M 2 13 11 22 26 4 9
M 2 13 5 4 4 2 2
M 2 13 4 2 3 1 1
M 2 13 7 8 7 3 6
M 2 13 5 5 5 1 2
M 2 13 6 9 8 3 5
M 2 13 14 31 40 3 19
M 2 13 14 36 45 3 18
M 2 13 6 9 9 3 5
M 2 13 6 8 9 1 4
M 2 13 5 9 7 1 4
M 2 13 14 35 44 3 19
M 2 13 13 30 40 3 17
M 2 13 6 10 12 3 5
M 2 13 6 6 7 3 4
M 2 13 6 9 9 1 6
M 2 13 11 22 28 3 9
M 2 13 6 8 10 3 4
M 2 13 8 19 23 1 8
M 2 13 14 35 43 3 20
M 2 13 11 26 34 3 16
M 2 13 12 29 35 3 14
M 2 13 12 30 37 3 17
M 2 13 12 30 37 3 16
M 2 13 14 33 40 3 19
M 2 13 4 3 5 2 2
M 2 13 14 37 45 3 20
M 2 13 14 39 49 3 23
M 2 13 13 35 43 3 17
M 2 13 11 22 27 3 9
M 2 13 14 38 46 3 21
M 2 13 5 6 4 1 3
M 2 13 13 29 39 3 17
M 2 13 14 36 48 3 21
M 2 13 14 37 47 3 21
M 2 13 4 4 3 1 1
M 2 13 14 35 47 3 22
M 2 13 11 23 27 3 9
M 2 13 5 7 5 1 3
M 2 13 12 28 35 3 16
M 2 13 9 23 30 3 11
M 2 13 14 36 45 3 22
M 2 13 12 32 37 3 16
M 2 13 13 29 40 3 17
M 2 13 5 9 7 3 4
M 2 13 13 36 44 3 17
M 2 13 10 22 26 3 8
M 2 13 14 37 48 3 20
M 2 13 14 37 46 3 21
M 2 13 14 30 40 3 18
M 2 13 5 6 6 1 3
M 2 13 14 32 40 3 19
M 2 13 14 31 38 3 18
M 2 13 10 22 26 3 9
M 2 13 14 37 47 3 20
M 2 13 14 36 44 3 21
M 2 13 13 29 38 3 17
M 2 13 13 30 38 3 17
M 2 13 4 3 3 2 0
M 2 13 14 37 44 4 19
M 2 13 7 9 7 1 5
M 2 13 11 23 28 3 9
M 2 13 5 7 6 1 4
M 2 13 14 35 45 3 19
M 2 13 6 6 8 3 4
M 2 13 10 21 25 3 9
M 2 13 0 0 0 0 0
M 2 13 5 5 6 1 4
M 2 13 14 31 39 3 18
M 2 13 14 36 44 3 18
M 2 13 11 27 34 3 14
M 2 13 12 31 38 3 16
M 2 13 14 40 49 3 21
M 2 13 14 37 48 3 19
M 2 13 14 33 40 3 18
M 2 13 14 37 48 3 21
M 2 13 5 6 5 2 5
M 2 13 9 20 26 3 8
M 2 13 5 6 6 3 2
M 2 13 13 32 40 3 16
M 2 13 6 11 9 1 4
M 2 13 7 10 7 1 4
M 2 13 14 31 40 3 18
M 2 13 14 36 47 3 20
M 2 13 11 23 25 3 10
M 2 13 14 30 39 3 18
M 2 13 13 30 39 3 17
M 2 13 14 35 46 3 21
M 2 13 6 7 6 2 3
M 2 13 14 36 46 3 18
M 2 13 11 24 27 3 10
M 2 13 5 4 4 1 3
M 2 13 10 22 27 3 10
M 2 13 13 35 46 3 20
M 2 13 14 36 48 3 20
M 2 13 14 37 46 3 19
M 2 13 12 31 37 3 14
M 2 13 13 35 41 3 17
M 2 13 14 38 47 3 20
M 2 13 13 34 42 3 20
M 2 13 10 22 28 3 10
M 2 13 14 32 40 3 18
M 2 13 14 37 44 3 18
M 2 13 14 34 43 3 19
M 2 13 14 36 46 3 20
M 2 13 5 5 5 1 3
M 2 13 14 36 45 3 21
M 2 13 14 34 44 3 18
M 2 13 12 29 37 3 16
M 2 13 5 7 6 1 3
M 2 13 14 38 46 3 20
P 2 13 0 0
P 2 13 1 1
P 2 13 2 0
P 2 13 3 0
P 2 13 4 0
P 2 13 5 1
P 2 13 6 0
P 2 13 7 1
P 2 13 8 0
P 2 13 9 1
P 2 13 10 0
P 2 13 11 0
P 2 13 12 1
P 2 13 13 0
P 2 13 14 0
P 2 13 15 0
P 2 13 16 0
P 2 13 17 0
P 2 13 18 0
P 2 13 19 1
P 2 13 20 0
P 2 13 21 1
P 2 13 22 0
P 2 13 23 0
P 2 13 24 0
P 2 13 25 0
P 2 13 26 1
P 2 13 27 1
P 2 13 28 1
P 2 13 29 0
P 2 13 30 0
P 2 13 31 1
P 2 13 32 0
P 2 13 33 0
P 2 13 34 0
P 2 13 35 0
P 2 13 36 0
P 2 13 37 0
P 2 13 38 0
P 2 13 39 0
P 2 13 40 0
P 2 13 41 0
P 2 13 42 0
P 2 13 43 0
P 2 13 44 0
P 2 13 45 0
P 2 13 46 0
P 2 13 47 0
P 2 13 48 0
P 2 13 49 0
P 2 13 50 0
P 2 13 51 0
P 2 13 52 0
P 2 13 53 0
P 2 13 54 0
P 2 13 55 0
P 2 13 56 0
P 2 13 57 0
P 2 13 58 0
P 2 13 59 0
P 2 13 60 0
P 2 13 61 0
P 2 13 62 0
P 2 13 63 0
P 2 13 64 0
P 2 13 65 0
P 2 13 66 0
P 2 13 67 0
P 2 13 68 0
P 2 13 69 0
P 2 13 70 0
P 2 13 71 0
P 2 13 72 1
P 2 13 73 0
P 2 13 74 0
P 2 13 75 0
P 2 13 76 0
P 2 13 77 0
P 2 13 78 0
P 2 13 79 0
P 2 13 80 0
P 2 13 81 0
P 2 13 82 0
P 2 13 83 0
P 2 13 84 0
P 2 13 85 0
P 2 13 86 0
P 2 13 87 0
P 2 13 88 0
P 2 13 89 0
P 2 13 90 0
P 2 13 91 0
P 2 13 92 0
P 2 13 93 0
P 2 13 94 0
P 2 13 95 0
P 2 13 96 0
P 2 13 97 0
P 2 13 98 0
P 2 13 99 0
P 2 13 100 0
P 2 13 101 0
P 2 13 102 0
P 2 13 103 0
P 2 13 104 0
P 2 13 105 0
P 2 13 106 0
P 2 13 107 0
P 2 13 108 0
P 2 13 109 0
P 2 13 110 0
P 2 13 111 0
P 2 13 112 0
P 2 13 113 0
P 2 13 114 0
P 2 13 115 0
P 2 13 116 0
P 2 13 117 0
P 2 13 118 0
P 2 13 119 0
P 2 13 120 0
P 2 13 121 0
P 2 13 122 0
P 2 13 123 0
P 2 13 124 0
P 2 13 125 0
P 2 13 126 0
P 2 13 127 0
P 2 13 128 0
P 2 13 129 0
P 2 13 130 0
P 2 13 131 0
P 2 13 132 0
P 2 13 133 0
P 2 13 134 0
P 2 13 135 0
P 2 13 136 0
P 2 13 137 0
P 2 13 138 1
P 2 13 139 0
P 2 13 140 0
P 2 13 141 0
P 2 13 142 0
P 2 13 143 0
P 2 13 144 0
P 2 13 145 0
P 2 13 146 0
P 2 13 147 0
P 2 13 148 0
P 2 13 149 0
P 2 13 150 0
P 2 13 151 0
P 2 13 152 0
P 2 13 153 0
P 2 13 154 0
P 2 13 155 0
P 2 13 156 0
P 2 13 157 0
P 2 13 158 0
P 2 13 159 0
P 2 13 160 0
P 2 13 161 0
P 2 13 162 0
P 2 13 163 0
P 2 13 164 0
P 2 13 165 0
P 2 13 166 0
P 2 13 167 0
P 2 13 168 0
P 2 13 169 0
P 2 13 170 0
P 2 13 171 1
P 2 13 172 0
P 2 13 173 0
P 2 13 174 0
P 2 13 175 0
P 2 13 176 0
P 2 13 177 0
P 2 13 178 0
P 2 13 179 0
P 2 13 180 0
P 2 13 181 0
P 2 13 182 0
P 2 13 183 0
P 2 13 184 0
P 2 13 185 0
P 2 13 186 0
P 2 13 187 0
P 2 13 188 0
P 2 13 189 0
P 2 13 190 0
P 2 13 191 0
P 2 13 192 1
P 2 13 193 0
P 2 13 194 0
P 2 13 195 0
P 2 13 196 0
P 2 13 197 0
P 2 13 198 0
P 2 13 199 0
P 2 13 200 0
P 2 13 201 0
P 2 13 202 0
P 2 13 203 1
P 2 13 204 0
P 2 13 205 0
P 2 13 206 0
P 2 13 207 0
P 2 13 208 0
P 2 13 209 0
P 2 13 210 0
P 2 13 211 0
P 2 13 212 0
P 2 13 213 0
P 2 13 214 0
P 2 13 215 0
P 2 13 216 0
P 2 13 217 0
P 2 13 218 0
P 2 13 219 0
P 2 13 220 0
P 2 13 221 0
P 2 13 222 0
P 2 13 223 0
P 2 13 224 0
P 2 13 225 0
P 2 13 226 0
P 2 13 227 0
P 2 13 228 0
P 2 13 229 0
P 2 13 230 0
P 2 13 231 0
P 2 13 232 0
P 2 13 233 0
P 2 13 234 0
P 2 13 235 0
P 2 13 236 0
P 2 13 237 0
P 2 13 238 0
P 2 13 239 0
P 2 13 240 1
P 2 13 241 0
P 2 13 242 0
P 2 13 243 0
P 2 13 244 0
P 2 13 245 0
P 2 13 246 0
P 2 13 247 0
P 2 13 248 0
P 2 13 249 0
P 2 13 250 0
P 2 13 251 0
P 2 13 252 0
P 2 13 253 0
P 2 13 254 0
P 2 13 255 0
P 2 13 256 0
P 2 13 257 1
P 2 13 258 0
P 2 13 259 0
P 2 13 260 1
P 2 13 261 0
P 2 13 262 0
P 2 13 263 0
P 2 13 264 0
P 2 13 265 0
P 2 13 266 0
P 2 13 267 0
P 2 13 268 1
P 2 13 269 0
P 2 13 270 0
P 2 13 271 0
P 2 13 272 0
P 2 13 273 0
P 2 13 274 0
P 2 13 275 0
P 2 13 276 0
P 2 13 277 1
P 2 13 278 0
P 2 13 279 0
P 2 13 280 0
P 2 13 281 0
P 2 13 282 0
P 2 13 283 0
P 2 13 284 0
P 2 13 285 0
P 2 13 286 0
P 2 13 287 0
P 2 13 288 0
P 2 13 289 0
P 2 13 290 0
P 2 13 291 0
P 2 13 292 0
P 2 13 293 0
P 2 13 294 0
P 2 13 295 0
P 2 13 296 0
P 2 13 297 0
P 2 13 298 0
P 2 13 299 0
P 2 13 300 0
P 2 13 301 0
P 2 13 302 0
P 2 13 303 0
P 2 13 304 0
P 2 13 305 0
P 2 13 306 0
P 2 13 307 0
P 2 13 308 0
P 2 13 309 0
P 2 13 310 0
P 2 13 311 0
P 2 13 312 0
P 2 13 313 0
P 2 13 314 0
P 2 13 315 0
P 2 13 316 0
P 2 13 317 1
P 2 13 318 0
P 2 13 319 0
P 2 13 320 0
P 2 13 321 0
P 2 13 322 0
P 2 13 323 0
P 2 13 324 0
P 2 13 325 0
P 2 13 326 0
P 2 13 327 0
P 2 13 328 0
P 2 13 329 0
P 2 13 330 0
P 2 13 331 0
P 2 13 332 0
P 2 13 333 0
P 2 13 334 0
P 2 13 335 0
P 2 13 336 0
P 2 13 337 0
P 2 13 338 0
P 2 13 339 0
P 2 13 340 0
P 2 13 341 0
P 2 13 342 1
P 2 13 343 0
P 2 13 344 0
P 2 13 345 1
P 2 13 346 0
P 2 13 347 0
P 2 13 348 0
P 2 13 349 0
P 2 13 350 0
P 2 13 351 0
P 2 13 352 0
P 2 13 353 0
P 2 13 354 0
P 2 13 355 0
P 2 13 356 0
P 2 13 357 0
P 2 13 358 1
P 2 13 359 0
P 2 13 360 0
P 2 13 361 0
P 2 13 362 0
P 2 13 363 0
P 2 13 364 0
P 2 13 365 0
P 2 13 366 0
P 2 13 367 0
P 2 13 368 0
P 2 13 369 0
P 2 13 370 0
P 2 13 371 0
P 2 13 372 0
P 2 13 373 0
P 2 13 374 0
P 2 13 375 0
P 2 13 376 0
P 2 13 377 0
P 2 13 378 0
P 2 13 379 0
P 2 13 380 0
P 2 13 381 0
P 2 13 382 0
P 2 13 383 0
P 2 13 384 0
P 2 13 385 0
P 2 13 386 0
P 2 13 387 0
P 2 13 388 0
P 2 13 389 1
P 2 13 390 0
P 2 13 391 0
P 2 13 392 0
P 2 13 393 0
P 2 13 394 0
P 2 13 395 0
P 2 13 396 0
P 2 13 397 0
P 2 13 398 0
P 2 13 399 0
P 2 13 400 0
P 2 13 401 0
P 2 13 402 1
P 2 13 403 0
P 2 13 404 0
P 2 13 405 0
P 2 13 406 0
P 2 13 407 0
P 2 13 408 0
P 2 13 409 0
P 2 13 410 0
P 2 13 411 0
P 2 13 412 0
P 2 13 413 0
P 2 13 414 0
P 2 13 415 0
P 2 13 416 0
P 2 13 417 0
P 2 13 418 0
P 2 13 419 0
P 2 13 420 0
P 2 13 421 0
P 2 13 422 0
P 2 13 423 0
P 2 13 424 0
P 2 13 425 0
P 2 13 426 0
P 2 13 427 0
P 2 13 428 0
P 2 13 429 0
P 2 13 430 0
P 2 13 431 0
P 2 13 432 0
P 2 13 433 0
P 2 13 434 0
P 2 13 435 0
P 2 13 436 0
P 2 13 437 0
P 2 13 438 0
P 2 13 439 0
P 2 13 440 0
P 2 13 441 0
P 2 13 442 0
P 2 13 443 0
P 2 13 444 0
P 2 13 445 0
P 2 13 446 0
P 2 13 447 0
P 2 13 448 0
P 2 13 449 0
P 2 13 450 0
P 2 13 451 0
P 2 13 452 0
P 2 13 453 0
P 2 13 454 0
P 2 13 455 0
P 2 13 456 0
P 2 13 457 0
P 2 13 458 0
P 2 13 459 0
P 2 13 460 0
P 2 13 461 1
P 2 13 462 0
P 2 13 463 0
P 2 13 464 0
P 2 13 465 0
P 2 13 466 0
P 2 13 467 0
P 2 13 468 1
P 2 13 469 0
P 2 13 470 0
P 2 13 471 0
P 2 13 472 0
P 2 13 473 0
P 2 13 474 0
P 2 13 475 0
P 2 13 476 0
P 2 13 477 0
P 2 13 478 0
P 2 13 479 0
P 2 13 480 0
P 2 13 481 0
P 2 13 482 0
P 2 13 483 0
P 2 13 484 0
P 2 13 485 0
P 2 13 486 0
P 2 13 487 0
P 2 13 488 0
P 2 13 489 0
P 2 13 490 0
P 2 13 491 0
P 2 13 492 0
P 2 13 493 0
P 2 13 494 1
P 2 13 495 0
P 2 13 496 0
P 2 13 497 0
P 2 13 498 0
P 2 13 499 0
P 2 13 500 0
P 2 13 501 0
P 2 13 502 0
P 2 13 503 0
P 2 13 504 0
P 2 13 505 0
P 2 13 506 0
P 2 13 507 0
P 2 13 508 0
P 2 13 509 0
P 2 13 510 1
P 2 13 511 0
P 2 13 512 1
P 2 13 513 0
P 2 13 514 0
P 2 13 515 0
P 2 13 516 0
P 2 13 517 0
P 2 13 518 0
P 2 13 519 0
P 2 13 520 0
P 2 13 521 0
P 2 13 522 0
P 2 13 523 0
P 2 13 524 0
P 2 13 525 0
P 2 13 526 0
P 2 13 527 0
P 2 13 528 0
C 2 14 0 5 7 6 1 3 21 23
C 2 14 1 5 8 8 1 3 21 30
C 2 14 2 6 9 6 1 4 21 34
C 2 14 3 7 10 6 1 5 22 38
C 2 14 4 7 10 7 1 4 22 38
C 2 14 5 10 23 26 3 8 22 133
C 2 14 6 12 29 35 3 16 22 523
C 2 14 7 13 30 38 3 17 21 528
C 2 14 8 13 29 38 3 17 21 535
C 2 14 9 13 31 40 3 17 22 543
C 2 14 10 14 35 43 3 18 21 1014
C 2 14 11 14 36 49 3 20 22 1504
C 2 14 12 4 4 3 1 1 21 11
C 2 14 13 4 5 3 2 4 21 14
C 2 14 14 5 7 5 2 4 21 21
C 2 14 15 5 7 5 1 2 20 22
C 2 14 16 14 38 49 3 23 21 2458
C 2 14 17 4 4 4 1 2 19 15
C 2 14 18 11 30 35 3 13 19 380
C 2 14 19 12 31 37 3 15 19 499
C 2 14 20 13 31 38 3 17 19 696
C 2 14 21 14 39 49 3 23 20 2201
C 2 14 22 14 40 49 3 21 20 2486
C 2 14 23 11 27 34 3 14 12 368
C 2 14 24 11 27 34 3 14 12 368
C 2 14 25 12 30 37 3 16 12 507
C 2 14 26 13 32 39 3 16 12 534
C 2 14 27 14 40 49 3 22 11 2201
C 2 14 28 2 3 0 0 0 11 3
C 2 14 29 11 28 37 3 16 11 642
C 2 14 30 13 33 43 3 18 10 962
C 2 14 31 13 36 44 3 20 10 1651
C 2 14 32 6 7 6 2 3 1 24
C 2 14 33 6 8 8 2 3 1 31
C 2 14 34 7 9 6 2 4 1 35
C 2 14 35 8 10 7 2 4 0 39
C 2 14 36 14 30 38 4 17 1 529
C 2 14 37 5 4 3 2 1 1 12
C 2 14 38 5 4 4 2 2 3 16
C 2 14 39 12 30 35 4 13 3 381
C 2 14 40 13 31 37 4 15 3 500
C 2 14 41 14 31 38 4 17 3 697
C 2 14 42 3 3 0 1 0 11 4
C 2 14 43 12 28 37 4 16 11 643
C 2 14 44 14 36 44 4 20 12 1652
C 2 14 45 0 0 0 0 0 10 0
C 2 14 46 5 5 3 1 2 10 21
C 2 14 47 6 6 8 3 4 10 33
C 2 14 48 10 23 25 3 8 11 111
C 2 14 49 5 6 6 1 3 11 21
C 2 14 50 11 22 28 3 9 11 156
C 2 14 51 14 30 38 3 18 10 552
C 2 14 52 14 31 39 3 18 10 563
C 2 14 53 14 37 47 3 20 11 1078
C 2 14 54 5 3 5 2 3 10 19
C 2 14 55 5 7 6 1 4 10 26
C 2 14 56 7 8 6 3 6 10 41
C 2 14 57 4 4 4 0 2 9 13
C 2 14 58 13 35 41 3 17 20 978
C 2 14 59 6 8 6 1 4 8 38
C 2 14 60 12 29 34 3 13 19 376
C 2 14 61 6 10 8 3 4 21 35
C 2 14 62 11 28 35 3 14 12 380
C 2 14 63 5 9 7 3 4 21 28
C 2 14 64 14 31 38 3 18 12 720
C 2 14 65 13 30 37 3 17 20 690
C 2 14 66 11 23 27 3 9 21 156
C 2 14 67 10 22 28 3 8 21 144
C 2 14 68 12 30 38 3 16 11 665
C 2 14 69 12 29 37 3 16 21 485
C 2 14 70 12 29 37 3 17 20 666
C 2 14 71 11 26 34 3 16 11 400
C 2 14 72 14 36 45 3 20 20 1675
C 2 14 73 14 36 44 3 21 19 1675
C 2 14 74 5 5 4 1 4 10 22
C 2 14 75 5 5 6 1 4 11 21
C 2 14 76 11 22 26 3 9 11 168
C 2 14 77 14 30 38 3 18 10 559
C 2 14 78 5 6 6 1 3 10 21
C 2 14 79 4 5 4 1 1 20 14
C 2 14 80 6 6 8 3 4 9 33
C 2 14 81 13 34 41 3 17 20 985
C 2 14 82 14 36 49 3 20 22 1499
C 2 14 83 5 6 6 1 2 19 22
C 2 14 84 6 8 9 1 4 8 46
C 2 14 85 13 32 39 3 16 12 530
C 2 14 86 14 31 38 3 18 12 727
C 2 14 87 5 6 6 3 2 21 20
C 2 14 88 9 22 30 3 11 21 157
C 2 14 89 11 30 35 3 13 19 380
C 2 14 90 11 28 35 3 14 12 380
C 2 14 91 12 32 37 3 16 19 503
C 2 14 92 14 37 44 3 20 11 1682
C 2 14 93 13 30 39 3 16 21 516
C 2 14 94 11 25 33 3 16 11 396
C 2 14 95 14 37 47 3 20 20 1680
C 2 14 96 14 36 44 3 21 19 1682
C 2 14 97 13 31 41 3 17 22 549
C 2 14 98 11 22 27 3 9 11 153
C 2 14 99 6 6 7 3 4 10 27
C 2 14 100 5 9 7 1 4 10 29
C 2 14 101 14 36 45 3 17 21 1000
C 2 14 102 8 12 10 3 6 10 68
C 2 14 103 5 7 6 1 4 9 26
C 2 14 104 7 9 7 1 5 8 50
C 2 14 105 14 32 39 3 18 12 731
C 2 14 106 14 37 48 3 20 21 1679
C 2 14 107 13 36 44 3 17 21 1020
C 2 14 108 12 30 39 3 16 21 508
C 2 14 109 12 31 38 3 17 20 666
C 2 14 110 14 37 45 3 21 19 1686
C 2 14 111 14 31 41 3 17 22 562
C 2 14 112 14 32 40 3 18 11 567
C 2 14 113 5 6 6 3 3 21 20
C 2 14 114 6 9 9 3 5 9 53
C 2 14 115 6 10 11 3 5 9 60
C 2 14 116 6 8 6 2 5 21 34
C 2 14 117 13 35 43 3 17 21 993
C 2 14 118 5 6 5 2 5 20 22
C 2 14 119 11 28 35 3 14 13 372
C 2 14 120 5 9 7 3 4 22 28
C 2 14 121 12 31 35 3 17 13 502
C 2 14 122 13 32 39 3 17 21 705
C 2 14 123 6 11 9 3 4 21 44
C 2 14 124 14 38 48 3 19 21 1504
C 2 14 125 9 23 30 3 11 21 172
C 2 14 126 10 22 28 3 8 22 137
C 2 14 127 12 31 39 3 16 12 669
C 2 14 128 13 32 40 3 16 21 866
C 2 14 129 8 17 21 1 7 10 85
C 2 14 130 5 5 8 0 2 10 23
C 2 14 131 6 7 7 3 5 9 41
C 2 14 132 7 9 7 3 6 9 45
C 2 14 133 5 4 6 1 3 10 23
C 2 14 134 6 8 11 3 4 20 36
C 2 14 135 6 9 7 1 4 9 42
C 2 14 136 11 28 35 3 14 13 372
C 2 14 137 12 31 38 3 16 13 511
C 2 14 138 14 33 40 3 18 13 735
C 2 14 139 14 38 46 3 21 20 1690
C 2 14 140 11 22 26 3 9 10 156
C 2 14 141 11 22 26 3 9 10 157
C 2 14 142 6 9 8 2 7 9 46
C 2 14 143 11 28 34 3 15 13 372
C 2 14 144 12 32 38 3 17 13 530
C 2 14 145 14 38 46 3 21 10 1792
C 2 14 146 14 38 46 3 19 22 1686
C 2 14 147 14 37 46 3 22 21 1792
C 2 14 148 13 35 43 3 19 22 1489
C 2 14 149 10 21 27 3 9 11 140
C 2 14 150 5 4 4 1 2 10 23
C 2 14 151 12 28 35 3 16 21 507
C 2 14 152 8 18 24 1 8 9 86
C 2 14 153 11 23 28 3 8 21 135
C 2 14 154 11 23 27 3 9 9 149
C 2 14 155 13 30 37 3 17 10 553
C 2 14 156 12 29 37 3 16 20 522
C 2 14 157 14 36 44 3 18 9 1028
C 2 14 158 9 23 30 3 11 22 180
C 2 14 159 9 20 26 3 8 21 106
C 2 14 160 12 29 35 3 17 20 522
C 2 14 161 12 29 36 3 17 12 831
C 2 14 162 14 37 46 3 21 19 1680
C 2 14 163 14 34 43 3 19 10 1476
C 2 14 164 5 6 6 3 3 11 28
C 2 14 165 13 30 39 3 17 21 516
C 2 14 166 14 31 39 3 18 10 540
C 2 14 167 10 22 26 3 8 21 133
C 2 14 168 13 29 38 3 17 20 512
C 2 14 169 13 29 39 3 17 19 520
C 2 14 170 14 30 39 3 18 8 544
C 2 14 171 14 36 43 3 18 12 909
C 2 14 172 14 36 42 3 18 12 1028
C 2 14 173 14 34 42 3 20 12 1225
C 2 14 174 14 31 42 3 17 21 569
C 2 14 175 14 38 48 3 19 20 1494
C 2 14 176 13 34 43 3 18 21 990
C 2 14 177 14 32 40 3 19 11 1168
C 2 14 178 13 34 42 3 18 11 1455
C 2 14 179 14 32 40 3 19 11 823
C 2 14 180 14 30 40 3 17 20 566
C 2 14 181 14 36 45 3 23 19 2180
C 2 14 182 14 36 47 3 20 21 1489
C 2 14 183 13 30 37 3 18 12 534
C 2 14 184 13 29 40 3 17 21 512
C 2 14 185 14 34 46 3 18 21 998
C 2 14 186 11 26 33 3 16 11 412
C 2 14 187 6 8 6 3 5 22 33
C 2 14 188 14 30 39 3 18 9 551
C 2 14 189 14 31 41 3 17 20 547
C 2 14 190 14 38 48 3 19 21 1499
C 2 14 191 12 32 39 3 17 20 835
C 2 14 192 14 31 42 3 18 11 563
C 2 14 193 5 6 6 3 2 21 20
C 2 14 194 10 22 26 3 9 21 140
C 2 14 195 13 30 37 3 17 20 682
C 2 14 196 14 37 48 3 21 21 2015
C 2 14 197 14 36 48 3 21 21 1951
C 2 14 198 8 9 7 1 3 21 53
C 2 14 199 11 23 26 3 10 10 167
C 2 14 200 11 24 26 3 10 10 186
C 2 14 201 5 5 5 1 3 10 27
C 2 14 202 5 7 8 3 3 20 28
C 2 14 203 3 3 2 1 1 20 7
C 2 14 204 12 29 37 3 16 20 473
C 2 14 205 12 29 38 3 17 18 654
C 2 14 206 14 36 44 3 18 11 1023
C 2 14 207 4 5 3 2 3 20 14
C 2 14 208 11 24 27 3 10 10 163
C 2 14 209 12 31 37 3 14 12 409
C 2 14 210 13 35 43 3 17 21 992
C 2 14 211 12 30 38 3 15 20 473
C 2 14 212 11 22 27 3 9 20 148
C 2 14 213 14 38 46 3 20 11 1680
C 2 14 214 6 7 7 3 4 11 41
C 2 14 215 5 6 6 3 3 20 29
C 2 14 216 6 9 9 3 5 10 36
C 2 14 217 8 19 25 3 7 20 98
C 2 14 218 14 38 46 3 20 11 2644
C 2 14 219 7 8 7 1 3 9 45
C 2 14 220 5 5 6 3 3 20 21
C 2 14 221 9 24 32 3 11 20 178
C 2 14 222 7 17 21 1 5 20 76
C 2 14 223 14 31 42 3 17 21 557
C 2 14 224 13 35 43 3 17 20 984
C 2 14 225 10 27 32 3 12 18 280
C 2 14 226 14 36 48 3 21 21 1499
C 2 14 227 14 36 48 3 21 20 1494
C 2 14 228 13 35 43 3 17 19 990
C 2 14 229 5 5 4 1 3 20 19
C 2 14 230 12 29 38 3 16 10 654
C 2 14 231 8 19 25 3 7 20 99
C 2 14 232 8 20 24 3 7 18 95
C 2 14 233 14 37 44 3 20 10 1682
C 2 14 234 12 32 38 3 15 18 488
C 2 14 235 9 23 26 3 8 21 133
C 2 14 236 12 31 38 3 16 18 484
C 2 14 237 12 31 37 3 16 10 846
C 2 14 238 12 32 41 3 18 18 683
C 2 14 239 12 31 41 3 18 10 1127
C 2 14 240 11 26 33 3 15 21 296
C 2 14 241 13 32 39 3 16 21 1035
C 2 14 242 11 26 34 3 15 21 300
C 2 14 243 11 26 34 3 15 21 303
C 2 14 244 12 29 37 3 16 20 484
C 2 14 245 12 30 41 3 17 21 625
C 2 14 246 5 5 6 3 4 10 29
C 2 14 247 13 36 45 3 18 20 1477
C 2 14 248 12 29 37 3 16 11 658
C 2 14 249 14 37 46 3 19 20 1606
C 2 14 250 10 22 28 3 10 20 160
C 2 14 251 14 36 48 3 23 20 2456
C 2 14 252 11 28 34 3 15 13 372
C 2 14 253 11 25 34 3 16 11 303
C 2 14 254 14 34 44 3 18 13 1049
C 2 14 255 12 30 37 3 17 12 521
C 2 14 256 14 37 44 3 20 12 1682
C 2 14 257 11 30 38 3 16 11 642
C 2 14 258 13 30 39 3 17 9 519
C 2 14 259 13 29 37 3 18 11 697
C 2 14 260 13 31 39 3 18 10 705
C 2 14 261 13 34 43 3 18 11 990
C 2 14 262 11 28 35 3 16 11 465
C 2 14 263 12 29 35 3 16 11 480
C 2 14 264 14 37 45 3 21 10 2137
C 2 14 265 13 36 42 3 18 11 1008
M 2 14 6 7 6 2 3
M 2 14 7 9 6 2 4
M 2 14 5 4 3 2 1
M 2 14 12 30 35 4 13
M 2 14 14 31 38 4 17
M 2 14 6 8 9 1 4
M 2 14 4 4 4 0 2
M 2 14 6 7 7 3 5
M 2 14 6 9 7 1 4
M 2 14 8 18 24 1 8
M 2 14 13 33 43 3 18
M 2 14 13 31 39 3 18
M 2 14 5 5 3 1 2
M 2 14 5 3 5 2 3
M 2 14 5 5 4 1 4
M 2 14 5 9 7 1 4
M 2 14 8 17 21 1 7
M 2 14 5 5 8 0 2
M 2 14 5 4 4 1 2
M 2 14 14 34 43 3 19
M 2 14 11 24 26 3 10
M 2 14 11 24 27 3 10
M 2 14 14 40 49 3 22
M 2 14 11 28 37 3 16
M 2 14 11 28 35 3 16
M 2 14 11 30 38 3 16
M 2 14 12 28 37 4 16
M 2 14 11 22 28 3 9
M 2 14 11 26 34 3 16
M 2 14 11 25 33 3 16
M 2 14 11 25 34 3 16
M 2 14 10 21 27 3 9
M 2 14 11 26 33 3 16
M 2 14 12 30 37 3 16
M 2 14 14 36 44 4 20
M 2 14 14 32 39 3 18
M 2 14 12 29 36 3 17
M 2 14 14 36 42 3 18
M 2 14 13 30 37 3 18
M 2 14 12 31 35 3 17
M 2 14 12 32 38 3 17
M 2 14 8 20 24 3 7
M 2 14 12 32 38 3 15
M 2 14 4 4 4 1 2
M 2 14 13 31 38 3 17
M 2 14 5 6 6 1 2
M 2 14 14 37 46 3 21
M 2 14 14 36 45 3 23
M 2 14 14 39 49 3 23
M 2 14 5 5 4 1 3
M 2 14 14 37 46 3 19
M 2 14 7 17 21 1 5
M 2 14 5 5 6 3 3
M 2 14 13 35 41 3 17
M 2 14 14 36 45 3 20
M 2 14 4 5 4 1 1
M 2 14 13 34 41 3 17
M 2 14 12 31 38 3 17
M 2 14 6 8 11 3 4
M 2 14 10 22 28 3 10
M 2 14 3 3 2 1 1
M 2 14 5 8 8 1 3
M 2 14 13 30 38 3 17
M 2 14 4 4 3 1 1
M 2 14 5 7 5 2 4
M 2 14 14 37 48 3 21
M 2 14 14 34 46 3 18
M 2 14 12 30 41 3 17
M 2 14 14 36 47 3 20
M 2 14 10 22 26 3 9
M 2 14 13 30 39 3 16
M 2 14 14 36 45 3 17
M 2 14 14 37 48 3 20
M 2 14 12 30 39 3 16
M 2 14 6 8 6 2 5
M 2 14 6 11 9 3 4
M 2 14 13 32 40 3 16
M 2 14 14 37 46 3 22
M 2 14 7 10 7 1 4
M 2 14 10 23 26 3 8
M 2 14 6 8 6 3 5
M 2 14 13 31 41 3 17
M 2 14 8 10 7 2 4
M 2 14 5 4 4 2 2
M 2 14 6 8 6 1 4
M 2 14 6 9 8 2 7
M 2 14 6 10 11 3 5
M 2 14 13 36 44 3 20
M 2 14 0 0 0 0 0
M 2 14 6 6 8 3 4
M 2 14 14 30 38 3 18
M 2 14 5 7 6 1 4
M 2 14 7 8 7 1 3
M 2 14 8 12 10 3 6
M 2 14 6 9 9 3 5
M 2 14 5 5 5 1 3
M 2 14 12 29 38 3 16
M 2 14 13 36 42 3 18
M 2 14 3 3 0 1 0
M 2 14 5 6 6 1 3
M 2 14 12 30 38 3 16
M 2 14 13 34 42 3 18
M 2 14 14 32 40 3 19
M 2 14 14 34 42 3 20
M 2 14 11 27 34 3 14
M 2 14 14 31 42 3 18
M 2 14 12 31 39 3 16
M 2 14 11 28 34 3 15
M 2 14 14 34 44 3 18
M 2 14 10 27 32 3 12
M 2 14 13 29 39 3 17
M 2 14 12 31 37 3 15
M 2 14 12 29 34 3 13
M 2 14 12 29 38 3 17
M 2 14 5 7 5 1 2
M 2 14 14 40 49 3 21
M 2 14 14 36 48 3 23
M 2 14 9 24 32 3 11
M 2 14 14 37 47 3 20
M 2 14 12 29 37 3 17
M 2 14 14 30 40 3 17
M 2 14 5 6 5 2 5
M 2 14 8 19 25 3 7
M 2 14 14 31 42 3 17
M 2 14 13 29 38 3 17
M 2 14 4 5 3 2 4
M 2 14 11 23 28 3 8
M 2 14 10 22 26 3 8
M 2 14 13 30 39 3 17
M 2 14 12 28 35 3 16
M 2 14 13 34 43 3 18
M 2 14 13 32 39 3 17
M 2 14 9 23 26 3 8
M 2 14 6 10 8 3 4
M 2 14 11 26 34 3 15
M 2 14 13 35 43 3 19
M 2 14 13 31 40 3 17
M 2 14 14 38 46 3 19
M 2 14 14 31 41 3 17
M 2 14 10 22 28 3 8
M 2 14 14 37 44 3 20
M 2 14 5 6 6 3 3
M 2 14 13 32 39 3 16
M 2 14 6 8 8 2 3
M 2 14 13 31 37 4 15
M 2 14 7 9 7 1 5
M 2 14 11 23 26 3 10
M 2 14 5 4 6 1 3
M 2 14 14 31 39 3 18
M 2 14 6 6 7 3 4
M 2 14 14 38 46 3 20
M 2 14 13 29 37 3 18
M 2 14 5 5 6 1 4
M 2 14 6 7 7 3 4
M 2 14 12 31 37 3 14
M 2 14 14 31 38 3 18
M 2 14 14 33 40 3 18
M 2 14 12 31 38 3 16
M 2 14 11 30 35 3 13
M 2 14 14 37 45 3 21
M 2 14 12 32 39 3 17
M 2 14 4 5 3 2 3
M 2 14 12 30 38 3 15
M 2 14 13 36 45 3 18
M 2 14 5 7 6 1 3
M 2 14 14 35 43 3 18
M 2 14 13 35 43 3 17
M 2 14 9 22 30 3 11
M 2 14 5 6 6 3 2
M 2 14 11 23 27 3 9
M 2 14 13 36 44 3 17
M 2 14 12 29 35 3 16
M 2 14 5 9 7 3 4
M 2 14 12 29 37 3 16
M 2 14 14 36 48 3 21
M 2 14 14 38 48 3 19
M 2 14 14 30 39 3 18
M 2 14 7 9 7 3 6
M 2 14 5 5 6 3 4
M 2 14 10 23 25 3 8
M 2 14 2 3 0 0 0
M 2 14 14 32 40 3 18
M 2 14 11 28 35 3 14
M 2 14 12 32 41 3 18
M 2 14 12 32 37 3 16
M 2 14 5 7 8 3 3
M 2 14 6 9 6 1 4
M 2 14 9 20 26 3 8
M 2 14 14 38 49 3 23
M 2 14 7 10 6 1 5
M 2 14 9 23 30 3 11
M 2 14 13 30 37 3 17
M 2 14 12 31 41 3 18
M 2 14 12 31 37 3 16
M 2 14 14 36 43 3 18
M 2 14 14 36 44 3 21
M 2 14 11 22 27 3 9
M 2 14 8 9 7 1 3
M 2 14 13 29 40 3 17
M 2 14 11 22 26 3 9
P 2 14 0 1
P 2 14 1 0
P 2 14 2 0
P 2 14 3 1
P 2 14 4 1
P 2 14 5 1
P 2 14 6 0
P 2 14 7 0
P 2 14 8 0
P 2 14 9 0
P 2 14 10 0
P 2 14 11 0
P 2 14 12 1
P 2 14 13 1
P 2 14 14 1
P 2 14 15 0
P 2 14 16 0
P 2 14 17 1
P 2 14 18 0
P 2 14 19 0
P 2 14 20 0
P 2 14 21 1
P 2 14 22 0
P 2 14 23 1
P 2 14 24 0
P 2 14 25 0
P 2 14 26 0
P 2 14 27 0
P 2 14 28 1
P 2 14 29 0
P 2 14 30 0
P 2 14 31 0
P 2 14 32 0
P 2 14 33 0
P 2 14 34 0
P 2 14 35 0
P 2 14 36 0
P 2 14 37 0
P 2 14 38 0
P 2 14 39 0
P 2 14 40 0
P 2 14 41 0
P 2 14 42 1
P 2 14 43 0
P 2 14 44 1
P 2 14 45 0
P 2 14 46 0
P 2 14 47 0
P 2 14 48 0
P 2 14 49 0
P 2 14 50 0
P 2 14 51 0
P 2 14 52 0
P 2 14 53 0
P 2 14 54 0
P 2 14 55 0
P 2 14 56 0
P 2 14 57 0
P 2 14 58 1
P 2 14 59 0
P 2 14 60 1
P 2 14 61 0
P 2 14 62 0
P 2 14 63 0
P 2 14 64 0
P 2 14 65 0
P 2 14 66 0
P 2 14 67 0
P 2 14 68 1
P 2 14 69 0
P 2 14 70 0
P 2 14 71 1
P 2 14 72 0
P 2 14 73 0
P 2 14 74 0
P 2 14 75 0
P 2 14 76 0
P 2 14 77 0
P 2 14 78 0
P 2 14 79 0
P 2 14 80 0
P 2 14 81 1
P 2 14 82 0
P 2 14 83 1
P 2 14 84 0
P 2 14 85 0
P 2 14 86 0
P 2 14 87 0
P 2 14 88 0
P 2 14 89 1
P 2 14 90 0
P 2 14 91 0
P 2 14 92 0
P 2 14 93 0
P 2 14 94 0
P 2 14 95 0
P 2 14 96 0
P 2 14 97 0
P 2 14 98 0
P 2 14 99 0
P 2 14 100 0
P 2 14 101 0
P 2 14 102 0
P 2 14 103 0
P 2 14 104 0
P 2 14 105 0
P 2 14 106 0
P 2 14 107 0
P 2 14 108 0
P 2 14 109 0
P 2 14 110 0
P 2 14 111 1
P 2 14 112 0
P 2 14 113 0
P 2 14 114 0
P 2 14 115 0
P 2 14 116 0
P 2 14 117 0
P 2 14 118 0
P 2 14 119 0
P 2 14 120 1
P 2 14 121 0
P 2 14 122 0
P 2 14 123 0
P 2 14 124 0
P 2 14 125 0
P 2 14 126 1
P 2 14 127 1
P 2 14 128 0
P 2 14 129 0
P 2 14 130 0
P 2 14 131 0
P 2 14 132 0
P 2 14 133 0
P 2 14 134 0
P 2 14 135 0
P 2 14 136 0
P 2 14 137 0
P 2 14 138 0
P 2 14 139 0
P 2 14 140 0
P 2 14 141 0
P 2 14 142 0
P 2 14 143 0
P 2 14 144 0
P 2 14 145 0
P 2 14 146 0
P 2 14 147 0
P 2 14 148 0
P 2 14 149 0
P 2 14 150 0
P 2 14 151 0
P 2 14 152 0
P 2 14 153 0
P 2 14 154 0
P 2 14 155 0
P 2 14 156 0
P 2 14 157 0
P 2 14 158 1
P 2 14 159 0
P 2 14 160 1
P 2 14 161 1
P 2 14 162 0
P 2 14 163 0
P 2 14 164 0
P 2 14 165 0
P 2 14 166 0
P 2 14 167 0
P 2 14 168 0
P 2 14 169 0
P 2 14 170 0
P 2 14 171 0
P 2 14 172 0
P 2 14 173 0
P 2 14 174 0
P 2 14 175 0
P 2 14 176 0
P 2 14 177 0
P 2 14 178 0
P 2 14 179 0
P 2 14 180 0
P 2 14 181 0
P 2 14 182 0
P 2 14 183 0
P 2 14 184 0
P 2 14 185 0
P 2 14 186 0
P 2 14 187 1
P 2 14 188 0
P 2 14 189 0
P 2 14 190 0
P 2 14 191 1
P 2 14 192 0
P 2 14 193 0
P 2 14 194 0
P 2 14 195 0
P 2 14 196 0
P 2 14 197 0
P 2 14 198 0
P 2 14 199 0
P 2 14 200 0
P 2 14 201 0
P 2 14 202 0
P 2 14 203 1
P 2 14 204 0
P 2 14 205 0
P 2 14 206 0
P 2 14 207 0
P 2 14 208 0
P 2 14 209 0
P 2 14 210 0
P 2 14 211 0
P 2 14 212 0
P 2 14 213 1
P 2 14 214 0
P 2 14 215 0
P 2 14 216 0
P 2 14 217 0
P 2 14 218 1
P 2 14 219 0
P 2 14 220 0
P 2 14 221 0
P 2 14 222 0
P 2 14 223 0
P 2 14 224 0
P 2 14 225 0
P 2 14 226 0
P 2 14 227 0
P 2 14 228 0
P 2 14 229 0
P 2 14 230 0
P 2 14 231 0
P 2 14 232 0
P 2 14 233 0
P 2 14 234 0
P 2 14 235 0
P 2 14 236 0
P 2 14 237 0
P 2 14 238 0
P 2 14 239 0
P 2 14 240 0
P 2 14 241 0
P 2 14 242 0
P 2 14 243 0
P 2 14 244 0
P 2 14 245 0
P 2 14 246 0
P 2 14 247 0
P 2 14 248 0
P 2 14 249 0
P 2 14 250 0
P 2 14 251 0
P 2 14 252 0
P 2 14 253 0
P 2 14 254 0
P 2 14 255 0
P 2 14 256 0
P 2 14 257 0
P 2 14 258 0
P 2 14 259 0
P 2 14 260 0
P 2 14 261 0
P 2 14 262 0
P 2 14 263 0
P 2 14 264 0
P 2 14 265 0
C 2 15 0 5 9 7 3 4 22 28
C 2 15 1 6 8 6 3 5 22 33
C 2 15 2 7 10 6 1 5 23 38
C 2 15 3 7 10 7 1 4 23 38
C 2 15 4 10 23 26 3 8 23 133
C 2 15 5 10 22 28 3 8 22 137
C 2 15 6 9 23 30 3 11 22 180
C 2 15 7 14 31 41 3 17 22 562
C 2 15 8 4 4 3 1 1 22 11
C 2 15 9 4 5 3 2 4 21 14
C 2 15 10 5 7 5 2 4 21 21
C 2 15 11 5 7 6 1 3 22 23
C 2 15 12 3 3 2 1 1 21 7
C 2 15 13 12 29 35 3 17 21 522
C 2 15 14 12 32 39 3 17 20 835
C 2 15 15 13 35 41 3 17 21 978
C 2 15 16 13 34 41 3 17 21 985
C 2 15 17 14 39 49 3 23 20 2201
C 2 15 18 4 4 4 1 2 19 15
C 2 15 19 5 6 6 1 2 19 22
C 2 15 20 12 29 34 3 13 20 376
C 2 15 21 11 30 35 3 13 20 380
C 2 15 22 11 27 34 3 14 13 368
C 2 15 23 12 31 39 3 16 13 669
C 2 15 24 12 29 36 3 17 13 831
C 2 15 25 14 36 44 4 20 13 1652
C 2 15 26 2 3 0 0 0 12 3
C 2 15 27 3 3 0 1 0 11 4
C 2 15 28 11 26 34 3 16 12 400
C 2 15 29 12 30 38 3 16 12 665
C 2 15 30 14 38 46 3 20 11 1680
C 2 15 31 14 38 46 3 20 11 2644
C 2 15 32 7 8 6 4 5 1 34
C 2 15 33 8 10 7 2 4 0 39
C 2 15 34 5 4 3 2 1 1 12
C 2 15 35 6 7 6 2 3 1 24
C 2 15 36 4 3 2 2 1 2 8
C 2 15 37 5 4 4 2 2 4 16
C 2 15 38 13 36 44 3 20 10 1651
C 2 15 39 0 0 0 0 0 11 0
C 2 15 40 5 5 4 1 4 11 22
C 2 15 41 11 24 26 3 10 10 186
C 2 15 42 6 10 12 3 5 10 59
C 2 15 43 12 31 37 3 16 10 846
C 2 15 44 6 6 8 3 4 11 33
C 2 15 45 14 31 40 3 18 11 557
C 2 15 46 6 10 11 3 5 9 60
C 2 15 47 5 6 6 3 3 21 20
C 2 15 48 4 4 4 0 2 10 13
C 2 15 49 6 6 8 3 4 10 33
C 2 15 50 14 36 44 3 18 11 1023
C 2 15 51 6 11 9 3 4 21 44
C 2 15 52 5 9 7 3 4 21 28
C 2 15 53 5 6 5 2 5 20 22
C 2 15 54 6 8 11 3 4 20 36
C 2 15 55 6 6 8 3 4 10 37
C 2 15 56 12 32 38 3 17 13 530
C 2 15 57 11 30 35 3 13 20 380
C 2 15 58 12 31 38 3 16 13 511
C 2 15 59 13 34 42 3 20 20 1901
C 2 15 60 9 23 29 3 11 22 172
C 2 15 61 10 23 25 3 8 12 111
C 2 15 62 9 23 26 3 8 21 133
C 2 15 63 10 22 26 3 8 21 133
C 2 15 64 11 23 26 3 10 10 167
C 2 15 65 5 5 3 1 2 11 21
C 2 15 66 11 22 26 3 9 11 156
C 2 15 67 14 31 40 3 18 11 571
C 2 15 68 7 9 7 3 6 9 45
C 2 15 69 6 7 7 3 5 10 41
C 2 15 70 5 7 6 1 4 10 26
C 2 15 71 11 23 25 3 10 11 163
C 2 15 72 7 8 6 3 6 10 41
C 2 15 73 14 38 48 3 19 21 1499
C 2 15 74 14 37 45 3 21 11 2137
C 2 15 75 7 8 7 3 6 10 49
C 2 15 76 14 36 44 3 18 10 1008
C 2 15 77 12 31 35 3 17 13 502
C 2 15 78 14 34 44 3 18 13 1049
C 2 15 79 12 30 40 3 18 20 783
C 2 15 80 10 22 26 3 8 22 137
C 2 15 81 13 32 39 3 17 22 705
C 2 15 82 5 6 6 1 3 12 21
C 2 15 83 10 22 28 3 8 21 144
C 2 15 84 13 36 44 3 17 22 992
C 2 15 85 6 9 9 3 5 9 53
C 2 15 86 6 8 6 2 5 22 34
C 2 15 87 5 9 7 1 4 11 29
C 2 15 88 12 29 35 3 16 23 523
C 2 15 89 13 35 43 3 17 22 993
C 2 15 90 6 10 8 3 4 22 35
C 2 15 91 6 9 7 1 4 9 42
C 2 15 92 11 28 34 3 15 14 372
C 2 15 93 11 28 35 3 14 14 372
C 2 15 94 6 9 6 1 4 22 34
C 2 15 95 7 9 6 2 4 1 35
C 2 15 96 13 31 40 3 17 22 543
C 2 15 97 14 30 38 3 18 10 559
C 2 15 98 5 7 6 1 4 11 26
C 2 15 99 12 30 39 3 16 21 854
C 2 15 100 5 6 6 3 2 21 20
C 2 15 101 5 8 8 1 3 22 30
C 2 15 102 11 28 34 3 15 14 372
C 2 15 103 11 28 35 3 14 14 372
C 2 15 104 0 0 0 0 0 12 0
C 2 15 105 14 37 44 3 20 12 1682
C 2 15 106 14 30 38 3 18 10 552
C 2 15 107 8 9 7 1 3 22 53
C 2 15 108 5 6 6 1 3 11 21
C 2 15 109 14 38 48 3 19 22 1504
C 2 15 110 14 38 46 3 21 10 1792
C 2 15 111 6 9 8 2 7 9 46
C 2 15 112 4 4 4 1 2 9 15
C 2 15 113 13 30 37 3 17 21 690
C 2 15 114 13 37 43 3 18 23 1470
C 2 15 115 6 8 8 2 3 1 31
C 2 15 116 8 17 21 1 7 11 85
C 2 15 117 14 32 43 3 18 11 578
C 2 15 118 13 35 43 3 19 22 1489
C 2 15 119 6 7 8 3 4 11 36
C 2 15 120 11 23 28 3 8 21 135
C 2 15 121 11 22 28 3 9 10 148
C 2 15 122 8 18 24 1 8 10 86
C 2 15 123 12 31 37 3 14 12 409
C 2 15 124 9 20 26 3 8 21 106
C 2 15 125 13 31 39 3 18 11 705
C 2 15 126 12 29 37 3 16 20 522
C 2 15 127 12 33 41 3 16 21 965
C 2 15 128 13 30 39 3 17 21 516
C 2 15 129 14 38 49 3 23 21 2458
C 2 15 130 14 31 42 3 17 21 569
C 2 15 131 14 31 41 3 17 20 547
C 2 15 132 14 37 46 3 21 22 2180
C 2 15 133 12 28 35 3 16 22 507
C 2 15 134 5 7 8 3 3 20 28
C 2 15 135 5 7 5 1 2 21 22
C 2 15 136 5 5 5 1 3 10 27
C 2 15 137 4 5 4 1 1 21 14
C 2 15 138 6 8 10 1 4 10 38
C 2 15 139 4 5 3 2 3 20 14
C 2 15 140 11 24 27 3 10 11 163
C 2 15 141 11 23 25 3 10 11 155
C 2 15 142 11 22 27 3 8 21 145
C 2 15 143 12 30 38 3 15 20 473
C 2 15 144 14 36 45 3 17 21 1000
C 2 15 145 5 6 6 3 3 20 29
C 2 15 146 6 9 9 3 5 11 36
C 2 15 147 7 9 7 3 6 11 69
C 2 15 148 14 37 48 3 20 12 1494
C 2 15 149 6 8 6 1 4 8 38
C 2 15 150 7 9 7 1 5 8 50
C 2 15 151 11 28 35 3 14 13 380
C 2 15 152 13 37 44 3 19 22 1651
C 2 15 153 12 32 41 3 18 20 783
C 2 15 154 5 4 4 1 3 9 23
C 2 15 155 6 7 5 1 3 9 37
C 2 15 156 12 32 38 3 15 19 488
C 2 15 157 11 22 28 3 9 12 156
C 2 15 158 11 22 26 3 9 12 168
C 2 15 159 12 30 36 3 17 20 526
C 2 15 160 13 33 42 3 18 20 1459
C 2 15 161 13 35 43 3 17 20 984
C 2 15 162 4 6 5 1 2 19 15
C 2 15 163 12 32 40 3 16 20 835
C 2 15 164 14 38 48 3 19 20 1494
C 2 15 165 12 30 38 3 18 19 602
C 2 15 166 5 5 6 3 3 20 21
C 2 15 167 14 32 41 3 18 20 676
C 2 15 168 10 22 26 3 9 21 140
C 2 15 169 14 31 41 4 17 0 550
C 2 15 170 14 37 45 3 21 19 1686
C 2 15 171 14 37 48 3 20 21 1679
C 2 15 172 9 24 32 3 11 20 178
C 2 15 173 5 5 4 1 3 20 19
C 2 15 174 5 6 4 1 3 19 19
C 2 15 175 6 7 6 1 3 20 26
C 2 15 176 11 27 35 3 15 20 315
C 2 15 177 11 28 35 3 15 22 315
C 2 15 178 12 32 39 3 15 19 492
C 2 15 179 11 26 34 3 15 20 303
C 2 15 180 13 32 39 3 16 12 530
C 2 15 181 13 32 41 3 19 11 1485
C 2 15 182 14 32 39 3 18 13 729
C 2 15 183 14 30 37 3 18 12 721
C 2 15 184 12 31 37 3 16 14 488
C 2 15 185 14 31 39 3 18 12 724
C 2 15 186 14 38 46 3 20 12 1683
C 2 15 187 6 7 7 3 4 11 41
C 2 15 188 14 37 44 3 20 13 1682
C 2 15 189 14 39 46 3 20 12 1690
C 2 15 190 14 31 39 3 18 12 718
C 2 15 191 13 36 42 3 18 11 1008
C 2 15 192 12 30 36 3 16 13 484
M 2 15 14 31 41 4 17
M 2 15 5 4 3 2 1
M 2 15 7 9 6 2 4
M 2 15 4 3 2 2 1
M 2 15 6 8 6 1 4
M 2 15 6 10 11 3 5
M 2 15 6 9 8 2 7
M 2 15 6 7 5 1 3
M 2 15 11 24 26 3 10
M 2 15 4 4 4 0 2
M 2 15 6 7 7 3 5
M 2 15 7 8 7 3 6
M 2 15 8 18 24 1 8
M 2 15 6 8 10 1 4
M 2 15 13 36 42 3 18
M 2 15 5 5 4 1 4
M 2 15 5 9 7 1 4
M 2 15 14 32 43 3 18
M 2 15 13 31 39 3 18
M 2 15 13 32 41 3 19
M 2 15 11 26 34 3 16
M 2 15 13 32 39 3 16
M 2 15 10 23 25 3 8
M 2 15 12 31 37 3 14
M 2 15 12 31 39 3 16
M 2 15 14 36 44 4 20
M 2 15 12 31 38 3 16
M 2 15 14 34 44 3 18
M 2 15 12 30 36 3 16
M 2 15 5 6 4 1 3
M 2 15 12 32 38 3 15
M 2 15 4 6 5 1 2
M 2 15 14 39 49 3 23
M 2 15 13 33 42 3 18
M 2 15 5 5 6 3 3
M 2 15 5 5 4 1 3
M 2 15 11 26 34 3 15
M 2 15 6 8 11 3 4
M 2 15 12 32 40 3 16
M 2 15 14 32 41 3 18
M 2 15 12 30 40 3 18
M 2 15 11 27 35 3 15
M 2 15 5 7 8 3 3
M 2 15 5 7 5 2 4
M 2 15 3 3 2 1 1
M 2 15 13 35 41 3 17
M 2 15 14 36 45 3 17
M 2 15 11 22 27 3 8
M 2 15 6 11 9 3 4
M 2 15 9 23 26 3 8
M 2 15 4 5 4 1 1
M 2 15 5 6 6 3 2
M 2 15 13 30 37 3 17
M 2 15 11 23 28 3 8
M 2 15 9 23 30 3 11
M 2 15 5 7 6 1 3
M 2 15 14 37 46 3 21
M 2 15 9 23 29 3 11
M 2 15 13 32 39 3 17
M 2 15 13 36 44 3 17
M 2 15 6 10 8 3 4
M 2 15 13 31 40 3 17
M 2 15 8 9 7 1 3
M 2 15 7 10 7 1 4
M 2 15 12 29 35 3 16
M 2 15 8 10 7 2 4
M 2 15 6 7 6 2 3
M 2 15 5 4 4 2 2
M 2 15 5 4 4 1 3
M 2 15 5 5 5 1 3
M 2 15 13 36 44 3 20
M 2 15 11 23 26 3 10
M 2 15 7 8 6 3 6
M 2 15 6 7 7 3 4
M 2 15 14 36 44 3 18
M 2 15 6 7 8 3 4
M 2 15 7 9 7 3 6
M 2 15 11 23 25 3 10
M 2 15 8 17 21 1 7
M 2 15 14 31 39 3 18
M 2 15 12 30 38 3 16
M 2 15 0 0 0 0 0
M 2 15 11 22 26 3 9
M 2 15 11 27 34 3 14
M 2 15 14 32 39 3 18
M 2 15 12 32 38 3 17
M 2 15 12 31 37 3 16
M 2 15 4 4 4 1 2
M 2 15 12 30 38 3 18
M 2 15 14 37 45 3 21
M 2 15 12 29 37 3 16
M 2 15 11 30 35 3 13
M 2 15 12 32 41 3 18
M 2 15 12 30 38 3 15
M 2 15 5 6 5 2 5
M 2 15 4 5 3 2 3
M 2 15 10 22 26 3 9
M 2 15 5 7 5 1 2
M 2 15 13 34 41 3 17
M 2 15 14 31 42 3 17
M 2 15 5 6 6 3 3
M 2 15 13 30 39 3 17
M 2 15 5 9 7 3 4
M 2 15 10 22 28 3 8
M 2 15 4 4 3 1 1
M 2 15 6 8 6 2 5
M 2 15 11 28 35 3 15
M 2 15 5 8 8 1 3
M 2 15 6 9 6 1 4
M 2 15 7 10 6 1 5
M 2 15 6 6 8 3 4
M 2 15 11 28 35 3 14
M 2 15 13 37 43 3 18
M 2 15 6 8 8 2 3
M 2 15 6 9 7 1 4
M 2 15 14 30 38 3 18
M 2 15 5 7 6 1 4
M 2 15 6 9 9 3 5
M 2 15 5 5 3 1 2
M 2 15 14 30 37 3 18
M 2 15 2 3 0 0 0
M 2 15 12 29 36 3 17
M 2 15 14 37 44 3 20
M 2 15 12 32 39 3 15
M 2 15 5 6 6 1 2
M 2 15 12 32 39 3 17
M 2 15 12 29 34 3 13
M 2 15 12 30 36 3 17
M 2 15 12 30 39 3 16
M 2 15 12 29 35 3 17
M 2 15 14 37 48 3 20
M 2 15 6 8 6 3 5
M 2 15 12 28 35 3 16
M 2 15 13 37 44 3 19
M 2 15 10 22 26 3 8
M 2 15 14 38 46 3 20
M 2 15 7 8 6 4 5
M 2 15 7 9 7 1 5
M 2 15 11 24 27 3 10
M 2 15 11 22 28 3 9
M 2 15 5 6 6 1 3
M 2 15 12 31 35 3 17
M 2 15 6 7 6 1 3
M 2 15 13 34 42 3 20
M 2 15 4 5 3 2 4
M 2 15 12 33 41 3 16
M 2 15 14 31 41 3 17
M 2 15 10 23 26 3 8
M 2 15 14 38 46 3 21
M 2 15 3 3 0 1 0
M 2 15 14 39 46 3 20
M 2 15 9 24 32 3 11
P 2 15 0 1
P 2 15 1 1
P 2 15 2 1
P 2 15 3 1
P 2 15 4 1
P 2 15 5 1
P 2 15 6 1
P 2 15 7 0
P 2 15 8 1
P 2 15 9 0
P 2 15 10 0
P 2 15 11 1
P 2 15 12 1
P 2 15 13 1
P 2 15 14 0
P 2 15 15 0
P 2 15 16 0
P 2 15 17 1
P 2 15 18 0
P 2 15 19 0
P 2 15 20 1
P 2 15 21 1
P 2 15 22 0
P 2 15 23 0
P 2 15 24 0
P 2 15 25 0
P 2 15 26 1
P 2 15 27 0
P 2 15 28 0
P 2 15 29 0
P 2 15 30 0
P 2 15 31 0
P 2 15 32 0
P 2 15 33 0
P 2 15 34 0
P 2 15 35 0
P 2 15 36 0
P 2 15 37 0
P 2 15 38 0
P 2 15 39 0
P 2 15 40 0
P 2 15 41 0
P 2 15 42 0
P 2 15 43 0
P 2 15 44 0
P 2 15 45 0
P 2 15 46 0
P 2 15 47 0
P 2 15 48 0
P 2 15 49 0
P 2 15 50 0
P 2 15 51 0
P 2 15 52 0
P 2 15 53 0
P 2 15 54 0
P 2 15 55 0
P 2 15 56 0
P 2 15 57 1
P 2 15 58 0
P 2 15 59 0
P 2 15 60 0
P 2 15 61 0
P 2 15 62 0
P 2 15 63 0
P 2 15 64 0
P 2 15 65 0
P 2 15 66 0
P 2 15 67 0
P 2 15 68 0
P 2 15 69 0
P 2 15 70 0
P 2 15 71 0
P 2 15 72 0
P 2 15 73 1
P 2 15 74 0
P 2 15 75 0
P 2 15 76 0
P 2 15 77 0
P 2 15 78 0
P 2 15 79 0
P 2 15 80 0
P 2 15 81 0
P 2 15 82 0
P 2 15 83 0
P 2 15 84 0
P 2 15 85 0
P 2 15 86 0
P 2 15 87 0
P 2 15 88 1
P 2 15 89 0
P 2 15 90 0
P 2 15 91 0
P 2 15 92 0
P 2 15 93 0
P 2 15 94 0
P 2 15 95 0
P 2 15 96 0
P 2 15 97 0
P 2 15 98 0
P 2 15 99 0
P 2 15 100 0
P 2 15 101 1
P 2 15 102 0
P 2 15 103 0
P 2 15 104 1
P 2 15 105 0
P 2 15 106 0
P 2 15 107 1
P 2 15 108 0
P 2 15 109 1
P 2 15 110 0
P 2 15 111 0
P 2 15 112 0
P 2 15 113 1
P 2 15 114 1
P 2 15 115 0
P 2 15 116 0
P 2 15 117 0
P 2 15 118 0
P 2 15 119 0
P 2 15 120 0
P 2 15 121 0
P 2 15 122 0
P 2 15 123 0
P 2 15 124 0
P 2 15 125 0
P 2 15 126 0
P 2 15 127 0
P 2 15 128 0
P 2 15 129 1
P 2 15 130 0
P 2 15 131 0
P 2 15 132 0
P 2 15 133 0
P 2 15 134 0
P 2 15 135 1
P 2 15 136 0
P 2 15 137 0
P 2 15 138 0
P 2 15 139 0
P 2 15 140 0
P 2 15 141 0
P 2 15 142 0
P 2 15 143 0
P 2 15 144 0
P 2 15 145 0
P 2 15 146 0
P 2 15 147 0
P 2 15 148 0
P 2 15 149 0
P 2 15 150 0
P 2 15 151 0
P 2 15 152 0
P 2 15 153 0
P 2 15 154 0
P 2 15 155 0
P 2 15 156 0
P 2 15 157 0
P 2 15 158 0
P 2 15 159 1
P 2 15 160 0
P 2 15 161 0
P 2 15 162 1
P 2 15 163 0
P 2 15 164 1
P 2 15 165 0
P 2 15 166 0
P 2 15 167 0
P 2 15 168 0
P 2 15 169 0
P 2 15 170 1
P 2 15 171 0
P 2 15 172 0
P 2 15 173 0
P 2 15 174 0
P 2 15 175 0
P 2 15 176 0
P 2 15 177 0
P 2 15 178 1
P 2 15 179 0
P 2 15 180 0
P 2 15 181 0
P 2 15 182 0
P 2 15 183 0
P 2 15 184 1
P 2 15 185 0
P 2 15 186 0
P 2 15 187 0
P 2 15 188 0
P 2 15 189 0
P 2 15 190 0
P 2 15 191 0
P 2 15 192 0
C 2 16 0 7 10 6 1 5 24 38
C 2 16 1 7 10 7 1 4 24 38
C 2 16 2 10 23 26 3 8 23 133
C 2 16 3 12 29 35 3 16 24 523
C 2 16 4 13 37 43 3 18 23 1470
C 2 16 5 4 4 3 1 1 23 11
C 2 16 6 5 7 6 1 3 22 23
C 2 16 7 5 9 7 3 4 23 28
C 2 16 8 5 8 8 1 3 23 30
C 2 16 9 6 8 6 3 5 22 33
C 2 16 10 8 9 7 1 3 22 53
C 2 16 11 10 22 28 3 8 23 137
C 2 16 12 9 23 30 3 11 23 180
C 2 16 13 14 38 48 3 19 22 1504
C 2 16 14 3 3 2 1 1 21 7
C 2 16 15 5 7 5 1 2 22 22
C 2 16 16 12 29 35 3 17 22 522
C 2 16 17 13 30 37 3 17 21 690
C 2 16 18 14 38 48 3 19 21 1499
C 2 16 19 14 38 49 3 23 22 2458
C 2 16 20 12 29 34 3 13 20 376
C 2 16 21 11 30 35 3 13 21 380
C 2 16 22 11 30 35 3 13 21 380
C 2 16 23 12 30 36 3 17 20 526
C 2 16 24 14 38 48 3 19 20 1494
C 2 16 25 14 39 49 3 23 20 2201
C 2 16 26 4 6 5 1 2 20 15
C 2 16 27 12 32 39 3 15 20 492
C 2 16 28 14 37 45 3 21 19 1686
C 2 16 29 12 31 37 3 16 14 488
C 2 16 30 0 0 0 0 0 13 0
C 2 16 31 2 3 0 0 0 13 3
C 2 16 32 8 10 7 2 4 0 39
C 2 16 33 5 4 3 2 1 1 12
C 2 16 34 6 7 6 2 3 2 24
C 2 16 35 6 8 8 2 3 1 31
C 2 16 36 7 8 6 4 5 2 34
C 2 16 37 4 3 2 2 1 3 8
C 2 16 38 14 30 37 4 17 3 691
C 2 16 39 12 30 35 4 13 3 381
C 2 16 40 0 0 0 0 0 11 0
C 2 16 41 3 3 0 1 0 11 4
C 2 16 42 6 6 8 3 4 11 33
C 2 16 43 5 5 4 1 4 12 22
C 2 16 44 8 19 23 1 8 12 93
C 2 16 45 6 6 8 3 4 10 33
C 2 16 46 10 23 25 3 8 13 111
C 2 16 47 11 24 26 3 10 10 186
C 2 16 48 6 10 8 3 4 23 35
C 2 16 49 5 5 6 1 4 12 21
C 2 16 50 12 31 37 3 16 11 846
C 2 16 51 6 8 6 2 5 23 34
C 2 16 52 4 4 4 0 2 11 13
C 2 16 53 6 10 12 3 5 10 59
C 2 16 54 14 37 48 3 20 13 1494
C 2 16 55 5 9 7 1 4 12 29
C 2 16 56 5 6 6 1 3 11 21
C 2 16 57 13 35 43 3 17 23 993
C 2 16 58 11 28 34 3 15 15 372
C 2 16 59 11 28 35 3 14 14 372
C 2 16 60 11 28 35 3 14 14 372
C 2 16 61 13 35 41 3 17 21 978
C 2 16 62 13 32 39 3 17 22 705
C 2 16 63 6 11 9 3 4 22 44
C 2 16 64 6 9 6 1 4 22 34
C 2 16 65 5 5 3 1 2 12 21
C 2 16 66 8 17 21 1 7 11 85
C 2 16 67 11 22 26 3 9 12 156
C 2 16 68 6 7 7 3 5 10 41
C 2 16 69 5 6 6 1 3 12 21
C 2 16 70 11 23 26 3 10 11 167
C 2 16 71 5 7 6 1 4 11 26
C 2 16 72 14 36 48 3 20 13 1473
C 2 16 73 5 7 6 1 4 12 26
C 2 16 74 5 4 6 1 3 11 23
C 2 16 75 14 32 39 3 18 14 729
C 2 16 76 12 33 39 3 16 12 827
C 2 16 77 14 36 49 3 20 23 1499
C 2 16 78 11 28 34 3 15 15 372
C 2 16 79 5 6 6 3 2 22 20
C 2 16 80 5 7 7 1 4 7 27
C 2 16 81 11 26 34 3 16 12 400
C 2 16 82 12 31 39 3 16 13 669
C 2 16 83 14 38 46 3 21 10 1792
C 2 16 84 12 32 38 3 15 19 488
C 2 16 85 12 32 39 3 17 16 606
C 2 16 86 12 28 35 3 16 23 507
C 2 16 87 8 18 24 1 8 10 86
C 2 16 88 11 22 28 3 9 13 156
C 2 16 89 11 22 26 3 9 12 168
C 2 16 90 11 22 28 3 9 11 148
C 2 16 91 13 30 38 3 17 12 558
C 2 16 92 13 30 37 3 17 11 553
C 2 16 93 11 27 34 3 14 13 368
C 2 16 94 14 37 44 3 20 14 1682
C 2 16 95 9 20 26 3 8 22 106
C 2 16 96 9 23 29 3 11 23 172
C 2 16 97 13 37 44 3 18 11 1023
C 2 16 98 10 22 26 3 8 22 137
C 2 16 99 11 28 35 3 14 14 380
C 2 16 100 12 29 36 3 17 13 831
C 2 16 101 10 22 26 3 9 21 140
C 2 16 102 14 32 40 3 19 11 831
C 2 16 103 5 7 5 2 4 22 21
C 2 16 104 6 10 11 3 5 9 60
C 2 16 105 7 9 7 3 6 10 45
C 2 16 106 11 23 28 3 8 22 135
C 2 16 107 5 7 8 3 3 21 28
C 2 16 108 8 11 10 1 6 8 54
C 2 16 109 14 36 44 3 18 12 1023
C 2 16 110 11 23 25 3 10 11 163
C 2 16 111 14 32 43 3 18 12 578
C 2 16 112 12 30 38 3 16 12 665
C 2 16 113 11 28 35 3 14 14 380
C 2 16 114 10 22 26 3 8 21 133
C 2 16 115 5 6 6 1 4 9 23
C 2 16 116 14 32 41 3 18 20 676
C 2 16 117 12 30 36 3 16 13 484
C 2 16 118 6 7 7 3 4 11 41
C 2 16 119 5 6 6 3 3 22 20
C 2 16 120 6 9 9 3 5 10 53
C 2 16 121 7 8 6 3 6 10 41
C 2 16 122 12 32 38 3 17 14 530
C 2 16 123 12 31 38 3 16 13 511
C 2 16 124 12 31 35 3 17 13 502
C 2 16 125 12 30 40 3 18 20 783
C 2 16 126 9 23 26 3 8 21 133
C 2 16 127 4 5 4 1 1 22 14
C 2 16 128 14 30 37 3 18 13 721
C 2 16 129 13 34 41 3 17 22 985
C 2 16 130 11 27 34 3 14 13 368
C 2 16 131 10 22 28 3 8 22 144
C 2 16 132 5 7 8 1 4 8 30
C 2 16 133 14 37 47 3 20 21 1680
C 2 16 134 4 5 3 2 4 21 14
C 2 16 135 14 31 39 3 18 12 724
C 2 16 136 14 37 47 3 21 13 1994
C 2 16 137 14 34 44 3 18 14 1049
C 2 16 138 14 37 45 3 21 11 2137
C 2 16 139 12 32 39 3 17 15 511
C 2 16 140 12 30 38 3 18 19 602
C 2 16 141 11 23 27 3 9 10 149
C 2 16 142 8 12 10 3 6 10 68
C 2 16 143 13 33 42 3 18 12 979
C 2 16 144 12 31 39 3 16 14 492
C 2 16 145 13 35 42 3 18 10 992
C 2 16 146 12 31 37 3 14 12 409
C 2 16 147 13 31 39 3 18 12 705
C 2 16 148 13 29 37 3 18 13 697
C 2 16 149 14 34 43 3 19 11 1476
C 2 16 150 7 17 21 1 3 21 68
C 2 16 151 4 5 3 2 3 20 14
C 2 16 152 6 7 6 1 4 10 39
C 2 16 153 7 17 20 1 5 22 69
C 2 16 154 5 6 6 3 3 21 29
C 2 16 155 5 5 6 3 3 21 21
C 2 16 156 14 31 42 3 17 22 557
C 2 16 157 13 29 37 3 17 12 538
C 2 16 158 14 35 45 3 20 12 1131
C 2 16 159 14 31 42 3 17 22 569
C 2 16 160 14 36 48 3 21 22 1499
C 2 16 161 14 36 48 3 21 20 1494
C 2 16 162 12 31 36 3 18 21 545
C 2 16 163 12 31 38 3 16 14 488
C 2 16 164 11 28 35 3 15 23 315
C 2 16 165 11 24 28 3 8 22 138
C 2 16 166 5 9 7 3 4 22 28
C 2 16 167 14 38 46 3 21 21 1690
C 2 16 168 11 25 33 3 16 12 396
C 2 16 169 14 36 44 3 21 20 1682
C 2 16 170 10 24 27 3 8 22 134
C 2 16 171 13 32 39 3 16 13 534
C 2 16 172 5 5 10 2 2 20 25
C 2 16 173 14 37 47 3 20 19 2001
C 2 16 174 4 6 4 1 2 18 15
M 2 16 5 4 3 2 1
M 2 16 6 7 6 2 3
M 2 16 4 3 2 2 1
M 2 16 12 30 35 4 13
M 2 16 8 11 10 1 6
M 2 16 6 10 11 3 5
M 2 16 11 24 26 3 10
M 2 16 6 7 7 3 5
M 2 16 7 9 7 3 6
M 2 16 7 8 6 3 6
M 2 16 8 12 10 3 6
M 2 16 6 7 6 1 4
M 2 16 4 4 4 0 2
M 2 16 11 23 26 3 10
M 2 16 13 37 44 3 18
M 2 16 11 23 25 3 10
M 2 16 14 34 43 3 19
M 2 16 8 19 23 1 8
M 2 16 5 9 7 1 4
M 2 16 12 33 39 3 16
M 2 16 13 30 38 3 17
M 2 16 11 25 33 3 16
M 2 16 14 36 44 3 18
M 2 16 14 32 43 3 18
M 2 16 12 30 38 3 16
M 2 16 14 31 39 3 18
M 2 16 13 32 39 3 16
M 2 16 14 37 48 3 20
M 2 16 13 29 37 3 18
M 2 16 12 29 36 3 17
M 2 16 12 31 35 3 17
M 2 16 14 34 44 3 18
M 2 16 14 37 44 3 20
M 2 16 4 6 4 1 2
M 2 16 12 32 38 3 15
M 2 16 12 30 36 3 17
M 2 16 4 6 5 1 2
M 2 16 5 5 10 2 2
M 2 16 4 5 3 2 3
M 2 16 14 32 41 3 18
M 2 16 9 23 26 3 8
M 2 16 4 5 3 2 4
M 2 16 5 5 6 3 3
M 2 16 12 31 36 3 18
M 2 16 5 7 6 1 3
M 2 16 8 9 7 1 3
M 2 16 12 29 35 3 17
M 2 16 4 5 4 1 1
M 2 16 10 24 27 3 8
M 2 16 13 32 39 3 17
M 2 16 6 9 6 1 4
M 2 16 9 20 26 3 8
M 2 16 5 7 5 2 4
M 2 16 10 23 26 3 8
M 2 16 4 4 3 1 1
M 2 16 9 23 30 3 11
M 2 16 6 8 6 2 5
M 2 16 11 28 35 3 15
M 2 16 12 28 35 3 16
M 2 16 7 10 6 1 5
M 2 16 12 29 35 3 16
M 2 16 6 8 8 2 3
M 2 16 14 30 37 4 17
M 2 16 5 7 8 1 4
M 2 16 5 6 6 1 4
M 2 16 6 10 12 3 5
M 2 16 8 18 24 1 8
M 2 16 3 3 0 1 0
M 2 16 8 17 21 1 7
M 2 16 14 32 40 3 19
M 2 16 13 31 39 3 18
M 2 16 5 5 6 1 4
M 2 16 5 6 6 1 3
M 2 16 13 29 37 3 17
M 2 16 11 22 26 3 9
M 2 16 11 26 34 3 16
M 2 16 0 0 0 0 0
M 2 16 11 27 34 3 14
M 2 16 11 22 28 3 9
M 2 16 14 37 47 3 21
M 2 16 12 31 37 3 16
M 2 16 14 30 37 3 18
M 2 16 11 28 34 3 15
M 2 16 12 32 38 3 17
M 2 16 12 30 38 3 18
M 2 16 14 39 49 3 23
M 2 16 12 32 39 3 15
M 2 16 10 22 26 3 9
M 2 16 13 30 37 3 17
M 2 16 7 17 21 1 3
M 2 16 14 37 47 3 20
M 2 16 5 7 8 3 3
M 2 16 5 6 6 3 3
M 2 16 14 38 49 3 23
M 2 16 10 22 26 3 8
M 2 16 5 6 6 3 2
M 2 16 14 31 42 3 17
M 2 16 14 36 48 3 21
M 2 16 13 37 43 3 18
M 2 16 5 9 7 3 4
M 2 16 10 22 28 3 8
M 2 16 6 10 8 3 4
M 2 16 9 23 29 3 11
M 2 16 8 10 7 2 4
M 2 16 5 7 7 1 4
M 2 16 13 35 42 3 18
M 2 16 6 7 7 3 4
M 2 16 6 6 8 3 4
M 2 16 5 5 3 1 2
M 2 16 5 7 6 1 4
M 2 16 14 35 45 3 20
M 2 16 10 23 25 3 8
M 2 16 14 36 48 3 20
M 2 16 11 28 35 3 14
M 2 16 12 31 39 3 16
M 2 16 14 37 45 3 21
M 2 16 14 36 44 3 21
M 2 16 3 3 2 1 1
M 2 16 12 30 40 3 18
M 2 16 6 8 6 3 5
M 2 16 13 35 41 3 17
M 2 16 7 17 20 1 5
M 2 16 14 36 49 3 20
M 2 16 5 8 8 1 3
M 2 16 7 10 7 1 4
M 2 16 7 8 6 4 5
M 2 16 6 9 9 3 5
M 2 16 13 33 42 3 18
M 2 16 5 5 4 1 4
M 2 16 2 3 0 0 0
M 2 16 14 32 39 3 18
M 2 16 12 29 34 3 13
M 2 16 14 38 46 3 21
M 2 16 6 11 9 3 4
M 2 16 13 34 41 3 17
M 2 16 13 35 43 3 17
M 2 16 11 23 27 3 9
M 2 16 5 4 6 1 3
M 2 16 12 31 38 3 16
P 2 16 0 1
P 2 16 1 1
P 2 16 2 0
P 2 16 3 1
P 2 16 4 1
P 2 16 5 1
P 2 16 6 0
P 2 16 7 1
P 2 16 8 0
P 2 16 9 0
P 2 16 10 0
P 2 16 11 0
P 2 16 12 0
P 2 16 13 1
P 2 16 14 1
P 2 16 15 0
P 2 16 16 0
P 2 16 17 0
P 2 16 18 1
P 2 16 19 1
P 2 16 20 1
P 2 16 21 0
P 2 16 22 0
P 2 16 23 0
P 2 16 24 1
P 2 16 25 1
P 2 16 26 1
P 2 16 27 1
P 2 16 28 0
P 2 16 29 0
P 2 16 30 0
P 2 16 31 0
P 2 16 32 0
P 2 16 33 0
P 2 16 34 0
P 2 16 35 0
P 2 16 36 0
P 2 16 37 0
P 2 16 38 0
P 2 16 39 0
P 2 16 40 0
P 2 16 41 1
P 2 16 42 0
P 2 16 43 0
P 2 16 44 0
P 2 16 45 0
P 2 16 46 0
P 2 16 47 0
P 2 16 48 0
P 2 16 49 0
P 2 16 50 0
P 2 16 51 0
P 2 16 52 0
P 2 16 53 0
P 2 16 54 0
P 2 16 55 0
P 2 16 56 0
P 2 16 57 0
P 2 16 58 1
P 2 16 59 1
P 2 16 60 1
P 2 16 61 0
P 2 16 62 0
P 2 16 63 0
P 2 16 64 0
P 2 16 65 0
P 2 16 66 0
P 2 16 67 0
P 2 16 68 0
P 2 16 69 0
P 2 16 70 0
P 2 16 71 0
P 2 16 72 0
P 2 16 73 0
P 2 16 74 0
P 2 16 75 0
P 2 16 76 0
P 2 16 77 1
P 2 16 78 1
P 2 16 79 1
P 2 16 80 0
P 2 16 81 0
P 2 16 82 0
P 2 16 83 0
P 2 16 84 0
P 2 16 85 0
P 2 16 86 1
P 2 16 87 0
P 2 16 88 0
P 2 16 89 0
P 2 16 90 0
P 2 16 91 0
P 2 16 92 0
P 2 16 93 0
P 2 16 94 0
P 2 16 95 0
P 2 16 96 0
P 2 16 97 0
P 2 16 98 0
P 2 16 99 0
P 2 16 100 0
P 2 16 101 0
P 2 16 102 0
P 2 16 103 1
P 2 16 104 0
P 2 16 105 0
P 2 16 106 0
P 2 16 107 0
P 2 16 108 0
P 2 16 109 0
P 2 16 110 0
P 2 16 111 0
P 2 16 112 0
P 2 16 113 0
P 2 16 114 0
P 2 16 115 0
P 2 16 116 0
P 2 16 117 0
P 2 16 118 0
P 2 16 119 1
P 2 16 120 0
P 2 16 121 0
P 2 16 122 0
P 2 16 123 0
P 2 16 124 0
P 2 16 125 0
P 2 16 126 1
P 2 16 127 1
P 2 16 128 0
P 2 16 129 0
P 2 16 130 0
P 2 16 131 0
P 2 16 132 0
P 2 16 133 0
P 2 16 134 1
P 2 16 135 0
P 2 16 136 0
P 2 16 137 0
P 2 16 138 0
P 2 16 139 0
P 2 16 140 0
P 2 16 141 0
P 2 16 142 0
P 2 16 143 0
P 2 16 144 0
P 2 16 145 0
P 2 16 146 0
P 2 16 147 0
P 2 16 148 0
P 2 16 149 0
P 2 16 150 1
P 2 16 151 0
P 2 16 152 0
P 2 16 153 0
P 2 16 154 0
P 2 16 155 0
P 2 16 156 0
P 2 16 157 0
P 2 16 158 0
P 2 16 159 0
P 2 16 160 1
P 2 16 161 0
P 2 16 162 0
P 2 16 163 0
P 2 16 164 0
P 2 16 165 0
P 2 16 166 0
P 2 16 167 1
P 2 16 168 0
P 2 16 169 0
P 2 16 170 0
P 2 16 171 0
P 2 16 172 1
P 2 16 173 0
P 2 16 174 0
C 2 17 0 7 10 6 1 5 24 38
C 2 17 1 7 10 7 1 4 25 38
C 2 17 2 12 29 35 3 16 25 523
C 2 17 3 4 4 3 1 1 24 11
C 2 17 4 5 9 7 3 4 23 28
C 2 17 5 12 28 35 3 16 24 507
C 2 17 6 13 37 43 3 18 23 1470
C 2 17 7 14 36 49 3 20 24 1499
C 2 17 8 4 5 4 1 1 23 14
C 2 17 9 5 6 6 3 2 23 20
C 2 17 10 5 6 6 3 3 22 20
C 2 17 11 5 7 5 2 4 23 21
C 2 17 12 14 36 48 3 21 23 1499
C 2 17 13 14 38 48 3 19 22 1504
C 2 17 14 14 38 49 3 23 22 2458
C 2 17 15 3 3 2 1 1 21 7
C 2 17 16 4 5 3 2 4 21 14
C 2 17 17 7 17 21 1 3 21 68
C 2 17 18 9 23 26 3 8 22 133
C 2 17 19 14 38 48 3 19 21 1499
C 2 17 20 14 38 46 3 21 21 1690
C 2 17 21 4 6 5 1 2 21 15
C 2 17 22 5 5 10 2 2 21 25
C 2 17 23 12 29 34 3 13 20 376
C 2 17 24 12 32 39 3 15 21 492
C 2 17 25 14 38 48 3 19 20 1494
C 2 17 26 14 39 49 3 23 20 2201
C 2 17 27 11 28 34 3 15 16 372
C 2 17 28 11 28 34 3 15 15 372
C 2 17 29 11 28 35 3 14 14 372
C 2 17 30 11 28 35 3 14 15 372
C 2 17 31 3 3 0 1 0 11 4
C 2 17 32 8 10 7 2 4 0 39
C 2 17 33 5 4 3 2 1 1 12
C 2 17 34 5 5 4 2 1 2 15
C 2 17 35 4 3 2 2 1 4 8
C 2 17 36 2 3 0 0 0 14 3
C 2 17 37 0 0 0 0 0 11 0
C 2 17 38 6 6 8 3 4 12 33
C 2 17 39 6 6 8 3 4 11 33
C 2 17 40 11 24 26 3 10 10 186
C 2 17 41 10 23 26 3 8 23 133
C 2 17 42 8 19 23 1 8 12 93
C 2 17 43 6 10 8 3 4 23 35
C 2 17 44 5 4 6 1 3 12 23
C 2 17 45 13 36 43 3 19 10 1470
C 2 17 46 6 10 11 3 5 10 60
C 2 17 47 13 35 43 3 17 23 993
C 2 17 48 14 37 48 3 20 13 1494
C 2 17 49 5 7 6 1 3 22 23
C 2 17 50 6 8 6 2 5 23 34
C 2 17 51 5 9 7 1 4 12 29
C 2 17 52 6 9 9 3 5 10 53
C 2 17 53 10 22 28 3 8 24 137
C 2 17 54 14 32 43 3 18 13 578
C 2 17 55 6 11 9 3 4 22 44
C 2 17 56 14 38 46 3 21 10 1792
C 2 17 57 13 35 41 3 17 21 978
C 2 17 58 13 32 39 3 17 22 705
C 2 17 59 11 30 35 3 13 21 380
C 2 17 60 11 30 35 3 13 22 380
C 2 17 61 7 9 6 2 4 2 35
C 2 17 62 8 17 21 1 7 11 85
C 2 17 63 6 7 7 3 5 10 41
C 2 17 64 6 10 12 3 5 11 59
C 2 17 65 8 18 24 1 8 10 86
C 2 17 66 11 22 26 3 9 13 156
C 2 17 67 5 8 8 1 3 24 30
C 2 17 68 5 6 6 1 3 11 21
C 2 17 69 14 36 48 3 20 14 1473
C 2 17 70 5 7 6 1 4 13 26
C 2 17 71 7 9 7 3 6 11 45
C 2 17 72 13 30 38 3 17 13 558
C 2 17 73 6 9 6 1 4 23 34
C 2 17 74 14 36 44 3 18 12 1023
C 2 17 75 12 33 39 3 16 13 827
C 2 17 76 13 36 44 3 20 11 1651
C 2 17 77 5 7 7 1 4 7 27
C 2 17 78 6 9 10 3 5 7 36
C 2 17 79 0 0 0 0 0 14 0
C 2 17 80 6 7 6 2 3 3 24
C 2 17 81 9 23 30 3 11 24 180
C 2 17 82 5 5 3 1 2 13 21
C 2 17 83 9 20 26 3 8 23 106
C 2 17 84 13 30 39 3 17 9 519
C 2 17 85 11 23 28 3 8 23 135
C 2 17 86 11 23 27 3 9 11 149
C 2 17 87 13 35 42 3 18 12 1015
C 2 17 88 12 30 36 3 17 20 526
C 2 17 89 12 31 36 3 18 22 545
C 2 17 90 11 22 28 3 9 12 148
C 2 17 91 5 6 6 1 3 12 21
C 2 17 92 5 7 8 3 3 22 28
C 2 17 93 8 9 7 1 3 22 53
C 2 17 94 11 23 26 3 10 12 167
C 2 17 95 11 22 28 3 9 14 156
C 2 17 96 8 11 10 1 6 8 54
C 2 17 97 8 13 13 3 7 8 63
C 2 17 98 9 23 29 3 11 23 172
C 2 17 99 13 37 44 3 18 11 1023
C 2 17 100 8 12 10 3 6 11 68
C 2 17 101 13 33 42 3 18 13 979
C 2 17 102 6 8 6 3 5 22 33
C 2 17 103 4 4 4 0 2 11 13
C 2 17 104 11 22 27 3 8 22 131
C 2 17 105 10 22 26 3 8 21 133
C 2 17 106 14 37 45 3 21 11 2137
C 2 17 107 12 32 38 3 17 14 530
C 2 17 108 12 32 37 3 16 19 503
C 2 17 109 12 31 37 3 15 20 499
C 2 17 110 5 7 6 1 4 12 26
C 2 17 111 11 22 26 3 9 12 168
C 2 17 112 8 19 25 3 7 22 98
C 2 17 113 11 23 29 3 12 11 179
C 2 17 114 13 36 43 3 18 10 996
C 2 17 115 11 22 27 3 8 21 145
C 2 17 116 12 35 42 3 17 23 984
C 2 17 117 13 36 42 3 18 12 1008
C 2 17 118 10 22 26 3 8 22 137
C 2 17 119 9 21 26 3 8 22 121
C 2 17 120 12 32 38 3 15 19 488
C 2 17 121 10 22 26 3 9 21 140
C 2 17 122 14 38 46 3 19 24 1686
C 2 17 123 13 29 40 3 17 23 512
C 2 17 124 12 33 41 3 18 10 858
C 2 17 125 11 26 34 3 16 12 400
C 2 17 126 11 25 33 3 16 13 396
C 2 17 127 13 35 46 3 20 14 1465
C 2 17 128 10 21 28 3 9 8 136
C 2 17 129 5 7 5 1 2 22 22
C 2 17 130 6 7 7 3 4 12 41
C 2 17 131 11 23 25 3 10 11 163
C 2 17 132 13 34 41 3 17 22 985
C 2 17 133 7 17 21 1 5 23 76
C 2 17 134 12 30 38 3 15 22 473
C 2 17 135 6 8 7 1 3 9 44
C 2 17 136 6 10 11 3 5 9 55
C 2 17 137 13 30 37 3 17 21 690
C 2 17 138 11 28 35 3 14 15 380
C 2 17 139 11 28 35 3 14 14 380
C 2 17 140 11 27 34 3 14 13 368
C 2 17 141 11 27 34 3 14 14 368
C 2 17 142 14 37 44 3 20 13 1682
C 2 17 143 3 3 3 1 0 23 7
C 2 17 144 14 30 37 3 18 14 721
C 2 17 145 14 32 41 3 18 20 676
C 2 17 146 5 5 4 1 4 12 22
C 2 17 147 5 5 6 3 3 21 21
C 2 17 148 4 5 3 2 3 20 14
C 2 17 149 11 22 26 3 9 13 157
C 2 17 150 14 34 43 3 19 11 1476
C 2 17 151 13 36 44 3 17 23 992
C 2 17 152 14 35 45 3 20 12 1131
C 2 17 153 14 31 42 3 17 22 569
C 2 17 154 6 7 6 1 4 11 39
C 2 17 155 6 9 9 3 5 11 48
C 2 17 156 14 31 42 3 17 23 557
C 2 17 157 14 36 45 3 17 22 1000
C 2 17 158 8 19 25 3 7 21 99
C 2 17 159 13 30 39 3 18 11 696
C 2 17 160 11 22 27 3 9 20 148
C 2 17 161 12 30 40 3 18 20 783
C 2 17 162 13 32 39 3 16 13 530
C 2 17 163 10 22 28 3 8 23 144
C 2 17 164 14 37 48 3 20 22 1679
C 2 17 165 12 31 39 3 16 14 492
C 2 17 166 14 34 44 3 18 15 1049
C 2 17 167 12 31 38 3 15 20 480
C 2 17 168 10 27 32 3 12 19 280
C 2 17 169 12 31 38 3 16 18 484
C 2 17 170 12 30 38 3 18 19 602
C 2 17 171 14 37 45 3 21 19 1686
C 2 17 172 5 3 5 2 3 11 19
C 2 17 173 4 6 4 1 2 18 15
C 2 17 174 13 31 41 3 17 24 549
C 2 17 175 13 32 39 3 16 14 534
M 2 17 5 4 3 2 1
M 2 17 7 9 6 2 4
M 2 17 4 3 2 2 1
M 2 17 6 9 10 3 5
M 2 17 8 13 13 3 7
M 2 17 13 30 39 3 17
M 2 17 11 24 26 3 10
M 2 17 6 7 7 3 5
M 2 17 13 36 43 3 18
M 2 17 3 3 0 1 0
M 2 17 8 17 21 1 7
M 2 17 7 9 7 3 6
M 2 17 11 23 27 3 9
M 2 17 13 37 44 3 18
M 2 17 4 4 4 0 2
M 2 17 11 23 29 3 12
M 2 17 14 34 43 3 19
M 2 17 5 4 6 1 3
M 2 17 14 36 44 3 18
M 2 17 13 35 42 3 18
M 2 17 13 36 42 3 18
M 2 17 6 7 7 3 4
M 2 17 14 32 43 3 18
M 2 17 12 33 39 3 16
M 2 17 13 33 42 3 18
M 2 17 14 37 44 3 20
M 2 17 14 36 48 3 20
M 2 17 12 32 38 3 17
M 2 17 13 35 46 3 20
M 2 17 4 6 4 1 2
M 2 17 12 30 38 3 18
M 2 17 12 32 37 3 16
M 2 17 12 29 34 3 13
M 2 17 12 31 38 3 15
M 2 17 12 30 40 3 18
M 2 17 4 5 3 2 3
M 2 17 12 31 37 3 15
M 2 17 4 5 3 2 4
M 2 17 4 6 5 1 2
M 2 17 12 32 39 3 15
M 2 17 13 30 37 3 17
M 2 17 10 22 26 3 9
M 2 17 14 38 49 3 23
M 2 17 5 7 6 1 3
M 2 17 13 32 39 3 17
M 2 17 12 30 38 3 15
M 2 17 12 31 36 3 18
M 2 17 8 9 7 1 3
M 2 17 6 8 6 3 5
M 2 17 5 9 7 3 4
M 2 17 4 5 4 1 1
M 2 17 5 7 5 2 4
M 2 17 10 23 26 3 8
M 2 17 6 10 8 3 4
M 2 17 13 35 43 3 17
M 2 17 6 9 6 1 4
M 2 17 9 20 26 3 8
M 2 17 12 35 42 3 17
M 2 17 3 3 3 1 0
M 2 17 4 4 3 1 1
M 2 17 14 36 49 3 20
M 2 17 13 31 41 3 17
M 2 17 9 23 30 3 11
M 2 17 12 29 35 3 16
M 2 17 5 5 4 2 1
M 2 17 5 7 7 1 4
M 2 17 10 21 28 3 9
M 2 17 13 36 43 3 19
M 2 17 8 18 24 1 8
M 2 17 11 23 25 3 10
M 2 17 5 3 5 2 3
M 2 17 6 10 12 3 5
M 2 17 13 36 44 3 20
M 2 17 11 26 34 3 16
M 2 17 6 6 8 3 4
M 2 17 5 9 7 1 4
M 2 17 14 35 45 3 20
M 2 17 5 5 4 1 4
M 2 17 5 7 6 1 4
M 2 17 13 32 39 3 16
M 2 17 2 3 0 0 0
M 2 17 11 22 28 3 9
M 2 17 11 27 34 3 14
M 2 17 14 34 44 3 18
M 2 17 14 37 45 3 21
M 2 17 12 30 36 3 17
M 2 17 14 39 49 3 23
M 2 17 14 32 41 3 18
M 2 17 7 17 21 1 3
M 2 17 5 5 10 2 2
M 2 17 5 5 6 3 3
M 2 17 14 36 45 3 17
M 2 17 9 23 26 3 8
M 2 17 10 22 26 3 8
M 2 17 14 37 48 3 20
M 2 17 6 11 9 3 4
M 2 17 11 30 35 3 13
M 2 17 14 31 42 3 17
M 2 17 13 34 41 3 17
M 2 17 7 17 21 1 5
M 2 17 11 23 28 3 8
M 2 17 13 36 44 3 17
M 2 17 7 10 6 1 5
M 2 17 14 38 46 3 19
M 2 17 10 22 28 3 8
M 2 17 11 22 26 3 9
M 2 17 8 10 7 2 4
M 2 17 8 11 10 1 6
M 2 17 6 10 11 3 5
M 2 17 8 12 10 3 6
M 2 17 12 33 41 3 18
M 2 17 11 23 26 3 10
M 2 17 8 19 23 1 8
M 2 17 11 25 33 3 16
M 2 17 12 31 39 3 16
M 2 17 0 0 0 0 0
M 2 17 11 28 34 3 15
M 2 17 11 22 27 3 9
M 2 17 12 32 38 3 15
M 2 17 3 3 2 1 1
M 2 17 11 22 27 3 8
M 2 17 9 21 26 3 8
M 2 17 5 6 6 3 3
M 2 17 9 23 29 3 11
M 2 17 5 6 6 3 2
M 2 17 13 29 40 3 17
M 2 17 5 8 8 1 3
M 2 17 7 10 7 1 4
M 2 17 6 7 6 2 3
M 2 17 6 9 9 3 5
M 2 17 6 7 6 1 4
M 2 17 5 5 3 1 2
M 2 17 13 30 38 3 17
M 2 17 10 27 32 3 12
M 2 17 13 35 41 3 17
M 2 17 5 7 5 1 2
M 2 17 5 7 8 3 3
M 2 17 14 36 48 3 21
M 2 17 6 8 6 2 5
M 2 17 6 8 7 1 3
M 2 17 5 6 6 1 3
M 2 17 11 28 35 3 14
P 2 17 0 0
P 2 17 1 1
P 2 17 2 1
P 2 17 3 1
P 2 17 4 1
P 2 17 5 0
P 2 17 6 0
P 2 17 7 1
P 2 17 8 1
P 2 17 9 1
P 2 17 10 1
P 2 17 11 1
P 2 17 12 1
P 2 17 13 1
P 2 17 14 1
P 2 17 15 1
P 2 17 16 1
P 2 17 17 0
P 2 17 18 0
P 2 17 19 1
P 2 17 20 0
P 2 17 21 1
P 2 17 22 0
P 2 17 23 0
P 2 17 24 0
P 2 17 25 1
P 2 17 26 1
P 2 17 27 0
P 2 17 28 0
P 2 17 29 0
P 2 17 30 0
P 2 17 31 0
P 2 17 32 0
P 2 17 33 0
P 2 17 34 0
P 2 17 35 0
P 2 17 36 0
P 2 17 37 0
P 2 17 38 0
P 2 17 39 0
P 2 17 40 0
P 2 17 41 0
P 2 17 42 0
P 2 17 43 0
P 2 17 44 0
P 2 17 45 0
P 2 17 46 0
P 2 17 47 0
P 2 17 48 0
P 2 17 49 1
P 2 17 50 0
P 2 17 51 0
P 2 17 52 0
P 2 17 53 0
P 2 17 54 0
P 2 17 55 0
P 2 17 56 0
P 2 17 57 0
P 2 17 58 0
P 2 17 59 0
P 2 17 60 0
P 2 17 61 0
P 2 17 62 0
P 2 17 63 0
P 2 17 64 0
P 2 17 65 0
P 2 17 66 0
P 2 17 67 1
P 2 17 68 0
P 2 17 69 0
P 2 17 70 0
P 2 17 71 0
P 2 17 72 0
P 2 17 73 0
P 2 17 74 0
P 2 17 75 0
P 2 17 76 0
P 2 17 77 0
P 2 17 78 0
P 2 17 79 0
P 2 17 80 0
P 2 17 81 0
P 2 17 82 0
P 2 17 83 0
P 2 17 84 0
P 2 17 85 1
P 2 17 86 0
P 2 17 87 0
P 2 17 88 0
P 2 17 89 0
P 2 17 90 0
P 2 17 91 0
P 2 17 92 0
P 2 17 93 0
P 2 17 94 0
P 2 17 95 0
P 2 17 96 0
P 2 17 97 0
P 2 17 98 1
P 2 17 99 0
P 2 17 100 0
P 2 17 101 0
P 2 17 102 1
P 2 17 103 1
P 2 17 104 0
P 2 17 105 0
P 2 17 106 0
P 2 17 107 0
P 2 17 108 0
P 2 17 109 0
P 2 17 110 0
P 2 17 111 0
P 2 17 112 0
P 2 17 113 0
P 2 17 114 0
P 2 17 115 0
P 2 17 116 1
P 2 17 117 0
P 2 17 118 0
P 2 17 119 0
P 2 17 120 0
P 2 17 121 0
P 2 17 122 0
P 2 17 123 0
P 2 17 124 0
P 2 17 125 0
P 2 17 126 0
P 2 17 127 0
P 2 17 128 0
P 2 17 129 1
P 2 17 130 0
P 2 17 131 0
P 2 17 132 0
P 2 17 133 0
P 2 17 134 0
P 2 17 135 0
P 2 17 136 0
P 2 17 137 0
P 2 17 138 0
P 2 17 139 0
P 2 17 140 0
P 2 17 141 0
P 2 17 142 0
P 2 17 143 1
P 2 17 144 0
P 2 17 145 0
P 2 17 146 0
P 2 17 147 1
P 2 17 148 1
P 2 17 149 0
P 2 17 150 0
P 2 17 151 0
P 2 17 152 0
P 2 17 153 0
P 2 17 154 0
P 2 17 155 0
P 2 17 156 0
P 2 17 157 0
P 2 17 158 0
P 2 17 159 0
P 2 17 160 1
P 2 17 161 0
P 2 17 162 0
P 2 17 163 0
P 2 17 164 1
P 2 17 165 0
P 2 17 166 0
P 2 17 167 1
P 2 17 168 0
P 2 17 169 0
P 2 17 170 0
P 2 17 171 0
P 2 17 172 0
P 2 17 173 0
P 2 17 174 0
P 2 17 175 0
C 2 18 0 7 10 7 1 4 25 38
C 2 18 1 12 29 35 3 16 25 523
C 2 18 2 4 4 3 1 1 24 11
C 2 18 3 5 8 8 1 3 24 30
C 2 18 4 14 36 49 3 20 24 1499
C 2 18 5 3 3 3 1 0 23 7
C 2 18 6 4 5 4 1 1 23 14
C 2 18 7 5 6 6 3 2 23 20
C 2 18 8 5 7 5 2 4 23 21
C 2 18 9 5 9 7 3 4 23 28
C 2 18 10 11 23 28 3 8 23 135
C 2 18 11 9 23 29 3 11 23 172
C 2 18 12 12 35 42 3 17 23 984
C 2 18 13 14 36 48 3 21 24 1499
C 2 18 14 5 6 6 3 3 22 20
C 2 18 15 5 7 5 1 2 22 22
C 2 18 16 5 7 6 1 3 22 23
C 2 18 17 6 8 6 3 5 22 33
C 2 18 18 14 38 48 3 19 23 1504
C 2 18 19 14 37 48 3 20 22 1679
C 2 18 20 14 38 49 3 23 23 2458
C 2 18 21 3 3 2 1 1 21 7
C 2 18 22 4 5 3 2 4 21 14
C 2 18 23 4 6 5 1 2 21 15
C 2 18 24 5 5 6 3 3 21 21
C 2 18 25 14 38 48 3 19 22 1499
C 2 18 26 4 5 3 2 3 20 14
C 2 18 27 11 22 27 3 9 20 148
C 2 18 28 12 31 38 3 15 21 480
C 2 18 29 14 38 48 3 19 21 1494
C 2 18 30 14 39 49 3 23 20 2201
C 2 18 31 4 4 4 0 2 12 13
C 2 18 32 8 10 7 2 4 1 39
C 2 18 33 5 4 3 2 1 2 12
C 2 18 34 6 8 8 2 3 2 31
C 2 18 35 4 3 3 2 0 3 8
C 2 18 36 5 5 4 2 1 3 15
C 2 18 37 13 35 42 4 17 3 985
C 2 18 38 6 7 6 2 3 4 24
C 2 18 39 7 8 6 4 5 4 34
C 2 18 40 4 3 2 2 1 5 8
C 2 18 41 0 0 0 0 0 12 0
C 2 18 42 8 17 21 1 7 12 85
C 2 18 43 6 7 7 3 5 11 41
C 2 18 44 5 6 6 1 3 13 21
C 2 18 45 7 8 7 1 3 10 45
C 2 18 46 5 6 6 1 3 12 21
C 2 18 47 7 10 6 1 5 24 38
C 2 18 48 10 22 28 3 8 24 137
C 2 18 49 6 10 12 3 5 12 59
C 2 18 50 9 23 30 3 11 24 180
C 2 18 51 13 31 41 3 17 24 549
C 2 18 52 13 37 44 3 18 12 1023
C 2 18 53 6 10 11 3 5 11 60
C 2 18 54 6 10 8 3 4 23 35
C 2 18 55 5 4 6 1 3 13 23
C 2 18 56 2 3 0 0 0 15 3
C 2 18 57 10 23 26 3 8 23 133
C 2 18 58 11 23 26 3 10 13 167
C 2 18 59 14 36 48 3 20 14 1473
C 2 18 60 13 35 43 3 17 24 993
C 2 18 61 5 7 6 1 4 14 26
C 2 18 62 7 9 7 3 6 12 45
C 2 18 63 5 7 7 1 4 8 27
C 2 18 64 5 7 8 3 3 22 28
C 2 18 65 12 33 39 3 16 13 827
C 2 18 66 8 19 25 3 7 22 98
C 2 18 67 11 22 27 3 10 11 152
C 2 18 68 12 32 39 3 15 22 492
C 2 18 69 12 31 39 3 16 14 492
C 2 18 70 13 35 41 3 17 22 978
C 2 18 71 13 32 39 3 17 22 705
C 2 18 72 5 5 4 1 4 13 22
C 2 18 73 14 31 42 3 17 23 557
C 2 18 74 12 28 35 3 16 24 507
C 2 18 75 8 18 24 1 8 11 86
C 2 18 76 11 22 26 3 9 13 168
C 2 18 77 9 22 30 3 11 23 157
C 2 18 78 13 30 38 3 17 10 534
C 2 18 79 9 20 26 3 8 23 106
C 2 18 80 13 30 39 3 17 10 519
C 2 18 81 14 38 46 3 19 24 1686
C 2 18 82 12 31 37 3 16 12 846
C 2 18 83 13 30 37 3 17 13 553
C 2 18 84 11 22 28 3 9 15 156
C 2 18 85 13 30 38 3 17 14 558
C 2 18 86 11 23 27 3 9 12 149
C 2 18 87 13 37 43 3 18 23 1470
C 2 18 88 6 8 11 3 4 22 36
C 2 18 89 5 5 5 1 2 9 19
C 2 18 90 11 24 26 3 10 11 186
C 2 18 91 13 36 43 3 18 11 996
C 2 18 92 6 8 6 2 5 23 34
C 2 18 93 5 5 6 1 4 14 21
C 2 18 94 8 9 7 1 3 22 53
C 2 18 95 8 11 10 1 6 9 54
C 2 18 96 13 36 43 3 19 11 1470
C 2 18 97 14 32 43 3 18 14 578
C 2 18 98 11 23 29 3 12 12 179
C 2 18 99 6 8 10 1 4 11 38
C 2 18 100 7 8 6 3 6 11 41
C 2 18 101 6 7 7 3 4 13 41
C 2 18 102 11 22 26 3 9 11 145
C 2 18 103 13 36 42 3 18 13 1008
C 2 18 104 6 9 6 1 4 23 34
C 2 18 105 13 35 42 3 18 13 1015
C 2 18 106 8 12 10 3 6 12 68
C 2 18 107 6 6 8 3 4 12 33
C 2 18 108 5 5 3 1 2 14 21
C 2 18 109 13 34 41 3 17 23 985
C 2 18 110 5 7 6 1 4 13 26
C 2 18 111 5 7 8 1 4 9 30
C 2 18 112 12 30 38 3 15 22 473
C 2 18 113 10 22 28 3 8 23 144
C 2 18 114 13 30 37 3 17 21 690
C 2 18 115 5 7 5 1 3 22 26
C 2 18 116 14 35 49 3 20 23 1473
C 2 18 117 13 29 40 3 17 23 512
C 2 18 118 12 33 41 3 18 11 858
C 2 18 119 5 5 7 1 3 11 22
C 2 18 120 7 8 10 3 4 13 43
C 2 18 121 13 36 44 3 17 23 992
C 2 18 122 11 26 34 3 16 12 400
C 2 18 123 11 22 26 3 9 14 157
C 2 18 124 14 31 40 3 18 12 564
C 2 18 125 11 25 33 3 16 13 396
C 2 18 126 14 31 41 3 17 22 547
C 2 18 127 13 35 46 3 20 14 1465
C 2 18 128 10 22 26 3 8 21 133
C 2 18 129 13 31 42 3 18 22 1027
C 2 18 130 5 3 5 2 3 12 19
C 2 18 131 6 10 8 3 5 10 60
C 2 18 132 7 9 8 3 6 12 61
C 2 18 133 12 29 37 3 16 22 522
C 2 18 134 14 37 45 3 18 12 1054
C 2 18 135 13 35 44 3 18 12 992
C 2 18 136 6 9 7 1 4 11 42
C 2 18 137 7 10 7 1 4 13 53
C 2 18 138 11 23 26 3 10 13 159
C 2 18 139 6 7 6 1 4 22 27
C 2 18 140 11 23 29 3 9 13 268
C 2 18 141 4 4 4 1 2 12 15
C 2 18 142 6 11 9 1 4 22 49
C 2 18 143 6 6 7 3 4 12 27
C 2 18 144 14 36 44 3 18 13 1008
C 2 18 145 10 22 27 3 8 21 133
C 2 18 146 10 21 27 3 9 13 132
C 2 18 147 12 30 39 3 16 14 484
C 2 18 148 5 5 4 1 3 21 19
C 2 18 149 11 23 25 3 10 12 163
C 2 18 150 13 35 42 3 18 12 992
C 2 18 151 6 6 8 3 4 13 33
C 2 18 152 6 8 7 1 3 10 44
C 2 18 153 13 30 38 3 18 13 510
C 2 18 154 11 22 29 3 9 12 138
C 2 18 155 12 34 42 3 18 13 984
C 2 18 156 5 5 10 2 2 21 25
C 2 18 157 6 11 9 3 4 22 44
C 2 18 158 11 22 28 3 9 13 148
C 2 18 159 14 30 37 3 18 15 721
C 2 18 160 8 18 23 1 8 12 85
C 2 18 161 10 21 27 3 9 13 129
C 2 18 162 11 22 26 3 9 14 156
C 2 18 163 13 33 42 3 18 13 979
C 2 18 164 14 36 44 3 18 13 1023
C 2 18 165 14 37 48 3 20 13 1494
C 2 18 166 5 9 7 1 4 13 29
C 2 18 167 8 19 25 3 7 21 99
C 2 18 168 10 27 32 3 12 20 280
C 2 18 169 11 22 27 3 8 21 145
C 2 18 170 13 30 38 3 18 13 678
C 2 18 171 10 22 26 3 8 22 137
C 2 18 172 11 22 27 3 8 22 131
C 2 18 173 8 19 23 1 8 13 93
C 2 18 174 9 21 26 3 8 22 121
C 2 18 175 12 30 41 3 17 22 625
C 2 18 176 10 21 28 3 9 11 137
C 2 18 177 13 35 43 3 17 22 992
C 2 18 178 13 30 38 3 17 12 497
C 2 18 179 10 23 25 3 8 14 111
C 2 18 180 5 6 6 3 3 21 29
C 2 18 181 13 30 39 3 17 12 514
C 2 18 182 5 6 6 1 4 11 23
C 2 18 183 11 22 26 3 10 10 148
C 2 18 184 12 32 38 3 15 20 488
C 2 18 185 12 31 38 3 16 15 488
C 2 18 186 14 37 47 3 21 13 1994
C 2 18 187 12 31 38 3 16 19 484
C 2 18 188 12 32 39 3 17 17 606
C 2 18 189 14 37 45 3 21 12 2137
C 2 18 190 14 34 43 3 19 12 1476
C 2 18 191 14 34 44 3 18 16 1049
C 2 18 192 14 37 44 3 20 14 1682
C 2 18 193 14 35 45 3 20 13 1131
C 2 18 194 14 34 44 3 18 21 998
C 2 18 195 14 31 42 3 17 22 569
C 2 18 196 6 7 6 1 4 12 39
C 2 18 197 11 23 27 3 10 11 164
C 2 18 198 12 32 41 3 18 12 984
C 2 18 199 5 6 5 2 5 21 22
C 2 18 200 11 22 27 3 10 13 156
C 2 18 201 13 30 38 3 17 21 526
C 2 18 202 11 28 34 3 15 17 372
C 2 18 203 11 23 28 3 9 12 161
C 2 18 204 12 30 40 3 18 20 783
C 2 18 205 5 9 7 3 4 22 28
C 2 18 206 11 28 35 3 14 16 380
C 2 18 207 12 30 38 3 18 20 602
M 2 18 5 4 3 2 1
M 2 18 4 3 3 2 0
M 2 18 13 35 42 4 17
M 2 18 7 8 6 4 5
M 2 18 5 7 7 1 4
M 2 18 8 11 10 1 6
M 2 18 7 8 7 1 3
M 2 18 6 8 7 1 3
M 2 18 6 7 7 3 5
M 2 18 8 18 24 1 8
M 2 18 13 36 43 3 18
M 2 18 6 8 10 1 4
M 2 18 12 33 41 3 18
M 2 18 6 9 7 1 4
M 2 18 10 21 28 3 9
M 2 18 4 4 4 0 2
M 2 18 0 0 0 0 0
M 2 18 12 32 41 3 18
M 2 18 13 37 44 3 18
M 2 18 12 31 37 3 16
M 2 18 11 23 29 3 12
M 2 18 8 12 10 3 6
M 2 18 11 26 34 3 16
M 2 18 5 3 5 2 3
M 2 18 14 37 45 3 18
M 2 18 4 4 4 1 2
M 2 18 11 23 25 3 10
M 2 18 8 18 23 1 8
M 2 18 5 4 6 1 3
M 2 18 12 33 39 3 16
M 2 18 14 37 47 3 21
M 2 18 13 36 42 3 18
M 2 18 11 25 33 3 16
M 2 18 8 19 23 1 8
M 2 18 5 9 7 1 4
M 2 18 12 31 39 3 16
M 2 18 10 23 25 3 8
M 2 18 14 32 43 3 18
M 2 18 13 35 46 3 20
M 2 18 2 3 0 0 0
M 2 18 11 28 35 3 14
M 2 18 12 32 39 3 17
M 2 18 11 22 27 3 9
M 2 18 12 30 38 3 18
M 2 18 12 32 38 3 15
M 2 18 3 3 2 1 1
M 2 18 4 6 5 1 2
M 2 18 12 31 38 3 15
M 2 18 5 6 5 2 5
M 2 18 5 5 10 2 2
M 2 18 5 7 6 1 3
M 2 18 6 8 6 3 5
M 2 18 5 7 8 3 3
M 2 18 13 35 41 3 17
M 2 18 6 8 11 3 4
M 2 18 8 9 7 1 3
M 2 18 12 30 41 3 17
M 2 18 5 7 5 1 3
M 2 18 9 21 26 3 8
M 2 18 4 5 4 1 1
M 2 18 5 7 5 2 4
M 2 18 9 23 29 3 11
M 2 18 12 35 42 3 17
M 2 18 6 10 8 3 4
M 2 18 9 22 30 3 11
M 2 18 13 37 43 3 18
M 2 18 6 8 6 2 5
M 2 18 6 9 6 1 4
M 2 18 4 4 3 1 1
M 2 18 14 36 49 3 20
M 2 18 7 10 6 1 5
M 2 18 13 31 41 3 17
M 2 18 14 38 46 3 19
M 2 18 8 10 7 2 4
M 2 18 5 5 4 2 1
M 2 18 4 3 2 2 1
M 2 18 5 7 8 1 4
M 2 18 11 22 26 3 10
M 2 18 5 5 7 1 3
M 2 18 11 23 27 3 10
M 2 18 13 36 43 3 19
M 2 18 7 9 8 3 6
M 2 18 11 23 28 3 9
M 2 18 6 10 12 3 5
M 2 18 5 6 6 1 4
M 2 18 14 34 43 3 19
M 2 18 14 37 45 3 21
M 2 18 11 23 27 3 9
M 2 18 7 8 10 3 4
M 2 18 14 36 44 3 18
M 2 18 14 35 45 3 20
M 2 18 6 7 7 3 4
M 2 18 10 21 27 3 9
M 2 18 11 22 27 3 10
M 2 18 6 6 8 3 4
M 2 18 5 5 3 1 2
M 2 18 5 7 6 1 4
M 2 18 14 37 44 3 20
M 2 18 11 22 28 3 9
M 2 18 11 28 34 3 15
M 2 18 4 5 3 2 3
M 2 18 12 30 40 3 18
M 2 18 4 5 3 2 4
M 2 18 10 22 27 3 8
M 2 18 14 34 44 3 18
M 2 18 12 30 38 3 15
M 2 18 5 6 6 3 3
M 2 18 5 7 5 1 2
M 2 18 14 37 48 3 20
M 2 18 6 11 9 1 4
M 2 18 6 11 9 3 4
M 2 18 13 31 42 3 18
M 2 18 10 22 26 3 8
M 2 18 5 6 6 3 2
M 2 18 11 23 28 3 8
M 2 18 14 38 49 3 23
M 2 18 9 20 26 3 8
M 2 18 14 31 42 3 17
M 2 18 5 8 8 1 3
M 2 18 12 28 35 3 16
M 2 18 10 22 28 3 8
M 2 18 13 35 43 3 17
M 2 18 14 38 48 3 19
M 2 18 6 8 8 2 3
M 2 18 5 5 5 1 2
M 2 18 11 24 26 3 10
M 2 18 7 8 6 3 6
M 2 18 11 22 29 3 9
M 2 18 13 30 39 3 17
M 2 18 6 6 7 3 4
M 2 18 5 5 4 1 4
M 2 18 13 33 42 3 18
M 2 18 11 23 26 3 10
M 2 18 13 35 42 3 18
M 2 18 5 5 6 1 4
M 2 18 11 22 26 3 9
M 2 18 14 30 37 3 18
M 2 18 12 31 38 3 16
M 2 18 5 5 4 1 3
M 2 18 10 27 32 3 12
M 2 18 14 31 41 3 17
M 2 18 13 32 39 3 17
M 2 18 6 7 6 1 4
M 2 18 12 32 39 3 15
M 2 18 5 9 7 3 4
M 2 18 13 29 40 3 17
M 2 18 13 34 41 3 17
M 2 18 9 23 30 3 11
M 2 18 7 10 7 1 4
M 2 18 6 7 6 2 3
M 2 18 6 10 11 3 5
M 2 18 7 9 7 3 6
M 2 18 12 34 42 3 18
M 2 18 8 17 21 1 7
M 2 18 14 36 48 3 20
M 2 18 12 30 39 3 16
M 2 18 13 30 38 3 17
M 2 18 11 22 27 3 8
M 2 18 8 19 25 3 7
M 2 18 3 3 3 1 0
M 2 18 14 35 49 3 20
M 2 18 10 23 26 3 8
M 2 18 6 10 8 3 5
M 2 18 5 6 6 1 3
M 2 18 11 23 29 3 9
M 2 18 14 39 49 3 23
M 2 18 5 5 6 3 3
P 2 18 0 1
P 2 18 1 1
P 2 18 2 1
P 2 18 3 1
P 2 18 4 1
P 2 18 5 1
P 2 18 6 1
P 2 18 7 1
P 2 18 8 1
P 2 18 9 0
P 2 18 10 0
P 2 18 11 0
P 2 18 12 0
P 2 18 13 1
P 2 18 14 1
P 2 18 15 1
P 2 18 16 1
P 2 18 17 0
P 2 18 18 0
P 2 18 19 0
P 2 18 20 1
P 2 18 21 0
P 2 18 22 1
P 2 18 23 1
P 2 18 24 0
P 2 18 25 0
P 2 18 26 0
P 2 18 27 0
P 2 18 28 0
P 2 18 29 0
P 2 18 30 1
P 2 18 31 0
P 2 18 32 0
P 2 18 33 0
P 2 18 34 0
P 2 18 35 0
P 2 18 36 0
P 2 18 37 0
P 2 18 38 0
P 2 18 39 0
P 2 18 40 0
P 2 18 41 0
P 2 18 42 0
P 2 18 43 1
P 2 18 44 0
P 2 18 45 0
P 2 18 46 0
P 2 18 47 1
P 2 18 48 1
P 2 18 49 0
P 2 18 50 1
P 2 18 51 0
P 2 18 52 0
P 2 18 53 0
P 2 18 54 0
P 2 18 55 0
P 2 18 56 0
P 2 18 57 0
P 2 18 58 0
P 2 18 59 0
P 2 18 60 0
P 2 18 61 1
P 2 18 62 0
P 2 18 63 0
P 2 18 64 0
P 2 18 65 0
P 2 18 66 0
P 2 18 67 0
P 2 18 68 0
P 2 18 69 1
P 2 18 70 0
P 2 18 71 0
P 2 18 72 0
P 2 18 73 0
P 2 18 74 0
P 2 18 75 0
P 2 18 76 0
P 2 18 77 0
P 2 18 78 0
P 2 18 79 0
P 2 18 80 0
P 2 18 81 0
P 2 18 82 0
P 2 18 83 0
P 2 18 84 0
P 2 18 85 0
P 2 18 86 0
P 2 18 87 0
P 2 18 88 0
P 2 18 89 0
P 2 18 90 0
P 2 18 91 0
P 2 18 92 1
P 2 18 93 1
P 2 18 94 0
P 2 18 95 0
P 2 18 96 0
P 2 18 97 0
P 2 18 98 0
P 2 18 99 1
P 2 18 100 0
P 2 18 101 0
P 2 18 102 0
P 2 18 103 0
P 2 18 104 1
P 2 18 105 0
P 2 18 106 0
P 2 18 107 0
P 2 18 108 0
P 2 18 109 0
P 2 18 110 0
P 2 18 111 0
P 2 18 112 0
P 2 18 113 0
P 2 18 114 0
P 2 18 115 1
P 2 18 116 0
P 2 18 117 0
P 2 18 118 0
P 2 18 119 1
P 2 18 120 0
P 2 18 121 0
P 2 18 122 0
P 2 18 123 0
P 2 18 124 0
P 2 18 125 0
P 2 18 126 0
P 2 18 127 0
P 2 18 128 0
P 2 18 129 0
P 2 18 130 0
P 2 18 131 0
P 2 18 132 0
P 2 18 133 0
P 2 18 134 0
P 2 18 135 0
P 2 18 136 0
P 2 18 137 0
P 2 18 138 0
P 2 18 139 0
P 2 18 140 0
P 2 18 141 0
P 2 18 142 0
P 2 18 143 0
P 2 18 144 0
P 2 18 145 0
P 2 18 146 0
P 2 18 147 0
P 2 18 148 1
P 2 18 149 0
P 2 18 150 0
P 2 18 151 0
P 2 18 152 0
P 2 18 153 0
P 2 18 154 0
P 2 18 155 0
P 2 18 156 1
P 2 18 157 0
P 2 18 158 0
P 2 18 159 0
P 2 18 160 0
P 2 18 161 0
P 2 18 162 0
P 2 18 163 0
P 2 18 164 0
P 2 18 165 0
P 2 18 166 0
P 2 18 167 0
P 2 18 168 0
P 2 18 169 0
P 2 18 170 0
P 2 18 171 0
P 2 18 172 0
P 2 18 173 0
P 2 18 174 0
P 2 18 175 0
P 2 18 176 0
P 2 18 177 0
P 2 18 178 0
P 2 18 179 1
P 2 18 180 0
P 2 18 181 0
P 2 18 182 0
P 2 18 183 0
P 2 18 184 0
P 2 18 185 0
P 2 18 186 0
P 2 18 187 0
P 2 18 188 0
P 2 18 189 0
P 2 18 190 0
P 2 18 191 0
P 2 18 192 0
P 2 18 193 0
P 2 18 194 0
P 2 18 195 0
P 2 18 196 0
P 2 18 197 0
P 2 18 198 0
P 2 18 199 0
P 2 18 200 0
P 2 18 201 0
P 2 18 202 0
P 2 18 203 0
P 2 18 204 0
P 2 18 205 0
P 2 18 206 0
P 2 18 207 0
C 2 19 0 7 10 7 1 4 26 38
C 2 19 1 12 29 35 3 16 26 523
C 2 19 2 4 4 3 1 1 25 11
C 2 19 3 5 8 8 1 3 25 30
C 2 19 4 7 10 6 1 5 25 38
C 2 19 5 10 22 28 3 8 25 137
C 2 19 6 9 23 30 3 11 25 180
C 2 19 7 14 36 48 3 21 25 1499
C 2 19 8 14 36 49 3 20 25 1499
C 2 19 9 3 3 3 1 0 24 7
C 2 19 10 4 5 4 1 1 24 14
C 2 19 11 5 6 6 3 2 24 20
C 2 19 12 5 7 5 2 4 24 21
C 2 19 13 6 9 6 1 4 24 34
C 2 19 14 6 8 6 2 5 24 34
C 2 19 15 14 38 49 3 23 24 2458
C 2 19 16 5 6 6 3 3 23 20
C 2 19 17 5 7 5 1 2 23 22
C 2 19 18 5 7 6 1 3 23 23
C 2 19 19 5 7 5 1 3 23 26
C 2 19 20 4 5 3 2 4 22 14
C 2 19 21 4 6 5 1 2 22 15
C 2 19 22 5 5 4 1 3 22 19
C 2 19 23 5 5 10 2 2 22 25
C 2 19 24 14 39 49 3 23 21 2201
C 2 19 25 5 5 6 1 4 14 21
C 2 19 26 5 7 6 1 4 14 26
C 2 19 27 10 23 25 3 8 14 111
C 2 19 28 12 31 39 3 16 14 492
C 2 19 29 5 5 7 1 3 11 22
C 2 19 30 6 8 10 1 4 11 38
C 2 19 31 6 7 7 3 5 11 41
C 2 19 32 8 10 7 2 4 1 39
C 2 19 33 5 4 3 2 1 2 12
C 2 19 34 6 8 8 2 3 2 31
C 2 19 35 4 3 3 2 0 3 8
C 2 19 36 5 5 4 2 1 3 15
C 2 19 37 7 9 6 2 4 3 35
C 2 19 38 6 7 6 2 3 4 24
C 2 19 39 0 0 0 0 0 12 0
C 2 19 40 8 17 21 1 7 12 85
C 2 19 41 5 6 6 1 3 13 21
C 2 19 42 6 6 8 3 4 13 33
C 2 19 43 11 24 26 3 10 11 186
C 2 19 44 7 8 7 1 3 10 45
C 2 19 45 5 6 6 1 3 12 21
C 2 19 46 6 6 8 3 4 12 33
C 2 19 47 13 35 43 3 17 25 993
C 2 19 48 6 10 11 3 5 11 60
C 2 19 49 6 10 8 3 4 24 35
C 2 19 50 5 4 6 1 3 13 23
C 2 19 51 2 3 0 0 0 15 3
C 2 19 52 5 9 7 1 4 13 29
C 2 19 53 10 23 26 3 8 24 133
C 2 19 54 7 9 7 3 6 12 45
C 2 19 55 5 7 7 1 4 8 27
C 2 19 56 13 31 41 3 17 25 549
C 2 19 57 6 8 11 3 4 23 36
C 2 19 58 6 8 6 1 4 10 38
C 2 19 59 6 9 10 3 5 8 36
C 2 19 60 13 32 39 3 17 23 705
C 2 19 61 3 3 2 1 1 22 7
C 2 19 62 12 31 38 3 15 22 480
C 2 19 63 6 9 8 1 5 23 38
C 2 19 64 12 28 35 3 16 25 507
C 2 19 65 8 18 24 1 8 11 86
C 2 19 66 11 22 26 3 9 13 168
C 2 19 67 9 22 30 3 11 24 157
C 2 19 68 13 30 38 3 17 10 534
C 2 19 69 9 20 26 3 8 24 106
C 2 19 70 13 30 39 3 17 10 519
C 2 19 71 11 23 28 3 8 24 135
C 2 19 72 11 22 27 3 9 14 153
C 2 19 73 13 30 37 3 17 13 553
C 2 19 74 11 22 28 3 9 15 156
C 2 19 75 11 23 27 3 9 12 149
C 2 19 76 12 29 37 3 16 23 522
C 2 19 77 14 37 45 3 18 10 1032
C 2 19 78 7 17 21 1 3 22 68
C 2 19 79 5 5 5 1 2 9 19
C 2 19 80 5 7 8 3 3 23 28
C 2 19 81 6 10 12 3 5 12 59
C 2 19 82 8 9 7 1 3 23 53
C 2 19 83 11 23 26 3 10 13 167
C 2 19 84 8 11 10 1 6 9 54
C 2 19 85 14 31 42 3 17 24 557
C 2 19 86 5 4 4 1 3 11 23
C 2 19 87 8 13 13 3 7 9 63
C 2 19 88 5 6 6 1 2 22 22
C 2 19 89 11 23 25 3 10 12 163
C 2 19 90 7 8 6 3 6 11 41
C 2 19 91 5 5 4 1 4 13 22
C 2 19 92 13 34 41 3 17 24 985
C 2 19 93 8 12 10 3 6 12 68
C 2 19 94 5 5 3 1 2 14 21
C 2 19 95 4 4 4 0 2 12 13
C 2 19 96 5 7 8 1 4 9 30
C 2 19 97 6 9 8 2 7 11 46
C 2 19 98 13 30 37 3 17 22 690
C 2 19 99 5 6 6 1 3 11 30
C 2 19 100 13 36 43 3 19 11 1470
C 2 19 101 6 9 9 3 5 11 53
C 2 19 102 7 9 7 1 5 11 50
C 2 19 103 6 11 9 3 4 23 44
C 2 19 104 5 9 7 3 4 24 28
C 2 19 105 10 27 32 3 12 21 280
C 2 19 106 6 11 9 1 4 23 49
C 2 19 107 5 8 6 1 3 22 30
C 2 19 108 5 5 8 0 2 12 23
C 2 19 109 11 23 25 3 10 11 159
C 2 19 110 14 36 44 3 18 13 1023
C 2 19 111 13 33 42 3 18 13 979
C 2 19 112 14 32 43 3 18 14 578
C 2 19 113 6 8 6 3 5 23 33
C 2 19 114 5 7 6 1 4 13 26
C 2 19 115 13 36 44 3 17 24 992
C 2 19 116 7 9 7 3 6 11 65
C 2 19 117 5 9 7 3 4 23 28
C 2 19 118 4 5 3 2 3 21 14
C 2 19 119 9 23 26 3 8 23 133
C 2 19 120 12 32 39 3 15 23 492
C 2 19 121 5 4 4 1 2 12 23
C 2 19 122 14 37 46 3 18 11 2013
C 2 19 123 11 22 26 3 9 11 145
C 2 19 124 10 21 28 3 9 11 137
C 2 19 125 13 35 42 3 18 13 1015
C 2 19 126 13 35 42 3 18 12 992
C 2 19 127 11 22 28 3 9 13 148
C 2 19 128 13 31 39 3 18 14 705
C 2 19 129 11 26 34 3 16 12 400
C 2 19 130 14 35 49 3 20 24 1473
C 2 19 131 13 29 40 3 17 24 512
C 2 19 132 13 35 41 3 17 23 978
C 2 19 133 14 38 48 3 19 23 1499
C 2 19 134 14 36 48 3 21 23 1494
C 2 19 135 12 31 35 3 17 14 502
C 2 19 136 12 33 41 3 18 11 858
C 2 19 137 11 25 33 3 16 13 396
C 2 19 138 10 21 28 3 9 9 136
C 2 19 139 5 3 5 2 3 12 19
C 2 19 140 6 10 8 3 5 10 60
C 2 19 141 7 9 8 1 5 12 42
C 2 19 142 6 8 9 1 4 10 46
C 2 19 143 6 9 7 1 4 11 42
C 2 19 144 7 10 7 1 4 13 53
C 2 19 145 6 7 6 1 4 23 27
C 2 19 146 5 6 4 1 3 20 19
C 2 19 147 7 10 8 1 4 22 70
C 2 19 148 6 7 7 3 4 13 41
C 2 19 149 6 8 7 1 3 10 44
C 2 19 150 6 10 11 3 5 10 55
C 2 19 151 14 30 37 3 18 15 721
C 2 19 152 14 36 45 3 20 22 1675
C 2 19 153 13 31 42 3 18 23 1027
C 2 19 154 14 36 45 3 17 23 1000
C 2 19 155 12 29 34 3 14 12 335
C 2 19 156 5 6 6 3 3 22 29
C 2 19 157 10 22 26 3 8 22 133
C 2 19 158 14 37 48 3 20 23 1679
C 2 19 159 12 31 37 3 16 12 846
C 2 19 160 6 7 5 1 3 12 37
C 2 19 161 5 5 6 3 3 22 21
C 2 19 162 5 6 5 2 5 22 22
C 2 19 163 4 4 4 1 2 21 15
C 2 19 164 14 31 42 3 17 23 569
C 2 19 165 14 36 49 3 21 23 1493
C 2 19 166 11 23 26 3 10 13 159
C 2 19 167 12 30 38 3 15 23 473
C 2 19 168 13 30 38 3 18 11 534
C 2 19 169 5 6 6 1 4 11 23
C 2 19 170 6 8 9 3 5 11 32
C 2 19 171 10 22 27 3 8 22 133
C 2 19 172 7 10 9 1 6 11 50
C 2 19 173 13 30 39 3 18 11 541
C 2 19 174 7 9 8 3 6 12 61
C 2 19 175 10 22 28 3 8 24 144
C 2 19 176 6 7 6 1 3 21 26
C 2 19 177 5 7 5 1 3 20 19
C 2 19 178 4 6 4 1 2 23 14
C 2 19 179 4 5 5 1 2 23 15
C 2 19 180 13 29 40 3 18 12 518
C 2 19 181 5 8 7 3 3 23 27
C 2 19 182 5 7 8 3 3 23 24
C 2 19 183 14 36 44 3 21 21 1675
C 2 19 184 14 38 46 3 21 22 1690
C 2 19 185 14 36 44 3 21 21 1682
C 2 19 186 5 7 7 1 4 13 31
C 2 19 187 5 5 5 1 3 12 27
C 2 19 188 6 8 7 1 3 15 41
C 2 19 189 4 4 4 1 2 12 15
C 2 19 190 12 30 38 3 16 13 480
M 2 19 5 4 3 2 1
M 2 19 4 3 3 2 0
M 2 19 7 9 6 2 4
M 2 19 6 9 10 3 5
M 2 19 8 11 10 1 6
M 2 19 5 7 8 1 4
M 2 19 6 8 6 1 4
M 2 19 13 30 39 3 17
M 2 19 6 10 8 3 5
M 2 19 5 5 7 1 3
M 2 19 6 7 7 3 5
M 2 19 11 24 26 3 10
M 2 19 8 18 24 1 8
M 2 19 7 8 6 3 6
M 2 19 6 9 8 2 7
M 2 19 13 36 43 3 19
M 2 19 6 9 9 3 5
M 2 19 14 37 46 3 18
M 2 19 6 9 7 1 4
M 2 19 5 5 5 1 3
M 2 19 8 17 21 1 7
M 2 19 6 10 12 3 5
M 2 19 8 12 10 3 6
M 2 19 4 4 4 0 2
M 2 19 5 5 8 0 2
M 2 19 11 26 34 3 16
M 2 19 5 3 5 2 3
M 2 19 12 30 38 3 16
M 2 19 5 9 7 1 4
M 2 19 14 36 44 3 18
M 2 19 11 25 33 3 16
M 2 19 5 5 6 1 4
M 2 19 12 31 39 3 16
M 2 19 5 5 3 1 2
M 2 19 13 31 39 3 18
M 2 19 2 3 0 0 0
M 2 19 5 6 4 1 3
M 2 19 10 27 32 3 12
M 2 19 6 7 6 1 3
M 2 19 4 6 5 1 2
M 2 19 5 5 10 2 2
M 2 19 5 6 5 2 5
M 2 19 5 5 6 3 3
M 2 19 3 3 2 1 1
M 2 19 10 22 27 3 8
M 2 19 5 6 6 1 2
M 2 19 10 22 26 3 8
M 2 19 5 7 6 1 3
M 2 19 13 31 42 3 18
M 2 19 6 8 11 3 4
M 2 19 13 32 39 3 17
M 2 19 6 9 8 1 5
M 2 19 13 35 41 3 17
M 2 19 12 29 37 3 16
M 2 19 8 9 7 1 3
M 2 19 5 8 7 3 3
M 2 19 12 30 38 3 15
M 2 19 6 11 9 1 4
M 2 19 3 3 3 1 0
M 2 19 5 6 6 3 2
M 2 19 6 9 6 1 4
M 2 19 14 38 49 3 23
M 2 19 6 10 8 3 4
M 2 19 9 22 30 3 11
M 2 19 11 23 28 3 8
M 2 19 13 34 41 3 17
M 2 19 4 4 3 1 1
M 2 19 7 10 6 1 5
M 2 19 14 36 49 3 20
M 2 19 13 31 41 3 17
M 2 19 12 29 35 3 16
M 2 19 6 8 8 2 3
M 2 19 6 7 6 2 3
M 2 19 8 13 13 3 7
M 2 19 13 30 38 3 17
M 2 19 5 6 6 1 4
M 2 19 6 8 10 1 4
M 2 19 12 33 41 3 18
M 2 19 7 10 9 1 6
M 2 19 13 30 38 3 18
M 2 19 5 4 4 1 3
M 2 19 12 29 34 3 14
M 2 19 13 29 40 3 18
M 2 19 11 23 25 3 10
M 2 19 5 4 4 1 2
M 2 19 11 23 27 3 9
M 2 19 13 33 42 3 18
M 2 19 6 6 8 3 4
M 2 19 5 7 7 1 4
M 2 19 11 23 26 3 10
M 2 19 7 9 8 1 5
M 2 19 6 7 7 3 4
M 2 19 10 23 25 3 8
M 2 19 6 8 7 1 3
M 2 19 12 31 35 3 17
M 2 19 14 39 49 3 23
M 2 19 4 4 4 1 2
M 2 19 4 5 3 2 4
M 2 19 7 10 8 1 4
M 2 19 13 30 37 3 17
M 2 19 14 36 45 3 20
M 2 19 7 17 21 1 3
M 2 19 5 6 6 3 3
M 2 19 5 7 5 1 3
M 2 19 14 36 45 3 17
M 2 19 12 32 39 3 15
M 2 19 6 7 6 1 4
M 2 19 14 37 48 3 20
M 2 19 4 5 5 1 2
M 2 19 4 5 4 1 1
M 2 19 6 8 6 2 5
M 2 19 9 20 26 3 8
M 2 19 14 31 42 3 17
M 2 19 10 23 26 3 8
M 2 19 10 22 28 3 8
M 2 19 14 36 48 3 21
M 2 19 13 35 43 3 17
M 2 19 12 28 35 3 16
M 2 19 8 10 7 2 4
M 2 19 5 5 5 1 2
M 2 19 7 9 7 1 5
M 2 19 13 30 39 3 18
M 2 19 6 8 9 3 5
M 2 19 7 9 7 3 6
M 2 19 7 9 8 3 6
M 2 19 12 31 37 3 16
M 2 19 13 35 42 3 18
M 2 19 5 4 6 1 3
M 2 19 14 32 43 3 18
M 2 19 11 22 28 3 9
M 2 19 14 30 37 3 18
M 2 19 14 38 46 3 21
M 2 19 5 5 4 1 3
M 2 19 5 8 6 1 3
M 2 19 5 7 8 3 3
M 2 19 4 6 4 1 2
M 2 19 14 38 48 3 19
M 2 19 5 9 7 3 4
M 2 19 6 8 6 3 5
M 2 19 14 35 49 3 20
M 2 19 9 23 30 3 11
M 2 19 7 10 7 1 4
M 2 19 5 5 4 2 1
M 2 19 7 8 7 1 3
M 2 19 0 0 0 0 0
M 2 19 10 21 28 3 9
M 2 19 11 22 26 3 9
M 2 19 5 7 6 1 4
M 2 19 12 31 38 3 15
M 2 19 4 5 3 2 3
M 2 19 5 7 5 1 2
M 2 19 13 29 40 3 17
M 2 19 5 7 5 2 4
M 2 19 13 36 44 3 17
M 2 19 14 37 45 3 18
M 2 19 6 10 11 3 5
M 2 19 5 5 4 1 4
M 2 19 14 36 44 3 21
P 2 19 0 1
P 2 19 1 1
P 2 19 2 1
P 2 19 3 1
P 2 19 4 0
P 2 19 5 0
P 2 19 6 0
P 2 19 7 1
P 2 19 8 0
P 2 19 9 1
P 2 19 10 1
P 2 19 11 1
P 2 19 12 1
P 2 19 13 0
P 2 19 14 0
P 2 19 15 1
P 2 19 16 1
P 2 19 17 1
P 2 19 18 0
P 2 19 19 0
P 2 19 20 1
P 2 19 21 1
P 2 19 22 1
P 2 19 23 0
P 2 19 24 1
P 2 19 25 1
P 2 19 26 1
P 2 19 27 0
P 2 19 28 0
P 2 19 29 0
P 2 19 30 0
P 2 19 31 0
P 2 19 32 0
P 2 19 33 0
P 2 19 34 0
P 2 19 35 0
P 2 19 36 0
P 2 19 37 0
P 2 19 38 0
P 2 19 39 0
P 2 19 40 0
P 2 19 41 1
P 2 19 42 0
P 2 19 43 0
P 2 19 44 0
P 2 19 45 1
P 2 19 46 0
P 2 19 47 0
P 2 19 48 0
P 2 19 49 0
P 2 19 50 0
P 2 19 51 1
P 2 19 52 0
P 2 19 53 1
P 2 19 54 0
P 2 19 55 0
P 2 19 56 0
P 2 19 57 0
P 2 19 58 0
P 2 19 59 0
P 2 19 60 0
P 2 19 61 1
P 2 19 62 0
P 2 19 63 0
P 2 19 64 0
P 2 19 65 0
P 2 19 66 0
P 2 19 67 1
P 2 19 68 0
P 2 19 69 0
P 2 19 70 0
P 2 19 71 0
P 2 19 72 0
P 2 19 73 0
P 2 19 74 1
P 2 19 75 0
P 2 19 76 0
P 2 19 77 0
P 2 19 78 0
P 2 19 79 0
P 2 19 80 0
P 2 19 81 0
P 2 19 82 0
P 2 19 83 0
P 2 19 84 0
P 2 19 85 0
P 2 19 86 0
P 2 19 87 0
P 2 19 88 0
P 2 19 89 0
P 2 19 90 0
P 2 19 91 0
P 2 19 92 0
P 2 19 93 0
P 2 19 94 0
P 2 19 95 0
P 2 19 96 0
P 2 19 97 0
P 2 19 98 0
P 2 19 99 1
P 2 19 100 0
P 2 19 101 0
P 2 19 102 0
P 2 19 103 0
P 2 19 104 1
P 2 19 105 0
P 2 19 106 0
P 2 19 107 0
P 2 19 108 0
P 2 19 109 0
P 2 19 110 0
P 2 19 111 0
P 2 19 112 0
P 2 19 113 0
P 2 19 114 0
P 2 19 115 0
P 2 19 116 0
P 2 19 117 0
P 2 19 118 0
P 2 19 119 0
P 2 19 120 0
P 2 19 121 0
P 2 19 122 0
P 2 19 123 0
P 2 19 124 0
P 2 19 125 0
P 2 19 126 0
P 2 19 127 0
P 2 19 128 0
P 2 19 129 0
P 2 19 130 0
P 2 19 131 1
P 2 19 132 0
P 2 19 133 0
P 2 19 134 0
P 2 19 135 0
P 2 19 136 0
P 2 19 137 0
P 2 19 138 0
P 2 19 139 0
P 2 19 140 0
P 2 19 141 0
P 2 19 142 0
P 2 19 143 0
P 2 19 144 0
P 2 19 145 0
P 2 19 146 0
P 2 19 147 0
P 2 19 148 0
P 2 19 149 0
P 2 19 150 0
P 2 19 151 0
P 2 19 152 0
P 2 19 153 0
P 2 19 154 0
P 2 19 155 0
P 2 19 156 0
P 2 19 157 0
P 2 19 158 0
P 2 19 159 0
P 2 19 160 0
P 2 19 161 0
P 2 19 162 0
P 2 19 163 0
P 2 19 164 0
P 2 19 165 1
P 2 19 166 0
P 2 19 167 0
P 2 19 168 0
P 2 19 169 1
P 2 19 170 0
P 2 19 171 0
P 2 19 172 0
P 2 19 173 0
P 2 19 174 0
P 2 19 175 0
P 2 19 176 0
P 2 19 177 0
P 2 19 178 1
P 2 19 179 1
P 2 19 180 0
P 2 19 181 0
P 2 19 182 0
P 2 19 183 0
P 2 19 184 0
P 2 19 185 0
P 2 19 186 0
P 2 19 187 0
P 2 19 188 0
P 2 19 189 0
P 2 19 190 0
C 2 20 0 7 10 7 1 4 27 38
C 2 20 1 12 29 35 3 16 27 523
C 2 20 2 4 4 3 1 1 26 11
C 2 20 3 5 8 8 1 3 26 30
C 2 20 4 14 36 48 3 21 26 1499
C 2 20 5 3 3 3 1 0 25 7
C 2 20 6 4 5 4 1 1 25 14
C 2 20 7 5 6 6 3 2 25 20
C 2 20 8 5 7 5 2 4 25 21
C 2 20 9 5 9 7 3 4 25 28
C 2 20 10 10 23 26 3 8 25 133
C 2 20 11 9 22 30 3 11 25 157
C 2 20 12 13 29 40 3 17 25 512
C 2 20 13 14 38 49 3 23 25 2458
C 2 20 14 4 6 4 1 2 24 14
C 2 20 15 4 5 5 1 2 24 15
C 2 20 16 5 6 6 3 3 24 20
C 2 20 17 5 7 5 1 2 24 22
C 2 20 18 14 36 49 3 21 24 1493
C 2 20 19 3 3 2 1 1 23 7
C 2 20 20 4 5 3 2 4 23 14
C 2 20 21 4 6 5 1 2 23 15
C 2 20 22 5 5 4 1 3 23 19
C 2 20 23 14 39 49 3 23 22 2201
C 2 20 24 2 3 0 0 0 15 3
C 2 20 25 11 22 28 3 9 15 156
C 2 20 26 5 5 6 1 4 14 21
C 2 20 27 5 7 6 1 4 14 26
C 2 20 28 5 6 6 1 3 13 21
C 2 20 29 5 6 6 1 3 12 21
C 2 20 30 5 6 6 1 4 11 23
C 2 20 31 5 6 6 1 3 11 30
C 2 20 32 8 10 7 2 4 1 39
C 2 20 33 5 4 3 2 1 2 12
C 2 20 34 6 8 8 2 3 2 31
C 2 20 35 4 3 3 2 0 3 8
C 2 20 36 5 5 4 2 1 3 15
C 2 20 37 5 6 4 2 2 4 15
C 2 20 38 5 5 5 2 2 4 16
C 2 20 39 4 3 2 2 1 5 8
C 2 20 40 3 3 0 1 0 13 4
C 2 20 41 0 0 0 0 0 12 0
C 2 20 42 8 17 21 1 7 12 85
C 2 20 43 6 7 7 3 5 11 41
C 2 20 44 14 36 49 3 20 26 1499
C 2 20 45 7 8 7 1 3 10 45
C 2 20 46 7 10 6 1 5 26 38
C 2 20 47 10 22 28 3 8 26 137
C 2 20 48 6 10 12 3 5 12 59
C 2 20 49 5 5 3 1 2 14 21
C 2 20 50 13 30 38 3 17 10 534
C 2 20 51 13 35 43 3 17 26 993
C 2 20 52 5 4 3 1 3 9 19
C 2 20 53 8 11 10 1 6 9 54
C 2 20 54 6 10 11 3 5 11 60
C 2 20 55 6 10 8 3 4 25 35
C 2 20 56 5 4 6 1 3 13 23
C 2 20 57 14 35 49 3 20 25 1473
C 2 20 58 5 7 6 1 3 24 23
C 2 20 59 7 9 7 3 6 12 45
C 2 20 60 5 7 7 1 4 8 27
C 2 20 61 13 31 41 3 17 26 549
C 2 20 62 6 8 11 3 4 24 36
C 2 20 63 6 8 6 1 4 10 38
C 2 20 64 13 32 39 3 17 24 705
C 2 20 65 4 6 4 1 2 20 15
C 2 20 66 6 6 8 3 4 13 33
C 2 20 67 6 11 9 1 4 24 49
C 2 20 68 12 28 35 3 16 26 507
C 2 20 69 8 18 24 1 8 11 86
C 2 20 70 11 22 26 3 9 13 168
C 2 20 71 9 20 26 3 8 25 106
C 2 20 72 13 30 39 3 17 10 519
C 2 20 73 11 23 28 3 8 25 135
C 2 20 74 9 23 30 3 11 26 180
C 2 20 75 11 22 26 3 9 14 156
C 2 20 76 14 34 46 3 18 25 998
C 2 20 77 5 7 10 1 2 24 23
C 2 20 78 13 30 37 3 17 13 553
C 2 20 79 13 30 38 3 17 14 558
C 2 20 80 11 23 27 3 9 12 149
C 2 20 81 12 29 37 3 16 24 522
C 2 20 82 14 37 45 3 18 10 1032
C 2 20 83 7 17 21 1 3 23 68
C 2 20 84 7 17 21 1 5 25 76
C 2 20 85 9 23 30 3 11 24 172
C 2 20 86 5 5 5 1 2 9 19
C 2 20 87 5 7 8 3 3 24 28
C 2 20 88 11 24 26 3 10 11 186
C 2 20 89 5 7 6 1 4 13 26
C 2 20 90 13 31 39 3 17 9 561
C 2 20 91 14 31 41 3 17 24 547
C 2 20 92 3 2 3 0 1 23 6
C 2 20 93 5 7 7 1 4 8 29
C 2 20 94 6 8 6 2 5 25 34
C 2 20 95 8 9 7 1 3 24 53
C 2 20 96 11 23 26 3 10 13 167
C 2 20 97 14 31 42 3 17 25 557
C 2 20 98 5 4 4 1 3 11 23
C 2 20 99 5 7 5 1 3 21 19
C 2 20 100 5 6 5 2 5 23 22
C 2 20 101 6 8 10 1 4 11 38
C 2 20 102 7 8 6 3 6 11 41
C 2 20 103 6 7 7 3 4 13 41
C 2 20 104 14 37 44 3 18 11 1055
C 2 20 105 13 34 41 3 17 25 985
C 2 20 106 5 6 6 1 3 10 21
C 2 20 107 6 8 7 1 3 10 44
C 2 20 108 8 12 10 3 6 12 68
C 2 20 109 6 6 8 3 4 12 33
C 2 20 110 5 7 8 1 4 9 30
C 2 20 111 6 9 6 1 4 25 34
C 2 20 112 6 9 8 2 7 11 46
C 2 20 113 13 30 37 3 17 23 690
C 2 20 114 13 37 43 3 18 25 1470
C 2 20 115 6 9 8 1 5 24 38
C 2 20 116 5 8 6 1 3 23 30
C 2 20 117 13 33 42 3 18 13 979
C 2 20 118 14 38 48 3 19 25 1504
C 2 20 119 7 9 8 3 6 12 61
C 2 20 120 13 35 41 3 17 24 978
C 2 20 121 14 38 48 3 19 24 1499
C 2 20 122 5 3 5 2 3 12 19
C 2 20 123 6 10 8 3 5 10 60
C 2 20 124 6 7 5 1 3 12 37
C 2 20 125 14 31 40 3 18 12 557
C 2 20 126 6 9 9 1 6 11 37
C 2 20 127 5 5 7 1 3 11 23
C 2 20 128 6 9 7 1 4 11 42
C 2 20 129 13 34 43 3 17 24 962
C 2 20 130 4 4 4 1 2 12 15
C 2 20 131 6 8 6 3 5 24 33
C 2 20 132 6 7 6 1 4 24 27
C 2 20 133 4 4 4 0 2 12 13
C 2 20 134 6 7 5 1 4 22 35
C 2 20 135 5 6 4 1 3 21 19
C 2 20 136 5 6 6 1 2 23 22
C 2 20 137 7 10 7 1 4 13 53
C 2 20 138 11 23 25 3 10 12 163
C 2 20 139 13 29 37 3 17 10 553
C 2 20 140 5 9 7 1 4 9 29
C 2 20 141 14 32 43 3 18 14 578
C 2 20 142 5 7 5 1 3 24 26
C 2 20 143 7 9 8 1 5 12 42
C 2 20 144 4 4 4 1 2 22 15
C 2 20 145 5 5 8 0 2 12 23
C 2 20 146 5 8 7 3 3 24 27
C 2 20 147 5 7 8 3 3 24 24
C 2 20 148 6 7 10 3 4 11 32
C 2 20 149 13 33 41 3 18 13 970
C 2 20 150 5 5 10 2 2 23 25
C 2 20 151 14 30 37 3 18 15 721
C 2 20 152 14 32 41 3 18 22 676
C 2 20 153 14 37 47 3 20 24 1680
C 2 20 154 14 30 39 3 18 10 544
C 2 20 155 6 7 7 3 5 9 41
C 2 20 156 14 36 45 3 17 24 1000
C 2 20 157 12 29 34 3 14 12 335
C 2 20 158 4 5 3 2 3 22 14
C 2 20 159 5 6 6 3 3 23 29
C 2 20 160 10 22 26 3 8 23 133
C 2 20 161 12 30 38 3 15 24 473
C 2 20 162 10 22 28 3 8 25 144
C 2 20 163 12 31 37 3 16 12 846
C 2 20 164 14 37 45 3 18 12 1054
C 2 20 165 6 11 9 3 4 24 44
C 2 20 166 10 23 25 3 8 14 111
C 2 20 167 9 23 26 3 8 24 133
C 2 20 168 5 9 7 3 4 24 28
C 2 20 169 14 36 44 3 18 13 1023
C 2 20 170 14 31 40 3 18 12 570
C 2 20 171 5 6 5 1 3 11 26
C 2 20 172 6 9 9 3 5 11 53
C 2 20 173 5 9 7 1 4 13 29
C 2 20 174 6 8 9 1 4 10 46
C 2 20 175 14 38 46 3 21 11 1792
C 2 20 176 5 7 6 1 2 22 22
C 2 20 177 6 9 10 3 4 12 39
C 2 20 178 13 29 39 3 17 11 529
C 2 20 179 14 36 44 3 18 11 1028
C 2 20 180 13 30 37 3 17 12 546
C 2 20 181 13 29 37 3 17 10 538
C 2 20 182 8 18 23 1 8 12 85
C 2 20 183 13 29 37 3 17 13 530
C 2 20 184 13 29 38 3 17 24 519
C 2 20 185 14 30 40 3 18 11 547
C 2 20 186 14 31 40 3 18 11 547
C 2 20 187 11 26 33 3 16 13 412
C 2 20 188 13 30 39 3 17 23 535
C 2 20 189 14 30 40 3 17 24 566
C 2 20 190 11 23 25 3 10 11 159
C 2 20 191 14 31 42 3 17 24 569
C 2 20 192 14 36 48 3 21 24 1494
C 2 20 193 5 4 4 1 2 12 23
C 2 20 194 6 9 8 3 5 10 44
C 2 20 195 5 6 5 1 4 10 23
C 2 20 196 5 7 5 1 4 11 22
C 2 20 197 7 9 8 3 7 11 40
C 2 20 198 5 5 7 1 3 11 22
C 2 20 199 6 8 7 1 4 11 42
C 2 20 200 5 8 6 1 3 21 26
C 2 20 201 4 4 3 1 2 22 11
C 2 20 202 4 4 3 1 2 20 11
C 2 20 203 4 6 4 1 2 23 14
C 2 20 204 4 6 4 1 2 22 14
C 2 20 205 4 4 4 1 3 12 14
C 2 20 206 4 6 4 1 2 22 15
C 2 20 207 5 7 6 1 2 23 22
C 2 20 208 6 7 6 1 4 12 39
C 2 20 209 5 5 4 1 4 13 22
C 2 20 210 11 23 26 3 10 13 159
C 2 20 211 5 5 6 3 3 23 21
C 2 20 212 13 30 38 3 17 23 526
C 2 20 213 14 37 48 3 19 23 1473
C 2 20 214 14 35 46 3 21 23 1496
C 2 20 215 14 36 47 3 21 24 1501
C 2 20 216 5 5 5 1 3 12 27
C 2 20 217 7 19 24 1 6 22 84
C 2 20 218 7 10 8 1 4 23 70
C 2 20 219 14 36 44 3 21 22 1675
C 2 20 220 14 37 45 3 21 21 1686
C 2 20 221 8 19 23 1 8 13 93
C 2 20 222 11 22 28 3 9 13 148
C 2 20 223 14 36 44 3 18 12 1051
M 2 20 5 4 3 2 1
M 2 20 4 3 3 2 0
M 2 20 5 6 4 2 2
M 2 20 4 3 2 2 1
M 2 20 8 11 10 1 6
M 2 20 13 31 39 3 17
M 2 20 7 8 7 1 3
M 2 20 6 8 7 1 3
M 2 20 14 30 39 3 18
M 2 20 6 9 8 3 5
M 2 20 5 6 6 1 4
M 2 20 8 18 24 1 8
M 2 20 5 4 4 1 3
M 2 20 7 8 6 3 6
M 2 20 14 37 44 3 18
M 2 20 6 9 8 2 7
M 2 20 6 9 9 1 6
M 2 20 6 7 10 3 4
M 2 20 6 9 9 3 5
M 2 20 13 29 39 3 17
M 2 20 0 0 0 0 0
M 2 20 6 10 12 3 5
M 2 20 4 4 4 1 3
M 2 20 5 5 5 1 3
M 2 20 8 12 10 3 6
M 2 20 5 3 5 2 3
M 2 20 6 7 5 1 3
M 2 20 7 9 8 1 5
M 2 20 12 29 34 3 14
M 2 20 5 4 4 1 2
M 2 20 8 19 23 1 8
M 2 20 11 26 33 3 16
M 2 20 6 7 7 3 4
M 2 20 13 33 41 3 18
M 2 20 5 5 3 1 2
M 2 20 10 23 25 3 8
M 2 20 14 30 37 3 18
M 2 20 5 6 4 1 3
M 2 20 14 36 44 3 21
M 2 20 7 19 24 1 6
M 2 20 14 32 41 3 18
M 2 20 4 5 3 2 4
M 2 20 4 6 5 1 2
M 2 20 7 10 8 1 4
M 2 20 3 2 3 0 1
M 2 20 14 35 46 3 21
M 2 20 10 22 26 3 8
M 2 20 5 5 6 3 3
M 2 20 5 7 5 1 2
M 2 20 14 36 49 3 21
M 2 20 14 36 45 3 17
M 2 20 6 11 9 3 4
M 2 20 6 8 11 3 4
M 2 20 6 11 9 1 4
M 2 20 5 7 10 1 2
M 2 20 14 31 41 3 17
M 2 20 8 9 7 1 3
M 2 20 14 30 40 3 17
M 2 20 13 35 41 3 17
M 2 20 6 8 6 3 5
M 2 20 4 5 4 1 1
M 2 20 5 7 5 2 4
M 2 20 9 22 30 3 11
M 2 20 14 38 49 3 23
M 2 20 14 35 49 3 20
M 2 20 11 23 28 3 8
M 2 20 7 17 21 1 5
M 2 20 13 34 41 3 17
M 2 20 13 37 43 3 18
M 2 20 5 8 8 1 3
M 2 20 7 10 6 1 5
M 2 20 13 31 41 3 17
M 2 20 12 29 35 3 16
M 2 20 6 8 8 2 3
M 2 20 5 5 5 2 2
M 2 20 5 4 3 1 3
M 2 20 6 8 9 1 4
M 2 20 6 8 6 1 4
M 2 20 6 9 7 1 4
M 2 20 14 38 46 3 21
M 2 20 6 10 11 3 5
M 2 20 5 7 5 1 4
M 2 20 11 24 26 3 10
M 2 20 6 8 7 1 4
M 2 20 6 9 10 3 4
M 2 20 8 17 21 1 7
M 2 20 14 30 40 3 18
M 2 20 7 9 8 3 6
M 2 20 11 23 27 3 9
M 2 20 8 18 23 1 8
M 2 20 5 5 4 1 4
M 2 20 3 3 0 1 0
M 2 20 5 4 6 1 3
M 2 20 6 6 8 3 4
M 2 20 5 7 6 1 4
M 2 20 11 22 26 3 9
M 2 20 11 22 28 3 9
M 2 20 4 4 4 1 2
M 2 20 4 4 3 1 2
M 2 20 6 7 5 1 4
M 2 20 3 3 2 1 1
M 2 20 5 5 4 1 3
M 2 20 5 8 6 1 3
M 2 20 5 5 10 2 2
M 2 20 13 30 39 3 17
M 2 20 6 7 6 1 4
M 2 20 4 5 5 1 2
M 2 20 5 8 7 3 3
M 2 20 5 7 8 3 3
M 2 20 14 36 47 3 21
M 2 20 5 7 6 1 3
M 2 20 12 29 37 3 16
M 2 20 13 29 38 3 17
M 2 20 3 3 3 1 0
M 2 20 5 9 7 3 4
M 2 20 13 29 40 3 17
M 2 20 14 34 46 3 18
M 2 20 14 31 42 3 17
M 2 20 9 20 26 3 8
M 2 20 14 36 48 3 21
M 2 20 14 36 49 3 20
M 2 20 13 35 43 3 17
M 2 20 12 28 35 3 16
M 2 20 13 29 37 3 17
M 2 20 13 30 37 3 17
M 2 20 8 10 7 2 4
M 2 20 5 7 7 1 4
M 2 20 5 5 5 1 2
M 2 20 5 6 5 1 3
M 2 20 6 7 7 3 5
M 2 20 6 8 10 1 4
M 2 20 11 23 25 3 10
M 2 20 14 37 45 3 18
M 2 20 4 4 4 0 2
M 2 20 5 6 6 1 3
M 2 20 13 33 42 3 18
M 2 20 5 5 6 1 4
M 2 20 2 3 0 0 0
M 2 20 14 37 45 3 21
M 2 20 5 6 6 1 2
M 2 20 14 37 48 3 19
M 2 20 5 6 5 2 5
M 2 20 13 34 43 3 17
M 2 20 5 6 6 3 3
M 2 20 12 30 38 3 15
M 2 20 6 9 8 1 5
M 2 20 5 6 6 3 2
M 2 20 6 9 6 1 4
M 2 20 6 8 6 2 5
M 2 20 9 23 30 3 11
M 2 20 7 10 7 1 4
M 2 20 14 31 40 3 18
M 2 20 13 30 38 3 17
M 2 20 6 10 8 3 5
M 2 20 5 7 8 1 4
M 2 20 7 9 8 3 7
M 2 20 5 5 8 0 2
M 2 20 12 31 37 3 16
M 2 20 14 32 43 3 18
M 2 20 5 7 6 1 2
M 2 20 4 5 3 2 3
M 2 20 9 23 26 3 8
M 2 20 14 37 47 3 20
M 2 20 10 23 26 3 8
M 2 20 4 4 3 1 1
M 2 20 4 6 4 1 2
M 2 20 5 5 4 2 1
M 2 20 7 9 7 3 6
M 2 20 5 9 7 1 4
M 2 20 14 39 49 3 23
M 2 20 13 32 39 3 17
M 2 20 14 38 48 3 19
P 2 20 0 1
P 2 20 1 1
P 2 20 2 1
P 2 20 3 1
P 2 20 4 1
P 2 20 5 1
P 2 20 6 1
P 2 20 7 1
P 2 20 8 1
P 2 20 9 0
P 2 20 10 0
P 2 20 11 0
P 2 20 12 0
P 2 20 13 1
P 2 20 14 0
P 2 20 15 1
P 2 20 16 0
P 2 20 17 1
P 2 20 18 1
P 2 20 19 1
P 2 20 20 1
P 2 20 21 1
P 2 20 22 1
P 2 20 23 1
P 2 20 24 0
P 2 20 25 0
P 2 20 26 0
P 2 20 27 0
P 2 20 28 1
P 2 20 29 0
P 2 20 30 0
P 2 20 31 0
P 2 20 32 0
P 2 20 33 0
P 2 20 34 0
P 2 20 35 0
P 2 20 36 0
P 2 20 37 0
P 2 20 38 0
P 2 20 39 0
P 2 20 40 1
P 2 20 41 0
P 2 20 42 0
P 2 20 43 0
P 2 20 44 0
P 2 20 45 0
P 2 20 46 1
P 2 20 47 1
P 2 20 48 0
P 2 20 49 0
P 2 20 50 0
P 2 20 51 0
P 2 20 52 0
P 2 20 53 0
P 2 20 54 0
P 2 20 55 0
P 2 20 56 0
P 2 20 57 0
P 2 20 58 1
P 2 20 59 0
P 2 20 60 0
P 2 20 61 0
P 2 20 62 0
P 2 20 63 0
P 2 20 64 0
P 2 20 65 0
P 2 20 66 0
P 2 20 67 0
P 2 20 68 1
P 2 20 69 0
P 2 20 70 0
P 2 20 71 0
P 2 20 72 0
P 2 20 73 0
P 2 20 74 1
P 2 20 75 0
P 2 20 76 0
P 2 20 77 1
P 2 20 78 1
P 2 20 79 1
P 2 20 80 0
P 2 20 81 0
P 2 20 82 0
P 2 20 83 0
P 2 20 84 0
P 2 20 85 0
P 2 20 86 0
P 2 20 87 0
P 2 20 88 0
P 2 20 89 0
P 2 20 90 0
P 2 20 91 0
P 2 20 92 0
P 2 20 93 0
P 2 20 94 0
P 2 20 95 0
P 2 20 96 0
P 2 20 97 0
P 2 20 98 0
P 2 20 99 0
P 2 20 100 0
P 2 20 101 0
P 2 20 102 0
P 2 20 103 0
P 2 20 104 0
P 2 20 105 0
P 2 20 106 0
P 2 20 107 0
P 2 20 108 0
P 2 20 109 0
P 2 20 110 0
P 2 20 111 0
P 2 20 112 0
P 2 20 113 1
P 2 20 114 0
P 2 20 115 0
P 2 20 116 0
P 2 20 117 0
P 2 20 118 0
P 2 20 119 0
P 2 20 120 0
P 2 20 121 0
P 2 20 122 0
P 2 20 123 0
P 2 20 124 0
P 2 20 125 0
P 2 20 126 0
P 2 20 127 0
P 2 20 128 0
P 2 20 129 0
P 2 20 130 0
P 2 20 131 0
P 2 20 132 0
P 2 20 133 0
P 2 20 134 0
P 2 20 135 0
P 2 20 136 0
P 2 20 137 0
P 2 20 138 0
P 2 20 139 0
P 2 20 140 0
P 2 20 141 0
P 2 20 142 0
P 2 20 143 0
P 2 20 144 0
P 2 20 145 0
P 2 20 146 0
P 2 20 147 0
P 2 20 148 0
P 2 20 149 0
P 2 20 150 0
P 2 20 151 0
P 2 20 152 0
P 2 20 153 0
P 2 20 154 0
P 2 20 155 0
P 2 20 156 0
P 2 20 157 0
P 2 20 158 0
P 2 20 159 0
P 2 20 160 0
P 2 20 161 0
P 2 20 162 0
P 2 20 163 0
P 2 20 164 0
P 2 20 165 0
P 2 20 166 0
P 2 20 167 0
P 2 20 168 0
P 2 20 169 0
P 2 20 170 0
P 2 20 171 0
P 2 20 172 0
P 2 20 173 1
P 2 20 174 0
P 2 20 175 0
P 2 20 176 0
P 2 20 177 0
P 2 20 178 0
P 2 20 179 0
P 2 20 180 0
P 2 20 181 0
P 2 20 182 0
P 2 20 183 0
P 2 20 184 0
P 2 20 185 0
P 2 20 186 0
P 2 20 187 0
P 2 20 188 0
P 2 20 189 0
P 2 20 190 0
P 2 20 191 0
P 2 20 192 0
P 2 20 193 0
P 2 20 194 0
P 2 20 195 0
P 2 20 196 0
P 2 20 197 0
P 2 20 198 0
P 2 20 199 0
P 2 20 200 0
P 2 20 201 0
P 2 20 202 0
P 2 20 203 0
P 2 20 204 0
P 2 20 205 0
P 2 20 206 0
P 2 20 207 0
P 2 20 208 0
P 2 20 209 1
P 2 20 210 0
P 2 20 211 0
P 2 20 212 1
P 2 20 213 0
P 2 20 214 0
P 2 20 215 0
P 2 20 216 0
P 2 20 217 0
P 2 20 218 0
P 2 20 219 0
P 2 20 220 0
P 2 20 221 0
P 2 20 222 0
P 2 20 223 0
C 2 21 0 7 10 7 1 4 28 38
C 2 21 1 12 29 35 3 16 28 523
C 2 21 2 4 4 3 1 1 27 11
C 2 21 3 5 8 8 1 3 27 30
C 2 21 4 7 10 6 1 5 27 38
C 2 21 5 10 22 28 3 8 27 137
C 2 21 6 9 23 30 3 11 27 180
C 2 21 7 12 28 35 3 16 27 507
C 2 21 8 14 36 48 3 21 26 1499
C 2 21 9 3 3 3 1 0 26 7
C 2 21 10 4 5 4 1 1 26 14
C 2 21 11 5 6 6 3 2 26 20
C 2 21 12 5 7 5 2 4 26 21
C 2 21 13 14 38 49 3 23 25 2458
C 2 21 14 4 5 5 1 2 24 15
C 2 21 15 5 7 5 1 2 25 22
C 2 21 16 5 7 6 1 3 25 23
C 2 21 17 5 7 10 1 2 25 23
C 2 21 18 14 36 49 3 21 24 1493
C 2 21 19 3 3 2 1 1 24 7
C 2 21 20 4 5 3 2 4 24 14
C 2 21 21 4 6 5 1 2 23 15
C 2 21 22 5 5 4 1 3 24 19
C 2 21 23 13 30 38 3 17 23 526
C 2 21 24 13 30 37 3 17 24 690
C 2 21 25 14 39 49 3 23 23 2201
C 2 21 26 13 30 38 3 17 15 558
C 2 21 27 3 3 0 1 0 13 4
C 2 21 28 5 6 6 1 3 14 21
C 2 21 29 5 5 4 1 4 14 22
C 2 21 30 5 9 7 1 4 14 29
C 2 21 31 13 30 37 3 17 14 553
C 2 21 32 8 10 7 2 4 1 39
C 2 21 33 5 4 3 2 1 2 12
C 2 21 34 6 8 8 2 3 2 31
C 2 21 35 4 3 3 2 0 3 8
C 2 21 36 5 5 4 2 1 3 15
C 2 21 37 5 5 5 2 2 5 16
C 2 21 38 6 7 6 2 3 4 24
C 2 21 39 4 3 2 2 1 5 8
C 2 21 40 14 30 37 4 17 5 691
C 2 21 41 2 3 0 0 0 16 3
C 2 21 42 0 0 0 0 0 13 0
C 2 21 43 8 17 21 1 7 13 85
C 2 21 44 6 7 7 3 5 12 41
C 2 21 45 6 6 8 3 4 14 33
C 2 21 46 11 24 26 3 10 12 186
C 2 21 47 8 18 24 1 8 12 86
C 2 21 48 14 36 49 3 20 26 1499
C 2 21 49 7 8 7 1 3 11 45
C 2 21 50 5 6 6 1 3 13 21
C 2 21 51 13 35 43 3 17 27 993
C 2 21 52 8 11 10 1 6 9 54
C 2 21 53 6 10 8 3 4 26 35
C 2 21 54 5 4 6 1 3 14 23
C 2 21 55 14 35 49 3 20 25 1473
C 2 21 56 5 7 6 1 4 15 26
C 2 21 57 10 23 26 3 8 26 133
C 2 21 58 7 9 7 3 6 13 45
C 2 21 59 5 7 7 1 4 8 27
C 2 21 60 13 31 41 3 17 27 549
C 2 21 61 6 8 11 3 4 25 36
C 2 21 62 6 8 6 1 4 11 38
C 2 21 63 14 32 39 3 18 17 729
C 2 21 64 13 32 39 3 17 25 705
C 2 21 65 7 17 21 1 3 24 68
C 2 21 66 0 0 0 0 0 16 0
C 2 21 67 10 23 25 3 8 15 111
C 2 21 68 5 7 5 1 3 25 26
C 2 21 69 5 5 6 1 4 15 21
C 2 21 70 7 17 20 1 5 25 69
C 2 21 71 11 22 26 3 9 14 168
C 2 21 72 9 22 30 3 11 26 157
C 2 21 73 13 30 38 3 17 11 534
C 2 21 74 9 20 26 3 8 26 106
C 2 21 75 13 30 39 3 17 11 519
C 2 21 76 11 23 28 3 8 26 135
C 2 21 77 11 22 28 3 9 16 156
C 2 21 78 5 4 3 1 3 10 19
C 2 21 79 11 23 27 3 9 13 149
C 2 21 80 12 29 37 3 16 25 522
C 2 21 81 14 37 45 3 18 11 1032
C 2 21 82 14 38 46 3 19 27 1686
C 2 21 83 14 37 44 3 20 17 1682
C 2 21 84 13 29 37 3 17 15 538
C 2 21 85 6 6 8 3 4 13 33
C 2 21 86 5 5 5 1 2 10 19
C 2 21 87 5 7 8 3 3 25 28
C 2 21 88 5 8 10 1 2 24 23
C 2 21 89 8 9 7 1 3 25 53
C 2 21 90 11 23 26 3 10 14 167
C 2 21 91 14 31 42 3 17 26 557
C 2 21 92 5 4 4 1 3 12 23
C 2 21 93 6 9 6 1 4 26 34
C 2 21 94 11 23 25 3 10 13 163
C 2 21 95 6 8 10 1 4 12 38
C 2 21 96 7 8 6 3 6 12 41
C 2 21 97 13 34 41 3 17 26 985
C 2 21 98 6 8 7 1 3 10 44
C 2 21 99 5 5 3 1 2 15 21
C 2 21 100 5 7 6 1 4 14 26
C 2 21 101 5 7 8 1 4 9 30
C 2 21 102 6 9 8 2 7 12 46
C 2 21 103 7 10 9 1 6 11 50
C 2 21 104 14 30 37 3 18 16 721
C 2 21 105 6 10 12 3 5 13 59
C 2 21 106 5 6 6 1 3 12 30
C 2 21 107 13 36 43 3 19 12 1470
C 2 21 108 6 10 11 3 5 12 60
C 2 21 109 6 8 6 2 5 26 34
C 2 21 110 5 6 6 3 3 25 20
C 2 21 111 6 9 9 3 5 12 53
C 2 21 112 7 9 7 1 5 12 50
C 2 21 113 6 11 9 3 4 25 44
C 2 21 114 7 9 6 2 4 3 35
C 2 21 115 7 17 21 1 5 26 76
C 2 21 116 11 23 25 3 10 12 159
C 2 21 117 13 33 42 3 18 13 979
C 2 21 118 8 12 10 3 6 13 68
C 2 21 119 14 32 43 3 18 15 578
C 2 21 120 6 8 6 3 5 25 33
C 2 21 121 13 36 44 3 17 26 992
C 2 21 122 7 9 7 3 6 12 65
C 2 21 123 10 22 26 3 8 24 133
C 2 21 124 10 22 28 3 8 26 144
C 2 21 125 14 37 46 3 18 12 2013
C 2 21 126 11 22 26 3 9 12 145
C 2 21 127 10 21 28 3 9 12 137
C 2 21 128 13 35 42 3 18 13 992
C 2 21 129 10 22 27 3 9 11 247
C 2 21 130 11 22 28 3 9 14 148
C 2 21 131 12 35 42 3 17 26 984
C 2 21 132 13 35 42 3 18 11 1000
C 2 21 133 13 31 39 3 18 15 705
C 2 21 134 4 5 3 2 3 23 14
C 2 21 135 5 6 6 3 3 24 29
C 2 21 136 13 31 39 3 17 10 561
C 2 21 137 8 19 25 3 7 25 98
C 2 21 138 5 7 7 1 4 9 29
C 2 21 139 14 38 45 3 18 12 1059
C 2 21 140 13 29 40 3 17 25 512
C 2 21 141 13 35 41 3 17 25 978
C 2 21 142 7 9 8 3 6 13 61
C 2 21 143 14 38 48 3 19 25 1499
C 2 21 144 5 3 5 2 3 13 19
C 2 21 145 6 10 8 3 5 11 60
C 2 21 146 5 5 7 1 3 11 23
C 2 21 147 6 9 7 1 4 12 42
C 2 21 148 7 10 7 1 4 14 53
C 2 21 149 13 29 39 3 17 12 529
C 2 21 150 13 34 43 3 17 25 962
C 2 21 151 4 4 4 1 2 13 15
C 2 21 152 6 7 6 1 4 25 27
C 2 21 153 4 4 4 0 2 13 13
C 2 21 154 14 30 39 3 18 15 698
C 2 21 155 6 7 5 1 4 23 35
C 2 21 156 7 7 5 2 4 6 36
C 2 21 157 6 9 8 1 5 25 38
C 2 21 158 7 19 24 1 6 23 84
C 2 21 159 11 22 26 3 9 10 149
C 2 21 160 7 9 8 1 5 13 42
C 2 21 161 13 37 43 3 18 26 1470
C 2 21 162 5 7 8 3 3 24 24
C 2 21 163 6 7 10 3 4 11 32
C 2 21 164 7 19 23 3 5 25 82
C 2 21 165 13 33 41 3 18 13 970
C 2 21 166 5 5 10 2 2 23 25
C 2 21 167 13 29 40 3 18 12 518
C 2 21 168 14 32 41 3 18 23 676
C 2 21 169 14 37 47 3 20 25 1680
C 2 21 170 14 37 48 3 20 25 1679
C 2 21 171 6 7 7 3 4 14 41
C 2 21 172 14 36 45 3 17 25 1000
C 2 21 173 12 29 34 3 14 13 335
C 2 21 174 12 30 38 3 15 25 473
C 2 21 175 9 23 26 3 8 25 133
C 2 21 176 14 31 42 3 17 24 569
C 2 21 177 6 7 6 1 4 12 39
C 2 21 178 5 5 8 0 2 12 23
C 2 21 179 5 6 6 1 4 11 23
C 2 21 180 5 7 5 1 3 21 19
C 2 21 181 5 7 6 1 2 23 22
C 2 21 182 14 36 44 3 18 14 1023
C 2 21 183 5 5 6 3 3 24 21
C 2 21 184 12 30 38 3 16 14 665
C 2 21 185 11 22 28 3 9 12 144
C 2 21 186 14 36 46 3 18 12 1027
C 2 21 187 7 19 22 1 5 24 84
C 2 21 188 14 35 45 3 20 13 1131
C 2 21 189 4 4 3 1 2 21 11
C 2 21 190 4 5 4 1 2 22 15
C 2 21 191 14 37 48 3 19 24 1473
C 2 21 192 14 35 48 3 21 23 1473
C 2 21 193 5 5 5 1 3 13 27
C 2 21 194 5 9 7 3 4 25 28
C 2 21 195 13 35 43 3 17 25 992
C 2 21 196 4 6 4 1 2 20 15
C 2 21 197 5 7 6 1 2 22 22
C 2 21 198 5 6 4 1 3 22 19
C 2 21 199 5 4 4 2 2 6 16
C 2 21 200 14 36 45 3 17 24 1028
C 2 21 201 12 29 38 3 17 23 510
C 2 21 202 14 37 45 3 21 22 1686
C 2 21 203 14 38 46 3 21 24 1690
C 2 21 204 11 22 26 3 9 15 156
M 2 21 5 4 3 2 1
M 2 21 4 3 3 2 0
M 2 21 7 9 6 2 4
M 2 21 5 5 5 2 2
M 2 21 14 30 37 4 17
M 2 21 7 7 5 2 4
M 2 21 5 7 8 1 4
M 2 21 5 5 5 1 2
M 2 21 13 31 39 3 17
M 2 21 6 8 6 1 4
M 2 21 14 37 45 3 18
M 2 21 10 22 27 3 9
M 2 21 5 5 7 1 3
M 2 21 5 6 6 1 4
M 2 21 11 24 26 3 10
M 2 21 8 18 24 1 8
M 2 21 6 8 10 1 4
M 2 21 6 9 8 2 7
M 2 21 6 10 11 3 5
M 2 21 7 9 7 1 5
M 2 21 10 21 28 3 9
M 2 21 14 38 45 3 18
M 2 21 13 29 39 3 17
M 2 21 3 3 0 1 0
M 2 21 8 17 21 1 7
M 2 21 5 5 5 1 3
M 2 21 13 33 42 3 18
M 2 21 7 9 8 3 6
M 2 21 14 35 45 3 20
M 2 21 4 4 4 0 2
M 2 21 13 33 41 3 18
M 2 21 5 9 7 1 4
M 2 21 5 4 6 1 3
M 2 21 11 23 26 3 10
M 2 21 10 23 25 3 8
M 2 21 13 29 37 3 17
M 2 21 14 32 43 3 18
M 2 21 14 30 39 3 18
M 2 21 14 30 37 3 18
M 2 21 14 37 44 3 20
M 2 21 4 4 3 1 2
M 2 21 5 6 4 1 3
M 2 21 4 6 5 1 2
M 2 21 5 5 10 2 2
M 2 21 12 29 38 3 17
M 2 21 4 5 3 2 3
M 2 21 14 32 41 3 18
M 2 21 14 36 49 3 21
M 2 21 4 5 3 2 4
M 2 21 14 38 46 3 21
M 2 21 7 17 21 1 3
M 2 21 5 5 6 3 3
M 2 21 10 22 26 3 8
M 2 21 5 7 5 1 2
M 2 21 5 7 6 1 3
M 2 21 5 7 10 1 2
M 2 21 7 19 23 3 5
M 2 21 6 8 11 3 4
M 2 21 13 32 39 3 17
M 2 21 7 17 20 1 5
M 2 21 8 9 7 1 3
M 2 21 14 37 47 3 20
M 2 21 6 11 9 3 4
M 2 21 14 37 48 3 20
M 2 21 13 35 41 3 17
M 2 21 3 3 3 1 0
M 2 21 4 5 4 1 1
M 2 21 5 7 5 2 4
M 2 21 6 10 8 3 4
M 2 21 13 37 43 3 18
M 2 21 9 22 30 3 11
M 2 21 9 20 26 3 8
M 2 21 6 9 6 1 4
M 2 21 6 8 6 2 5
M 2 21 5 8 8 1 3
M 2 21 9 23 30 3 11
M 2 21 13 31 41 3 17
M 2 21 12 29 35 3 16
M 2 21 6 8 8 2 3
M 2 21 6 7 6 2 3
M 2 21 5 4 4 2 2
M 2 21 5 7 7 1 4
M 2 21 6 8 7 1 3
M 2 21 7 8 7 1 3
M 2 21 13 30 39 3 17
M 2 21 6 9 9 3 5
M 2 21 13 36 43 3 19
M 2 21 14 36 46 3 18
M 2 21 14 37 46 3 18
M 2 21 5 5 8 0 2
M 2 21 4 4 4 1 2
M 2 21 5 3 5 2 3
M 2 21 13 29 40 3 18
M 2 21 7 9 7 3 6
M 2 21 11 23 27 3 9
M 2 21 5 5 4 1 4
M 2 21 12 30 38 3 16
M 2 21 14 36 44 3 18
M 2 21 13 31 39 3 18
M 2 21 5 5 3 1 2
M 2 21 0 0 0 0 0
M 2 21 4 6 4 1 2
M 2 21 5 7 6 1 2
M 2 21 14 39 49 3 23
M 2 21 14 35 48 3 21
M 2 21 4 5 5 1 2
M 2 21 5 5 4 1 3
M 2 21 5 8 10 1 2
M 2 21 14 37 48 3 19
M 2 21 5 6 6 3 3
M 2 21 14 38 49 3 23
M 2 21 9 23 26 3 8
M 2 21 6 7 6 1 4
M 2 21 14 36 45 3 17
M 2 21 5 7 8 3 3
M 2 21 14 35 49 3 20
M 2 21 12 30 38 3 15
M 2 21 7 17 21 1 5
M 2 21 13 36 44 3 17
M 2 21 12 35 42 3 17
M 2 21 13 34 41 3 17
M 2 21 14 36 49 3 20
M 2 21 4 4 3 1 1
M 2 21 10 22 28 3 8
M 2 21 13 35 43 3 17
M 2 21 14 38 46 3 19
M 2 21 11 22 28 3 9
M 2 21 8 10 7 2 4
M 2 21 4 3 2 2 1
M 2 21 5 4 3 1 3
M 2 21 7 10 9 1 6
M 2 21 6 9 7 1 4
M 2 21 6 7 7 3 5
M 2 21 12 29 34 3 14
M 2 21 8 12 10 3 6
M 2 21 13 35 42 3 18
M 2 21 6 6 8 3 4
M 2 21 11 22 26 3 9
M 2 21 5 5 6 1 4
M 2 21 14 32 39 3 18
M 2 21 14 37 45 3 21
M 2 21 3 3 2 1 1
M 2 21 6 7 5 1 4
M 2 21 12 29 37 3 16
M 2 21 14 38 48 3 19
M 2 21 8 19 25 3 7
M 2 21 6 9 8 1 5
M 2 21 14 31 42 3 17
M 2 21 13 34 43 3 17
M 2 21 11 23 28 3 8
M 2 21 10 23 26 3 8
M 2 21 7 10 7 1 4
M 2 21 13 30 38 3 17
M 2 21 8 11 10 1 6
M 2 21 6 7 10 3 4
M 2 21 7 8 6 3 6
M 2 21 6 10 12 3 5
M 2 21 6 7 7 3 4
M 2 21 2 3 0 0 0
M 2 21 4 5 4 1 2
M 2 21 5 9 7 3 4
M 2 21 6 8 6 3 5
M 2 21 5 7 5 1 3
M 2 21 5 6 6 3 2
M 2 21 12 28 35 3 16
M 2 21 5 5 4 2 1
M 2 21 5 4 4 1 3
M 2 21 7 9 8 1 5
M 2 21 7 19 24 1 6
M 2 21 13 30 37 3 17
P 2 21 0 1
P 2 21 1 1
P 2 21 2 1
P 2 21 3 1
P 2 21 4 0
P 2 21 5 0
P 2 21 6 0
P 2 21 7 0
P 2 21 8 1
P 2 21 9 1
P 2 21 10 1
P 2 21 11 1
P 2 21 12 1
P 2 21 13 1
P 2 21 14 0
P 2 21 15 1
P 2 21 16 1
P 2 21 17 0
P 2 21 18 1
P 2 21 19 1
P 2 21 20 1
P 2 21 21 0
P 2 21 22 1
P 2 21 23 1
P 2 21 24 0
P 2 21 25 1
P 2 21 26 1
P 2 21 27 0
P 2 21 28 1
P 2 21 29 1
P 2 21 30 0
P 2 21 31 0
P 2 21 32 0
P 2 21 33 0
P 2 21 34 0
P 2 21 35 0
P 2 21 36 0
P 2 21 37 0
P 2 21 38 0
P 2 21 39 0
P 2 21 40 0
P 2 21 41 0
P 2 21 42 0
P 2 21 43 0
P 2 21 44 0
P 2 21 45 0
P 2 21 46 0
P 2 21 47 0
P 2 21 48 1
P 2 21 49 0
P 2 21 50 0
P 2 21 51 0
P 2 21 52 0
P 2 21 53 1
P 2 21 54 1
P 2 21 55 0
P 2 21 56 0
P 2 21 57 0
P 2 21 58 0
P 2 21 59 0
P 2 21 60 0
P 2 21 61 0
P 2 21 62 0
P 2 21 63 0
P 2 21 64 0
P 2 21 65 0
P 2 21 66 0
P 2 21 67 1
P 2 21 68 0
P 2 21 69 0
P 2 21 70 0
P 2 21 71 0
P 2 21 72 0
P 2 21 73 0
P 2 21 74 0
P 2 21 75 0
P 2 21 76 0
P 2 21 77 1
P 2 21 78 0
P 2 21 79 0
P 2 21 80 0
P 2 21 81 0
P 2 21 82 0
P 2 21 83 0
P 2 21 84 0
P 2 21 85 0
P 2 21 86 0
P 2 21 87 0
P 2 21 88 0
P 2 21 89 0
P 2 21 90 0
P 2 21 91 1
P 2 21 92 0
P 2 21 93 0
P 2 21 94 0
P 2 21 95 0
P 2 21 96 0
P 2 21 97 0
P 2 21 98 0
P 2 21 99 0
P 2 21 100 0
P 2 21 101 0
P 2 21 102 0
P 2 21 103 0
P 2 21 104 0
P 2 21 105 0
P 2 21 106 0
P 2 21 107 0
P 2 21 108 0
P 2 21 109 0
P 2 21 110 1
P 2 21 111 0
P 2 21 112 0
P 2 21 113 0
P 2 21 114 0
P 2 21 115 0
P 2 21 116 0
P 2 21 117 0
P 2 21 118 0
P 2 21 119 0
P 2 21 120 1
P 2 21 121 0
P 2 21 122 0
P 2 21 123 0
P 2 21 124 0
P 2 21 125 0
P 2 21 126 0
P 2 21 127 0
P 2 21 128 0
P 2 21 129 0
P 2 21 130 0
P 2 21 131 0
P 2 21 132 0
P 2 21 133 0
P 2 21 134 0
P 2 21 135 0
P 2 21 136 0
P 2 21 137 0
P 2 21 138 0
P 2 21 139 0
P 2 21 140 0
P 2 21 141 0
P 2 21 142 0
P 2 21 143 0
P 2 21 144 0
P 2 21 145 0
P 2 21 146 0
P 2 21 147 0
P 2 21 148 0
P 2 21 149 0
P 2 21 150 0
P 2 21 151 0
P 2 21 152 0
P 2 21 153 0
P 2 21 154 0
P 2 21 155 0
P 2 21 156 0
P 2 21 157 0
P 2 21 158 0
P 2 21 159 0
P 2 21 160 0
P 2 21 161 0
P 2 21 162 0
P 2 21 163 0
P 2 21 164 0
P 2 21 165 0
P 2 21 166 0
P 2 21 167 0
P 2 21 168 0
P 2 21 169 0
P 2 21 170 0
P 2 21 171 0
P 2 21 172 0
P 2 21 173 0
P 2 21 174 0
P 2 21 175 0
P 2 21 176 0
P 2 21 177 0
P 2 21 178 0
P 2 21 179 0
P 2 21 180 0
P 2 21 181 0
P 2 21 182 0
P 2 21 183 0
P 2 21 184 0
P 2 21 185 0
P 2 21 186 0
P 2 21 187 0
P 2 21 188 0
P 2 21 189 0
P 2 21 190 0
P 2 21 191 0
P 2 21 192 0
P 2 21 193 0
P 2 21 194 1
P 2 21 195 0
P 2 21 196 0
P 2 21 197 0
P 2 21 198 0
P 2 21 199 0
P 2 21 200 0
P 2 21 201 0
P 2 21 202 0
P 2 21 203 1
P 2 21 204 1
C 2 22 0 7 10 7 1 4 29 38
C 2 22 1 12 29 35 3 16 28 523
C 2 22 2 4 4 3 1 1 28 11
C 2 22 3 5 8 8 1 3 28 30
C 2 22 4 3 3 3 1 0 27 7
C 2 22 5 4 5 4 1 1 27 14
C 2 22 6 5 6 6 3 2 27 20
C 2 22 7 5 7 5 2 4 27 21
C 2 22 8 6 10 8 3 4 27 35
C 2 22 9 14 31 42 3 17 27 557
C 2 22 10 14 36 48 3 21 27 1499
C 2 22 11 14 36 49 3 20 27 1499
C 2 22 12 5 6 6 3 3 26 20
C 2 22 13 5 7 5 1 2 26 22
C 2 22 14 5 7 6 1 3 26 23
C 2 22 15 5 9 7 3 4 26 28
C 2 22 16 6 8 6 3 5 26 33
C 2 22 17 14 38 49 3 23 26 2458
C 2 22 18 3 3 2 1 1 25 7
C 2 22 19 4 5 3 2 4 25 14
C 2 22 20 5 5 4 1 3 25 19
C 2 22 21 14 36 49 3 21 25 1493
C 2 22 22 14 38 46 3 21 25 1690
C 2 22 23 13 30 38 3 17 23 526
C 2 22 24 14 39 49 3 23 24 2201
C 2 22 25 11 22 28 3 9 16 156
C 2 22 26 10 23 25 3 8 16 111
C 2 22 27 11 22 26 3 9 15 156
C 2 22 28 13 30 38 3 17 15 558
C 2 22 29 5 6 6 1 3 15 21
C 2 22 30 5 5 4 1 4 15 22
C 2 22 31 5 4 6 1 3 15 23
C 2 22 32 8 10 7 2 4 1 39
C 2 22 33 5 4 3 2 1 2 12
C 2 22 34 6 8 8 2 3 2 31
C 2 22 35 4 3 3 2 0 3 8
C 2 22 36 5 5 4 2 1 3 15
C 2 22 37 6 7 6 2 3 4 24
C 2 22 38 6 9 7 4 4 4 29
C 2 22 39 7 8 6 4 5 4 34
C 2 22 40 4 3 2 2 1 5 8
C 2 22 41 0 0 0 0 0 14 0
C 2 22 42 8 17 21 1 7 13 85
C 2 22 43 6 7 7 3 5 13 41
C 2 22 44 7 8 7 1 3 12 45
C 2 22 45 5 6 6 1 3 14 21
C 2 22 46 5 5 6 1 4 16 21
C 2 22 47 13 31 41 3 17 28 549
C 2 22 48 4 4 4 0 2 14 13
C 2 22 49 7 10 6 1 5 28 38
C 2 22 50 6 10 11 3 5 13 60
C 2 22 51 2 3 0 0 0 17 3
C 2 22 52 10 22 28 3 8 28 137
C 2 22 53 6 7 7 3 4 15 41
C 2 22 54 10 23 26 3 8 27 133
C 2 22 55 11 23 26 3 10 15 167
C 2 22 56 13 35 43 3 17 28 993
C 2 22 57 5 7 6 1 4 16 26
C 2 22 58 7 9 7 3 6 14 45
C 2 22 59 6 8 11 3 4 26 36
C 2 22 60 6 8 6 1 4 12 38
C 2 22 61 14 35 49 3 20 26 1473
C 2 22 62 13 36 44 3 20 14 1651
C 2 22 63 4 5 5 1 2 24 15
C 2 22 64 13 32 39 3 17 26 705
C 2 22 65 6 9 6 1 4 27 34
C 2 22 66 5 5 3 1 2 16 21
C 2 22 67 13 37 43 3 18 26 1470
C 2 22 68 12 28 35 3 16 27 507
C 2 22 69 7 17 21 1 3 24 68
C 2 22 70 8 18 24 1 8 12 86
C 2 22 71 11 22 26 3 9 14 168
C 2 22 72 9 22 30 3 11 26 157
C 2 22 73 13 30 38 3 17 11 534
C 2 22 74 9 20 26 3 8 26 106
C 2 22 75 13 30 39 3 17 11 519
C 2 22 76 11 23 28 3 8 26 135
C 2 22 77 13 29 37 3 17 15 538
C 2 22 78 8 18 23 1 8 13 85
C 2 22 79 13 30 37 3 17 14 553
C 2 22 80 9 23 30 3 11 27 180
C 2 22 81 13 36 42 3 18 14 1008
C 2 22 82 11 23 27 3 9 13 149
C 2 22 83 12 29 37 3 16 25 522
C 2 22 84 14 37 45 3 18 11 1032
C 2 22 85 14 38 46 3 19 27 1686
C 2 22 86 7 17 20 1 5 25 69
C 2 22 87 5 5 5 1 2 11 19
C 2 22 88 5 7 8 3 3 26 28
C 2 22 89 11 24 26 3 10 13 186
C 2 22 90 6 8 6 2 5 27 34
C 2 22 91 6 10 12 3 5 14 59
C 2 22 92 8 12 10 3 6 14 68
C 2 22 93 8 9 7 1 3 26 53
C 2 22 94 5 4 4 1 3 13 23
C 2 22 95 4 6 5 1 2 23 15
C 2 22 96 5 7 5 1 3 26 26
C 2 22 97 6 8 10 1 4 13 38
C 2 22 98 7 8 6 3 6 13 41
C 2 22 99 6 6 8 3 4 15 33
C 2 22 100 5 9 7 1 4 15 29
C 2 22 101 6 6 8 3 4 14 33
C 2 22 102 10 22 28 3 8 27 144
C 2 22 103 14 32 43 3 18 16 578
C 2 22 104 13 34 41 3 17 27 985
C 2 22 105 5 7 6 1 4 15 26
C 2 22 106 6 9 8 2 7 13 46
C 2 22 107 7 10 9 1 6 11 50
C 2 22 108 13 30 37 3 17 25 690
C 2 22 109 5 3 5 2 3 14 19
C 2 22 110 6 10 8 3 5 12 60
C 2 22 111 5 5 5 1 3 14 27
C 2 22 112 5 9 7 3 4 27 28
C 2 22 113 6 9 7 1 4 13 42
C 2 22 114 7 10 7 1 4 15 53
C 2 22 115 6 9 9 3 5 15 36
C 2 22 116 11 23 26 3 10 15 159
C 2 22 117 4 4 4 1 2 14 15
C 2 22 118 6 7 6 1 4 26 27
C 2 22 119 13 34 43 3 17 26 962
C 2 22 120 13 33 42 3 18 14 979
C 2 22 121 7 10 8 1 4 25 70
C 2 22 122 11 23 27 3 9 24 156
C 2 22 123 6 9 8 1 5 26 38
C 2 22 124 4 4 4 1 2 24 15
C 2 22 125 11 23 25 3 10 14 163
C 2 22 126 12 30 38 3 15 26 473
C 2 22 127 7 9 8 1 5 14 42
C 2 22 128 7 17 21 1 5 26 76
C 2 22 129 13 29 40 3 17 26 512
C 2 22 130 12 33 41 3 18 12 858
C 2 22 131 12 34 42 3 18 15 984
C 2 22 132 13 33 41 3 18 14 970
C 2 22 133 14 37 44 3 20 16 1682
C 2 22 134 5 7 8 3 3 24 24
C 2 22 135 13 29 40 3 18 12 518
C 2 22 136 14 30 37 3 18 17 721
C 2 22 137 14 36 45 3 20 25 1675
C 2 22 138 10 22 26 3 9 24 140
C 2 22 139 8 19 25 3 7 25 98
C 2 22 140 14 37 47 3 20 26 1680
C 2 22 141 14 37 48 3 20 26 1679
C 2 22 142 12 31 37 3 16 14 846
C 2 22 143 14 36 45 3 17 26 1000
C 2 22 144 12 29 34 3 14 14 335
C 2 22 145 13 36 44 3 17 27 992
C 2 22 146 11 22 27 3 8 24 145
C 2 22 147 14 36 44 3 18 15 1023
C 2 22 148 6 11 9 3 4 26 44
C 2 22 149 6 7 6 1 4 12 39
C 2 22 150 14 38 48 3 19 27 1504
C 2 22 151 5 7 7 1 4 8 27
C 2 22 152 11 26 34 3 16 14 400
C 2 22 153 13 35 41 3 17 26 978
C 2 22 154 13 35 43 3 17 26 984
C 2 22 155 14 38 48 3 19 26 1499
C 2 22 156 13 35 46 3 20 15 1465
C 2 22 157 7 9 8 3 6 14 61
C 2 22 158 14 36 48 3 21 25 1494
C 2 22 159 11 22 26 3 9 15 157
C 2 22 160 11 25 33 3 16 15 396
C 2 22 161 13 35 42 3 18 12 999
C 2 22 162 14 36 49 3 20 26 1494
C 2 22 163 5 5 6 3 3 25 21
C 2 22 164 4 5 3 2 3 24 14
C 2 22 165 13 35 43 3 17 25 992
C 2 22 166 5 6 6 3 3 25 29
C 2 22 167 5 6 6 1 4 11 23
C 2 22 168 10 22 26 3 8 25 133
C 2 22 169 6 9 9 3 5 13 53
C 2 22 170 14 36 44 3 18 15 1008
C 2 22 171 13 34 42 3 20 25 1901
C 2 22 172 12 30 40 3 18 24 783
C 2 22 173 12 35 42 3 17 26 984
C 2 22 174 14 37 47 3 21 14 1994
C 2 22 175 14 37 45 3 21 14 2137
C 2 22 176 11 23 25 3 10 13 159
C 2 22 177 14 31 42 3 17 25 569
C 2 22 178 9 23 26 3 8 26 133
C 2 22 179 14 37 48 3 19 25 1473
C 2 22 180 7 19 24 1 6 23 84
C 2 22 181 5 6 6 1 2 25 22
C 2 22 182 9 24 32 3 11 24 178
C 2 22 183 6 7 5 1 4 24 35
C 2 22 184 14 35 48 3 21 24 1473
C 2 22 185 14 37 45 3 21 23 1686
C 2 22 186 14 36 44 3 21 24 1682
C 2 22 187 12 29 38 3 17 23 510
C 2 22 188 5 7 6 1 2 23 22
C 2 22 189 4 6 4 1 2 20 15
C 2 22 190 11 22 28 3 9 14 148
C 2 22 191 8 19 23 1 8 14 93
M 2 22 5 4 3 2 1
M 2 22 4 3 3 2 0
M 2 22 6 7 6 2 3
M 2 22 7 8 6 4 5
M 2 22 5 7 7 1 4
M 2 22 14 37 45 3 18
M 2 22 7 10 9 1 6
M 2 22 7 8 7 1 3
M 2 22 8 18 24 1 8
M 2 22 12 33 41 3 18
M 2 22 13 35 42 3 18
M 2 22 6 7 7 3 5
M 2 22 8 18 23 1 8
M 2 22 5 4 4 1 3
M 2 22 7 8 6 3 6
M 2 22 6 9 7 1 4
M 2 22 0 0 0 0 0
M 2 22 7 9 7 3 6
M 2 22 13 36 42 3 18
M 2 22 8 12 10 3 6
M 2 22 5 3 5 2 3
M 2 22 13 33 42 3 18
M 2 22 13 33 41 3 18
M 2 22 12 29 34 3 14
M 2 22 11 26 34 3 16
M 2 22 5 4 6 1 3
M 2 22 13 29 37 3 17
M 2 22 5 9 7 1 4
M 2 22 11 25 33 3 16
M 2 22 5 5 6 1 4
M 2 22 14 32 43 3 18
M 2 22 2 3 0 0 0
M 2 22 4 6 4 1 2
M 2 22 12 29 38 3 17
M 2 22 7 19 24 1 6
M 2 22 9 24 32 3 11
M 2 22 4 5 5 1 2
M 2 22 14 35 48 3 21
M 2 22 14 36 44 3 21
M 2 22 12 30 40 3 18
M 2 22 3 3 2 1 1
M 2 22 4 5 3 2 4
M 2 22 14 36 49 3 21
M 2 22 13 34 42 3 20
M 2 22 5 6 6 1 2
M 2 22 7 17 20 1 5
M 2 22 5 5 6 3 3
M 2 22 7 10 8 1 4
M 2 22 5 7 6 1 3
M 2 22 6 8 6 3 5
M 2 22 13 35 41 3 17
M 2 22 9 23 26 3 8
M 2 22 6 8 11 3 4
M 2 22 14 35 49 3 20
M 2 22 14 37 48 3 20
M 2 22 13 37 43 3 18
M 2 22 9 22 30 3 11
M 2 22 11 23 28 3 8
M 2 22 8 9 7 1 3
M 2 22 12 35 42 3 17
M 2 22 3 3 3 1 0
M 2 22 5 6 6 3 2
M 2 22 6 10 8 3 4
M 2 22 10 23 26 3 8
M 2 22 12 28 35 3 16
M 2 22 14 38 46 3 19
M 2 22 6 8 6 2 5
M 2 22 4 4 3 1 1
M 2 22 13 31 41 3 17
M 2 22 8 10 7 2 4
M 2 22 5 5 4 2 1
M 2 22 4 3 2 2 1
M 2 22 5 5 5 1 2
M 2 22 13 29 40 3 18
M 2 22 5 6 6 1 4
M 2 22 8 17 21 1 7
M 2 22 6 9 8 2 7
M 2 22 5 5 5 1 3
M 2 22 14 37 47 3 21
M 2 22 7 9 8 3 6
M 2 22 12 31 37 3 16
M 2 22 13 36 44 3 20
M 2 22 14 36 44 3 18
M 2 22 5 5 4 1 4
M 2 22 6 7 7 3 4
M 2 22 12 34 42 3 18
M 2 22 6 9 9 3 5
M 2 22 10 23 25 3 8
M 2 22 5 5 3 1 2
M 2 22 14 30 37 3 18
M 2 22 5 7 6 1 2
M 2 22 14 39 49 3 23
M 2 22 4 5 3 2 3
M 2 22 6 7 5 1 4
M 2 22 7 17 21 1 3
M 2 22 14 36 45 3 20
M 2 22 14 38 46 3 21
M 2 22 12 29 37 3 16
M 2 22 14 37 48 3 19
M 2 22 5 6 6 3 3
M 2 22 7 17 21 1 5
M 2 22 6 7 6 1 4
M 2 22 14 37 47 3 20
M 2 22 12 30 38 3 15
M 2 22 5 7 5 1 3
M 2 22 6 11 9 3 4
M 2 22 6 9 8 1 5
M 2 22 4 5 4 1 1
M 2 22 14 36 45 3 17
M 2 22 14 36 48 3 21
M 2 22 6 9 6 1 4
M 2 22 14 38 48 3 19
M 2 22 13 36 44 3 17
M 2 22 5 8 8 1 3
M 2 22 7 10 7 1 4
M 2 22 13 30 38 3 17
M 2 22 7 10 6 1 5
M 2 22 6 9 7 4 4
M 2 22 6 10 8 3 5
M 2 22 6 10 11 3 5
M 2 22 7 9 8 1 5
M 2 22 8 19 23 1 8
M 2 22 4 4 4 0 2
M 2 22 11 23 26 3 10
M 2 22 6 10 12 3 5
M 2 22 5 7 6 1 4
M 2 22 14 37 44 3 20
M 2 22 11 22 27 3 8
M 2 22 4 4 4 1 2
M 2 22 8 19 25 3 7
M 2 22 5 5 4 1 3
M 2 22 13 29 40 3 17
M 2 22 13 30 37 3 17
M 2 22 14 38 49 3 23
M 2 22 13 32 39 3 17
M 2 22 13 34 41 3 17
M 2 22 14 31 42 3 17
M 2 22 5 9 7 3 4
M 2 22 12 29 35 3 16
M 2 22 11 22 26 3 9
M 2 22 6 8 8 2 3
M 2 22 6 8 6 1 4
M 2 22 6 8 10 1 4
M 2 22 5 6 6 1 3
M 2 22 13 35 46 3 20
M 2 22 14 37 45 3 21
M 2 22 10 22 26 3 8
M 2 22 9 20 26 3 8
M 2 22 10 22 26 3 9
M 2 22 13 34 43 3 17
M 2 22 14 36 49 3 20
M 2 22 10 22 28 3 8
M 2 22 13 30 39 3 17
M 2 22 11 24 26 3 10
M 2 22 11 22 28 3 9
M 2 22 11 23 27 3 9
P 2 22 0 1
P 2 22 1 0
P 2 22 2 1
P 2 22 3 1
P 2 22 4 1
P 2 22 5 1
P 2 22 6 1
P 2 22 7 1
P 2 22 8 0
P 2 22 9 0
P 2 22 10 0
P 2 22 11 0
P 2 22 12 1
P 2 22 13 0
P 2 22 14 0
P 2 22 15 0
P 2 22 16 0
P 2 22 17 1
P 2 22 18 0
P 2 22 19 0
P 2 22 20 0
P 2 22 21 1
P 2 22 22 0
P 2 22 23 0
P 2 22 24 1
P 2 22 25 0
P 2 22 26 0
P 2 22 27 0
P 2 22 28 0
P 2 22 29 0
P 2 22 30 0
P 2 22 31 0
P 2 22 32 0
P 2 22 33 0
P 2 22 34 0
P 2 22 35 0
P 2 22 36 0
P 2 22 37 0
P 2 22 38 0
P 2 22 39 0
P 2 22 40 0
P 2 22 41 0
P 2 22 42 0
P 2 22 43 0
P 2 22 44 0
P 2 22 45 0
P 2 22 46 0
P 2 22 47 0
P 2 22 48 0
P 2 22 49 1
P 2 22 50 0
P 2 22 51 0
P 2 22 52 1
P 2 22 53 0
P 2 22 54 0
P 2 22 55 0
P 2 22 56 1
P 2 22 57 0
P 2 22 58 0
P 2 22 59 1
P 2 22 60 0
P 2 22 61 0
P 2 22 62 0
P 2 22 63 1
P 2 22 64 0
P 2 22 65 1
P 2 22 66 0
P 2 22 67 0
P 2 22 68 0
P 2 22 69 0
P 2 22 70 0
P 2 22 71 0
P 2 22 72 0
P 2 22 73 0
P 2 22 74 1
P 2 22 75 0
P 2 22 76 1
P 2 22 77 0
P 2 22 78 0
P 2 22 79 0
P 2 22 80 0
P 2 22 81 0
P 2 22 82 0
P 2 22 83 0
P 2 22 84 0
P 2 22 85 0
P 2 22 86 0
P 2 22 87 0
P 2 22 88 1
P 2 22 89 0
P 2 22 90 1
P 2 22 91 0
P 2 22 92 0
P 2 22 93 1
P 2 22 94 0
P 2 22 95 0
P 2 22 96 1
P 2 22 97 0
P 2 22 98 0
P 2 22 99 0
P 2 22 100 0
P 2 22 101 0
P 2 22 102 0
P 2 22 103 0
P 2 22 104 1
P 2 22 105 0
P 2 22 106 0
P 2 22 107 0
P 2 22 108 0
P 2 22 109 0
P 2 22 110 0
P 2 22 111 0
P 2 22 112 1
P 2 22 113 0
P 2 22 114 0
P 2 22 115 0
P 2 22 116 0
P 2 22 117 0
P 2 22 118 0
P 2 22 119 0
P 2 22 120 0
P 2 22 121 0
P 2 22 122 0
P 2 22 123 1
P 2 22 124 0
P 2 22 125 0
P 2 22 126 0
P 2 22 127 0
P 2 22 128 0
P 2 22 129 0
P 2 22 130 0
P 2 22 131 0
P 2 22 132 0
P 2 22 133 0
P 2 22 134 0
P 2 22 135 0
P 2 22 136 0
P 2 22 137 0
P 2 22 138 0
P 2 22 139 0
P 2 22 140 0
P 2 22 141 0
P 2 22 142 0
P 2 22 143 0
P 2 22 144 0
P 2 22 145 0
P 2 22 146 1
P 2 22 147 0
P 2 22 148 0
P 2 22 149 0
P 2 22 150 1
P 2 22 151 0
P 2 22 152 0
P 2 22 153 0
P 2 22 154 1
P 2 22 155 0
P 2 22 156 0
P 2 22 157 0
P 2 22 158 0
P 2 22 159 0
P 2 22 160 0
P 2 22 161 0
P 2 22 162 0
P 2 22 163 0
P 2 22 164 0
P 2 22 165 1
P 2 22 166 0
P 2 22 167 0
P 2 22 168 0
P 2 22 169 0
P 2 22 170 0
P 2 22 171 0
P 2 22 172 1
P 2 22 173 0
P 2 22 174 0
P 2 22 175 0
P 2 22 176 0
P 2 22 177 0
P 2 22 178 0
P 2 22 179 0
P 2 22 180 0
P 2 22 181 0
P 2 22 182 0
P 2 22 183 1
P 2 22 184 0
P 2 22 185 0
P 2 22 186 0
P 2 22 187 0
P 2 22 188 0
P 2 22 189 0
P 2 22 190 0
P 2 22 191 0
C 2 23 0 7 10 7 1 4 30 38
C 2 23 1 4 4 3 1 1 29 11
C 2 23 2 5 8 8 1 3 29 30
C 2 23 3 7 10 6 1 5 29 38
C 2 23 4 10 22 28 3 8 29 137
C 2 23 5 13 35 43 3 17 29 993
C 2 23 6 3 3 3 1 0 28 7
C 2 23 7 4 5 4 1 1 28 14
C 2 23 8 5 6 6 3 2 27 20
C 2 23 9 5 7 5 2 4 28 21
C 2 23 10 5 9 7 3 4 28 28
C 2 23 11 6 9 6 1 4 28 34
C 2 23 12 6 8 6 2 5 28 34
C 2 23 13 13 34 41 3 17 28 985
C 2 23 14 14 38 48 3 19 28 1504
C 2 23 15 5 6 6 3 3 27 20
C 2 23 16 5 7 5 1 3 27 26
C 2 23 17 5 7 8 3 3 26 28
C 2 23 18 6 8 11 3 4 27 36
C 2 23 19 6 9 8 1 5 27 38
C 2 23 20 8 9 7 1 3 27 53
C 2 23 21 9 20 26 3 8 26 106
C 2 23 22 11 23 28 3 8 27 135
C 2 23 23 13 35 43 3 17 27 984
C 2 23 24 14 38 49 3 23 27 2458
C 2 23 25 13 35 43 3 17 26 992
C 2 23 26 14 36 49 3 21 26 1493
C 2 23 27 4 5 5 1 2 25 15
C 2 23 28 6 7 5 1 4 25 35
C 2 23 29 11 22 27 3 8 25 145
C 2 23 30 12 30 40 3 18 25 783
C 2 23 31 14 39 49 3 23 24 2201
C 2 23 32 8 10 7 2 4 1 39
C 2 23 33 5 4 3 2 1 2 12
C 2 23 34 6 8 8 2 3 2 31
C 2 23 35 4 3 3 2 0 3 8
C 2 23 36 5 5 4 2 1 3 15
C 2 23 37 7 9 6 2 4 3 35
C 2 23 38 5 5 5 2 2 6 16
C 2 23 39 7 7 5 2 4 6 36
C 2 23 40 0 0 0 0 0 15 0
C 2 23 41 6 7 7 3 5 14 41
C 2 23 42 5 6 6 1 3 16 21
C 2 23 43 6 6 8 3 4 16 33
C 2 23 44 11 24 26 3 10 14 186
C 2 23 45 11 25 33 3 16 16 396
C 2 23 46 7 8 7 1 3 13 45
C 2 23 47 5 6 6 1 3 15 21
C 2 23 48 6 10 12 3 5 15 59
C 2 23 49 10 23 25 3 8 17 111
C 2 23 50 6 6 8 3 4 15 33
C 2 23 51 14 36 48 3 20 17 1473
C 2 23 52 6 10 11 3 5 14 60
C 2 23 53 5 9 7 1 4 16 29
C 2 23 54 5 5 5 1 2 12 19
C 2 23 55 6 8 10 1 4 14 38
C 2 23 56 10 23 26 3 8 28 133
C 2 23 57 5 7 6 1 4 16 26
C 2 23 58 13 30 39 3 17 11 519
C 2 23 59 14 36 49 3 20 28 1499
C 2 23 60 13 31 41 3 17 29 549
C 2 23 61 13 36 43 3 18 13 996
C 2 23 62 14 35 49 3 20 27 1473
C 2 23 63 8 11 10 1 6 10 54
C 2 23 64 5 7 6 1 3 27 23
C 2 23 65 7 10 7 1 4 16 53
C 2 23 66 11 23 27 3 9 14 149
C 2 23 67 13 30 37 3 17 26 690
C 2 23 68 13 32 39 3 17 27 705
C 2 23 69 5 5 3 1 2 17 21
C 2 23 70 8 19 25 3 7 25 98
C 2 23 71 14 31 42 3 17 28 557
C 2 23 72 13 37 44 3 18 14 1023
C 2 23 73 4 6 5 1 2 24 15
C 2 23 74 5 7 7 1 4 9 27
C 2 23 75 4 4 4 1 2 15 15
C 2 23 76 6 10 8 3 4 28 35
C 2 23 77 5 5 6 1 4 17 21
C 2 23 78 11 23 25 3 10 15 163
C 2 23 79 7 8 6 3 6 14 41
C 2 23 80 6 7 7 3 4 16 41
C 2 23 81 5 5 4 1 4 16 22
C 2 23 82 5 4 6 1 3 16 23
C 2 23 83 13 35 41 3 17 27 978
C 2 23 84 8 12 10 3 6 15 68
C 2 23 85 4 4 4 0 2 15 13
C 2 23 86 5 7 6 1 4 17 26
C 2 23 87 11 23 27 3 10 12 164
C 2 23 88 11 22 26 3 9 13 145
C 2 23 89 10 22 28 3 8 28 144
C 2 23 90 6 8 7 1 3 11 44
C 2 23 91 6 7 5 1 3 15 37
C 2 23 92 11 26 34 3 16 15 400
C 2 23 93 5 6 6 1 3 14 30
C 2 23 94 13 36 43 3 19 13 1470
C 2 23 95 2 3 0 0 0 18 3
C 2 23 96 14 37 48 3 20 16 1494
C 2 23 97 6 8 9 1 4 13 46
C 2 23 98 5 5 5 1 3 15 27
C 2 23 99 14 31 41 3 18 12 690
C 2 23 100 6 11 9 1 4 27 49
C 2 23 101 7 9 8 1 5 15 42
C 2 23 102 11 22 27 3 8 26 131
C 2 23 103 6 11 9 3 4 26 44
C 2 23 104 11 23 25 3 10 14 159
C 2 23 105 14 36 44 3 18 16 1023
C 2 23 106 12 33 39 3 16 16 827
C 2 23 107 6 10 8 3 5 13 60
C 2 23 108 7 9 7 3 6 15 69
C 2 23 109 7 9 7 3 6 15 45
C 2 23 110 10 21 28 3 9 12 137
C 2 23 111 8 18 24 1 8 13 86
C 2 23 112 13 33 42 3 18 15 979
C 2 23 113 13 36 44 3 17 28 992
C 2 23 114 8 18 23 1 8 14 85
C 2 23 115 10 22 26 3 8 26 133
C 2 23 116 11 23 25 3 10 17 155
C 2 23 117 6 8 6 3 5 27 33
C 2 23 118 11 22 28 3 9 15 148
C 2 23 119 14 32 39 3 18 19 729
C 2 23 120 5 3 5 2 3 14 19
C 2 23 121 7 9 8 3 6 15 61
C 2 23 122 6 9 8 2 7 14 46
C 2 23 123 7 9 7 1 5 14 50
C 2 23 124 12 29 37 3 16 26 522
C 2 23 125 13 34 43 3 17 27 962
C 2 23 126 5 5 7 1 3 12 23
C 2 23 127 5 7 5 1 2 27 22
C 2 23 128 5 6 6 1 2 26 22
C 2 23 129 3 3 2 1 1 26 7
C 2 23 130 11 22 26 3 10 11 148
C 2 23 131 12 30 38 3 15 27 473
C 2 23 132 13 35 42 3 18 15 1015
C 2 23 133 5 7 8 1 4 10 30
C 2 23 134 8 17 21 1 7 14 85
C 2 23 135 13 29 40 3 17 26 512
C 2 23 136 13 33 41 3 18 14 970
C 2 23 137 5 7 8 3 3 24 24
C 2 23 138 6 7 10 3 4 11 32
C 2 23 139 13 30 38 3 17 13 497
C 2 23 140 14 30 37 3 18 18 721
C 2 23 141 11 23 26 3 10 16 167
C 2 23 142 14 36 45 3 17 27 1000
C 2 23 143 8 19 23 1 8 15 93
C 2 23 144 14 36 44 3 18 16 1008
C 2 23 145 4 5 3 2 4 26 14
C 2 23 146 11 22 26 3 9 16 156
C 2 23 147 14 32 43 3 18 17 578
C 2 23 148 5 9 7 3 4 27 28
C 2 23 149 6 9 9 3 5 16 36
C 2 23 150 6 9 9 3 5 14 53
C 2 23 151 11 22 29 3 9 13 138
C 2 23 152 11 24 27 3 10 16 163
C 2 23 153 5 4 4 1 3 14 23
C 2 23 154 13 30 39 3 17 13 514
C 2 23 155 7 10 9 1 6 12 50
C 2 23 156 7 10 8 1 4 26 70
C 2 23 157 13 35 42 3 18 14 992
C 2 23 158 9 23 26 3 8 27 133
C 2 23 159 14 38 46 3 20 16 2644
C 2 23 160 14 37 48 3 20 26 1679
C 2 23 161 6 9 7 1 4 14 42
C 2 23 162 5 6 5 2 5 26 22
C 2 23 163 5 5 6 3 3 25 21
C 2 23 164 5 8 6 1 3 26 30
C 2 23 165 14 34 43 3 19 14 1476
C 2 23 166 10 22 27 3 8 26 133
C 2 23 167 6 6 8 3 4 15 37
C 2 23 168 12 31 37 3 16 15 846
C 2 23 169 7 8 7 3 6 15 49
C 2 23 170 6 8 6 1 4 13 38
C 2 23 171 13 30 38 3 17 12 515
C 2 23 172 13 36 42 3 18 15 1008
C 2 23 173 14 31 41 3 17 25 547
C 2 23 174 5 5 10 2 2 23 25
C 2 23 175 10 21 27 3 9 14 129
C 2 23 176 14 37 46 3 18 13 2013
C 2 23 177 13 35 44 3 18 14 992
C 2 23 178 11 22 28 3 9 15 145
C 2 23 179 10 21 25 3 9 14 152
C 2 23 180 11 22 27 3 9 14 153
C 2 23 181 13 35 42 3 17 26 985
C 2 23 182 13 35 42 3 18 15 1000
C 2 23 183 11 22 27 3 10 12 152
C 2 23 184 6 7 6 1 3 25 26
C 2 23 185 9 23 30 3 11 28 180
C 2 23 186 14 34 46 3 18 25 998
C 2 23 187 12 35 42 3 17 27 984
C 2 23 188 9 22 30 3 11 27 157
C 2 23 189 14 30 40 3 18 12 547
C 2 23 190 10 21 27 3 9 16 140
C 2 23 191 10 22 26 3 8 26 137
C 2 23 192 13 29 37 3 18 16 697
C 2 23 193 14 39 46 3 20 17 1690
C 2 23 194 13 30 38 3 18 14 678
C 2 23 195 14 38 48 3 19 26 1494
C 2 23 196 12 30 38 3 18 25 602
C 2 23 197 14 38 48 3 19 27 1499
C 2 23 198 14 31 42 3 17 25 569
C 2 23 199 14 36 45 3 17 25 1028
C 2 23 200 13 35 43 3 17 25 990
C 2 23 201 7 9 8 1 6 15 51
C 2 23 202 12 29 38 3 16 15 654
C 2 23 203 11 22 27 3 9 23 148
C 2 23 204 5 5 6 3 4 14 29
M 2 23 5 4 3 2 1
M 2 23 4 3 3 2 0
M 2 23 7 9 6 2 4
M 2 23 7 7 5 2 4
M 2 23 8 11 10 1 6
M 2 23 6 8 7 1 3
M 2 23 6 7 10 3 4
M 2 23 11 23 27 3 10
M 2 23 14 31 41 3 18
M 2 23 5 5 7 1 3
M 2 23 11 22 27 3 10
M 2 23 13 36 43 3 18
M 2 23 6 8 9 1 4
M 2 23 8 18 24 1 8
M 2 23 6 8 6 1 4
M 2 23 5 5 6 3 4
M 2 23 11 24 26 3 10
M 2 23 6 10 11 3 5
M 2 23 6 8 10 1 4
M 2 23 11 23 27 3 9
M 2 23 7 8 6 3 6
M 2 23 5 3 5 2 3
M 2 23 7 9 7 1 5
M 2 23 13 33 41 3 18
M 2 23 6 9 7 1 4
M 2 23 12 29 38 3 16
M 2 23 7 9 8 1 6
M 2 23 6 10 12 3 5
M 2 23 8 12 10 3 6
M 2 23 6 7 5 1 3
M 2 23 5 5 5 1 3
M 2 23 13 33 42 3 18
M 2 23 7 9 8 3 6
M 2 23 8 19 23 1 8
M 2 23 5 9 7 1 4
M 2 23 5 5 4 1 4
M 2 23 12 33 39 3 16
M 2 23 13 29 37 3 18
M 2 23 11 23 26 3 10
M 2 23 14 36 48 3 20
M 2 23 5 5 6 1 4
M 2 23 14 39 46 3 20
M 2 23 14 30 37 3 18
M 2 23 5 5 10 2 2
M 2 23 4 6 5 1 2
M 2 23 6 7 5 1 4
M 2 23 12 30 38 3 18
M 2 23 5 5 6 3 3
M 2 23 14 34 46 3 18
M 2 23 9 20 26 3 8
M 2 23 14 36 49 3 21
M 2 23 7 10 8 1 4
M 2 23 5 8 6 1 3
M 2 23 5 6 5 2 5
M 2 23 13 35 42 3 17
M 2 23 5 6 6 1 2
M 2 23 5 6 6 3 2
M 2 23 5 7 5 1 3
M 2 23 6 8 11 3 4
M 2 23 6 9 8 1 5
M 2 23 8 9 7 1 3
M 2 23 14 38 49 3 23
M 2 23 14 35 49 3 20
M 2 23 13 32 39 3 17
M 2 23 12 30 38 3 15
M 2 23 6 11 9 1 4
M 2 23 3 3 3 1 0
M 2 23 5 7 5 2 4
M 2 23 6 8 6 2 5
M 2 23 10 23 26 3 8
M 2 23 9 23 30 3 11
M 2 23 6 10 8 3 4
M 2 23 5 8 8 1 3
M 2 23 13 31 41 3 17
M 2 23 6 8 8 2 3
M 2 23 5 5 5 2 2
M 2 23 11 22 26 3 10
M 2 23 5 5 5 1 2
M 2 23 7 10 9 1 6
M 2 23 6 10 8 3 5
M 2 23 7 8 7 1 3
M 2 23 11 22 29 3 9
M 2 23 5 4 4 1 3
M 2 23 6 7 7 3 5
M 2 23 13 35 44 3 18
M 2 23 8 18 23 1 8
M 2 23 13 30 38 3 18
M 2 23 11 22 28 3 9
M 2 23 13 36 42 3 18
M 2 23 12 31 37 3 16
M 2 23 0 0 0 0 0
M 2 23 4 4 4 1 2
M 2 23 4 4 4 0 2
M 2 23 11 22 26 3 9
M 2 23 6 9 9 3 5
M 2 23 10 21 27 3 9
M 2 23 14 38 46 3 20
M 2 23 10 23 25 3 8
M 2 23 5 5 3 1 2
M 2 23 2 3 0 0 0
M 2 23 14 32 39 3 18
M 2 23 4 5 5 1 2
M 2 23 6 7 6 1 3
M 2 23 14 31 41 3 17
M 2 23 5 7 8 3 3
M 2 23 13 29 40 3 17
M 2 23 4 5 3 2 4
M 2 23 14 37 48 3 20
M 2 23 6 11 9 3 4
M 2 23 5 6 6 3 3
M 2 23 5 7 5 1 2
M 2 23 12 35 42 3 17
M 2 23 11 23 28 3 8
M 2 23 9 23 26 3 8
M 2 23 4 5 4 1 1
M 2 23 5 9 7 3 4
M 2 23 6 9 6 1 4
M 2 23 14 31 42 3 17
M 2 23 4 4 3 1 1
M 2 23 10 22 28 3 8
M 2 23 13 35 42 3 18
M 2 23 6 6 8 3 4
M 2 23 14 38 48 3 19
M 2 23 5 5 4 2 1
M 2 23 10 21 28 3 9
M 2 23 13 30 39 3 17
M 2 23 14 30 40 3 18
M 2 23 8 17 21 1 7
M 2 23 14 37 46 3 18
M 2 23 11 26 34 3 16
M 2 23 14 34 43 3 19
M 2 23 7 9 7 3 6
M 2 23 11 25 33 3 16
M 2 23 5 4 6 1 3
M 2 23 5 7 6 1 4
M 2 23 14 32 43 3 18
M 2 23 12 30 40 3 18
M 2 23 8 19 25 3 7
M 2 23 10 22 26 3 8
M 2 23 12 29 37 3 16
M 2 23 3 3 2 1 1
M 2 23 9 22 30 3 11
M 2 23 5 7 6 1 3
M 2 23 6 8 6 3 5
M 2 23 13 34 41 3 17
M 2 23 13 35 43 3 17
M 2 23 7 10 7 1 4
M 2 23 11 23 25 3 10
M 2 23 5 7 7 1 4
M 2 23 5 7 8 1 4
M 2 23 6 9 8 2 7
M 2 23 7 8 7 3 6
M 2 23 7 9 8 1 5
M 2 23 11 24 27 3 10
M 2 23 11 22 27 3 9
M 2 23 10 22 27 3 8
M 2 23 11 22 27 3 8
M 2 23 14 36 45 3 17
M 2 23 13 36 44 3 17
M 2 23 14 36 49 3 20
M 2 23 8 10 7 2 4
M 2 23 13 36 43 3 19
M 2 23 13 37 44 3 18
M 2 23 6 7 7 3 4
M 2 23 13 30 37 3 17
P 2 23 0 1
P 2 23 1 1
P 2 23 2 1
P 2 23 3 1
P 2 23 4 0
P 2 23 5 0
P 2 23 6 1
P 2 23 7 1
P 2 23 8 1
P 2 23 9 1
P 2 23 10 1
P 2 23 11 0
P 2 23 12 0
P 2 23 13 0
P 2 23 14 1
P 2 23 15 1
P 2 23 16 1
P 2 23 17 0
P 2 23 18 1
P 2 23 19 1
P 2 23 20 0
P 2 23 21 0
P 2 23 22 0
P 2 23 23 0
P 2 23 24 1
P 2 23 25 0
P 2 23 26 1
P 2 23 27 0
P 2 23 28 0
P 2 23 29 0
P 2 23 30 1
P 2 23 31 1
P 2 23 32 0
P 2 23 33 0
P 2 23 34 0
P 2 23 35 0
P 2 23 36 0
P 2 23 37 0
P 2 23 38 0
P 2 23 39 0
P 2 23 40 1
P 2 23 41 0
P 2 23 42 0
P 2 23 43 0
P 2 23 44 0
P 2 23 45 1
P 2 23 46 0
P 2 23 47 0
P 2 23 48 0
P 2 23 49 0
P 2 23 50 0
P 2 23 51 0
P 2 23 52 0
P 2 23 53 1
P 2 23 54 0
P 2 23 55 0
P 2 23 56 0
P 2 23 57 0
P 2 23 58 0
P 2 23 59 1
P 2 23 60 0
P 2 23 61 0
P 2 23 62 0
P 2 23 63 0
P 2 23 64 1
P 2 23 65 0
P 2 23 66 0
P 2 23 67 0
P 2 23 68 0
P 2 23 69 0
P 2 23 70 0
P 2 23 71 0
P 2 23 72 0
P 2 23 73 0
P 2 23 74 0
P 2 23 75 0
P 2 23 76 0
P 2 23 77 0
P 2 23 78 0
P 2 23 79 0
P 2 23 80 0
P 2 23 81 0
P 2 23 82 0
P 2 23 83 0
P 2 23 84 0
P 2 23 85 0
P 2 23 86 0
P 2 23 87 0
P 2 23 88 0
P 2 23 89 0
P 2 23 90 0
P 2 23 91 0
P 2 23 92 0
P 2 23 93 0
P 2 23 94 0
P 2 23 95 0
P 2 23 96 0
P 2 23 97 0
P 2 23 98 0
P 2 23 99 0
P 2 23 100 0
P 2 23 101 0
P 2 23 102 0
P 2 23 103 0
P 2 23 104 0
P 2 23 105 0
P 2 23 106 0
P 2 23 107 0
P 2 23 108 0
P 2 23 109 0
P 2 23 110 0
P 2 23 111 0
P 2 23 112 0
P 2 23 113 0
P 2 23 114 0
P 2 23 115 0
P 2 23 116 1
P 2 23 117 0
P 2 23 118 0
P 2 23 119 0
P 2 23 120 0
P 2 23 121 0
P 2 23 122 0
P 2 23 123 0
P 2 23 124 0
P 2 23 125 0
P 2 23 126 0
P 2 23 127 1
P 2 23 128 0
P 2 23 129 1
P 2 23 130 0
P 2 23 131 0
P 2 23 132 0
P 2 23 133 0
P 2 23 134 0
P 2 23 135 0
P 2 23 136 0
P 2 23 137 0
P 2 23 138 0
P 2 23 139 0
P 2 23 140 0
P 2 23 141 0
P 2 23 142 0
P 2 23 143 0
P 2 23 144 0
P 2 23 145 0
P 2 23 146 0
P 2 23 147 0
P 2 23 148 0
P 2 23 149 1
P 2 23 150 0
P 2 23 151 0
P 2 23 152 0
P 2 23 153 0
P 2 23 154 0
P 2 23 155 0
P 2 23 156 0
P 2 23 157 0
P 2 23 158 0
P 2 23 159 0
P 2 23 160 0
P 2 23 161 0
P 2 23 162 0
P 2 23 163 0
P 2 23 164 0
P 2 23 165 0
P 2 23 166 0
P 2 23 167 0
P 2 23 168 0
P 2 23 169 0
P 2 23 170 0
P 2 23 171 0
P 2 23 172 0
P 2 23 173 0
P 2 23 174 0
P 2 23 175 0
P 2 23 176 0
P 2 23 177 0
P 2 23 178 0
P 2 23 179 0
P 2 23 180 0
P 2 23 181 0
P 2 23 182 0
P 2 23 183 0
P 2 23 184 1
P 2 23 185 0
P 2 23 186 1
P 2 23 187 0
P 2 23 188 0
P 2 23 189 0
P 2 23 190 0
P 2 23 191 0
P 2 23 192 0
P 2 23 193 0
P 2 23 194 0
P 2 23 195 1
P 2 23 196 1
P 2 23 197 1
P 2 23 198 0
P 2 23 199 0
P 2 23 200 0
P 2 23 201 0
P 2 23 202 0
P 2 23 203 0
P 2 23 204 0
C 2 24 0 7 10 7 1 4 30 38
C 2 24 1 4 4 3 1 1 29 11
C 2 24 2 5 8 8 1 3 29 30
C 2 24 3 7 10 6 1 5 29 38
C 2 24 4 3 3 3 1 0 28 7
C 2 24 5 4 5 4 1 1 28 14
C 2 24 6 5 7 5 2 4 28 21
C 2 24 7 5 9 7 3 4 28 28
C 2 24 8 14 36 49 3 20 28 1499
C 2 24 9 14 38 48 3 19 29 1504
C 2 24 10 5 6 6 3 2 27 20
C 2 24 11 5 6 6 3 3 27 20
C 2 24 12 5 7 5 1 2 27 22
C 2 24 13 5 7 6 1 3 27 23
C 2 24 14 5 7 5 1 3 27 26
C 2 24 15 6 8 11 3 4 27 36
C 2 24 16 6 9 8 1 5 27 38
C 2 24 17 14 38 48 3 19 28 1499
C 2 24 18 14 38 49 3 23 28 2458
C 2 24 19 3 3 2 1 1 26 7
C 2 24 20 14 36 49 3 21 27 1493
C 2 24 21 14 38 48 3 19 27 1494
C 2 24 22 6 7 6 1 3 25 26
C 2 24 23 12 30 38 3 18 26 602
C 2 24 24 12 30 40 3 18 25 783
C 2 24 25 14 34 46 3 18 25 998
C 2 24 26 14 39 49 3 23 24 2201
C 2 24 27 11 23 25 3 10 18 155
C 2 24 28 5 9 7 1 4 17 29
C 2 24 29 6 9 9 3 5 17 36
C 2 24 30 11 25 33 3 16 16 396
C 2 24 31 0 0 0 0 0 16 0
C 2 24 32 8 10 7 2 4 2 39
C 2 24 33 5 4 3 2 1 3 12
C 2 24 34 6 8 8 2 3 3 31
C 2 24 35 4 3 3 2 0 4 8
C 2 24 36 5 5 4 2 1 4 15
C 2 24 37 6 7 6 2 3 5 24
C 2 24 38 4 3 2 2 1 6 8
C 2 24 39 0 0 0 0 0 16 0
C 2 24 40 6 7 7 3 5 15 41
C 2 24 41 5 6 6 1 3 17 21
C 2 24 42 6 6 8 3 4 17 33
C 2 24 43 7 8 7 1 3 14 45
C 2 24 44 5 6 6 1 3 16 21
C 2 24 45 10 22 28 3 8 29 137
C 2 24 46 6 10 12 3 5 16 59
C 2 24 47 14 36 48 3 20 17 1473
C 2 24 48 6 10 11 3 5 15 60
C 2 24 49 6 10 8 3 4 28 35
C 2 24 50 5 4 6 1 3 17 23
C 2 24 51 2 3 0 0 0 19 3
C 2 24 52 6 9 6 1 4 28 34
C 2 24 53 5 5 5 1 2 13 19
C 2 24 54 6 8 10 1 4 15 38
C 2 24 55 12 33 39 3 16 16 827
C 2 24 56 13 35 43 3 17 30 993
C 2 24 57 5 7 6 1 4 18 26
C 2 24 58 14 35 49 3 20 27 1473
C 2 24 59 13 35 41 3 17 28 978
C 2 24 60 10 23 26 3 8 28 133
C 2 24 61 7 9 7 1 5 15 50
C 2 24 62 13 30 37 3 17 26 690
C 2 24 63 13 32 39 3 17 27 705
C 2 24 64 13 30 38 3 16 26 497
C 2 24 65 10 23 25 3 8 18 111
C 2 24 66 5 5 6 1 4 18 21
C 2 24 67 6 6 8 3 4 16 33
C 2 24 68 11 24 26 3 10 15 186
C 2 24 69 5 7 8 3 3 26 28
C 2 24 70 6 8 6 2 5 28 34
C 2 24 71 8 9 7 1 3 27 53
C 2 24 72 6 7 5 1 3 16 37
C 2 24 73 13 31 42 3 18 24 1027
C 2 24 74 7 8 6 3 6 15 41
C 2 24 75 6 7 7 3 4 17 41
C 2 24 76 8 12 10 3 6 16 68
C 2 24 77 5 5 3 1 2 18 21
C 2 24 78 4 4 4 0 2 16 13
C 2 24 79 13 34 41 3 17 29 985
C 2 24 80 5 7 6 1 4 17 26
C 2 24 81 10 22 28 3 8 28 144
C 2 24 82 4 4 4 1 2 16 15
C 2 24 83 13 30 39 3 16 27 493
C 2 24 84 5 5 4 1 4 17 22
C 2 24 85 14 31 42 3 17 28 557
C 2 24 86 5 6 6 1 3 15 30
C 2 24 87 14 37 48 3 20 16 1494
C 2 24 88 13 36 43 3 19 14 1470
C 2 24 89 6 8 9 1 4 14 46
C 2 24 90 5 5 5 1 3 16 27
C 2 24 91 5 6 5 2 5 26 22
C 2 24 92 6 8 6 1 4 14 38
C 2 24 93 14 36 45 3 19 12 1029
C 2 24 94 6 11 9 3 4 26 44
C 2 24 95 11 26 34 3 16 15 400
C 2 24 96 6 10 8 3 5 14 60
C 2 24 97 7 9 8 3 6 16 61
C 2 24 98 5 3 5 2 3 15 19
C 2 24 99 6 9 7 1 4 15 42
C 2 24 100 7 10 7 1 4 17 53
C 2 24 101 6 9 8 2 7 15 46
C 2 24 102 13 34 43 3 17 28 962
C 2 24 103 13 33 42 3 18 15 979
C 2 24 104 10 22 27 3 8 26 133
C 2 24 105 6 9 10 3 4 13 39
C 2 24 106 10 22 26 3 8 26 133
C 2 24 107 5 9 7 3 4 27 28
C 2 24 108 11 23 25 3 10 16 163
C 2 24 109 5 6 6 1 2 26 22
C 2 24 110 12 30 38 3 15 27 473
C 2 24 111 13 31 41 3 17 29 549
C 2 24 112 14 36 44 3 18 17 1023
C 2 24 113 11 23 25 3 10 15 159
C 2 24 114 14 32 43 3 18 18 578
C 2 24 115 4 5 3 2 4 26 14
C 2 24 116 11 23 26 3 10 17 159
C 2 24 117 5 6 4 1 3 24 19
C 2 24 118 9 23 26 3 8 27 133
C 2 24 119 4 4 4 1 2 25 15
C 2 24 120 6 8 6 3 5 27 33
C 2 24 121 7 9 7 3 6 15 65
C 2 24 122 7 10 8 1 4 26 70
C 2 24 123 4 5 3 2 3 25 14
C 2 24 124 13 29 40 3 17 26 512
C 2 24 125 12 33 41 3 18 13 858
C 2 24 126 13 35 46 3 20 16 1465
C 2 24 127 10 21 28 3 9 13 137
C 2 24 128 14 34 43 3 19 15 1476
C 2 24 129 14 31 39 3 18 17 724
C 2 24 130 13 33 41 3 18 14 970
C 2 24 131 5 4 4 1 2 14 23
C 2 24 132 14 30 37 3 18 19 721
C 2 24 133 14 32 40 3 18 25 669
C 2 24 134 6 6 8 3 4 16 37
C 2 24 135 12 29 34 3 14 16 335
C 2 24 136 5 5 6 3 3 25 21
C 2 24 137 5 6 6 3 3 26 29
C 2 24 138 7 9 8 1 5 16 42
C 2 24 139 14 38 46 3 20 16 1680
C 2 24 140 14 35 44 3 19 14 1025
C 2 24 141 14 36 45 3 17 27 1000
C 2 24 142 5 5 4 1 3 26 19
C 2 24 143 14 34 43 3 19 12 998
C 2 24 144 5 6 9 3 4 12 28
C 2 24 145 13 35 43 3 17 28 984
C 2 24 146 13 35 42 3 17 27 985
C 2 24 147 6 7 5 1 4 25 35
C 2 24 148 6 8 10 3 4 14 39
C 2 24 149 14 35 45 3 20 16 1131
C 2 24 150 12 31 39 3 16 18 669
C 2 24 151 12 31 37 3 16 17 488
C 2 24 152 13 36 44 3 17 28 992
C 2 24 153 14 31 42 3 17 25 569
C 2 24 154 14 35 46 3 21 26 1496
C 2 24 155 14 36 47 3 21 27 1501
C 2 24 156 14 37 48 3 19 27 1473
C 2 24 157 13 33 41 3 18 14 969
C 2 24 158 11 24 27 3 10 17 163
C 2 24 159 14 36 48 3 21 27 1494
C 2 24 160 7 9 7 3 6 16 69
C 2 24 161 12 30 38 3 16 17 665
C 2 24 162 12 30 36 3 16 16 484
C 2 24 163 5 8 6 1 3 26 30
C 2 24 164 12 32 41 3 18 26 783
C 2 24 165 5 5 6 3 4 15 29
C 2 24 166 14 36 44 3 18 17 1008
M 2 24 5 4 3 2 1
M 2 24 4 3 3 2 0
M 2 24 6 7 6 2 3
M 2 24 14 36 45 3 19
M 2 24 5 5 5 1 2
M 2 24 12 33 41 3 18
M 2 24 7 8 7 1 3
M 2 24 6 8 9 1 4
M 2 24 6 10 8 3 5
M 2 24 14 35 44 3 19
M 2 24 5 5 6 3 4
M 2 24 6 10 11 3 5
M 2 24 7 9 7 1 5
M 2 24 7 8 6 3 6
M 2 24 5 3 5 2 3
M 2 24 6 9 8 2 7
M 2 24 11 25 33 3 16
M 2 24 12 33 39 3 16
M 2 24 14 35 45 3 20
M 2 24 4 4 4 0 2
M 2 24 5 5 5 1 3
M 2 24 7 9 8 3 6
M 2 24 13 35 46 3 20
M 2 24 12 29 34 3 14
M 2 24 6 9 9 3 5
M 2 24 14 36 48 3 20
M 2 24 5 4 6 1 3
M 2 24 6 7 7 3 4
M 2 24 11 23 26 3 10
M 2 24 12 31 39 3 16
M 2 24 5 5 6 1 4
M 2 24 14 32 43 3 18
M 2 24 2 3 0 0 0
M 2 24 13 31 42 3 18
M 2 24 6 7 6 1 3
M 2 24 14 34 46 3 18
M 2 24 5 5 6 3 3
M 2 24 6 7 5 1 4
M 2 24 13 29 40 3 17
M 2 24 7 10 8 1 4
M 2 24 5 8 6 1 3
M 2 24 13 30 38 3 16
M 2 24 5 5 4 1 3
M 2 24 14 35 46 3 21
M 2 24 6 11 9 3 4
M 2 24 10 22 26 3 8
M 2 24 5 6 6 3 2
M 2 24 5 7 5 1 2
M 2 24 5 7 5 1 3
M 2 24 6 9 8 1 5
M 2 24 6 8 6 3 5
M 2 24 13 35 42 3 17
M 2 24 13 32 39 3 17
M 2 24 14 36 48 3 21
M 2 24 13 30 39 3 16
M 2 24 14 36 47 3 21
M 2 24 4 5 4 1 1
M 2 24 14 36 49 3 20
M 2 24 13 36 44 3 17
M 2 24 6 9 6 1 4
M 2 24 10 23 26 3 8
M 2 24 6 8 6 2 5
M 2 24 5 8 8 1 3
M 2 24 13 31 41 3 17
M 2 24 8 10 7 2 4
M 2 24 5 5 4 2 1
M 2 24 6 9 10 3 4
M 2 24 10 21 28 3 9
M 2 24 13 33 41 3 18
M 2 24 5 4 4 1 2
M 2 24 11 26 34 3 16
M 2 24 6 8 10 1 4
M 2 24 11 24 26 3 10
M 2 24 14 38 46 3 20
M 2 24 13 33 42 3 18
M 2 24 0 0 0 0 0
M 2 24 7 9 8 1 5
M 2 24 6 7 5 1 3
M 2 24 5 9 7 1 4
M 2 24 12 31 37 3 16
M 2 24 12 30 38 3 16
M 2 24 5 5 3 1 2
M 2 24 14 31 39 3 18
M 2 24 14 30 37 3 18
M 2 24 12 30 40 3 18
M 2 24 4 4 4 1 2
M 2 24 14 32 40 3 18
M 2 24 5 7 8 3 3
M 2 24 3 3 2 1 1
M 2 24 12 30 38 3 18
M 2 24 4 5 3 2 4
M 2 24 5 6 6 3 3
M 2 24 5 6 6 1 2
M 2 24 6 8 11 3 4
M 2 24 14 36 49 3 21
M 2 24 14 37 48 3 19
M 2 24 3 3 3 1 0
M 2 24 5 9 7 3 4
M 2 24 14 38 49 3 23
M 2 24 13 34 43 3 17
M 2 24 4 4 3 1 1
M 2 24 10 22 28 3 8
M 2 24 13 35 43 3 17
M 2 24 6 6 8 3 4
M 2 24 14 38 48 3 19
M 2 24 6 8 8 2 3
M 2 24 6 8 6 1 4
M 2 24 13 36 43 3 19
M 2 24 14 34 43 3 19
M 2 24 6 10 12 3 5
M 2 24 12 30 36 3 16
M 2 24 6 9 7 1 4
M 2 24 7 9 7 3 6
M 2 24 5 7 6 1 4
M 2 24 10 23 25 3 8
M 2 24 4 5 3 2 3
M 2 24 5 6 5 2 5
M 2 24 10 22 27 3 8
M 2 24 12 30 38 3 15
M 2 24 14 35 49 3 20
M 2 24 14 36 45 3 17
M 2 24 8 9 7 1 3
M 2 24 13 35 41 3 17
M 2 24 7 10 6 1 5
M 2 24 5 6 6 1 3
M 2 24 13 34 41 3 17
M 2 24 5 6 9 3 4
M 2 24 6 7 7 3 5
M 2 24 8 12 10 3 6
M 2 24 11 24 27 3 10
M 2 24 5 6 4 1 3
M 2 24 14 39 49 3 23
M 2 24 12 32 41 3 18
M 2 24 5 7 5 2 4
M 2 24 6 10 8 3 4
M 2 24 11 23 25 3 10
M 2 24 14 37 48 3 20
M 2 24 14 36 44 3 18
P 2 24 0 1
P 2 24 1 1
P 2 24 2 1
P 2 24 3 1
P 2 24 4 1
P 2 24 5 1
P 2 24 6 1
P 2 24 7 1
P 2 24 8 1
P 2 24 9 1
P 2 24 10 1
P 2 24 11 1
P 2 24 12 1
P 2 24 13 0
P 2 24 14 0
P 2 24 15 0
P 2 24 16 0
P 2 24 17 0
P 2 24 18 1
P 2 24 19 1
P 2 24 20 1
P 2 24 21 0
P 2 24 22 1
P 2 24 23 0
P 2 24 24 0
P 2 24 25 0
P 2 24 26 1
P 2 24 27 0
P 2 24 28 0
P 2 24 29 0
P 2 24 30 0
P 2 24 31 0
P 2 24 32 0
P 2 24 33 0
P 2 24 34 0
P 2 24 35 0
P 2 24 36 0
P 2 24 37 0
P 2 24 38 0
P 2 24 39 0
P 2 24 40 0
P 2 24 41 0
P 2 24 42 0
P 2 24 43 0
P 2 24 44 0
P 2 24 45 1
P 2 24 46 0
P 2 24 47 0
P 2 24 48 0
P 2 24 49 0
P 2 24 50 1
P 2 24 51 0
P 2 24 52 0
P 2 24 53 0
P 2 24 54 0
P 2 24 55 0
P 2 24 56 1
P 2 24 57 1
P 2 24 58 0
P 2 24 59 0
P 2 24 60 0
P 2 24 61 0
P 2 24 62 0
P 2 24 63 0
P 2 24 64 0
P 2 24 65 0
P 2 24 66 0
P 2 24 67 0
P 2 24 68 0
P 2 24 69 1
P 2 24 70 0
P 2 24 71 0
P 2 24 72 0
P 2 24 73 0
P 2 24 74 0
P 2 24 75 0
P 2 24 76 0
P 2 24 77 0
P 2 24 78 0
P 2 24 79 1
P 2 24 80 1
P 2 24 81 0
P 2 24 82 0
P 2 24 83 0
P 2 24 84 0
P 2 24 85 0
P 2 24 86 0
P 2 24 87 0
P 2 24 88 0
P 2 24 89 0
P 2 24 90 0
P 2 24 91 1
P 2 24 92 0
P 2 24 93 0
P 2 24 94 0
P 2 24 95 0
P 2 24 96 0
P 2 24 97 0
P 2 24 98 0
P 2 24 99 0
P 2 24 100 0
P 2 24 101 0
P 2 24 102 0
P 2 24 103 0
P 2 24 104 0
P 2 24 105 0
P 2 24 106 0
P 2 24 107 0
P 2 24 108 0
P 2 24 109 0
P 2 24 110 0
P 2 24 111 0
P 2 24 112 0
P 2 24 113 0
P 2 24 114 0
P 2 24 115 0
P 2 24 116 0
P 2 24 117 0
P 2 24 118 1
P 2 24 119 1
P 2 24 120 0
P 2 24 121 0
P 2 24 122 0
P 2 24 123 1
P 2 24 124 0
P 2 24 125 0
P 2 24 126 0
P 2 24 127 0
P 2 24 128 0
P 2 24 129 0
P 2 24 130 0
P 2 24 131 0
P 2 24 132 0
P 2 24 133 0
P 2 24 134 0
P 2 24 135 0
P 2 24 136 1
P 2 24 137 0
P 2 24 138 0
P 2 24 139 0
P 2 24 140 0
P 2 24 141 0
P 2 24 142 1
P 2 24 143 0
P 2 24 144 0
P 2 24 145 0
P 2 24 146 0
P 2 24 147 0
P 2 24 148 0
P 2 24 149 0
P 2 24 150 1
P 2 24 151 0
P 2 24 152 0
P 2 24 153 0
P 2 24 154 0
P 2 24 155 0
P 2 24 156 0
P 2 24 157 0
P 2 24 158 0
P 2 24 159 0
P 2 24 160 0
P 2 24 161 0
P 2 24 162 0
P 2 24 163 0
P 2 24 164 0
P 2 24 165 0
P 2 24 166 0
