# CHUNK-LEARNED-RUN v1: derive policy from measured candidates, then live pass
# battery n=57
CAND qid=0 kind=LETTER_COUNT chunk=CHAR why="character units: letters and indices live at byte scale; space-scan addressing, no word table"
CANDR ans="3" exp="3" correct=1 native=1 fallback=0 ops=10 maxdepth=0 zooms=0
CAND qid=0 kind=LETTER_COUNT chunk=WORD why="word units: the question is about word structure; sub-word work is out-of-unit"
CANDR ans="3" exp="3" correct=1 native=0 fallback=1 ops=11 maxdepth=0 zooms=0
CAND qid=0 kind=LETTER_COUNT chunk=CHAR why="multi-token letter count: enumerate words at word scale, magnify to character units inside each word"
CANDR ans="3" exp="3" correct=1 native=1 fallback=0 ops=10 maxdepth=0 zooms=0
CAND qid=0 kind=LETTER_COUNT chunk=CHAR why="WORD?CHARSCAN on a non-CONTAINS kind: behaves exactly as WORD>CHAR"
CANDR ans="3" exp="3" correct=1 native=1 fallback=0 ops=10 maxdepth=0 zooms=0
CAND qid=0 kind=LETTER_COUNT chunk=WORD why="address from the right: the question is anchored at the end of the text"
CANDR ans="3" exp="3" correct=1 native=0 fallback=1 ops=11 maxdepth=0 zooms=0
CAND qid=0 kind=LETTER_COUNT chunk=CHAR why="scan from both ends toward the middle: first hit from either side wins"
CANDR ans="3" exp="3" correct=1 native=1 fallback=0 ops=10 maxdepth=0 zooms=0
CAND qid=0 kind=LETTER_COUNT chunk=SPAN3 why="fixed 3-byte spans"
CANDR ans="3" exp="3" correct=1 native=0 fallback=1 ops=14 maxdepth=0 zooms=0
CAND qid=0 kind=LETTER_COUNT chunk=SPAN5 why="fixed 5-byte spans"
CANDR ans="3" exp="3" correct=1 native=0 fallback=1 ops=12 maxdepth=0 zooms=0
CAND qid=0 kind=LETTER_COUNT chunk=CHAR why="END_DIRECT on a non-edge kind: behaves exactly as CHAR"
CANDR ans="3" exp="3" correct=1 native=1 fallback=0 ops=10 maxdepth=0 zooms=0
CAND qid=1 kind=LETTER_COUNT chunk=CHAR why="character units: letters and indices live at byte scale; space-scan addressing, no word table"
CANDR ans="4" exp="4" correct=1 native=1 fallback=0 ops=11 maxdepth=0 zooms=0
CAND qid=1 kind=LETTER_COUNT chunk=WORD why="word units: the question is about word structure; sub-word work is out-of-unit"
CANDR ans="4" exp="4" correct=1 native=0 fallback=1 ops=12 maxdepth=0 zooms=0
CAND qid=1 kind=LETTER_COUNT chunk=CHAR why="multi-token letter count: enumerate words at word scale, magnify to character units inside each word"
CANDR ans="4" exp="4" correct=1 native=1 fallback=0 ops=11 maxdepth=0 zooms=0
CAND qid=1 kind=LETTER_COUNT chunk=CHAR why="WORD?CHARSCAN on a non-CONTAINS kind: behaves exactly as WORD>CHAR"
CANDR ans="4" exp="4" correct=1 native=1 fallback=0 ops=11 maxdepth=0 zooms=0
CAND qid=1 kind=LETTER_COUNT chunk=WORD why="address from the right: the question is anchored at the end of the text"
CANDR ans="4" exp="4" correct=1 native=0 fallback=1 ops=12 maxdepth=0 zooms=0
CAND qid=1 kind=LETTER_COUNT chunk=CHAR why="scan from both ends toward the middle: first hit from either side wins"
CANDR ans="4" exp="4" correct=1 native=1 fallback=0 ops=11 maxdepth=0 zooms=0
CAND qid=1 kind=LETTER_COUNT chunk=SPAN3 why="fixed 3-byte spans"
CANDR ans="4" exp="4" correct=1 native=0 fallback=1 ops=15 maxdepth=0 zooms=0
CAND qid=1 kind=LETTER_COUNT chunk=SPAN5 why="fixed 5-byte spans"
CANDR ans="4" exp="4" correct=1 native=0 fallback=1 ops=14 maxdepth=0 zooms=0
CAND qid=1 kind=LETTER_COUNT chunk=CHAR why="END_DIRECT on a non-edge kind: behaves exactly as CHAR"
CANDR ans="4" exp="4" correct=1 native=1 fallback=0 ops=11 maxdepth=0 zooms=0
CAND qid=2 kind=LETTER_COUNT chunk=CHAR why="character units: letters and indices live at byte scale; space-scan addressing, no word table"
CANDR ans="3" exp="3" correct=1 native=1 fallback=0 ops=11 maxdepth=0 zooms=0
CAND qid=2 kind=LETTER_COUNT chunk=WORD why="word units: the question is about word structure; sub-word work is out-of-unit"
CANDR ans="3" exp="3" correct=1 native=0 fallback=1 ops=13 maxdepth=0 zooms=0
CAND qid=2 kind=LETTER_COUNT chunk=WORD>CHAR why="multi-token letter count: enumerate words at word scale, magnify to character units inside each word"
CAND zoom qid=2 span=1 parent=0 off=0 len=5 depth=1 why=count-letters-inside-word
CAND zoom qid=2 span=2 parent=0 off=6 len=5 depth=1 why=count-letters-inside-word
CANDR ans="3" exp="3" correct=1 native=1 fallback=0 ops=12 maxdepth=1 zooms=2
CAND qid=2 kind=LETTER_COUNT chunk=WORD>CHAR why="WORD?CHARSCAN on a non-CONTAINS kind: behaves exactly as WORD>CHAR"
CAND zoom qid=2 span=1 parent=0 off=0 len=5 depth=1 why=count-letters-inside-word
CAND zoom qid=2 span=2 parent=0 off=6 len=5 depth=1 why=count-letters-inside-word
CANDR ans="3" exp="3" correct=1 native=1 fallback=0 ops=12 maxdepth=1 zooms=2
CAND qid=2 kind=LETTER_COUNT chunk=WORD why="address from the right: the question is anchored at the end of the text"
CANDR ans="3" exp="3" correct=1 native=0 fallback=1 ops=13 maxdepth=0 zooms=0
CAND qid=2 kind=LETTER_COUNT chunk=CHAR why="scan from both ends toward the middle: first hit from either side wins"
CANDR ans="3" exp="3" correct=1 native=1 fallback=0 ops=11 maxdepth=0 zooms=0
CAND qid=2 kind=LETTER_COUNT chunk=SPAN3 why="fixed 3-byte spans"
CANDR ans="3" exp="3" correct=1 native=0 fallback=1 ops=15 maxdepth=0 zooms=0
CAND qid=2 kind=LETTER_COUNT chunk=SPAN5 why="fixed 5-byte spans"
CANDR ans="3" exp="3" correct=1 native=0 fallback=1 ops=14 maxdepth=0 zooms=0
CAND qid=2 kind=LETTER_COUNT chunk=CHAR why="END_DIRECT on a non-edge kind: behaves exactly as CHAR"
CANDR ans="3" exp="3" correct=1 native=1 fallback=0 ops=11 maxdepth=0 zooms=0
CAND qid=3 kind=LETTER_COUNT chunk=CHAR why="character units: letters and indices live at byte scale; space-scan addressing, no word table"
CANDR ans="3" exp="3" correct=1 native=1 fallback=0 ops=6 maxdepth=0 zooms=0
CAND qid=3 kind=LETTER_COUNT chunk=WORD why="word units: the question is about word structure; sub-word work is out-of-unit"
CANDR ans="3" exp="3" correct=1 native=0 fallback=1 ops=7 maxdepth=0 zooms=0
CAND qid=3 kind=LETTER_COUNT chunk=CHAR why="multi-token letter count: enumerate words at word scale, magnify to character units inside each word"
CANDR ans="3" exp="3" correct=1 native=1 fallback=0 ops=6 maxdepth=0 zooms=0
CAND qid=3 kind=LETTER_COUNT chunk=CHAR why="WORD?CHARSCAN on a non-CONTAINS kind: behaves exactly as WORD>CHAR"
CANDR ans="3" exp="3" correct=1 native=1 fallback=0 ops=6 maxdepth=0 zooms=0
CAND qid=3 kind=LETTER_COUNT chunk=WORD why="address from the right: the question is anchored at the end of the text"
CANDR ans="3" exp="3" correct=1 native=0 fallback=1 ops=7 maxdepth=0 zooms=0
CAND qid=3 kind=LETTER_COUNT chunk=CHAR why="scan from both ends toward the middle: first hit from either side wins"
CANDR ans="3" exp="3" correct=1 native=1 fallback=0 ops=6 maxdepth=0 zooms=0
CAND qid=3 kind=LETTER_COUNT chunk=SPAN3 why="fixed 3-byte spans"
CANDR ans="3" exp="3" correct=1 native=0 fallback=1 ops=8 maxdepth=0 zooms=0
CAND qid=3 kind=LETTER_COUNT chunk=SPAN5 why="fixed 5-byte spans"
CANDR ans="3" exp="3" correct=1 native=0 fallback=1 ops=8 maxdepth=0 zooms=0
CAND qid=3 kind=LETTER_COUNT chunk=CHAR why="END_DIRECT on a non-edge kind: behaves exactly as CHAR"
CANDR ans="3" exp="3" correct=1 native=1 fallback=0 ops=6 maxdepth=0 zooms=0
CAND qid=4 kind=LETTER_COUNT chunk=CHAR why="character units: letters and indices live at byte scale; space-scan addressing, no word table"
CANDR ans="5" exp="5" correct=1 native=1 fallback=0 ops=11 maxdepth=0 zooms=0
CAND qid=4 kind=LETTER_COUNT chunk=WORD why="word units: the question is about word structure; sub-word work is out-of-unit"
CANDR ans="5" exp="5" correct=1 native=0 fallback=1 ops=12 maxdepth=0 zooms=0
CAND qid=4 kind=LETTER_COUNT chunk=CHAR why="multi-token letter count: enumerate words at word scale, magnify to character units inside each word"
CANDR ans="5" exp="5" correct=1 native=1 fallback=0 ops=11 maxdepth=0 zooms=0
CAND qid=4 kind=LETTER_COUNT chunk=CHAR why="WORD?CHARSCAN on a non-CONTAINS kind: behaves exactly as WORD>CHAR"
CANDR ans="5" exp="5" correct=1 native=1 fallback=0 ops=11 maxdepth=0 zooms=0
CAND qid=4 kind=LETTER_COUNT chunk=WORD why="address from the right: the question is anchored at the end of the text"
CANDR ans="5" exp="5" correct=1 native=0 fallback=1 ops=12 maxdepth=0 zooms=0
CAND qid=4 kind=LETTER_COUNT chunk=CHAR why="scan from both ends toward the middle: first hit from either side wins"
CANDR ans="5" exp="5" correct=1 native=1 fallback=0 ops=11 maxdepth=0 zooms=0
CAND qid=4 kind=LETTER_COUNT chunk=SPAN3 why="fixed 3-byte spans"
CANDR ans="5" exp="5" correct=1 native=0 fallback=1 ops=15 maxdepth=0 zooms=0
CAND qid=4 kind=LETTER_COUNT chunk=SPAN5 why="fixed 5-byte spans"
CANDR ans="5" exp="5" correct=1 native=0 fallback=1 ops=14 maxdepth=0 zooms=0
CAND qid=4 kind=LETTER_COUNT chunk=CHAR why="END_DIRECT on a non-edge kind: behaves exactly as CHAR"
CANDR ans="5" exp="5" correct=1 native=1 fallback=0 ops=11 maxdepth=0 zooms=0
CAND qid=5 kind=POSITION chunk=CHAR why="character units: letters and indices live at byte scale; space-scan addressing, no word table"
CANDR ans="r" exp="r" correct=1 native=1 fallback=0 ops=3 maxdepth=0 zooms=0
CAND qid=5 kind=POSITION chunk=WORD why="word units: the question is about word structure; sub-word work is out-of-unit"
CANDR ans="r" exp="r" correct=1 native=0 fallback=1 ops=4 maxdepth=0 zooms=0
CAND qid=5 kind=POSITION chunk=CHAR why="locate the named word at word scale, then magnify to character units for the index"
CANDR ans="r" exp="r" correct=1 native=1 fallback=0 ops=3 maxdepth=0 zooms=0
CAND qid=5 kind=POSITION chunk=CHAR why="WORD?CHARSCAN on a non-CONTAINS kind: behaves exactly as WORD>CHAR"
CANDR ans="r" exp="r" correct=1 native=1 fallback=0 ops=3 maxdepth=0 zooms=0
CAND qid=5 kind=POSITION chunk=WORD why="address from the right: the question is anchored at the end of the text"
CANDR ans="r" exp="r" correct=1 native=0 fallback=1 ops=4 maxdepth=0 zooms=0
CAND qid=5 kind=POSITION chunk=CHAR why="scan from both ends toward the middle: first hit from either side wins"
CANDR ans="r" exp="r" correct=1 native=1 fallback=0 ops=3 maxdepth=0 zooms=0
CAND qid=5 kind=POSITION chunk=SPAN3 why="fixed 3-byte spans"
CANDR ans="r" exp="r" correct=1 native=0 fallback=1 ops=2 maxdepth=0 zooms=0
CAND qid=5 kind=POSITION chunk=SPAN5 why="fixed 5-byte spans"
CANDR ans="r" exp="r" correct=1 native=0 fallback=1 ops=2 maxdepth=0 zooms=0
CAND qid=5 kind=POSITION chunk=CHAR why="END_DIRECT on a non-edge kind: behaves exactly as CHAR"
CANDR ans="r" exp="r" correct=1 native=1 fallback=0 ops=3 maxdepth=0 zooms=0
CAND qid=6 kind=POSITION chunk=CHAR why="character units: letters and indices live at byte scale; space-scan addressing, no word table"
CANDR ans="M" exp="M" correct=1 native=1 fallback=0 ops=1 maxdepth=0 zooms=0
CAND qid=6 kind=POSITION chunk=WORD why="word units: the question is about word structure; sub-word work is out-of-unit"
CANDR ans="M" exp="M" correct=1 native=0 fallback=1 ops=2 maxdepth=0 zooms=0
CAND qid=6 kind=POSITION chunk=CHAR why="locate the named word at word scale, then magnify to character units for the index"
CANDR ans="M" exp="M" correct=1 native=1 fallback=0 ops=1 maxdepth=0 zooms=0
CAND qid=6 kind=POSITION chunk=CHAR why="WORD?CHARSCAN on a non-CONTAINS kind: behaves exactly as WORD>CHAR"
CANDR ans="M" exp="M" correct=1 native=1 fallback=0 ops=1 maxdepth=0 zooms=0
CAND qid=6 kind=POSITION chunk=WORD why="address from the right: the question is anchored at the end of the text"
CANDR ans="M" exp="M" correct=1 native=0 fallback=1 ops=2 maxdepth=0 zooms=0
CAND qid=6 kind=POSITION chunk=CHAR why="scan from both ends toward the middle: first hit from either side wins"
CANDR ans="M" exp="M" correct=1 native=1 fallback=0 ops=1 maxdepth=0 zooms=0
CAND qid=6 kind=POSITION chunk=SPAN3 why="fixed 3-byte spans"
CANDR ans="M" exp="M" correct=1 native=0 fallback=1 ops=2 maxdepth=0 zooms=0
CAND qid=6 kind=POSITION chunk=SPAN5 why="fixed 5-byte spans"
CANDR ans="M" exp="M" correct=1 native=0 fallback=1 ops=2 maxdepth=0 zooms=0
CAND qid=6 kind=POSITION chunk=CHAR why="END_DIRECT on a non-edge kind: behaves exactly as CHAR"
CANDR ans="M" exp="M" correct=1 native=1 fallback=0 ops=1 maxdepth=0 zooms=0
CAND qid=7 kind=POSITION chunk=CHAR why="character units: letters and indices live at byte scale; space-scan addressing, no word table"
CANDR ans="y" exp="y" correct=1 native=1 fallback=0 ops=10 maxdepth=0 zooms=0
CAND qid=7 kind=POSITION chunk=WORD why="word units: the question is about word structure; sub-word work is out-of-unit"
CANDR ans="y" exp="y" correct=1 native=0 fallback=1 ops=11 maxdepth=0 zooms=0
CAND qid=7 kind=POSITION chunk=CHAR why="locate the named word at word scale, then magnify to character units for the index"
CANDR ans="y" exp="y" correct=1 native=1 fallback=0 ops=10 maxdepth=0 zooms=0
CAND qid=7 kind=POSITION chunk=CHAR why="WORD?CHARSCAN on a non-CONTAINS kind: behaves exactly as WORD>CHAR"
CANDR ans="y" exp="y" correct=1 native=1 fallback=0 ops=10 maxdepth=0 zooms=0
CAND qid=7 kind=POSITION chunk=WORD why="address from the right: the question is anchored at the end of the text"
CANDR ans="y" exp="y" correct=1 native=0 fallback=1 ops=11 maxdepth=0 zooms=0
CAND qid=7 kind=POSITION chunk=CHAR why="scan from both ends toward the middle: first hit from either side wins"
CANDR ans="y" exp="y" correct=1 native=1 fallback=0 ops=10 maxdepth=0 zooms=0
CAND qid=7 kind=POSITION chunk=SPAN3 why="fixed 3-byte spans"
CANDR ans="y" exp="y" correct=1 native=0 fallback=1 ops=2 maxdepth=0 zooms=0
CAND qid=7 kind=POSITION chunk=SPAN5 why="fixed 5-byte spans"
CANDR ans="y" exp="y" correct=1 native=0 fallback=1 ops=2 maxdepth=0 zooms=0
CAND qid=7 kind=POSITION chunk=CHAR why="END_DIRECT on a non-edge kind: behaves exactly as CHAR"
CANDR ans="y" exp="y" correct=1 native=1 fallback=0 ops=10 maxdepth=0 zooms=0
CAND qid=8 kind=REVERSE chunk=CHAR why="character units: letters and indices live at byte scale; space-scan addressing, no word table"
CANDR ans="yrrebwarts" exp="yrrebwarts" correct=1 native=1 fallback=0 ops=10 maxdepth=0 zooms=0
CAND qid=8 kind=REVERSE chunk=WORD why="word units: the question is about word structure; sub-word work is out-of-unit"
CANDR ans="yrrebwarts" exp="yrrebwarts" correct=1 native=0 fallback=1 ops=11 maxdepth=0 zooms=0
CAND qid=8 kind=REVERSE chunk=CHAR why="word-scale locate, character-scale resolve, traced zooms"
CANDR ans="yrrebwarts" exp="yrrebwarts" correct=1 native=1 fallback=0 ops=10 maxdepth=0 zooms=0
CAND qid=8 kind=REVERSE chunk=CHAR why="WORD?CHARSCAN on a non-CONTAINS kind: behaves exactly as WORD>CHAR"
CANDR ans="yrrebwarts" exp="yrrebwarts" correct=1 native=1 fallback=0 ops=10 maxdepth=0 zooms=0
CAND qid=8 kind=REVERSE chunk=WORD why="address from the right: the question is anchored at the end of the text"
CANDR ans="yrrebwarts" exp="yrrebwarts" correct=1 native=0 fallback=1 ops=11 maxdepth=0 zooms=0
CAND qid=8 kind=REVERSE chunk=CHAR why="scan from both ends toward the middle: first hit from either side wins"
CANDR ans="yrrebwarts" exp="yrrebwarts" correct=1 native=1 fallback=0 ops=10 maxdepth=0 zooms=0
CAND qid=8 kind=REVERSE chunk=SPAN3 why="fixed 3-byte spans"
CANDR ans="yrrebwarts" exp="yrrebwarts" correct=1 native=0 fallback=1 ops=14 maxdepth=0 zooms=0
CAND qid=8 kind=REVERSE chunk=SPAN5 why="fixed 5-byte spans"
CANDR ans="yrrebwarts" exp="yrrebwarts" correct=1 native=0 fallback=1 ops=12 maxdepth=0 zooms=0
CAND qid=8 kind=REVERSE chunk=CHAR why="END_DIRECT on a non-edge kind: behaves exactly as CHAR"
CANDR ans="yrrebwarts" exp="yrrebwarts" correct=1 native=1 fallback=0 ops=10 maxdepth=0 zooms=0
CAND qid=9 kind=REVERSE chunk=CHAR why="character units: letters and indices live at byte scale; space-scan addressing, no word table"
CANDR ans="cba" exp="cba" correct=1 native=1 fallback=0 ops=3 maxdepth=0 zooms=0
CAND qid=9 kind=REVERSE chunk=WORD why="word units: the question is about word structure; sub-word work is out-of-unit"
CANDR ans="cba" exp="cba" correct=1 native=0 fallback=1 ops=4 maxdepth=0 zooms=0
CAND qid=9 kind=REVERSE chunk=CHAR why="word-scale locate, character-scale resolve, traced zooms"
CANDR ans="cba" exp="cba" correct=1 native=1 fallback=0 ops=3 maxdepth=0 zooms=0
CAND qid=9 kind=REVERSE chunk=CHAR why="WORD?CHARSCAN on a non-CONTAINS kind: behaves exactly as WORD>CHAR"
CANDR ans="cba" exp="cba" correct=1 native=1 fallback=0 ops=3 maxdepth=0 zooms=0
CAND qid=9 kind=REVERSE chunk=WORD why="address from the right: the question is anchored at the end of the text"
CANDR ans="cba" exp="cba" correct=1 native=0 fallback=1 ops=4 maxdepth=0 zooms=0
CAND qid=9 kind=REVERSE chunk=CHAR why="scan from both ends toward the middle: first hit from either side wins"
CANDR ans="cba" exp="cba" correct=1 native=1 fallback=0 ops=3 maxdepth=0 zooms=0
CAND qid=9 kind=REVERSE chunk=SPAN3 why="fixed 3-byte spans"
CANDR ans="cba" exp="cba" correct=1 native=0 fallback=1 ops=4 maxdepth=0 zooms=0
CAND qid=9 kind=REVERSE chunk=SPAN5 why="fixed 5-byte spans"
CANDR ans="cba" exp="cba" correct=1 native=0 fallback=1 ops=4 maxdepth=0 zooms=0
CAND qid=9 kind=REVERSE chunk=CHAR why="END_DIRECT on a non-edge kind: behaves exactly as CHAR"
CANDR ans="cba" exp="cba" correct=1 native=1 fallback=0 ops=3 maxdepth=0 zooms=0
CAND qid=10 kind=WORD_COUNT chunk=CHAR why="character units: letters and indices live at byte scale; space-scan addressing, no word table"
CANDR ans="4" exp="4" correct=1 native=1 fallback=0 ops=19 maxdepth=0 zooms=0
CAND qid=10 kind=WORD_COUNT chunk=WORD why="word units: the question is about word structure; sub-word work is out-of-unit"
CANDR ans="4" exp="4" correct=1 native=1 fallback=0 ops=4 maxdepth=0 zooms=0
CAND qid=10 kind=WORD_COUNT chunk=WORD why="word-scale locate, character-scale resolve, traced zooms"
CANDR ans="4" exp="4" correct=1 native=1 fallback=0 ops=4 maxdepth=0 zooms=0
CAND qid=10 kind=WORD_COUNT chunk=WORD why="WORD?CHARSCAN on a non-CONTAINS kind: behaves exactly as WORD>CHAR"
CANDR ans="4" exp="4" correct=1 native=1 fallback=0 ops=4 maxdepth=0 zooms=0
CAND qid=10 kind=WORD_COUNT chunk=WORD why="address from the right: the question is anchored at the end of the text"
CANDR ans="4" exp="4" correct=1 native=1 fallback=0 ops=4 maxdepth=0 zooms=0
CAND qid=10 kind=WORD_COUNT chunk=CHAR why="scan from both ends toward the middle: first hit from either side wins"
CANDR ans="4" exp="4" correct=1 native=1 fallback=0 ops=19 maxdepth=0 zooms=0
CAND qid=10 kind=WORD_COUNT chunk=SPAN3 why="fixed 3-byte spans"
CANDR ans="4" exp="4" correct=1 native=0 fallback=1 ops=26 maxdepth=0 zooms=0
CAND qid=10 kind=WORD_COUNT chunk=SPAN5 why="fixed 5-byte spans"
CANDR ans="4" exp="4" correct=1 native=0 fallback=1 ops=23 maxdepth=0 zooms=0
CAND qid=10 kind=WORD_COUNT chunk=CHAR why="END_DIRECT on a non-edge kind: behaves exactly as CHAR"
CANDR ans="4" exp="4" correct=1 native=1 fallback=0 ops=19 maxdepth=0 zooms=0
CAND qid=11 kind=WORD_COUNT chunk=CHAR why="character units: letters and indices live at byte scale; space-scan addressing, no word table"
CANDR ans="1" exp="1" correct=1 native=1 fallback=0 ops=5 maxdepth=0 zooms=0
CAND qid=11 kind=WORD_COUNT chunk=WORD why="word units: the question is about word structure; sub-word work is out-of-unit"
CANDR ans="1" exp="1" correct=1 native=1 fallback=0 ops=1 maxdepth=0 zooms=0
CAND qid=11 kind=WORD_COUNT chunk=WORD why="word-scale locate, character-scale resolve, traced zooms"
CANDR ans="1" exp="1" correct=1 native=1 fallback=0 ops=1 maxdepth=0 zooms=0
CAND qid=11 kind=WORD_COUNT chunk=WORD why="WORD?CHARSCAN on a non-CONTAINS kind: behaves exactly as WORD>CHAR"
CANDR ans="1" exp="1" correct=1 native=1 fallback=0 ops=1 maxdepth=0 zooms=0
CAND qid=11 kind=WORD_COUNT chunk=WORD why="address from the right: the question is anchored at the end of the text"
CANDR ans="1" exp="1" correct=1 native=1 fallback=0 ops=1 maxdepth=0 zooms=0
CAND qid=11 kind=WORD_COUNT chunk=CHAR why="scan from both ends toward the middle: first hit from either side wins"
CANDR ans="1" exp="1" correct=1 native=1 fallback=0 ops=5 maxdepth=0 zooms=0
CAND qid=11 kind=WORD_COUNT chunk=SPAN3 why="fixed 3-byte spans"
CANDR ans="1" exp="1" correct=1 native=0 fallback=1 ops=7 maxdepth=0 zooms=0
CAND qid=11 kind=WORD_COUNT chunk=SPAN5 why="fixed 5-byte spans"
CANDR ans="1" exp="1" correct=1 native=0 fallback=1 ops=6 maxdepth=0 zooms=0
CAND qid=11 kind=WORD_COUNT chunk=CHAR why="END_DIRECT on a non-edge kind: behaves exactly as CHAR"
CANDR ans="1" exp="1" correct=1 native=1 fallback=0 ops=5 maxdepth=0 zooms=0
CAND qid=12 kind=LENGTH chunk=CHAR why="character units: letters and indices live at byte scale; space-scan addressing, no word table"
CANDR ans="10" exp="10" correct=1 native=1 fallback=0 ops=1 maxdepth=0 zooms=0
CAND qid=12 kind=LENGTH chunk=WORD why="word units: the question is about word structure; sub-word work is out-of-unit"
CANDR ans="10" exp="10" correct=1 native=1 fallback=0 ops=1 maxdepth=0 zooms=0
CAND qid=12 kind=LENGTH chunk=CHAR why="word-scale locate, character-scale resolve, traced zooms"
CANDR ans="10" exp="10" correct=1 native=1 fallback=0 ops=10 maxdepth=0 zooms=0
CAND qid=12 kind=LENGTH chunk=CHAR why="WORD?CHARSCAN on a non-CONTAINS kind: behaves exactly as WORD>CHAR"
CANDR ans="10" exp="10" correct=1 native=1 fallback=0 ops=10 maxdepth=0 zooms=0
CAND qid=12 kind=LENGTH chunk=WORD why="address from the right: the question is anchored at the end of the text"
CANDR ans="10" exp="10" correct=1 native=1 fallback=0 ops=1 maxdepth=0 zooms=0
CAND qid=12 kind=LENGTH chunk=CHAR why="scan from both ends toward the middle: first hit from either side wins"
CANDR ans="10" exp="10" correct=1 native=1 fallback=0 ops=1 maxdepth=0 zooms=0
CAND qid=12 kind=LENGTH chunk=SPAN3 why="fixed 3-byte spans"
CANDR ans="10" exp="10" correct=1 native=1 fallback=0 ops=4 maxdepth=0 zooms=0
CAND qid=12 kind=LENGTH chunk=SPAN5 why="fixed 5-byte spans"
CANDR ans="10" exp="10" correct=1 native=1 fallback=0 ops=2 maxdepth=0 zooms=0
CAND qid=12 kind=LENGTH chunk=CHAR why="END_DIRECT on a non-edge kind: behaves exactly as CHAR"
CANDR ans="10" exp="10" correct=1 native=1 fallback=0 ops=1 maxdepth=0 zooms=0
CAND qid=13 kind=LENGTH chunk=CHAR why="character units: letters and indices live at byte scale; space-scan addressing, no word table"
CANDR ans="2" exp="2" correct=1 native=1 fallback=0 ops=1 maxdepth=0 zooms=0
CAND qid=13 kind=LENGTH chunk=WORD why="word units: the question is about word structure; sub-word work is out-of-unit"
CANDR ans="2" exp="2" correct=1 native=1 fallback=0 ops=1 maxdepth=0 zooms=0
CAND qid=13 kind=LENGTH chunk=CHAR why="word-scale locate, character-scale resolve, traced zooms"
CANDR ans="2" exp="2" correct=1 native=1 fallback=0 ops=2 maxdepth=0 zooms=0
CAND qid=13 kind=LENGTH chunk=CHAR why="WORD?CHARSCAN on a non-CONTAINS kind: behaves exactly as WORD>CHAR"
CANDR ans="2" exp="2" correct=1 native=1 fallback=0 ops=2 maxdepth=0 zooms=0
CAND qid=13 kind=LENGTH chunk=WORD why="address from the right: the question is anchored at the end of the text"
CANDR ans="2" exp="2" correct=1 native=1 fallback=0 ops=1 maxdepth=0 zooms=0
CAND qid=13 kind=LENGTH chunk=CHAR why="scan from both ends toward the middle: first hit from either side wins"
CANDR ans="2" exp="2" correct=1 native=1 fallback=0 ops=1 maxdepth=0 zooms=0
CAND qid=13 kind=LENGTH chunk=SPAN3 why="fixed 3-byte spans"
CANDR ans="2" exp="2" correct=1 native=1 fallback=0 ops=1 maxdepth=0 zooms=0
CAND qid=13 kind=LENGTH chunk=SPAN5 why="fixed 5-byte spans"
CANDR ans="2" exp="2" correct=1 native=1 fallback=0 ops=1 maxdepth=0 zooms=0
CAND qid=13 kind=LENGTH chunk=CHAR why="END_DIRECT on a non-edge kind: behaves exactly as CHAR"
CANDR ans="2" exp="2" correct=1 native=1 fallback=0 ops=1 maxdepth=0 zooms=0
CAND qid=14 kind=CONTAINS chunk=CHAR why="character units: letters and indices live at byte scale; space-scan addressing, no word table"
CANDR ans="yes" exp="yes" correct=1 native=1 fallback=0 ops=19 maxdepth=0 zooms=0
CAND qid=14 kind=CONTAINS chunk=WORD why="word units: the question is about word structure; sub-word work is out-of-unit"
CANDR ans="yes" exp="yes" correct=1 native=1 fallback=0 ops=4 maxdepth=0 zooms=0
CAND qid=14 kind=CONTAINS chunk=WORD?CHARSCAN why="try word-boundary match first; magnify to a character span scan on miss"
CANDR ans="yes" exp="yes" correct=1 native=1 fallback=0 ops=4 maxdepth=0 zooms=0
CAND qid=14 kind=CONTAINS chunk=WORD?CHARSCAN why="cheap word-boundary attempt first; magnify to character-span scan only on miss"
CANDR ans="yes" exp="yes" correct=1 native=1 fallback=0 ops=4 maxdepth=0 zooms=0
CAND qid=14 kind=CONTAINS chunk=WORD why="address from the right: the question is anchored at the end of the text"
CANDR ans="yes" exp="yes" correct=1 native=1 fallback=0 ops=4 maxdepth=0 zooms=0
CAND qid=14 kind=CONTAINS chunk=BOTH_ENDS why="scan from both ends toward the middle: first hit from either side wins"
CANDR ans="yes" exp="yes" correct=1 native=1 fallback=0 ops=4 maxdepth=0 zooms=0
CAND qid=14 kind=CONTAINS chunk=SPAN3 why="fixed 3-byte spans"
CANDR ans="yes" exp="yes" correct=1 native=0 fallback=1 ops=26 maxdepth=0 zooms=0
CAND qid=14 kind=CONTAINS chunk=SPAN5 why="fixed 5-byte spans"
CANDR ans="yes" exp="yes" correct=1 native=0 fallback=1 ops=23 maxdepth=0 zooms=0
CAND qid=14 kind=CONTAINS chunk=CHAR why="END_DIRECT on a non-edge kind: behaves exactly as CHAR"
CANDR ans="yes" exp="yes" correct=1 native=1 fallback=0 ops=19 maxdepth=0 zooms=0
CAND qid=15 kind=FIRST_WORD chunk=CHAR why="character units: letters and indices live at byte scale; space-scan addressing, no word table"
CANDR ans="the" exp="the" correct=1 native=1 fallback=0 ops=3 maxdepth=0 zooms=0
CAND qid=15 kind=FIRST_WORD chunk=WORD why="word units: the question is about word structure; sub-word work is out-of-unit"
CANDR ans="the" exp="the" correct=1 native=1 fallback=0 ops=4 maxdepth=0 zooms=0
CAND qid=15 kind=FIRST_WORD chunk=WORD why="word-scale locate, character-scale resolve, traced zooms"
CANDR ans="the" exp="the" correct=1 native=1 fallback=0 ops=4 maxdepth=0 zooms=0
CAND qid=15 kind=FIRST_WORD chunk=WORD why="WORD?CHARSCAN on a non-CONTAINS kind: behaves exactly as WORD>CHAR"
CANDR ans="the" exp="the" correct=1 native=1 fallback=0 ops=4 maxdepth=0 zooms=0
CAND qid=15 kind=FIRST_WORD chunk=WORD why="address from the right: the question is anchored at the end of the text"
CANDR ans="the" exp="the" correct=1 native=1 fallback=0 ops=4 maxdepth=0 zooms=0
CAND qid=15 kind=FIRST_WORD chunk=CHAR why="scan from both ends toward the middle: first hit from either side wins"
CANDR ans="the" exp="the" correct=1 native=1 fallback=0 ops=3 maxdepth=0 zooms=0
CAND qid=15 kind=FIRST_WORD chunk=SPAN3 why="fixed 3-byte spans"
CANDR ans="the" exp="the" correct=1 native=0 fallback=1 ops=10 maxdepth=0 zooms=0
CAND qid=15 kind=FIRST_WORD chunk=SPAN5 why="fixed 5-byte spans"
CANDR ans="the" exp="the" correct=1 native=0 fallback=1 ops=7 maxdepth=0 zooms=0
CAND qid=15 kind=FIRST_WORD chunk=CHAR why="END_DIRECT on a non-edge kind: behaves exactly as CHAR"
CANDR ans="the" exp="the" correct=1 native=1 fallback=0 ops=3 maxdepth=0 zooms=0
CAND qid=16 kind=POS_LAST chunk=CHAR why="character units: letters and indices live at byte scale; space-scan addressing, no word table"
CANDR ans="i" exp="i" correct=1 native=1 fallback=0 ops=11 maxdepth=0 zooms=0
CAND qid=16 kind=POS_LAST chunk=WORD why="word units: the question is about word structure; sub-word work is out-of-unit"
CANDR ans="i" exp="i" correct=1 native=0 fallback=1 ops=2 maxdepth=0 zooms=0
CAND qid=16 kind=POS_LAST chunk=CHAR why="word-scale locate, character-scale resolve, traced zooms"
CANDR ans="i" exp="i" correct=1 native=1 fallback=0 ops=11 maxdepth=0 zooms=0
CAND qid=16 kind=POS_LAST chunk=CHAR why="WORD?CHARSCAN on a non-CONTAINS kind: behaves exactly as WORD>CHAR"
CANDR ans="i" exp="i" correct=1 native=1 fallback=0 ops=11 maxdepth=0 zooms=0
CAND qid=16 kind=POS_LAST chunk=WORD why="address from the right: the question is anchored at the end of the text"
CANDR ans="i" exp="i" correct=1 native=0 fallback=1 ops=2 maxdepth=0 zooms=0
CAND qid=16 kind=POS_LAST chunk=CHAR why="scan from both ends toward the middle: first hit from either side wins"
CANDR ans="i" exp="i" correct=1 native=1 fallback=0 ops=11 maxdepth=0 zooms=0
CAND qid=16 kind=POS_LAST chunk=SPAN3 why="fixed 3-byte spans"
CANDR ans="i" exp="i" correct=1 native=0 fallback=1 ops=1 maxdepth=0 zooms=0
CAND qid=16 kind=POS_LAST chunk=SPAN5 why="fixed 5-byte spans"
CANDR ans="i" exp="i" correct=1 native=0 fallback=1 ops=1 maxdepth=0 zooms=0
CAND qid=16 kind=POS_LAST chunk=END_DIRECT why="last-letter questions name the text edge: read it directly"
CANDR ans="i" exp="i" correct=1 native=1 fallback=0 ops=1 maxdepth=0 zooms=0
CAND qid=17 kind=POS_FIRST chunk=CHAR why="character units: letters and indices live at byte scale; space-scan addressing, no word table"
CANDR ans="h" exp="h" correct=1 native=1 fallback=0 ops=1 maxdepth=0 zooms=0
CAND qid=17 kind=POS_FIRST chunk=WORD why="word units: the question is about word structure; sub-word work is out-of-unit"
CANDR ans="h" exp="h" correct=1 native=0 fallback=1 ops=3 maxdepth=0 zooms=0
CAND qid=17 kind=POS_FIRST chunk=WORD>CHAR why="word-scale locate, character-scale resolve, traced zooms"
CAND zoom qid=17 span=1 parent=0 off=0 len=1 depth=2 why=index-character-inside-word
CANDR ans="h" exp="h" correct=1 native=1 fallback=0 ops=1 maxdepth=2 zooms=1
CAND qid=17 kind=POS_FIRST chunk=WORD>CHAR why="WORD?CHARSCAN on a non-CONTAINS kind: behaves exactly as WORD>CHAR"
CAND zoom qid=17 span=1 parent=0 off=0 len=1 depth=2 why=index-character-inside-word
CANDR ans="h" exp="h" correct=1 native=1 fallback=0 ops=1 maxdepth=2 zooms=1
CAND qid=17 kind=POS_FIRST chunk=WORD why="address from the right: the question is anchored at the end of the text"
CANDR ans="h" exp="h" correct=1 native=0 fallback=1 ops=3 maxdepth=0 zooms=0
CAND qid=17 kind=POS_FIRST chunk=CHAR why="scan from both ends toward the middle: first hit from either side wins"
CANDR ans="h" exp="h" correct=1 native=1 fallback=0 ops=1 maxdepth=0 zooms=0
CAND qid=17 kind=POS_FIRST chunk=SPAN3 why="fixed 3-byte spans"
CANDR ans="h" exp="h" correct=1 native=0 fallback=1 ops=1 maxdepth=0 zooms=0
CAND qid=17 kind=POS_FIRST chunk=SPAN5 why="fixed 5-byte spans"
CANDR ans="h" exp="h" correct=1 native=0 fallback=1 ops=1 maxdepth=0 zooms=0
CAND qid=17 kind=POS_FIRST chunk=END_DIRECT why="first-letter questions name the text edge: read it directly"
CANDR ans="h" exp="h" correct=1 native=1 fallback=0 ops=1 maxdepth=0 zooms=0
CAND qid=18 kind=LETTER_COUNT chunk=CHAR why="character units: letters and indices live at byte scale; space-scan addressing, no word table"
CANDR ans="0" exp="0" correct=1 native=1 fallback=0 ops=11 maxdepth=0 zooms=0
CAND qid=18 kind=LETTER_COUNT chunk=WORD why="word units: the question is about word structure; sub-word work is out-of-unit"
CANDR ans="0" exp="0" correct=1 native=0 fallback=1 ops=12 maxdepth=0 zooms=0
CAND qid=18 kind=LETTER_COUNT chunk=CHAR why="multi-token letter count: enumerate words at word scale, magnify to character units inside each word"
CANDR ans="0" exp="0" correct=1 native=1 fallback=0 ops=11 maxdepth=0 zooms=0
CAND qid=18 kind=LETTER_COUNT chunk=CHAR why="WORD?CHARSCAN on a non-CONTAINS kind: behaves exactly as WORD>CHAR"
CANDR ans="0" exp="0" correct=1 native=1 fallback=0 ops=11 maxdepth=0 zooms=0
CAND qid=18 kind=LETTER_COUNT chunk=WORD why="address from the right: the question is anchored at the end of the text"
CANDR ans="0" exp="0" correct=1 native=0 fallback=1 ops=12 maxdepth=0 zooms=0
CAND qid=18 kind=LETTER_COUNT chunk=CHAR why="scan from both ends toward the middle: first hit from either side wins"
CANDR ans="0" exp="0" correct=1 native=1 fallback=0 ops=11 maxdepth=0 zooms=0
CAND qid=18 kind=LETTER_COUNT chunk=SPAN3 why="fixed 3-byte spans"
CANDR ans="0" exp="0" correct=1 native=0 fallback=1 ops=15 maxdepth=0 zooms=0
CAND qid=18 kind=LETTER_COUNT chunk=SPAN5 why="fixed 5-byte spans"
CANDR ans="0" exp="0" correct=1 native=0 fallback=1 ops=14 maxdepth=0 zooms=0
CAND qid=18 kind=LETTER_COUNT chunk=CHAR why="END_DIRECT on a non-edge kind: behaves exactly as CHAR"
CANDR ans="0" exp="0" correct=1 native=1 fallback=0 ops=11 maxdepth=0 zooms=0
CAND qid=19 kind=LETTER_COUNT chunk=CHAR why="character units: letters and indices live at byte scale; space-scan addressing, no word table"
CANDR ans="2" exp="2" correct=1 native=1 fallback=0 ops=10 maxdepth=0 zooms=0
CAND qid=19 kind=LETTER_COUNT chunk=WORD why="word units: the question is about word structure; sub-word work is out-of-unit"
CANDR ans="2" exp="2" correct=1 native=0 fallback=1 ops=11 maxdepth=0 zooms=0
CAND qid=19 kind=LETTER_COUNT chunk=CHAR why="multi-token letter count: enumerate words at word scale, magnify to character units inside each word"
CANDR ans="2" exp="2" correct=1 native=1 fallback=0 ops=10 maxdepth=0 zooms=0
CAND qid=19 kind=LETTER_COUNT chunk=CHAR why="WORD?CHARSCAN on a non-CONTAINS kind: behaves exactly as WORD>CHAR"
CANDR ans="2" exp="2" correct=1 native=1 fallback=0 ops=10 maxdepth=0 zooms=0
CAND qid=19 kind=LETTER_COUNT chunk=WORD why="address from the right: the question is anchored at the end of the text"
CANDR ans="2" exp="2" correct=1 native=0 fallback=1 ops=11 maxdepth=0 zooms=0
CAND qid=19 kind=LETTER_COUNT chunk=CHAR why="scan from both ends toward the middle: first hit from either side wins"
CANDR ans="2" exp="2" correct=1 native=1 fallback=0 ops=10 maxdepth=0 zooms=0
CAND qid=19 kind=LETTER_COUNT chunk=SPAN3 why="fixed 3-byte spans"
CANDR ans="2" exp="2" correct=1 native=0 fallback=1 ops=14 maxdepth=0 zooms=0
CAND qid=19 kind=LETTER_COUNT chunk=SPAN5 why="fixed 5-byte spans"
CANDR ans="2" exp="2" correct=1 native=0 fallback=1 ops=12 maxdepth=0 zooms=0
CAND qid=19 kind=LETTER_COUNT chunk=CHAR why="END_DIRECT on a non-edge kind: behaves exactly as CHAR"
CANDR ans="2" exp="2" correct=1 native=1 fallback=0 ops=10 maxdepth=0 zooms=0
CAND qid=20 kind=LETTER_COUNT chunk=CHAR why="character units: letters and indices live at byte scale; space-scan addressing, no word table"
CANDR ans="6" exp="6" correct=1 native=1 fallback=0 ops=16 maxdepth=0 zooms=0
CAND qid=20 kind=LETTER_COUNT chunk=WORD why="word units: the question is about word structure; sub-word work is out-of-unit"
CANDR ans="6" exp="6" correct=1 native=0 fallback=1 ops=19 maxdepth=0 zooms=0
CAND qid=20 kind=LETTER_COUNT chunk=WORD>CHAR why="multi-token letter count: enumerate words at word scale, magnify to character units inside each word"
CAND zoom qid=20 span=1 parent=0 off=0 len=3 depth=1 why=count-letters-inside-word
CAND zoom qid=20 span=2 parent=0 off=4 len=6 depth=1 why=count-letters-inside-word
CAND zoom qid=20 span=3 parent=0 off=11 len=5 depth=1 why=count-letters-inside-word
CANDR ans="6" exp="6" correct=1 native=1 fallback=0 ops=17 maxdepth=1 zooms=3
CAND qid=20 kind=LETTER_COUNT chunk=WORD>CHAR why="WORD?CHARSCAN on a non-CONTAINS kind: behaves exactly as WORD>CHAR"
CAND zoom qid=20 span=1 parent=0 off=0 len=3 depth=1 why=count-letters-inside-word
CAND zoom qid=20 span=2 parent=0 off=4 len=6 depth=1 why=count-letters-inside-word
CAND zoom qid=20 span=3 parent=0 off=11 len=5 depth=1 why=count-letters-inside-word
CANDR ans="6" exp="6" correct=1 native=1 fallback=0 ops=17 maxdepth=1 zooms=3
CAND qid=20 kind=LETTER_COUNT chunk=WORD why="address from the right: the question is anchored at the end of the text"
CANDR ans="6" exp="6" correct=1 native=0 fallback=1 ops=19 maxdepth=0 zooms=0
CAND qid=20 kind=LETTER_COUNT chunk=CHAR why="scan from both ends toward the middle: first hit from either side wins"
CANDR ans="6" exp="6" correct=1 native=1 fallback=0 ops=16 maxdepth=0 zooms=0
CAND qid=20 kind=LETTER_COUNT chunk=SPAN3 why="fixed 3-byte spans"
CANDR ans="6" exp="6" correct=1 native=0 fallback=1 ops=22 maxdepth=0 zooms=0
CAND qid=20 kind=LETTER_COUNT chunk=SPAN5 why="fixed 5-byte spans"
CANDR ans="6" exp="6" correct=1 native=0 fallback=1 ops=20 maxdepth=0 zooms=0
CAND qid=20 kind=LETTER_COUNT chunk=CHAR why="END_DIRECT on a non-edge kind: behaves exactly as CHAR"
CANDR ans="6" exp="6" correct=1 native=1 fallback=0 ops=16 maxdepth=0 zooms=0
CAND qid=21 kind=CONTAINS chunk=CHAR why="character units: letters and indices live at byte scale; space-scan addressing, no word table"
CANDR ans="yes" exp="yes" correct=1 native=1 fallback=0 ops=10 maxdepth=0 zooms=0
CAND qid=21 kind=CONTAINS chunk=WORD why="word units: the question is about word structure; sub-word work is out-of-unit"
CANDR ans="yes" exp="yes" correct=1 native=0 fallback=1 ops=11 maxdepth=0 zooms=0
CAND qid=21 kind=CONTAINS chunk=WORD?CHARSCAN why="try word-boundary match first; magnify to a character span scan on miss"
CAND zoom qid=21 span=1 parent=0 off=0 len=10 depth=1 why=substring-scan-at-character-scale
CANDR ans="yes" exp="yes" correct=1 native=1 fallback=0 ops=11 maxdepth=1 zooms=1
CAND qid=21 kind=CONTAINS chunk=WORD?CHARSCAN why="cheap word-boundary attempt first; magnify to character-span scan only on miss"
CAND zoom qid=21 span=1 parent=0 off=0 len=10 depth=1 why=substring-scan-at-character-scale
CANDR ans="yes" exp="yes" correct=1 native=1 fallback=0 ops=11 maxdepth=1 zooms=1
CAND qid=21 kind=CONTAINS chunk=WORD why="address from the right: the question is anchored at the end of the text"
CANDR ans="yes" exp="yes" correct=1 native=0 fallback=1 ops=11 maxdepth=0 zooms=0
CAND qid=21 kind=CONTAINS chunk=BOTH_ENDS why="scan from both ends toward the middle: first hit from either side wins"
CANDR ans="yes" exp="yes" correct=1 native=1 fallback=0 ops=8 maxdepth=0 zooms=0
CAND qid=21 kind=CONTAINS chunk=SPAN3 why="fixed 3-byte spans"
CANDR ans="yes" exp="yes" correct=1 native=0 fallback=1 ops=14 maxdepth=0 zooms=0
CAND qid=21 kind=CONTAINS chunk=SPAN5 why="fixed 5-byte spans"
CANDR ans="yes" exp="yes" correct=1 native=0 fallback=1 ops=12 maxdepth=0 zooms=0
CAND qid=21 kind=CONTAINS chunk=CHAR why="END_DIRECT on a non-edge kind: behaves exactly as CHAR"
CANDR ans="yes" exp="yes" correct=1 native=1 fallback=0 ops=10 maxdepth=0 zooms=0
CAND qid=22 kind=POSITION chunk=CHAR why="character units: letters and indices live at byte scale; space-scan addressing, no word table"
CANDR ans="o" exp="o" correct=1 native=1 fallback=0 ops=21 maxdepth=0 zooms=0
CAND qid=22 kind=POSITION chunk=WORD why="word units: the question is about word structure; sub-word work is out-of-unit"
CANDR ans="o" exp="o" correct=1 native=0 fallback=1 ops=6 maxdepth=0 zooms=0
CAND qid=22 kind=POSITION chunk=WORD>CHAR why="locate the named word at word scale, then magnify to character units for the index"
CAND zoom qid=22 span=1 parent=0 off=16 len=3 depth=1 why=locate-target-word
CAND zoom qid=22 span=2 parent=1 off=17 len=1 depth=2 why=index-character-inside-word
CANDR ans="o" exp="o" correct=1 native=1 fallback=0 ops=6 maxdepth=2 zooms=2
CAND qid=22 kind=POSITION chunk=WORD>CHAR why="WORD?CHARSCAN on a non-CONTAINS kind: behaves exactly as WORD>CHAR"
CAND zoom qid=22 span=1 parent=0 off=16 len=3 depth=1 why=locate-target-word
CAND zoom qid=22 span=2 parent=1 off=17 len=1 depth=2 why=index-character-inside-word
CANDR ans="o" exp="o" correct=1 native=1 fallback=0 ops=6 maxdepth=2 zooms=2
CAND qid=22 kind=POSITION chunk=WORD why="address from the right: the question is anchored at the end of the text"
CANDR ans="o" exp="o" correct=1 native=0 fallback=1 ops=6 maxdepth=0 zooms=0
CAND qid=22 kind=POSITION chunk=CHAR why="scan from both ends toward the middle: first hit from either side wins"
CANDR ans="o" exp="o" correct=1 native=1 fallback=0 ops=21 maxdepth=0 zooms=0
CAND qid=22 kind=POSITION chunk=SPAN3 why="fixed 3-byte spans"
CANDR ans="h" exp="o" correct=0 native=0 fallback=1 ops=2 maxdepth=0 zooms=0
CAND qid=22 kind=POSITION chunk=SPAN5 why="fixed 5-byte spans"
CANDR ans="h" exp="o" correct=0 native=0 fallback=1 ops=2 maxdepth=0 zooms=0
CAND qid=22 kind=POSITION chunk=CHAR why="END_DIRECT on a non-edge kind: behaves exactly as CHAR"
CANDR ans="o" exp="o" correct=1 native=1 fallback=0 ops=21 maxdepth=0 zooms=0
CAND qid=23 kind=LETTER_COUNT chunk=CHAR why="character units: letters and indices live at byte scale; space-scan addressing, no word table"
CANDR ans="3" exp="3" correct=1 native=1 fallback=0 ops=20 maxdepth=0 zooms=0
CAND qid=23 kind=LETTER_COUNT chunk=WORD why="word units: the question is about word structure; sub-word work is out-of-unit"
CANDR ans="3" exp="3" correct=1 native=0 fallback=1 ops=23 maxdepth=0 zooms=0
CAND qid=23 kind=LETTER_COUNT chunk=WORD>CHAR why="multi-token letter count: enumerate words at word scale, magnify to character units inside each word"
CAND zoom qid=23 span=1 parent=0 off=0 len=3 depth=1 why=count-letters-inside-word
CAND zoom qid=23 span=2 parent=0 off=4 len=10 depth=1 why=count-letters-inside-word
CAND zoom qid=23 span=3 parent=0 off=15 len=5 depth=1 why=count-letters-inside-word
CANDR ans="3" exp="3" correct=1 native=1 fallback=0 ops=21 maxdepth=1 zooms=3
CAND qid=23 kind=LETTER_COUNT chunk=WORD>CHAR why="WORD?CHARSCAN on a non-CONTAINS kind: behaves exactly as WORD>CHAR"
CAND zoom qid=23 span=1 parent=0 off=0 len=3 depth=1 why=count-letters-inside-word
CAND zoom qid=23 span=2 parent=0 off=4 len=10 depth=1 why=count-letters-inside-word
CAND zoom qid=23 span=3 parent=0 off=15 len=5 depth=1 why=count-letters-inside-word
CANDR ans="3" exp="3" correct=1 native=1 fallback=0 ops=21 maxdepth=1 zooms=3
CAND qid=23 kind=LETTER_COUNT chunk=WORD why="address from the right: the question is anchored at the end of the text"
CANDR ans="3" exp="3" correct=1 native=0 fallback=1 ops=23 maxdepth=0 zooms=0
CAND qid=23 kind=LETTER_COUNT chunk=CHAR why="scan from both ends toward the middle: first hit from either side wins"
CANDR ans="3" exp="3" correct=1 native=1 fallback=0 ops=20 maxdepth=0 zooms=0
CAND qid=23 kind=LETTER_COUNT chunk=SPAN3 why="fixed 3-byte spans"
CANDR ans="3" exp="3" correct=1 native=0 fallback=1 ops=27 maxdepth=0 zooms=0
CAND qid=23 kind=LETTER_COUNT chunk=SPAN5 why="fixed 5-byte spans"
CANDR ans="3" exp="3" correct=1 native=0 fallback=1 ops=24 maxdepth=0 zooms=0
CAND qid=23 kind=LETTER_COUNT chunk=CHAR why="END_DIRECT on a non-edge kind: behaves exactly as CHAR"
CANDR ans="3" exp="3" correct=1 native=1 fallback=0 ops=20 maxdepth=0 zooms=0
CAND qid=24 kind=LETTER_COUNT_WORD chunk=CHAR why="character units: letters and indices live at byte scale; space-scan addressing, no word table"
CANDR ans="3" exp="3" correct=1 native=1 fallback=0 ops=17 maxdepth=0 zooms=0
CAND qid=24 kind=LETTER_COUNT_WORD chunk=WORD why="word units: the question is about word structure; sub-word work is out-of-unit"
CANDR ans="3" exp="3" correct=1 native=0 fallback=1 ops=9 maxdepth=0 zooms=0
CAND qid=24 kind=LETTER_COUNT_WORD chunk=WORD>CHAR why="word-scale locate, character-scale resolve, traced zooms"
CAND zoom qid=24 span=1 parent=0 off=4 len=6 depth=1 why=count-letters-inside-word
CANDR ans="3" exp="3" correct=1 native=1 fallback=0 ops=9 maxdepth=1 zooms=1
CAND qid=24 kind=LETTER_COUNT_WORD chunk=WORD>CHAR why="WORD?CHARSCAN on a non-CONTAINS kind: behaves exactly as WORD>CHAR"
CAND zoom qid=24 span=1 parent=0 off=4 len=6 depth=1 why=count-letters-inside-word
CANDR ans="3" exp="3" correct=1 native=1 fallback=0 ops=9 maxdepth=1 zooms=1
CAND qid=24 kind=LETTER_COUNT_WORD chunk=WORD why="address from the right: the question is anchored at the end of the text"
CANDR ans="3" exp="3" correct=1 native=0 fallback=1 ops=9 maxdepth=0 zooms=0
CAND qid=24 kind=LETTER_COUNT_WORD chunk=CHAR why="scan from both ends toward the middle: first hit from either side wins"
CANDR ans="3" exp="3" correct=1 native=1 fallback=0 ops=17 maxdepth=0 zooms=0
CAND qid=24 kind=LETTER_COUNT_WORD chunk=SPAN3 why="fixed 3-byte spans"
CANDR ans="3" exp="3" correct=1 native=0 fallback=1 ops=17 maxdepth=0 zooms=0
CAND qid=24 kind=LETTER_COUNT_WORD chunk=SPAN5 why="fixed 5-byte spans"
CANDR ans="3" exp="3" correct=1 native=0 fallback=1 ops=17 maxdepth=0 zooms=0
CAND qid=24 kind=LETTER_COUNT_WORD chunk=CHAR why="END_DIRECT on a non-edge kind: behaves exactly as CHAR"
CANDR ans="3" exp="3" correct=1 native=1 fallback=0 ops=17 maxdepth=0 zooms=0
CAND qid=25 kind=LETTER_COUNT_WORD chunk=CHAR why="character units: letters and indices live at byte scale; space-scan addressing, no word table"
CANDR ans="1" exp="1" correct=1 native=1 fallback=0 ops=21 maxdepth=0 zooms=0
CAND qid=25 kind=LETTER_COUNT_WORD chunk=WORD why="word units: the question is about word structure; sub-word work is out-of-unit"
CANDR ans="1" exp="1" correct=1 native=0 fallback=1 ops=9 maxdepth=0 zooms=0
CAND qid=25 kind=LETTER_COUNT_WORD chunk=WORD>CHAR why="word-scale locate, character-scale resolve, traced zooms"
CAND zoom qid=25 span=1 parent=0 off=10 len=5 depth=1 why=count-letters-inside-word
CANDR ans="1" exp="1" correct=1 native=1 fallback=0 ops=9 maxdepth=1 zooms=1
CAND qid=25 kind=LETTER_COUNT_WORD chunk=WORD>CHAR why="WORD?CHARSCAN on a non-CONTAINS kind: behaves exactly as WORD>CHAR"
CAND zoom qid=25 span=1 parent=0 off=10 len=5 depth=1 why=count-letters-inside-word
CANDR ans="1" exp="1" correct=1 native=1 fallback=0 ops=9 maxdepth=1 zooms=1
CAND qid=25 kind=LETTER_COUNT_WORD chunk=WORD why="address from the right: the question is anchored at the end of the text"
CANDR ans="1" exp="1" correct=1 native=0 fallback=1 ops=9 maxdepth=0 zooms=0
CAND qid=25 kind=LETTER_COUNT_WORD chunk=CHAR why="scan from both ends toward the middle: first hit from either side wins"
CANDR ans="1" exp="1" correct=1 native=1 fallback=0 ops=21 maxdepth=0 zooms=0
CAND qid=25 kind=LETTER_COUNT_WORD chunk=SPAN3 why="fixed 3-byte spans"
CANDR ans="1" exp="1" correct=1 native=0 fallback=1 ops=21 maxdepth=0 zooms=0
CAND qid=25 kind=LETTER_COUNT_WORD chunk=SPAN5 why="fixed 5-byte spans"
CANDR ans="1" exp="1" correct=1 native=0 fallback=1 ops=21 maxdepth=0 zooms=0
CAND qid=25 kind=LETTER_COUNT_WORD chunk=CHAR why="END_DIRECT on a non-edge kind: behaves exactly as CHAR"
CANDR ans="1" exp="1" correct=1 native=1 fallback=0 ops=21 maxdepth=0 zooms=0
CAND qid=26 kind=LENGTH_WORD chunk=CHAR why="character units: letters and indices live at byte scale; space-scan addressing, no word table"
CANDR ans="3" exp="3" correct=1 native=1 fallback=0 ops=5 maxdepth=0 zooms=0
CAND qid=26 kind=LENGTH_WORD chunk=WORD why="word units: the question is about word structure; sub-word work is out-of-unit"
CANDR ans="3" exp="3" correct=1 native=1 fallback=0 ops=4 maxdepth=0 zooms=0
CAND qid=26 kind=LENGTH_WORD chunk=WORD>CHAR why="word-scale locate, character-scale resolve, traced zooms"
CAND zoom qid=26 span=1 parent=0 off=0 len=3 depth=1 why=measure-word-span
CANDR ans="3" exp="3" correct=1 native=1 fallback=0 ops=5 maxdepth=1 zooms=1
CAND qid=26 kind=LENGTH_WORD chunk=WORD>CHAR why="WORD?CHARSCAN on a non-CONTAINS kind: behaves exactly as WORD>CHAR"
CAND zoom qid=26 span=1 parent=0 off=0 len=3 depth=1 why=measure-word-span
CANDR ans="3" exp="3" correct=1 native=1 fallback=0 ops=5 maxdepth=1 zooms=1
CAND qid=26 kind=LENGTH_WORD chunk=WORD why="address from the right: the question is anchored at the end of the text"
CANDR ans="3" exp="3" correct=1 native=1 fallback=0 ops=4 maxdepth=0 zooms=0
CAND qid=26 kind=LENGTH_WORD chunk=CHAR why="scan from both ends toward the middle: first hit from either side wins"
CANDR ans="3" exp="3" correct=1 native=1 fallback=0 ops=5 maxdepth=0 zooms=0
CAND qid=26 kind=LENGTH_WORD chunk=SPAN3 why="fixed 3-byte spans"
CANDR ans="3" exp="3" correct=1 native=0 fallback=1 ops=4 maxdepth=0 zooms=0
CAND qid=26 kind=LENGTH_WORD chunk=SPAN5 why="fixed 5-byte spans"
CANDR ans="3" exp="3" correct=1 native=0 fallback=1 ops=4 maxdepth=0 zooms=0
CAND qid=26 kind=LENGTH_WORD chunk=CHAR why="END_DIRECT on a non-edge kind: behaves exactly as CHAR"
CANDR ans="3" exp="3" correct=1 native=1 fallback=0 ops=5 maxdepth=0 zooms=0
CAND qid=27 kind=LENGTH_WORD chunk=CHAR why="character units: letters and indices live at byte scale; space-scan addressing, no word table"
CANDR ans="5" exp="5" correct=1 native=1 fallback=0 ops=12 maxdepth=0 zooms=0
CAND qid=27 kind=LENGTH_WORD chunk=WORD why="word units: the question is about word structure; sub-word work is out-of-unit"
CANDR ans="5" exp="5" correct=1 native=1 fallback=0 ops=2 maxdepth=0 zooms=0
CAND qid=27 kind=LENGTH_WORD chunk=WORD>CHAR why="word-scale locate, character-scale resolve, traced zooms"
CAND zoom qid=27 span=1 parent=0 off=6 len=5 depth=1 why=measure-word-span
CANDR ans="5" exp="5" correct=1 native=1 fallback=0 ops=3 maxdepth=1 zooms=1
CAND qid=27 kind=LENGTH_WORD chunk=WORD>CHAR why="WORD?CHARSCAN on a non-CONTAINS kind: behaves exactly as WORD>CHAR"
CAND zoom qid=27 span=1 parent=0 off=6 len=5 depth=1 why=measure-word-span
CANDR ans="5" exp="5" correct=1 native=1 fallback=0 ops=3 maxdepth=1 zooms=1
CAND qid=27 kind=LENGTH_WORD chunk=REV_WORD why="address from the right: the question is anchored at the end of the text"
CANDR ans="5" exp="5" correct=1 native=1 fallback=0 ops=6 maxdepth=0 zooms=0
CAND qid=27 kind=LENGTH_WORD chunk=CHAR why="scan from both ends toward the middle: first hit from either side wins"
CANDR ans="5" exp="5" correct=1 native=1 fallback=0 ops=12 maxdepth=0 zooms=0
CAND qid=27 kind=LENGTH_WORD chunk=SPAN3 why="fixed 3-byte spans"
CANDR ans="5" exp="5" correct=1 native=0 fallback=1 ops=11 maxdepth=0 zooms=0
CAND qid=27 kind=LENGTH_WORD chunk=SPAN5 why="fixed 5-byte spans"
CANDR ans="5" exp="5" correct=1 native=0 fallback=1 ops=11 maxdepth=0 zooms=0
CAND qid=27 kind=LENGTH_WORD chunk=CHAR why="END_DIRECT on a non-edge kind: behaves exactly as CHAR"
CANDR ans="5" exp="5" correct=1 native=1 fallback=0 ops=12 maxdepth=0 zooms=0
CAND qid=28 kind=POSITION_WORD chunk=CHAR why="character units: letters and indices live at byte scale; space-scan addressing, no word table"
CANDR ans="h" exp="h" correct=1 native=1 fallback=0 ops=6 maxdepth=0 zooms=0
CAND qid=28 kind=POSITION_WORD chunk=WORD why="word units: the question is about word structure; sub-word work is out-of-unit"
CANDR ans="h" exp="h" correct=1 native=0 fallback=1 ops=6 maxdepth=0 zooms=0
CAND qid=28 kind=POSITION_WORD chunk=WORD>CHAR why="locate the Nth word at word scale, magnify to character units for the index"
CAND zoom qid=28 span=1 parent=0 off=0 len=3 depth=1 why=locate-target-word
CAND zoom qid=28 span=2 parent=1 off=1 len=1 depth=2 why=index-character-inside-word
CANDR ans="h" exp="h" correct=1 native=1 fallback=0 ops=6 maxdepth=2 zooms=2
CAND qid=28 kind=POSITION_WORD chunk=WORD>CHAR why="WORD?CHARSCAN on a non-CONTAINS kind: behaves exactly as WORD>CHAR"
CAND zoom qid=28 span=1 parent=0 off=0 len=3 depth=1 why=locate-target-word
CAND zoom qid=28 span=2 parent=1 off=1 len=1 depth=2 why=index-character-inside-word
CANDR ans="h" exp="h" correct=1 native=1 fallback=0 ops=6 maxdepth=2 zooms=2
CAND qid=28 kind=POSITION_WORD chunk=WORD why="address from the right: the question is anchored at the end of the text"
CANDR ans="h" exp="h" correct=1 native=0 fallback=1 ops=6 maxdepth=0 zooms=0
CAND qid=28 kind=POSITION_WORD chunk=CHAR why="scan from both ends toward the middle: first hit from either side wins"
CANDR ans="h" exp="h" correct=1 native=1 fallback=0 ops=6 maxdepth=0 zooms=0
CAND qid=28 kind=POSITION_WORD chunk=SPAN3 why="fixed 3-byte spans"
CANDR ans="h" exp="h" correct=1 native=0 fallback=1 ops=6 maxdepth=0 zooms=0
CAND qid=28 kind=POSITION_WORD chunk=SPAN5 why="fixed 5-byte spans"
CANDR ans="h" exp="h" correct=1 native=0 fallback=1 ops=6 maxdepth=0 zooms=0
CAND qid=28 kind=POSITION_WORD chunk=CHAR why="END_DIRECT on a non-edge kind: behaves exactly as CHAR"
CANDR ans="h" exp="h" correct=1 native=1 fallback=0 ops=6 maxdepth=0 zooms=0
CAND qid=29 kind=FIRST_LETTER_WORD chunk=CHAR why="character units: letters and indices live at byte scale; space-scan addressing, no word table"
CANDR ans="f" exp="f" correct=1 native=1 fallback=0 ops=18 maxdepth=0 zooms=0
CAND qid=29 kind=FIRST_LETTER_WORD chunk=WORD why="word units: the question is about word structure; sub-word work is out-of-unit"
CANDR ans="f" exp="f" correct=1 native=0 fallback=1 ops=3 maxdepth=0 zooms=0
CAND qid=29 kind=FIRST_LETTER_WORD chunk=WORD>CHAR why="word-scale locate, character-scale resolve, traced zooms"
CAND zoom qid=29 span=1 parent=0 off=11 len=6 depth=1 why=locate-target-word
CAND zoom qid=29 span=2 parent=1 off=11 len=1 depth=2 why=index-character-inside-word
CANDR ans="f" exp="f" correct=1 native=1 fallback=0 ops=3 maxdepth=2 zooms=2
CAND qid=29 kind=FIRST_LETTER_WORD chunk=WORD>CHAR why="WORD?CHARSCAN on a non-CONTAINS kind: behaves exactly as WORD>CHAR"
CAND zoom qid=29 span=1 parent=0 off=11 len=6 depth=1 why=locate-target-word
CAND zoom qid=29 span=2 parent=1 off=11 len=1 depth=2 why=index-character-inside-word
CANDR ans="f" exp="f" correct=1 native=1 fallback=0 ops=3 maxdepth=2 zooms=2
CAND qid=29 kind=FIRST_LETTER_WORD chunk=REV_WORD why="address from the right: the question is anchored at the end of the text"
CANDR ans="f" exp="f" correct=1 native=1 fallback=0 ops=7 maxdepth=0 zooms=0
CAND qid=29 kind=FIRST_LETTER_WORD chunk=CHAR why="scan from both ends toward the middle: first hit from either side wins"
CANDR ans="f" exp="f" correct=1 native=1 fallback=0 ops=18 maxdepth=0 zooms=0
CAND qid=29 kind=FIRST_LETTER_WORD chunk=SPAN3 why="fixed 3-byte spans"
CANDR ans="f" exp="f" correct=1 native=0 fallback=1 ops=18 maxdepth=0 zooms=0
CAND qid=29 kind=FIRST_LETTER_WORD chunk=SPAN5 why="fixed 5-byte spans"
CANDR ans="f" exp="f" correct=1 native=0 fallback=1 ops=18 maxdepth=0 zooms=0
CAND qid=29 kind=FIRST_LETTER_WORD chunk=END_DIRECT why="first letter of an addressed word: read the word edge directly"
CANDR ans="f" exp="f" correct=1 native=1 fallback=0 ops=18 maxdepth=0 zooms=0
CAND qid=30 kind=POSITION_WORD chunk=CHAR why="character units: letters and indices live at byte scale; space-scan addressing, no word table"
CANDR ans="e" exp="e" correct=1 native=1 fallback=0 ops=14 maxdepth=0 zooms=0
CAND qid=30 kind=POSITION_WORD chunk=WORD why="word units: the question is about word structure; sub-word work is out-of-unit"
CANDR ans="e" exp="e" correct=1 native=0 fallback=1 ops=6 maxdepth=0 zooms=0
CAND qid=30 kind=POSITION_WORD chunk=WORD>CHAR why="locate the Nth word at word scale, magnify to character units for the index"
CAND zoom qid=30 span=1 parent=0 off=4 len=6 depth=1 why=locate-target-word
CAND zoom qid=30 span=2 parent=1 off=6 len=1 depth=2 why=index-character-inside-word
CANDR ans="e" exp="e" correct=1 native=1 fallback=0 ops=6 maxdepth=2 zooms=2
CAND qid=30 kind=POSITION_WORD chunk=WORD>CHAR why="WORD?CHARSCAN on a non-CONTAINS kind: behaves exactly as WORD>CHAR"
CAND zoom qid=30 span=1 parent=0 off=4 len=6 depth=1 why=locate-target-word
CAND zoom qid=30 span=2 parent=1 off=6 len=1 depth=2 why=index-character-inside-word
CANDR ans="e" exp="e" correct=1 native=1 fallback=0 ops=6 maxdepth=2 zooms=2
CAND qid=30 kind=POSITION_WORD chunk=WORD why="address from the right: the question is anchored at the end of the text"
CANDR ans="e" exp="e" correct=1 native=0 fallback=1 ops=6 maxdepth=0 zooms=0
CAND qid=30 kind=POSITION_WORD chunk=CHAR why="scan from both ends toward the middle: first hit from either side wins"
CANDR ans="e" exp="e" correct=1 native=1 fallback=0 ops=14 maxdepth=0 zooms=0
CAND qid=30 kind=POSITION_WORD chunk=SPAN3 why="fixed 3-byte spans"
CANDR ans="e" exp="e" correct=1 native=0 fallback=1 ops=14 maxdepth=0 zooms=0
CAND qid=30 kind=POSITION_WORD chunk=SPAN5 why="fixed 5-byte spans"
CANDR ans="e" exp="e" correct=1 native=0 fallback=1 ops=14 maxdepth=0 zooms=0
CAND qid=30 kind=POSITION_WORD chunk=CHAR why="END_DIRECT on a non-edge kind: behaves exactly as CHAR"
CANDR ans="e" exp="e" correct=1 native=1 fallback=0 ops=14 maxdepth=0 zooms=0
CAND qid=31 kind=REVERSE_WORD chunk=CHAR why="character units: letters and indices live at byte scale; space-scan addressing, no word table"
CANDR ans="eht" exp="eht" correct=1 native=1 fallback=0 ops=7 maxdepth=0 zooms=0
CAND qid=31 kind=REVERSE_WORD chunk=WORD why="word units: the question is about word structure; sub-word work is out-of-unit"
CANDR ans="eht" exp="eht" correct=1 native=0 fallback=1 ops=7 maxdepth=0 zooms=0
CAND qid=31 kind=REVERSE_WORD chunk=WORD>CHAR why="word-scale locate, character-scale resolve, traced zooms"
CAND zoom qid=31 span=1 parent=0 off=0 len=3 depth=1 why=locate-target-word
CANDR ans="eht" exp="eht" correct=1 native=1 fallback=0 ops=7 maxdepth=1 zooms=1
CAND qid=31 kind=REVERSE_WORD chunk=WORD>CHAR why="WORD?CHARSCAN on a non-CONTAINS kind: behaves exactly as WORD>CHAR"
CAND zoom qid=31 span=1 parent=0 off=0 len=3 depth=1 why=locate-target-word
CANDR ans="eht" exp="eht" correct=1 native=1 fallback=0 ops=7 maxdepth=1 zooms=1
CAND qid=31 kind=REVERSE_WORD chunk=WORD why="address from the right: the question is anchored at the end of the text"
CANDR ans="eht" exp="eht" correct=1 native=0 fallback=1 ops=7 maxdepth=0 zooms=0
CAND qid=31 kind=REVERSE_WORD chunk=CHAR why="scan from both ends toward the middle: first hit from either side wins"
CANDR ans="eht" exp="eht" correct=1 native=1 fallback=0 ops=7 maxdepth=0 zooms=0
CAND qid=31 kind=REVERSE_WORD chunk=SPAN3 why="fixed 3-byte spans"
CANDR ans="eht" exp="eht" correct=1 native=0 fallback=1 ops=7 maxdepth=0 zooms=0
CAND qid=31 kind=REVERSE_WORD chunk=SPAN5 why="fixed 5-byte spans"
CANDR ans="eht" exp="eht" correct=1 native=0 fallback=1 ops=7 maxdepth=0 zooms=0
CAND qid=31 kind=REVERSE_WORD chunk=CHAR why="END_DIRECT on a non-edge kind: behaves exactly as CHAR"
CANDR ans="eht" exp="eht" correct=1 native=1 fallback=0 ops=7 maxdepth=0 zooms=0
CAND qid=32 kind=REVERSE_WORD chunk=CHAR why="character units: letters and indices live at byte scale; space-scan addressing, no word table"
CANDR ans="dlrow" exp="dlrow" correct=1 native=1 fallback=0 ops=16 maxdepth=0 zooms=0
CAND qid=32 kind=REVERSE_WORD chunk=WORD why="word units: the question is about word structure; sub-word work is out-of-unit"
CANDR ans="dlrow" exp="dlrow" correct=1 native=0 fallback=1 ops=7 maxdepth=0 zooms=0
CAND qid=32 kind=REVERSE_WORD chunk=WORD>CHAR why="word-scale locate, character-scale resolve, traced zooms"
CAND zoom qid=32 span=1 parent=0 off=6 len=5 depth=1 why=locate-target-word
CANDR ans="dlrow" exp="dlrow" correct=1 native=1 fallback=0 ops=7 maxdepth=1 zooms=1
CAND qid=32 kind=REVERSE_WORD chunk=WORD>CHAR why="WORD?CHARSCAN on a non-CONTAINS kind: behaves exactly as WORD>CHAR"
CAND zoom qid=32 span=1 parent=0 off=6 len=5 depth=1 why=locate-target-word
CANDR ans="dlrow" exp="dlrow" correct=1 native=1 fallback=0 ops=7 maxdepth=1 zooms=1
CAND qid=32 kind=REVERSE_WORD chunk=REV_WORD why="address from the right: the question is anchored at the end of the text"
CANDR ans="dlrow" exp="dlrow" correct=1 native=1 fallback=0 ops=10 maxdepth=0 zooms=0
CAND qid=32 kind=REVERSE_WORD chunk=CHAR why="scan from both ends toward the middle: first hit from either side wins"
CANDR ans="dlrow" exp="dlrow" correct=1 native=1 fallback=0 ops=16 maxdepth=0 zooms=0
CAND qid=32 kind=REVERSE_WORD chunk=SPAN3 why="fixed 3-byte spans"
CANDR ans="dlrow" exp="dlrow" correct=1 native=0 fallback=1 ops=16 maxdepth=0 zooms=0
CAND qid=32 kind=REVERSE_WORD chunk=SPAN5 why="fixed 5-byte spans"
CANDR ans="dlrow" exp="dlrow" correct=1 native=0 fallback=1 ops=16 maxdepth=0 zooms=0
CAND qid=32 kind=REVERSE_WORD chunk=CHAR why="END_DIRECT on a non-edge kind: behaves exactly as CHAR"
CANDR ans="dlrow" exp="dlrow" correct=1 native=1 fallback=0 ops=16 maxdepth=0 zooms=0
CAND qid=33 kind=FIRST_LETTER_WORD chunk=CHAR why="character units: letters and indices live at byte scale; space-scan addressing, no word table"
CANDR ans="c" exp="c" correct=1 native=1 fallback=0 ops=12 maxdepth=0 zooms=0
CAND qid=33 kind=FIRST_LETTER_WORD chunk=WORD why="word units: the question is about word structure; sub-word work is out-of-unit"
CANDR ans="c" exp="c" correct=1 native=0 fallback=1 ops=4 maxdepth=0 zooms=0
CAND qid=33 kind=FIRST_LETTER_WORD chunk=WORD>CHAR why="word-scale locate, character-scale resolve, traced zooms"
CAND zoom qid=33 span=1 parent=0 off=4 len=6 depth=1 why=locate-target-word
CAND zoom qid=33 span=2 parent=1 off=4 len=1 depth=2 why=index-character-inside-word
CANDR ans="c" exp="c" correct=1 native=1 fallback=0 ops=4 maxdepth=2 zooms=2
CAND qid=33 kind=FIRST_LETTER_WORD chunk=WORD>CHAR why="WORD?CHARSCAN on a non-CONTAINS kind: behaves exactly as WORD>CHAR"
CAND zoom qid=33 span=1 parent=0 off=4 len=6 depth=1 why=locate-target-word
CAND zoom qid=33 span=2 parent=1 off=4 len=1 depth=2 why=index-character-inside-word
CANDR ans="c" exp="c" correct=1 native=1 fallback=0 ops=4 maxdepth=2 zooms=2
CAND qid=33 kind=FIRST_LETTER_WORD chunk=WORD why="address from the right: the question is anchored at the end of the text"
CANDR ans="c" exp="c" correct=1 native=0 fallback=1 ops=4 maxdepth=0 zooms=0
CAND qid=33 kind=FIRST_LETTER_WORD chunk=CHAR why="scan from both ends toward the middle: first hit from either side wins"
CANDR ans="c" exp="c" correct=1 native=1 fallback=0 ops=12 maxdepth=0 zooms=0
CAND qid=33 kind=FIRST_LETTER_WORD chunk=SPAN3 why="fixed 3-byte spans"
CANDR ans="c" exp="c" correct=1 native=0 fallback=1 ops=12 maxdepth=0 zooms=0
CAND qid=33 kind=FIRST_LETTER_WORD chunk=SPAN5 why="fixed 5-byte spans"
CANDR ans="c" exp="c" correct=1 native=0 fallback=1 ops=12 maxdepth=0 zooms=0
CAND qid=33 kind=FIRST_LETTER_WORD chunk=END_DIRECT why="first letter of an addressed word: read the word edge directly"
CANDR ans="c" exp="c" correct=1 native=1 fallback=0 ops=12 maxdepth=0 zooms=0
CAND qid=34 kind=FIRST_LETTER_WORD chunk=CHAR why="character units: letters and indices live at byte scale; space-scan addressing, no word table"
CANDR ans="f" exp="f" correct=1 native=1 fallback=0 ops=20 maxdepth=0 zooms=0
CAND qid=34 kind=FIRST_LETTER_WORD chunk=WORD why="word units: the question is about word structure; sub-word work is out-of-unit"
CANDR ans="f" exp="f" correct=1 native=0 fallback=1 ops=5 maxdepth=0 zooms=0
CAND qid=34 kind=FIRST_LETTER_WORD chunk=WORD>CHAR why="word-scale locate, character-scale resolve, traced zooms"
CAND zoom qid=34 span=1 parent=0 off=16 len=3 depth=1 why=locate-target-word
CAND zoom qid=34 span=2 parent=1 off=16 len=1 depth=2 why=index-character-inside-word
CANDR ans="f" exp="f" correct=1 native=1 fallback=0 ops=5 maxdepth=2 zooms=2
CAND qid=34 kind=FIRST_LETTER_WORD chunk=WORD>CHAR why="WORD?CHARSCAN on a non-CONTAINS kind: behaves exactly as WORD>CHAR"
CAND zoom qid=34 span=1 parent=0 off=16 len=3 depth=1 why=locate-target-word
CAND zoom qid=34 span=2 parent=1 off=16 len=1 depth=2 why=index-character-inside-word
CANDR ans="f" exp="f" correct=1 native=1 fallback=0 ops=5 maxdepth=2 zooms=2
CAND qid=34 kind=FIRST_LETTER_WORD chunk=REV_WORD why="address from the right: the question is anchored at the end of the text"
CANDR ans="f" exp="f" correct=1 native=1 fallback=0 ops=4 maxdepth=0 zooms=0
CAND qid=34 kind=FIRST_LETTER_WORD chunk=CHAR why="scan from both ends toward the middle: first hit from either side wins"
CANDR ans="f" exp="f" correct=1 native=1 fallback=0 ops=20 maxdepth=0 zooms=0
CAND qid=34 kind=FIRST_LETTER_WORD chunk=SPAN3 why="fixed 3-byte spans"
CANDR ans="f" exp="f" correct=1 native=0 fallback=1 ops=20 maxdepth=0 zooms=0
CAND qid=34 kind=FIRST_LETTER_WORD chunk=SPAN5 why="fixed 5-byte spans"
CANDR ans="f" exp="f" correct=1 native=0 fallback=1 ops=20 maxdepth=0 zooms=0
CAND qid=34 kind=FIRST_LETTER_WORD chunk=END_DIRECT why="first letter of an addressed word: read the word edge directly"
CANDR ans="f" exp="f" correct=1 native=1 fallback=0 ops=20 maxdepth=0 zooms=0
CAND qid=35 kind=LAST_LETTER_WORD chunk=CHAR why="character units: letters and indices live at byte scale; space-scan addressing, no word table"
CANDR ans="e" exp="e" correct=1 native=1 fallback=0 ops=7 maxdepth=0 zooms=0
CAND qid=35 kind=LAST_LETTER_WORD chunk=WORD why="word units: the question is about word structure; sub-word work is out-of-unit"
CANDR ans="e" exp="e" correct=1 native=0 fallback=1 ops=5 maxdepth=0 zooms=0
CAND qid=35 kind=LAST_LETTER_WORD chunk=WORD>CHAR why="word-scale locate, character-scale resolve, traced zooms"
CAND zoom qid=35 span=1 parent=0 off=0 len=3 depth=1 why=locate-target-word
CAND zoom qid=35 span=2 parent=1 off=2 len=1 depth=2 why=index-character-inside-word
CANDR ans="e" exp="e" correct=1 native=1 fallback=0 ops=7 maxdepth=2 zooms=2
CAND qid=35 kind=LAST_LETTER_WORD chunk=WORD>CHAR why="WORD?CHARSCAN on a non-CONTAINS kind: behaves exactly as WORD>CHAR"
CAND zoom qid=35 span=1 parent=0 off=0 len=3 depth=1 why=locate-target-word
CAND zoom qid=35 span=2 parent=1 off=2 len=1 depth=2 why=index-character-inside-word
CANDR ans="e" exp="e" correct=1 native=1 fallback=0 ops=7 maxdepth=2 zooms=2
CAND qid=35 kind=LAST_LETTER_WORD chunk=WORD why="address from the right: the question is anchored at the end of the text"
CANDR ans="e" exp="e" correct=1 native=0 fallback=1 ops=5 maxdepth=0 zooms=0
CAND qid=35 kind=LAST_LETTER_WORD chunk=CHAR why="scan from both ends toward the middle: first hit from either side wins"
CANDR ans="e" exp="e" correct=1 native=1 fallback=0 ops=7 maxdepth=0 zooms=0
CAND qid=35 kind=LAST_LETTER_WORD chunk=SPAN3 why="fixed 3-byte spans"
CANDR ans="e" exp="e" correct=1 native=0 fallback=1 ops=7 maxdepth=0 zooms=0
CAND qid=35 kind=LAST_LETTER_WORD chunk=SPAN5 why="fixed 5-byte spans"
CANDR ans="e" exp="e" correct=1 native=0 fallback=1 ops=7 maxdepth=0 zooms=0
CAND qid=35 kind=LAST_LETTER_WORD chunk=END_DIRECT why="last letter of an addressed word: read the word edge directly"
CANDR ans="e" exp="e" correct=1 native=1 fallback=0 ops=5 maxdepth=0 zooms=0
CAND qid=36 kind=LAST_LETTER_WORD chunk=CHAR why="character units: letters and indices live at byte scale; space-scan addressing, no word table"
CANDR ans="d" exp="d" correct=1 native=1 fallback=0 ops=16 maxdepth=0 zooms=0
CAND qid=36 kind=LAST_LETTER_WORD chunk=WORD why="word units: the question is about word structure; sub-word work is out-of-unit"
CANDR ans="d" exp="d" correct=1 native=0 fallback=1 ops=3 maxdepth=0 zooms=0
CAND qid=36 kind=LAST_LETTER_WORD chunk=WORD>CHAR why="word-scale locate, character-scale resolve, traced zooms"
CAND zoom qid=36 span=1 parent=0 off=6 len=5 depth=1 why=locate-target-word
CAND zoom qid=36 span=2 parent=1 off=10 len=1 depth=2 why=index-character-inside-word
CANDR ans="d" exp="d" correct=1 native=1 fallback=0 ops=7 maxdepth=2 zooms=2
CAND qid=36 kind=LAST_LETTER_WORD chunk=WORD>CHAR why="WORD?CHARSCAN on a non-CONTAINS kind: behaves exactly as WORD>CHAR"
CAND zoom qid=36 span=1 parent=0 off=6 len=5 depth=1 why=locate-target-word
CAND zoom qid=36 span=2 parent=1 off=10 len=1 depth=2 why=index-character-inside-word
CANDR ans="d" exp="d" correct=1 native=1 fallback=0 ops=7 maxdepth=2 zooms=2
CAND qid=36 kind=LAST_LETTER_WORD chunk=REV_WORD why="address from the right: the question is anchored at the end of the text"
CANDR ans="d" exp="d" correct=1 native=1 fallback=0 ops=10 maxdepth=0 zooms=0
CAND qid=36 kind=LAST_LETTER_WORD chunk=CHAR why="scan from both ends toward the middle: first hit from either side wins"
CANDR ans="d" exp="d" correct=1 native=1 fallback=0 ops=16 maxdepth=0 zooms=0
CAND qid=36 kind=LAST_LETTER_WORD chunk=SPAN3 why="fixed 3-byte spans"
CANDR ans="d" exp="d" correct=1 native=0 fallback=1 ops=16 maxdepth=0 zooms=0
CAND qid=36 kind=LAST_LETTER_WORD chunk=SPAN5 why="fixed 5-byte spans"
CANDR ans="d" exp="d" correct=1 native=0 fallback=1 ops=16 maxdepth=0 zooms=0
CAND qid=36 kind=LAST_LETTER_WORD chunk=END_DIRECT why="last letter of an addressed word: read the word edge directly"
CANDR ans="d" exp="d" correct=1 native=1 fallback=0 ops=12 maxdepth=0 zooms=0
CAND qid=37 kind=LAST_WORD chunk=CHAR why="character units: letters and indices live at byte scale; space-scan addressing, no word table"
CANDR ans="fox" exp="fox" correct=1 native=1 fallback=0 ops=19 maxdepth=0 zooms=0
CAND qid=37 kind=LAST_WORD chunk=WORD why="word units: the question is about word structure; sub-word work is out-of-unit"
CANDR ans="fox" exp="fox" correct=1 native=1 fallback=0 ops=4 maxdepth=0 zooms=0
CAND qid=37 kind=LAST_WORD chunk=WORD why="word-scale locate, character-scale resolve, traced zooms"
CANDR ans="fox" exp="fox" correct=1 native=1 fallback=0 ops=4 maxdepth=0 zooms=0
CAND qid=37 kind=LAST_WORD chunk=WORD why="WORD?CHARSCAN on a non-CONTAINS kind: behaves exactly as WORD>CHAR"
CANDR ans="fox" exp="fox" correct=1 native=1 fallback=0 ops=4 maxdepth=0 zooms=0
CAND qid=37 kind=LAST_WORD chunk=REV_WORD why="address from the right: the question is anchored at the end of the text"
CANDR ans="fox" exp="fox" correct=1 native=1 fallback=0 ops=3 maxdepth=0 zooms=0
CAND qid=37 kind=LAST_WORD chunk=CHAR why="scan from both ends toward the middle: first hit from either side wins"
CANDR ans="fox" exp="fox" correct=1 native=1 fallback=0 ops=19 maxdepth=0 zooms=0
CAND qid=37 kind=LAST_WORD chunk=SPAN3 why="fixed 3-byte spans"
CANDR ans="fox" exp="fox" correct=1 native=0 fallback=1 ops=19 maxdepth=0 zooms=0
CAND qid=37 kind=LAST_WORD chunk=SPAN5 why="fixed 5-byte spans"
CANDR ans="fox" exp="fox" correct=1 native=0 fallback=1 ops=19 maxdepth=0 zooms=0
CAND qid=37 kind=LAST_WORD chunk=CHAR why="END_DIRECT on a non-edge kind: behaves exactly as CHAR"
CANDR ans="fox" exp="fox" correct=1 native=1 fallback=0 ops=19 maxdepth=0 zooms=0
CAND qid=38 kind=LAST_WORD chunk=CHAR why="character units: letters and indices live at byte scale; space-scan addressing, no word table"
CANDR ans="hello" exp="hello" correct=1 native=1 fallback=0 ops=5 maxdepth=0 zooms=0
CAND qid=38 kind=LAST_WORD chunk=WORD why="word units: the question is about word structure; sub-word work is out-of-unit"
CANDR ans="hello" exp="hello" correct=1 native=1 fallback=0 ops=1 maxdepth=0 zooms=0
CAND qid=38 kind=LAST_WORD chunk=WORD why="word-scale locate, character-scale resolve, traced zooms"
CANDR ans="hello" exp="hello" correct=1 native=1 fallback=0 ops=1 maxdepth=0 zooms=0
CAND qid=38 kind=LAST_WORD chunk=WORD why="WORD?CHARSCAN on a non-CONTAINS kind: behaves exactly as WORD>CHAR"
CANDR ans="hello" exp="hello" correct=1 native=1 fallback=0 ops=1 maxdepth=0 zooms=0
CAND qid=38 kind=LAST_WORD chunk=REV_WORD why="address from the right: the question is anchored at the end of the text"
CANDR ans="hello" exp="hello" correct=1 native=1 fallback=0 ops=5 maxdepth=0 zooms=0
CAND qid=38 kind=LAST_WORD chunk=CHAR why="scan from both ends toward the middle: first hit from either side wins"
CANDR ans="hello" exp="hello" correct=1 native=1 fallback=0 ops=5 maxdepth=0 zooms=0
CAND qid=38 kind=LAST_WORD chunk=SPAN3 why="fixed 3-byte spans"
CANDR ans="hello" exp="hello" correct=1 native=0 fallback=1 ops=5 maxdepth=0 zooms=0
CAND qid=38 kind=LAST_WORD chunk=SPAN5 why="fixed 5-byte spans"
CANDR ans="hello" exp="hello" correct=1 native=0 fallback=1 ops=5 maxdepth=0 zooms=0
CAND qid=38 kind=LAST_WORD chunk=CHAR why="END_DIRECT on a non-edge kind: behaves exactly as CHAR"
CANDR ans="hello" exp="hello" correct=1 native=1 fallback=0 ops=5 maxdepth=0 zooms=0
CAND qid=39 kind=CONTAINS_WORD chunk=CHAR why="character units: letters and indices live at byte scale; space-scan addressing, no word table"
CANDR ans="yes" exp="yes" correct=1 native=1 fallback=0 ops=17 maxdepth=0 zooms=0
CAND qid=39 kind=CONTAINS_WORD chunk=WORD why="word units: the question is about word structure; sub-word work is out-of-unit"
CANDR ans="yes" exp="yes" correct=1 native=0 fallback=1 ops=9 maxdepth=0 zooms=0
CAND qid=39 kind=CONTAINS_WORD chunk=WORD>CHAR why="word-scale locate, character-scale resolve, traced zooms"
CAND zoom qid=39 span=1 parent=0 off=4 len=6 depth=1 why=substring-scan-at-character-scale
CANDR ans="yes" exp="yes" correct=1 native=1 fallback=0 ops=9 maxdepth=1 zooms=1
CAND qid=39 kind=CONTAINS_WORD chunk=WORD?CHARSCAN why="cheap word-boundary attempt inside the addressed word; magnify to character-span scan on miss"
CAND zoom qid=39 span=1 parent=0 off=4 len=6 depth=1 why=substring-scan-at-character-scale
CANDR ans="yes" exp="yes" correct=1 native=1 fallback=0 ops=9 maxdepth=1 zooms=1
CAND qid=39 kind=CONTAINS_WORD chunk=WORD why="address from the right: the question is anchored at the end of the text"
CANDR ans="yes" exp="yes" correct=1 native=0 fallback=1 ops=9 maxdepth=0 zooms=0
CAND qid=39 kind=CONTAINS_WORD chunk=BOTH_ENDS why="scan from both ends toward the middle: first hit from either side wins"
CANDR ans="yes" exp="yes" correct=1 native=1 fallback=0 ops=8 maxdepth=0 zooms=0
CAND qid=39 kind=CONTAINS_WORD chunk=SPAN3 why="fixed 3-byte spans"
CANDR ans="yes" exp="yes" correct=1 native=0 fallback=1 ops=17 maxdepth=0 zooms=0
CAND qid=39 kind=CONTAINS_WORD chunk=SPAN5 why="fixed 5-byte spans"
CANDR ans="yes" exp="yes" correct=1 native=0 fallback=1 ops=17 maxdepth=0 zooms=0
CAND qid=39 kind=CONTAINS_WORD chunk=CHAR why="END_DIRECT on a non-edge kind: behaves exactly as CHAR"
CANDR ans="yes" exp="yes" correct=1 native=1 fallback=0 ops=17 maxdepth=0 zooms=0
CAND qid=40 kind=CONTAINS_WORD chunk=CHAR why="character units: letters and indices live at byte scale; space-scan addressing, no word table"
CANDR ans="no" exp="no" correct=1 native=1 fallback=0 ops=11 maxdepth=0 zooms=0
CAND qid=40 kind=CONTAINS_WORD chunk=WORD why="word units: the question is about word structure; sub-word work is out-of-unit"
CANDR ans="no" exp="no" correct=1 native=0 fallback=1 ops=7 maxdepth=0 zooms=0
CAND qid=40 kind=CONTAINS_WORD chunk=WORD>CHAR why="word-scale locate, character-scale resolve, traced zooms"
CAND zoom qid=40 span=1 parent=0 off=0 len=5 depth=1 why=substring-scan-at-character-scale
CANDR ans="no" exp="no" correct=1 native=1 fallback=0 ops=7 maxdepth=1 zooms=1
CAND qid=40 kind=CONTAINS_WORD chunk=WORD?CHARSCAN why="cheap word-boundary attempt inside the addressed word; magnify to character-span scan on miss"
CAND zoom qid=40 span=1 parent=0 off=0 len=5 depth=1 why=substring-scan-at-character-scale
CANDR ans="no" exp="no" correct=1 native=1 fallback=0 ops=7 maxdepth=1 zooms=1
CAND qid=40 kind=CONTAINS_WORD chunk=WORD why="address from the right: the question is anchored at the end of the text"
CANDR ans="no" exp="no" correct=1 native=0 fallback=1 ops=7 maxdepth=0 zooms=0
CAND qid=40 kind=CONTAINS_WORD chunk=BOTH_ENDS why="scan from both ends toward the middle: first hit from either side wins"
CANDR ans="no" exp="no" correct=1 native=1 fallback=0 ops=12 maxdepth=0 zooms=0
CAND qid=40 kind=CONTAINS_WORD chunk=SPAN3 why="fixed 3-byte spans"
CANDR ans="no" exp="no" correct=1 native=0 fallback=1 ops=11 maxdepth=0 zooms=0
CAND qid=40 kind=CONTAINS_WORD chunk=SPAN5 why="fixed 5-byte spans"
CANDR ans="no" exp="no" correct=1 native=0 fallback=1 ops=11 maxdepth=0 zooms=0
CAND qid=40 kind=CONTAINS_WORD chunk=CHAR why="END_DIRECT on a non-edge kind: behaves exactly as CHAR"
CANDR ans="no" exp="no" correct=1 native=1 fallback=0 ops=11 maxdepth=0 zooms=0
CAND qid=41 kind=POSITION chunk=CHAR why="character units: letters and indices live at byte scale; space-scan addressing, no word table"
CANDR ans=" " exp=" " correct=1 native=1 fallback=0 ops=4 maxdepth=0 zooms=0
CAND qid=41 kind=POSITION chunk=WORD why="word units: the question is about word structure; sub-word work is out-of-unit"
CANDR ans=" " exp=" " correct=1 native=0 fallback=1 ops=8 maxdepth=0 zooms=0
CAND qid=41 kind=POSITION chunk=WORD>CHAR why="locate the named word at word scale, then magnify to character units for the index"
CAND zoom qid=41 span=1 parent=0 off=3 len=1 depth=2 why=index-character-inside-word
CANDR ans=" " exp=" " correct=1 native=1 fallback=0 ops=4 maxdepth=2 zooms=1
CAND qid=41 kind=POSITION chunk=WORD>CHAR why="WORD?CHARSCAN on a non-CONTAINS kind: behaves exactly as WORD>CHAR"
CAND zoom qid=41 span=1 parent=0 off=3 len=1 depth=2 why=index-character-inside-word
CANDR ans=" " exp=" " correct=1 native=1 fallback=0 ops=4 maxdepth=2 zooms=1
CAND qid=41 kind=POSITION chunk=WORD why="address from the right: the question is anchored at the end of the text"
CANDR ans=" " exp=" " correct=1 native=0 fallback=1 ops=8 maxdepth=0 zooms=0
CAND qid=41 kind=POSITION chunk=CHAR why="scan from both ends toward the middle: first hit from either side wins"
CANDR ans=" " exp=" " correct=1 native=1 fallback=0 ops=4 maxdepth=0 zooms=0
CAND qid=41 kind=POSITION chunk=SPAN3 why="fixed 3-byte spans"
CANDR ans=" " exp=" " correct=1 native=0 fallback=1 ops=2 maxdepth=0 zooms=0
CAND qid=41 kind=POSITION chunk=SPAN5 why="fixed 5-byte spans"
CANDR ans=" " exp=" " correct=1 native=0 fallback=1 ops=2 maxdepth=0 zooms=0
CAND qid=41 kind=POSITION chunk=CHAR why="END_DIRECT on a non-edge kind: behaves exactly as CHAR"
CANDR ans=" " exp=" " correct=1 native=1 fallback=0 ops=4 maxdepth=0 zooms=0
CAND qid=42 kind=POSITION chunk=CHAR why="character units: letters and indices live at byte scale; space-scan addressing, no word table"
CANDR ans="a" exp="a" correct=1 native=1 fallback=0 ops=1 maxdepth=0 zooms=0
CAND qid=42 kind=POSITION chunk=WORD why="word units: the question is about word structure; sub-word work is out-of-unit"
CANDR ans="a" exp="a" correct=1 native=0 fallback=1 ops=2 maxdepth=0 zooms=0
CAND qid=42 kind=POSITION chunk=CHAR why="locate the named word at word scale, then magnify to character units for the index"
CANDR ans="a" exp="a" correct=1 native=1 fallback=0 ops=1 maxdepth=0 zooms=0
CAND qid=42 kind=POSITION chunk=CHAR why="WORD?CHARSCAN on a non-CONTAINS kind: behaves exactly as WORD>CHAR"
CANDR ans="a" exp="a" correct=1 native=1 fallback=0 ops=1 maxdepth=0 zooms=0
CAND qid=42 kind=POSITION chunk=WORD why="address from the right: the question is anchored at the end of the text"
CANDR ans="a" exp="a" correct=1 native=0 fallback=1 ops=2 maxdepth=0 zooms=0
CAND qid=42 kind=POSITION chunk=CHAR why="scan from both ends toward the middle: first hit from either side wins"
CANDR ans="a" exp="a" correct=1 native=1 fallback=0 ops=1 maxdepth=0 zooms=0
CAND qid=42 kind=POSITION chunk=SPAN3 why="fixed 3-byte spans"
CANDR ans="a" exp="a" correct=1 native=0 fallback=1 ops=2 maxdepth=0 zooms=0
CAND qid=42 kind=POSITION chunk=SPAN5 why="fixed 5-byte spans"
CANDR ans="a" exp="a" correct=1 native=0 fallback=1 ops=2 maxdepth=0 zooms=0
CAND qid=42 kind=POSITION chunk=CHAR why="END_DIRECT on a non-edge kind: behaves exactly as CHAR"
CANDR ans="a" exp="a" correct=1 native=1 fallback=0 ops=1 maxdepth=0 zooms=0
CAND qid=43 kind=POS_LAST chunk=CHAR why="character units: letters and indices live at byte scale; space-scan addressing, no word table"
CANDR ans="c" exp="c" correct=1 native=1 fallback=0 ops=3 maxdepth=0 zooms=0
CAND qid=43 kind=POS_LAST chunk=WORD why="word units: the question is about word structure; sub-word work is out-of-unit"
CANDR ans="c" exp="c" correct=1 native=0 fallback=1 ops=2 maxdepth=0 zooms=0
CAND qid=43 kind=POS_LAST chunk=CHAR why="word-scale locate, character-scale resolve, traced zooms"
CANDR ans="c" exp="c" correct=1 native=1 fallback=0 ops=3 maxdepth=0 zooms=0
CAND qid=43 kind=POS_LAST chunk=CHAR why="WORD?CHARSCAN on a non-CONTAINS kind: behaves exactly as WORD>CHAR"
CANDR ans="c" exp="c" correct=1 native=1 fallback=0 ops=3 maxdepth=0 zooms=0
CAND qid=43 kind=POS_LAST chunk=WORD why="address from the right: the question is anchored at the end of the text"
CANDR ans="c" exp="c" correct=1 native=0 fallback=1 ops=2 maxdepth=0 zooms=0
CAND qid=43 kind=POS_LAST chunk=CHAR why="scan from both ends toward the middle: first hit from either side wins"
CANDR ans="c" exp="c" correct=1 native=1 fallback=0 ops=3 maxdepth=0 zooms=0
CAND qid=43 kind=POS_LAST chunk=SPAN3 why="fixed 3-byte spans"
CANDR ans="c" exp="c" correct=1 native=0 fallback=1 ops=1 maxdepth=0 zooms=0
CAND qid=43 kind=POS_LAST chunk=SPAN5 why="fixed 5-byte spans"
CANDR ans="c" exp="c" correct=1 native=0 fallback=1 ops=1 maxdepth=0 zooms=0
CAND qid=43 kind=POS_LAST chunk=END_DIRECT why="last-letter questions name the text edge: read it directly"
CANDR ans="c" exp="c" correct=1 native=1 fallback=0 ops=1 maxdepth=0 zooms=0
CAND qid=44 kind=POS_LAST chunk=CHAR why="character units: letters and indices live at byte scale; space-scan addressing, no word table"
CANDR ans="d" exp="d" correct=1 native=1 fallback=0 ops=11 maxdepth=0 zooms=0
CAND qid=44 kind=POS_LAST chunk=WORD why="word units: the question is about word structure; sub-word work is out-of-unit"
CANDR ans="d" exp="d" correct=1 native=0 fallback=1 ops=3 maxdepth=0 zooms=0
CAND qid=44 kind=POS_LAST chunk=WORD>CHAR why="word-scale locate, character-scale resolve, traced zooms"
CAND zoom qid=44 span=1 parent=0 off=10 len=1 depth=2 why=index-character-inside-word
CANDR ans="d" exp="d" correct=1 native=1 fallback=0 ops=11 maxdepth=2 zooms=1
CAND qid=44 kind=POS_LAST chunk=WORD>CHAR why="WORD?CHARSCAN on a non-CONTAINS kind: behaves exactly as WORD>CHAR"
CAND zoom qid=44 span=1 parent=0 off=10 len=1 depth=2 why=index-character-inside-word
CANDR ans="d" exp="d" correct=1 native=1 fallback=0 ops=11 maxdepth=2 zooms=1
CAND qid=44 kind=POS_LAST chunk=WORD why="address from the right: the question is anchored at the end of the text"
CANDR ans="d" exp="d" correct=1 native=0 fallback=1 ops=3 maxdepth=0 zooms=0
CAND qid=44 kind=POS_LAST chunk=CHAR why="scan from both ends toward the middle: first hit from either side wins"
CANDR ans="d" exp="d" correct=1 native=1 fallback=0 ops=11 maxdepth=0 zooms=0
CAND qid=44 kind=POS_LAST chunk=SPAN3 why="fixed 3-byte spans"
CANDR ans="d" exp="d" correct=1 native=0 fallback=1 ops=1 maxdepth=0 zooms=0
CAND qid=44 kind=POS_LAST chunk=SPAN5 why="fixed 5-byte spans"
CANDR ans="d" exp="d" correct=1 native=0 fallback=1 ops=1 maxdepth=0 zooms=0
CAND qid=44 kind=POS_LAST chunk=END_DIRECT why="last-letter questions name the text edge: read it directly"
CANDR ans="d" exp="d" correct=1 native=1 fallback=0 ops=1 maxdepth=0 zooms=0
CAND qid=45 kind=POS_FIRST chunk=CHAR why="character units: letters and indices live at byte scale; space-scan addressing, no word table"
CANDR ans="t" exp="t" correct=1 native=1 fallback=0 ops=1 maxdepth=0 zooms=0
CAND qid=45 kind=POS_FIRST chunk=WORD why="word units: the question is about word structure; sub-word work is out-of-unit"
CANDR ans="t" exp="t" correct=1 native=0 fallback=1 ops=4 maxdepth=0 zooms=0
CAND qid=45 kind=POS_FIRST chunk=WORD>CHAR why="word-scale locate, character-scale resolve, traced zooms"
CAND zoom qid=45 span=1 parent=0 off=0 len=1 depth=2 why=index-character-inside-word
CANDR ans="t" exp="t" correct=1 native=1 fallback=0 ops=1 maxdepth=2 zooms=1
CAND qid=45 kind=POS_FIRST chunk=WORD>CHAR why="WORD?CHARSCAN on a non-CONTAINS kind: behaves exactly as WORD>CHAR"
CAND zoom qid=45 span=1 parent=0 off=0 len=1 depth=2 why=index-character-inside-word
CANDR ans="t" exp="t" correct=1 native=1 fallback=0 ops=1 maxdepth=2 zooms=1
CAND qid=45 kind=POS_FIRST chunk=WORD why="address from the right: the question is anchored at the end of the text"
CANDR ans="t" exp="t" correct=1 native=0 fallback=1 ops=4 maxdepth=0 zooms=0
CAND qid=45 kind=POS_FIRST chunk=CHAR why="scan from both ends toward the middle: first hit from either side wins"
CANDR ans="t" exp="t" correct=1 native=1 fallback=0 ops=1 maxdepth=0 zooms=0
CAND qid=45 kind=POS_FIRST chunk=SPAN3 why="fixed 3-byte spans"
CANDR ans="t" exp="t" correct=1 native=0 fallback=1 ops=1 maxdepth=0 zooms=0
CAND qid=45 kind=POS_FIRST chunk=SPAN5 why="fixed 5-byte spans"
CANDR ans="t" exp="t" correct=1 native=0 fallback=1 ops=1 maxdepth=0 zooms=0
CAND qid=45 kind=POS_FIRST chunk=END_DIRECT why="first-letter questions name the text edge: read it directly"
CANDR ans="t" exp="t" correct=1 native=1 fallback=0 ops=1 maxdepth=0 zooms=0
CAND qid=46 kind=FIRST_WORD chunk=CHAR why="character units: letters and indices live at byte scale; space-scan addressing, no word table"
CANDR ans="a" exp="a" correct=1 native=1 fallback=0 ops=1 maxdepth=0 zooms=0
CAND qid=46 kind=FIRST_WORD chunk=WORD why="word units: the question is about word structure; sub-word work is out-of-unit"
CANDR ans="a" exp="a" correct=1 native=1 fallback=0 ops=4 maxdepth=0 zooms=0
CAND qid=46 kind=FIRST_WORD chunk=WORD why="word-scale locate, character-scale resolve, traced zooms"
CANDR ans="a" exp="a" correct=1 native=1 fallback=0 ops=4 maxdepth=0 zooms=0
CAND qid=46 kind=FIRST_WORD chunk=WORD why="WORD?CHARSCAN on a non-CONTAINS kind: behaves exactly as WORD>CHAR"
CANDR ans="a" exp="a" correct=1 native=1 fallback=0 ops=4 maxdepth=0 zooms=0
CAND qid=46 kind=FIRST_WORD chunk=WORD why="address from the right: the question is anchored at the end of the text"
CANDR ans="a" exp="a" correct=1 native=1 fallback=0 ops=4 maxdepth=0 zooms=0
CAND qid=46 kind=FIRST_WORD chunk=CHAR why="scan from both ends toward the middle: first hit from either side wins"
CANDR ans="a" exp="a" correct=1 native=1 fallback=0 ops=1 maxdepth=0 zooms=0
CAND qid=46 kind=FIRST_WORD chunk=SPAN3 why="fixed 3-byte spans"
CANDR ans="a" exp="a" correct=1 native=0 fallback=1 ops=7 maxdepth=0 zooms=0
CAND qid=46 kind=FIRST_WORD chunk=SPAN5 why="fixed 5-byte spans"
CANDR ans="a" exp="a" correct=1 native=0 fallback=1 ops=5 maxdepth=0 zooms=0
CAND qid=46 kind=FIRST_WORD chunk=CHAR why="END_DIRECT on a non-edge kind: behaves exactly as CHAR"
CANDR ans="a" exp="a" correct=1 native=1 fallback=0 ops=1 maxdepth=0 zooms=0
CAND qid=47 kind=WORD_COUNT chunk=CHAR why="character units: letters and indices live at byte scale; space-scan addressing, no word table"
CANDR ans="6" exp="6" correct=1 native=1 fallback=0 ops=27 maxdepth=0 zooms=0
CAND qid=47 kind=WORD_COUNT chunk=WORD why="word units: the question is about word structure; sub-word work is out-of-unit"
CANDR ans="6" exp="6" correct=1 native=1 fallback=0 ops=6 maxdepth=0 zooms=0
CAND qid=47 kind=WORD_COUNT chunk=WORD why="word-scale locate, character-scale resolve, traced zooms"
CANDR ans="6" exp="6" correct=1 native=1 fallback=0 ops=6 maxdepth=0 zooms=0
CAND qid=47 kind=WORD_COUNT chunk=WORD why="WORD?CHARSCAN on a non-CONTAINS kind: behaves exactly as WORD>CHAR"
CANDR ans="6" exp="6" correct=1 native=1 fallback=0 ops=6 maxdepth=0 zooms=0
CAND qid=47 kind=WORD_COUNT chunk=WORD why="address from the right: the question is anchored at the end of the text"
CANDR ans="6" exp="6" correct=1 native=1 fallback=0 ops=6 maxdepth=0 zooms=0
CAND qid=47 kind=WORD_COUNT chunk=CHAR why="scan from both ends toward the middle: first hit from either side wins"
CANDR ans="6" exp="6" correct=1 native=1 fallback=0 ops=27 maxdepth=0 zooms=0
CAND qid=47 kind=WORD_COUNT chunk=SPAN3 why="fixed 3-byte spans"
CANDR ans="6" exp="6" correct=1 native=0 fallback=1 ops=36 maxdepth=0 zooms=0
CAND qid=47 kind=WORD_COUNT chunk=SPAN5 why="fixed 5-byte spans"
CANDR ans="6" exp="6" correct=1 native=0 fallback=1 ops=33 maxdepth=0 zooms=0
CAND qid=47 kind=WORD_COUNT chunk=CHAR why="END_DIRECT on a non-edge kind: behaves exactly as CHAR"
CANDR ans="6" exp="6" correct=1 native=1 fallback=0 ops=27 maxdepth=0 zooms=0
CAND qid=48 kind=LENGTH chunk=CHAR why="character units: letters and indices live at byte scale; space-scan addressing, no word table"
CANDR ans="16" exp="16" correct=1 native=1 fallback=0 ops=1 maxdepth=0 zooms=0
CAND qid=48 kind=LENGTH chunk=WORD why="word units: the question is about word structure; sub-word work is out-of-unit"
CANDR ans="16" exp="16" correct=1 native=1 fallback=0 ops=3 maxdepth=0 zooms=0
CAND qid=48 kind=LENGTH chunk=CHAR why="word-scale locate, character-scale resolve, traced zooms"
CANDR ans="16" exp="16" correct=1 native=1 fallback=0 ops=16 maxdepth=0 zooms=0
CAND qid=48 kind=LENGTH chunk=CHAR why="WORD?CHARSCAN on a non-CONTAINS kind: behaves exactly as WORD>CHAR"
CANDR ans="16" exp="16" correct=1 native=1 fallback=0 ops=16 maxdepth=0 zooms=0
CAND qid=48 kind=LENGTH chunk=WORD why="address from the right: the question is anchored at the end of the text"
CANDR ans="16" exp="16" correct=1 native=1 fallback=0 ops=3 maxdepth=0 zooms=0
CAND qid=48 kind=LENGTH chunk=CHAR why="scan from both ends toward the middle: first hit from either side wins"
CANDR ans="16" exp="16" correct=1 native=1 fallback=0 ops=1 maxdepth=0 zooms=0
CAND qid=48 kind=LENGTH chunk=SPAN3 why="fixed 3-byte spans"
CANDR ans="16" exp="16" correct=1 native=1 fallback=0 ops=6 maxdepth=0 zooms=0
CAND qid=48 kind=LENGTH chunk=SPAN5 why="fixed 5-byte spans"
CANDR ans="16" exp="16" correct=1 native=1 fallback=0 ops=4 maxdepth=0 zooms=0
CAND qid=48 kind=LENGTH chunk=CHAR why="END_DIRECT on a non-edge kind: behaves exactly as CHAR"
CANDR ans="16" exp="16" correct=1 native=1 fallback=0 ops=1 maxdepth=0 zooms=0
CAND qid=49 kind=CONTAINS chunk=CHAR why="character units: letters and indices live at byte scale; space-scan addressing, no word table"
CANDR ans="no" exp="no" correct=1 native=1 fallback=0 ops=19 maxdepth=0 zooms=0
CAND qid=49 kind=CONTAINS chunk=WORD why="word units: the question is about word structure; sub-word work is out-of-unit"
CANDR ans="no" exp="no" correct=1 native=0 fallback=1 ops=23 maxdepth=0 zooms=0
CAND qid=49 kind=CONTAINS chunk=WORD?CHARSCAN why="try word-boundary match first; magnify to a character span scan on miss"
CAND zoom qid=49 span=1 parent=0 off=0 len=19 depth=1 why=substring-scan-at-character-scale
CANDR ans="no" exp="no" correct=1 native=1 fallback=0 ops=23 maxdepth=1 zooms=1
CAND qid=49 kind=CONTAINS chunk=WORD?CHARSCAN why="cheap word-boundary attempt first; magnify to character-span scan only on miss"
CAND zoom qid=49 span=1 parent=0 off=0 len=19 depth=1 why=substring-scan-at-character-scale
CANDR ans="no" exp="no" correct=1 native=1 fallback=0 ops=23 maxdepth=1 zooms=1
CAND qid=49 kind=CONTAINS chunk=WORD why="address from the right: the question is anchored at the end of the text"
CANDR ans="no" exp="no" correct=1 native=0 fallback=1 ops=23 maxdepth=0 zooms=0
CAND qid=49 kind=CONTAINS chunk=BOTH_ENDS why="scan from both ends toward the middle: first hit from either side wins"
CANDR ans="no" exp="no" correct=1 native=1 fallback=0 ops=42 maxdepth=0 zooms=0
CAND qid=49 kind=CONTAINS chunk=SPAN3 why="fixed 3-byte spans"
CANDR ans="no" exp="no" correct=1 native=0 fallback=1 ops=26 maxdepth=0 zooms=0
CAND qid=49 kind=CONTAINS chunk=SPAN5 why="fixed 5-byte spans"
CANDR ans="no" exp="no" correct=1 native=0 fallback=1 ops=23 maxdepth=0 zooms=0
CAND qid=49 kind=CONTAINS chunk=CHAR why="END_DIRECT on a non-edge kind: behaves exactly as CHAR"
CANDR ans="no" exp="no" correct=1 native=1 fallback=0 ops=19 maxdepth=0 zooms=0
CAND qid=50 kind=REVERSE chunk=CHAR why="character units: letters and indices live at byte scale; space-scan addressing, no word table"
CANDR ans="leehw eseehc eht" exp="leehw eseehc eht" correct=1 native=1 fallback=0 ops=16 maxdepth=0 zooms=0
CAND qid=50 kind=REVERSE chunk=WORD why="word units: the question is about word structure; sub-word work is out-of-unit"
CANDR ans="eht eseehc leehw" exp="leehw eseehc eht" correct=0 native=0 fallback=1 ops=19 maxdepth=0 zooms=0
CAND qid=50 kind=REVERSE chunk=CHAR why="word-scale locate, character-scale resolve, traced zooms"
CANDR ans="leehw eseehc eht" exp="leehw eseehc eht" correct=1 native=1 fallback=0 ops=16 maxdepth=0 zooms=0
CAND qid=50 kind=REVERSE chunk=CHAR why="WORD?CHARSCAN on a non-CONTAINS kind: behaves exactly as WORD>CHAR"
CANDR ans="leehw eseehc eht" exp="leehw eseehc eht" correct=1 native=1 fallback=0 ops=16 maxdepth=0 zooms=0
CAND qid=50 kind=REVERSE chunk=WORD why="address from the right: the question is anchored at the end of the text"
CANDR ans="eht eseehc leehw" exp="leehw eseehc eht" correct=0 native=0 fallback=1 ops=19 maxdepth=0 zooms=0
CAND qid=50 kind=REVERSE chunk=CHAR why="scan from both ends toward the middle: first hit from either side wins"
CANDR ans="leehw eseehc eht" exp="leehw eseehc eht" correct=1 native=1 fallback=0 ops=16 maxdepth=0 zooms=0
CAND qid=50 kind=REVERSE chunk=SPAN3 why="fixed 3-byte spans"
CANDR ans="leehw eseehc eht" exp="leehw eseehc eht" correct=1 native=0 fallback=1 ops=22 maxdepth=0 zooms=0
CAND qid=50 kind=REVERSE chunk=SPAN5 why="fixed 5-byte spans"
CANDR ans="leehw eseehc eht" exp="leehw eseehc eht" correct=1 native=0 fallback=1 ops=20 maxdepth=0 zooms=0
CAND qid=50 kind=REVERSE chunk=CHAR why="END_DIRECT on a non-edge kind: behaves exactly as CHAR"
CANDR ans="leehw eseehc eht" exp="leehw eseehc eht" correct=1 native=1 fallback=0 ops=16 maxdepth=0 zooms=0
CAND qid=51 kind=LETTER_COUNT chunk=CHAR why="character units: letters and indices live at byte scale; space-scan addressing, no word table"
CANDR ans="2" exp="2" correct=1 native=1 fallback=0 ops=5 maxdepth=0 zooms=0
CAND qid=51 kind=LETTER_COUNT chunk=WORD why="word units: the question is about word structure; sub-word work is out-of-unit"
CANDR ans="2" exp="2" correct=1 native=0 fallback=1 ops=6 maxdepth=0 zooms=0
CAND qid=51 kind=LETTER_COUNT chunk=CHAR why="multi-token letter count: enumerate words at word scale, magnify to character units inside each word"
CANDR ans="2" exp="2" correct=1 native=1 fallback=0 ops=5 maxdepth=0 zooms=0
CAND qid=51 kind=LETTER_COUNT chunk=CHAR why="WORD?CHARSCAN on a non-CONTAINS kind: behaves exactly as WORD>CHAR"
CANDR ans="2" exp="2" correct=1 native=1 fallback=0 ops=5 maxdepth=0 zooms=0
CAND qid=51 kind=LETTER_COUNT chunk=WORD why="address from the right: the question is anchored at the end of the text"
CANDR ans="2" exp="2" correct=1 native=0 fallback=1 ops=6 maxdepth=0 zooms=0
CAND qid=51 kind=LETTER_COUNT chunk=CHAR why="scan from both ends toward the middle: first hit from either side wins"
CANDR ans="2" exp="2" correct=1 native=1 fallback=0 ops=5 maxdepth=0 zooms=0
CAND qid=51 kind=LETTER_COUNT chunk=SPAN3 why="fixed 3-byte spans"
CANDR ans="2" exp="2" correct=1 native=0 fallback=1 ops=7 maxdepth=0 zooms=0
CAND qid=51 kind=LETTER_COUNT chunk=SPAN5 why="fixed 5-byte spans"
CANDR ans="2" exp="2" correct=1 native=0 fallback=1 ops=6 maxdepth=0 zooms=0
CAND qid=51 kind=LETTER_COUNT chunk=CHAR why="END_DIRECT on a non-edge kind: behaves exactly as CHAR"
CANDR ans="2" exp="2" correct=1 native=1 fallback=0 ops=5 maxdepth=0 zooms=0
CAND qid=52 kind=POSITION_WORD chunk=CHAR why="character units: letters and indices live at byte scale; space-scan addressing, no word table"
CANDR ans="e" exp="e" correct=1 native=1 fallback=0 ops=7 maxdepth=0 zooms=0
CAND qid=52 kind=POSITION_WORD chunk=WORD why="word units: the question is about word structure; sub-word work is out-of-unit"
CANDR ans="?" exp="e" correct=0 native=0 fallback=1 ops=9 maxdepth=0 zooms=0
CAND qid=52 kind=POSITION_WORD chunk=WORD>CHAR why="locate the Nth word at word scale, magnify to character units for the index"
CAND zoom qid=52 span=1 parent=0 off=0 len=3 depth=1 why=locate-target-word
CAND zoom qid=52 span=2 parent=1 off=2 len=1 depth=2 why=index-character-inside-word
CANDR ans="e" exp="e" correct=1 native=1 fallback=0 ops=7 maxdepth=2 zooms=2
CAND qid=52 kind=POSITION_WORD chunk=WORD>CHAR why="WORD?CHARSCAN on a non-CONTAINS kind: behaves exactly as WORD>CHAR"
CAND zoom qid=52 span=1 parent=0 off=0 len=3 depth=1 why=locate-target-word
CAND zoom qid=52 span=2 parent=1 off=2 len=1 depth=2 why=index-character-inside-word
CANDR ans="e" exp="e" correct=1 native=1 fallback=0 ops=7 maxdepth=2 zooms=2
CAND qid=52 kind=POSITION_WORD chunk=WORD why="address from the right: the question is anchored at the end of the text"
CANDR ans="?" exp="e" correct=0 native=0 fallback=1 ops=9 maxdepth=0 zooms=0
CAND qid=52 kind=POSITION_WORD chunk=CHAR why="scan from both ends toward the middle: first hit from either side wins"
CANDR ans="e" exp="e" correct=1 native=1 fallback=0 ops=7 maxdepth=0 zooms=0
CAND qid=52 kind=POSITION_WORD chunk=SPAN3 why="fixed 3-byte spans"
CANDR ans="e" exp="e" correct=1 native=0 fallback=1 ops=7 maxdepth=0 zooms=0
CAND qid=52 kind=POSITION_WORD chunk=SPAN5 why="fixed 5-byte spans"
CANDR ans="e" exp="e" correct=1 native=0 fallback=1 ops=7 maxdepth=0 zooms=0
CAND qid=52 kind=POSITION_WORD chunk=CHAR why="END_DIRECT on a non-edge kind: behaves exactly as CHAR"
CANDR ans="e" exp="e" correct=1 native=1 fallback=0 ops=7 maxdepth=0 zooms=0
CAND qid=53 kind=CONTAINS_WORD chunk=CHAR why="character units: letters and indices live at byte scale; space-scan addressing, no word table"
CANDR ans="yes" exp="yes" correct=1 native=1 fallback=0 ops=16 maxdepth=0 zooms=0
CAND qid=53 kind=CONTAINS_WORD chunk=WORD why="word units: the question is about word structure; sub-word work is out-of-unit"
CANDR ans="yes" exp="yes" correct=1 native=0 fallback=1 ops=7 maxdepth=0 zooms=0
CAND qid=53 kind=CONTAINS_WORD chunk=WORD>CHAR why="word-scale locate, character-scale resolve, traced zooms"
CAND zoom qid=53 span=1 parent=0 off=6 len=5 depth=1 why=substring-scan-at-character-scale
CANDR ans="yes" exp="yes" correct=1 native=1 fallback=0 ops=7 maxdepth=1 zooms=1
CAND qid=53 kind=CONTAINS_WORD chunk=WORD?CHARSCAN why="cheap word-boundary attempt inside the addressed word; magnify to character-span scan on miss"
CAND zoom qid=53 span=1 parent=0 off=6 len=5 depth=1 why=substring-scan-at-character-scale
CANDR ans="yes" exp="yes" correct=1 native=1 fallback=0 ops=7 maxdepth=1 zooms=1
CAND qid=53 kind=CONTAINS_WORD chunk=REV_WORD why="address from the right: the question is anchored at the end of the text"
CANDR ans="yes" exp="yes" correct=1 native=1 fallback=0 ops=10 maxdepth=0 zooms=0
CAND qid=53 kind=CONTAINS_WORD chunk=BOTH_ENDS why="scan from both ends toward the middle: first hit from either side wins"
CANDR ans="yes" exp="yes" correct=1 native=1 fallback=0 ops=7 maxdepth=0 zooms=0
CAND qid=53 kind=CONTAINS_WORD chunk=SPAN3 why="fixed 3-byte spans"
CANDR ans="yes" exp="yes" correct=1 native=0 fallback=1 ops=16 maxdepth=0 zooms=0
CAND qid=53 kind=CONTAINS_WORD chunk=SPAN5 why="fixed 5-byte spans"
CANDR ans="yes" exp="yes" correct=1 native=0 fallback=1 ops=16 maxdepth=0 zooms=0
CAND qid=53 kind=CONTAINS_WORD chunk=CHAR why="END_DIRECT on a non-edge kind: behaves exactly as CHAR"
CANDR ans="yes" exp="yes" correct=1 native=1 fallback=0 ops=16 maxdepth=0 zooms=0
CAND qid=54 kind=LETTER_COUNT_WORD chunk=CHAR why="character units: letters and indices live at byte scale; space-scan addressing, no word table"
CANDR ans="0" exp="0" correct=1 native=1 fallback=0 ops=7 maxdepth=0 zooms=0
CAND qid=54 kind=LETTER_COUNT_WORD chunk=WORD why="word units: the question is about word structure; sub-word work is out-of-unit"
CANDR ans="0" exp="0" correct=1 native=0 fallback=1 ops=7 maxdepth=0 zooms=0
CAND qid=54 kind=LETTER_COUNT_WORD chunk=WORD>CHAR why="word-scale locate, character-scale resolve, traced zooms"
CAND zoom qid=54 span=1 parent=0 off=0 len=3 depth=1 why=count-letters-inside-word
CANDR ans="0" exp="0" correct=1 native=1 fallback=0 ops=7 maxdepth=1 zooms=1
CAND qid=54 kind=LETTER_COUNT_WORD chunk=WORD>CHAR why="WORD?CHARSCAN on a non-CONTAINS kind: behaves exactly as WORD>CHAR"
CAND zoom qid=54 span=1 parent=0 off=0 len=3 depth=1 why=count-letters-inside-word
CANDR ans="0" exp="0" correct=1 native=1 fallback=0 ops=7 maxdepth=1 zooms=1
CAND qid=54 kind=LETTER_COUNT_WORD chunk=WORD why="address from the right: the question is anchored at the end of the text"
CANDR ans="0" exp="0" correct=1 native=0 fallback=1 ops=7 maxdepth=0 zooms=0
CAND qid=54 kind=LETTER_COUNT_WORD chunk=CHAR why="scan from both ends toward the middle: first hit from either side wins"
CANDR ans="0" exp="0" correct=1 native=1 fallback=0 ops=7 maxdepth=0 zooms=0
CAND qid=54 kind=LETTER_COUNT_WORD chunk=SPAN3 why="fixed 3-byte spans"
CANDR ans="0" exp="0" correct=1 native=0 fallback=1 ops=7 maxdepth=0 zooms=0
CAND qid=54 kind=LETTER_COUNT_WORD chunk=SPAN5 why="fixed 5-byte spans"
CANDR ans="0" exp="0" correct=1 native=0 fallback=1 ops=7 maxdepth=0 zooms=0
CAND qid=54 kind=LETTER_COUNT_WORD chunk=CHAR why="END_DIRECT on a non-edge kind: behaves exactly as CHAR"
CANDR ans="0" exp="0" correct=1 native=1 fallback=0 ops=7 maxdepth=0 zooms=0
CAND qid=55 kind=REVERSE_WORD chunk=CHAR why="character units: letters and indices live at byte scale; space-scan addressing, no word table"
CANDR ans="nworb" exp="nworb" correct=1 native=1 fallback=0 ops=21 maxdepth=0 zooms=0
CAND qid=55 kind=REVERSE_WORD chunk=WORD why="word units: the question is about word structure; sub-word work is out-of-unit"
CANDR ans="nworb" exp="nworb" correct=1 native=0 fallback=1 ops=9 maxdepth=0 zooms=0
CAND qid=55 kind=REVERSE_WORD chunk=WORD>CHAR why="word-scale locate, character-scale resolve, traced zooms"
CAND zoom qid=55 span=1 parent=0 off=10 len=5 depth=1 why=locate-target-word
CANDR ans="nworb" exp="nworb" correct=1 native=1 fallback=0 ops=9 maxdepth=1 zooms=1
CAND qid=55 kind=REVERSE_WORD chunk=WORD>CHAR why="WORD?CHARSCAN on a non-CONTAINS kind: behaves exactly as WORD>CHAR"
CAND zoom qid=55 span=1 parent=0 off=10 len=5 depth=1 why=locate-target-word
CANDR ans="nworb" exp="nworb" correct=1 native=1 fallback=0 ops=9 maxdepth=1 zooms=1
CAND qid=55 kind=REVERSE_WORD chunk=WORD why="address from the right: the question is anchored at the end of the text"
CANDR ans="nworb" exp="nworb" correct=1 native=0 fallback=1 ops=9 maxdepth=0 zooms=0
CAND qid=55 kind=REVERSE_WORD chunk=CHAR why="scan from both ends toward the middle: first hit from either side wins"
CANDR ans="nworb" exp="nworb" correct=1 native=1 fallback=0 ops=21 maxdepth=0 zooms=0
CAND qid=55 kind=REVERSE_WORD chunk=SPAN3 why="fixed 3-byte spans"
CANDR ans="nworb" exp="nworb" correct=1 native=0 fallback=1 ops=21 maxdepth=0 zooms=0
CAND qid=55 kind=REVERSE_WORD chunk=SPAN5 why="fixed 5-byte spans"
CANDR ans="nworb" exp="nworb" correct=1 native=0 fallback=1 ops=21 maxdepth=0 zooms=0
CAND qid=55 kind=REVERSE_WORD chunk=CHAR why="END_DIRECT on a non-edge kind: behaves exactly as CHAR"
CANDR ans="nworb" exp="nworb" correct=1 native=1 fallback=0 ops=21 maxdepth=0 zooms=0
CAND qid=56 kind=LAST_WORD chunk=CHAR why="character units: letters and indices live at byte scale; space-scan addressing, no word table"
CANDR ans="wheel" exp="wheel" correct=1 native=1 fallback=0 ops=16 maxdepth=0 zooms=0
CAND qid=56 kind=LAST_WORD chunk=WORD why="word units: the question is about word structure; sub-word work is out-of-unit"
CANDR ans="wheel" exp="wheel" correct=1 native=1 fallback=0 ops=3 maxdepth=0 zooms=0
CAND qid=56 kind=LAST_WORD chunk=WORD why="word-scale locate, character-scale resolve, traced zooms"
CANDR ans="wheel" exp="wheel" correct=1 native=1 fallback=0 ops=3 maxdepth=0 zooms=0
CAND qid=56 kind=LAST_WORD chunk=WORD why="WORD?CHARSCAN on a non-CONTAINS kind: behaves exactly as WORD>CHAR"
CANDR ans="wheel" exp="wheel" correct=1 native=1 fallback=0 ops=3 maxdepth=0 zooms=0
CAND qid=56 kind=LAST_WORD chunk=REV_WORD why="address from the right: the question is anchored at the end of the text"
CANDR ans="wheel" exp="wheel" correct=1 native=1 fallback=0 ops=5 maxdepth=0 zooms=0
CAND qid=56 kind=LAST_WORD chunk=CHAR why="scan from both ends toward the middle: first hit from either side wins"
CANDR ans="wheel" exp="wheel" correct=1 native=1 fallback=0 ops=16 maxdepth=0 zooms=0
CAND qid=56 kind=LAST_WORD chunk=SPAN3 why="fixed 3-byte spans"
CANDR ans="wheel" exp="wheel" correct=1 native=0 fallback=1 ops=16 maxdepth=0 zooms=0
CAND qid=56 kind=LAST_WORD chunk=SPAN5 why="fixed 5-byte spans"
CANDR ans="wheel" exp="wheel" correct=1 native=0 fallback=1 ops=16 maxdepth=0 zooms=0
CAND qid=56 kind=LAST_WORD chunk=CHAR why="END_DIRECT on a non-edge kind: behaves exactly as CHAR"
CANDR ans="wheel" exp="wheel" correct=1 native=1 fallback=0 ops=16 maxdepth=0 zooms=0
# POLICY kind shape n winner chunk correct native ops_total
POLICY LETTER_COUNT single n=7 winner=3 WORD>CHAR correct=7 native=7 ops_total=64
POLICY LETTER_COUNT multi n=3 winner=1 CHAR correct=3 native=3 ops_total=47
POLICY POSITION single n=4 winner=3 WORD>CHAR correct=4 native=4 ops_total=15
POLICY POSITION multi n=2 winner=3 WORD>CHAR correct=2 native=2 ops_total=10
POLICY REVERSE single n=2 winner=3 WORD>CHAR correct=2 native=2 ops_total=13
POLICY REVERSE multi n=1 winner=3 WORD>CHAR correct=1 native=1 ops_total=16
POLICY WORD_COUNT single n=1 winner=2 WORD correct=1 native=1 ops_total=1
POLICY WORD_COUNT multi n=2 winner=2 WORD correct=2 native=2 ops_total=10
POLICY LENGTH single n=2 winner=2 WORD correct=2 native=2 ops_total=2
POLICY LENGTH multi n=1 winner=1 CHAR correct=1 native=1 ops_total=1
POLICY CONTAINS single n=1 winner=6 BOTH_ENDS correct=1 native=1 ops_total=8
POLICY CONTAINS multi n=2 winner=3 WORD>CHAR correct=2 native=2 ops_total=27
POLICY FIRST_WORD single n=0 winner=3 WORD>CHAR correct=0 native=0 ops_total=0
POLICY FIRST_WORD multi n=2 winner=1 CHAR correct=2 native=2 ops_total=4
POLICY POS_FIRST single n=0 winner=3 WORD>CHAR correct=0 native=0 ops_total=0
POLICY POS_FIRST multi n=2 winner=3 WORD>CHAR correct=2 native=2 ops_total=2
POLICY POS_LAST single n=2 winner=9 END_DIRECT correct=2 native=2 ops_total=2
POLICY POS_LAST multi n=1 winner=9 END_DIRECT correct=1 native=1 ops_total=1
POLICY LETTER_COUNT_WORD single n=0 winner=3 WORD>CHAR correct=0 native=0 ops_total=0
POLICY LETTER_COUNT_WORD multi n=3 winner=3 WORD>CHAR correct=3 native=3 ops_total=25
POLICY LENGTH_WORD single n=0 winner=3 WORD>CHAR correct=0 native=0 ops_total=0
POLICY LENGTH_WORD multi n=2 winner=2 WORD correct=2 native=2 ops_total=6
POLICY POSITION_WORD single n=0 winner=3 WORD>CHAR correct=0 native=0 ops_total=0
POLICY POSITION_WORD multi n=3 winner=3 WORD>CHAR correct=3 native=3 ops_total=19
POLICY REVERSE_WORD single n=0 winner=3 WORD>CHAR correct=0 native=0 ops_total=0
POLICY REVERSE_WORD multi n=3 winner=3 WORD>CHAR correct=3 native=3 ops_total=23
POLICY FIRST_LETTER_WORD single n=0 winner=3 WORD>CHAR correct=0 native=0 ops_total=0
POLICY FIRST_LETTER_WORD multi n=3 winner=3 WORD>CHAR correct=3 native=3 ops_total=12
POLICY LAST_LETTER_WORD single n=0 winner=3 WORD>CHAR correct=0 native=0 ops_total=0
POLICY LAST_LETTER_WORD multi n=2 winner=3 WORD>CHAR correct=2 native=2 ops_total=14
POLICY LAST_WORD single n=1 winner=2 WORD correct=1 native=1 ops_total=1
POLICY LAST_WORD multi n=2 winner=2 WORD correct=2 native=2 ops_total=7
POLICY CONTAINS_WORD single n=0 winner=3 WORD>CHAR correct=0 native=0 ops_total=0
POLICY CONTAINS_WORD multi n=3 winner=3 WORD>CHAR correct=3 native=3 ops_total=23
# STANDINGS kind shape: cand(correct,native,ops) * = winner
STAND LETTER_COUNT single : CHAR(7,7,64) WORD(7,0,71) WORD>CHAR(7,7,64)* WORD?CHARSCAN(7,7,64) REV_WORD(7,0,71) BOTH_ENDS(7,7,64) SPAN3(7,0,88) SPAN5(7,0,80) END_DIRECT(7,7,64)
STAND LETTER_COUNT multi : CHAR(3,3,47)* WORD(3,0,55) WORD>CHAR(3,3,50) WORD?CHARSCAN(3,3,50) REV_WORD(3,0,55) BOTH_ENDS(3,3,47) SPAN3(3,0,64) SPAN5(3,0,58) END_DIRECT(3,3,47)
STAND POSITION single : CHAR(4,4,15) WORD(4,0,19) WORD>CHAR(4,4,15)* WORD?CHARSCAN(4,4,15) REV_WORD(4,0,19) BOTH_ENDS(4,4,15) SPAN3(4,0,8) SPAN5(4,0,8) END_DIRECT(4,4,15)
STAND POSITION multi : CHAR(2,2,25) WORD(2,0,14) WORD>CHAR(2,2,10)* WORD?CHARSCAN(2,2,10) REV_WORD(2,0,14) BOTH_ENDS(2,2,25) SPAN3(1,0,4) SPAN5(1,0,4) END_DIRECT(2,2,25)
STAND REVERSE single : CHAR(2,2,13) WORD(2,0,15) WORD>CHAR(2,2,13)* WORD?CHARSCAN(2,2,13) REV_WORD(2,0,15) BOTH_ENDS(2,2,13) SPAN3(2,0,18) SPAN5(2,0,16) END_DIRECT(2,2,13)
STAND REVERSE multi : CHAR(1,1,16) WORD(0,0,19) WORD>CHAR(1,1,16)* WORD?CHARSCAN(1,1,16) REV_WORD(0,0,19) BOTH_ENDS(1,1,16) SPAN3(1,0,22) SPAN5(1,0,20) END_DIRECT(1,1,16)
STAND WORD_COUNT single : CHAR(1,1,5) WORD(1,1,1)* WORD>CHAR(1,1,1) WORD?CHARSCAN(1,1,1) REV_WORD(1,1,1) BOTH_ENDS(1,1,5) SPAN3(1,0,7) SPAN5(1,0,6) END_DIRECT(1,1,5)
STAND WORD_COUNT multi : CHAR(2,2,46) WORD(2,2,10)* WORD>CHAR(2,2,10) WORD?CHARSCAN(2,2,10) REV_WORD(2,2,10) BOTH_ENDS(2,2,46) SPAN3(2,0,62) SPAN5(2,0,56) END_DIRECT(2,2,46)
STAND LENGTH single : CHAR(2,2,2) WORD(2,2,2)* WORD>CHAR(2,2,12) WORD?CHARSCAN(2,2,12) REV_WORD(2,2,2) BOTH_ENDS(2,2,2) SPAN3(2,2,5) SPAN5(2,2,3) END_DIRECT(2,2,2)
STAND LENGTH multi : CHAR(1,1,1)* WORD(1,1,3) WORD>CHAR(1,1,16) WORD?CHARSCAN(1,1,16) REV_WORD(1,1,3) BOTH_ENDS(1,1,1) SPAN3(1,1,6) SPAN5(1,1,4) END_DIRECT(1,1,1)
STAND CONTAINS single : CHAR(1,1,10) WORD(1,0,11) WORD>CHAR(1,1,11) WORD?CHARSCAN(1,1,11) REV_WORD(1,0,11) BOTH_ENDS(1,1,8)* SPAN3(1,0,14) SPAN5(1,0,12) END_DIRECT(1,1,10)
STAND CONTAINS multi : CHAR(2,2,38) WORD(2,1,27) WORD>CHAR(2,2,27)* WORD?CHARSCAN(2,2,27) REV_WORD(2,1,27) BOTH_ENDS(2,2,46) SPAN3(2,0,52) SPAN5(2,0,46) END_DIRECT(2,2,38)
STAND FIRST_WORD multi : CHAR(2,2,4)* WORD(2,2,8) WORD>CHAR(2,2,8) WORD?CHARSCAN(2,2,8) REV_WORD(2,2,8) BOTH_ENDS(2,2,4) SPAN3(2,0,17) SPAN5(2,0,12) END_DIRECT(2,2,4)
STAND POS_FIRST multi : CHAR(2,2,2) WORD(2,0,7) WORD>CHAR(2,2,2)* WORD?CHARSCAN(2,2,2) REV_WORD(2,0,7) BOTH_ENDS(2,2,2) SPAN3(2,0,2) SPAN5(2,0,2) END_DIRECT(2,2,2)
STAND POS_LAST single : CHAR(2,2,14) WORD(2,0,4) WORD>CHAR(2,2,14) WORD?CHARSCAN(2,2,14) REV_WORD(2,0,4) BOTH_ENDS(2,2,14) SPAN3(2,0,2) SPAN5(2,0,2) END_DIRECT(2,2,2)*
STAND POS_LAST multi : CHAR(1,1,11) WORD(1,0,3) WORD>CHAR(1,1,11) WORD?CHARSCAN(1,1,11) REV_WORD(1,0,3) BOTH_ENDS(1,1,11) SPAN3(1,0,1) SPAN5(1,0,1) END_DIRECT(1,1,1)*
STAND LETTER_COUNT_WORD multi : CHAR(3,3,45) WORD(3,0,25) WORD>CHAR(3,3,25)* WORD?CHARSCAN(3,3,25) REV_WORD(3,0,25) BOTH_ENDS(3,3,45) SPAN3(3,0,45) SPAN5(3,0,45) END_DIRECT(3,3,45)
STAND LENGTH_WORD multi : CHAR(2,2,17) WORD(2,2,6)* WORD>CHAR(2,2,8) WORD?CHARSCAN(2,2,8) REV_WORD(2,2,10) BOTH_ENDS(2,2,17) SPAN3(2,0,15) SPAN5(2,0,15) END_DIRECT(2,2,17)
STAND POSITION_WORD multi : CHAR(3,3,27) WORD(2,0,21) WORD>CHAR(3,3,19)* WORD?CHARSCAN(3,3,19) REV_WORD(2,0,21) BOTH_ENDS(3,3,27) SPAN3(3,0,27) SPAN5(3,0,27) END_DIRECT(3,3,27)
STAND REVERSE_WORD multi : CHAR(3,3,44) WORD(3,0,23) WORD>CHAR(3,3,23)* WORD?CHARSCAN(3,3,23) REV_WORD(3,1,26) BOTH_ENDS(3,3,44) SPAN3(3,0,44) SPAN5(3,0,44) END_DIRECT(3,3,44)
STAND FIRST_LETTER_WORD multi : CHAR(3,3,50) WORD(3,0,12) WORD>CHAR(3,3,12)* WORD?CHARSCAN(3,3,12) REV_WORD(3,2,15) BOTH_ENDS(3,3,50) SPAN3(3,0,50) SPAN5(3,0,50) END_DIRECT(3,3,50)
STAND LAST_LETTER_WORD multi : CHAR(2,2,23) WORD(2,0,8) WORD>CHAR(2,2,14)* WORD?CHARSCAN(2,2,14) REV_WORD(2,1,15) BOTH_ENDS(2,2,23) SPAN3(2,0,23) SPAN5(2,0,23) END_DIRECT(2,2,17)
STAND LAST_WORD single : CHAR(1,1,5) WORD(1,1,1)* WORD>CHAR(1,1,1) WORD?CHARSCAN(1,1,1) REV_WORD(1,1,5) BOTH_ENDS(1,1,5) SPAN3(1,0,5) SPAN5(1,0,5) END_DIRECT(1,1,5)
STAND LAST_WORD multi : CHAR(2,2,35) WORD(2,2,7)* WORD>CHAR(2,2,7) WORD?CHARSCAN(2,2,7) REV_WORD(2,2,8) BOTH_ENDS(2,2,35) SPAN3(2,0,35) SPAN5(2,0,35) END_DIRECT(2,2,35)
STAND CONTAINS_WORD multi : CHAR(3,3,44) WORD(3,0,23) WORD>CHAR(3,3,23)* WORD?CHARSCAN(3,3,23) REV_WORD(3,1,26) BOTH_ENDS(3,3,27) SPAN3(3,0,44) SPAN5(3,0,44) END_DIRECT(3,3,44)
# LIVE learned-intake pass (derived policy only)
LIVE qid=0 kind=LETTER_COUNT chunk=CHAR why="derived WORD>CHAR (class LETTER_COUNT/single): 7 examples correct=7 native=7 ops_total=64 | multi-token letter count: enumerate words at word scale, magnify to character units inside each word"
LIVER ans="3" exp="3" correct=1 native=1 fallback=0 ops=10 maxdepth=0 zooms=0
LIVE qid=1 kind=LETTER_COUNT chunk=CHAR why="derived WORD>CHAR (class LETTER_COUNT/single): 7 examples correct=7 native=7 ops_total=64 | multi-token letter count: enumerate words at word scale, magnify to character units inside each word"
LIVER ans="4" exp="4" correct=1 native=1 fallback=0 ops=11 maxdepth=0 zooms=0
LIVE qid=2 kind=LETTER_COUNT chunk=CHAR why="derived CHAR (class LETTER_COUNT/multi): 3 examples correct=3 native=3 ops_total=47 | character units: letters and indices live at byte scale; space-scan addressing, no word table"
LIVER ans="3" exp="3" correct=1 native=1 fallback=0 ops=11 maxdepth=0 zooms=0
LIVE qid=3 kind=LETTER_COUNT chunk=CHAR why="derived WORD>CHAR (class LETTER_COUNT/single): 7 examples correct=7 native=7 ops_total=64 | multi-token letter count: enumerate words at word scale, magnify to character units inside each word"
LIVER ans="3" exp="3" correct=1 native=1 fallback=0 ops=6 maxdepth=0 zooms=0
LIVE qid=4 kind=LETTER_COUNT chunk=CHAR why="derived WORD>CHAR (class LETTER_COUNT/single): 7 examples correct=7 native=7 ops_total=64 | multi-token letter count: enumerate words at word scale, magnify to character units inside each word"
LIVER ans="5" exp="5" correct=1 native=1 fallback=0 ops=11 maxdepth=0 zooms=0
LIVE qid=5 kind=POSITION chunk=CHAR why="derived WORD>CHAR (class POSITION/single): 4 examples correct=4 native=4 ops_total=15 | locate the named word at word scale, then magnify to character units for the index"
LIVER ans="r" exp="r" correct=1 native=1 fallback=0 ops=3 maxdepth=0 zooms=0
LIVE qid=6 kind=POSITION chunk=CHAR why="derived WORD>CHAR (class POSITION/single): 4 examples correct=4 native=4 ops_total=15 | locate the named word at word scale, then magnify to character units for the index"
LIVER ans="M" exp="M" correct=1 native=1 fallback=0 ops=1 maxdepth=0 zooms=0
LIVE qid=7 kind=POSITION chunk=CHAR why="derived WORD>CHAR (class POSITION/single): 4 examples correct=4 native=4 ops_total=15 | locate the named word at word scale, then magnify to character units for the index"
LIVER ans="y" exp="y" correct=1 native=1 fallback=0 ops=10 maxdepth=0 zooms=0
LIVE qid=8 kind=REVERSE chunk=CHAR why="derived WORD>CHAR (class REVERSE/single): 2 examples correct=2 native=2 ops_total=13 | word-scale locate, character-scale resolve, traced zooms"
LIVER ans="yrrebwarts" exp="yrrebwarts" correct=1 native=1 fallback=0 ops=10 maxdepth=0 zooms=0
LIVE qid=9 kind=REVERSE chunk=CHAR why="derived WORD>CHAR (class REVERSE/single): 2 examples correct=2 native=2 ops_total=13 | word-scale locate, character-scale resolve, traced zooms"
LIVER ans="cba" exp="cba" correct=1 native=1 fallback=0 ops=3 maxdepth=0 zooms=0
LIVE qid=10 kind=WORD_COUNT chunk=WORD why="derived WORD (class WORD_COUNT/multi): 2 examples correct=2 native=2 ops_total=10 | word units: the question is about word structure; sub-word work is out-of-unit"
LIVER ans="4" exp="4" correct=1 native=1 fallback=0 ops=4 maxdepth=0 zooms=0
LIVE qid=11 kind=WORD_COUNT chunk=WORD why="derived WORD (class WORD_COUNT/single): 1 examples correct=1 native=1 ops_total=1 | word units: the question is about word structure; sub-word work is out-of-unit"
LIVER ans="1" exp="1" correct=1 native=1 fallback=0 ops=1 maxdepth=0 zooms=0
LIVE qid=12 kind=LENGTH chunk=WORD why="derived WORD (class LENGTH/single): 2 examples correct=2 native=2 ops_total=2 | word units: the question is about word structure; sub-word work is out-of-unit"
LIVER ans="10" exp="10" correct=1 native=1 fallback=0 ops=1 maxdepth=0 zooms=0
LIVE qid=13 kind=LENGTH chunk=WORD why="derived WORD (class LENGTH/single): 2 examples correct=2 native=2 ops_total=2 | word units: the question is about word structure; sub-word work is out-of-unit"
LIVER ans="2" exp="2" correct=1 native=1 fallback=0 ops=1 maxdepth=0 zooms=0
LIVE qid=14 kind=CONTAINS chunk=WORD?CHARSCAN why="derived WORD>CHAR (class CONTAINS/multi): 2 examples correct=2 native=2 ops_total=27 | try word-boundary match first; magnify to a character span scan on miss"
LIVER ans="yes" exp="yes" correct=1 native=1 fallback=0 ops=4 maxdepth=0 zooms=0
LIVE qid=15 kind=FIRST_WORD chunk=CHAR why="derived CHAR (class FIRST_WORD/multi): 2 examples correct=2 native=2 ops_total=4 | character units: letters and indices live at byte scale; space-scan addressing, no word table"
LIVER ans="the" exp="the" correct=1 native=1 fallback=0 ops=3 maxdepth=0 zooms=0
LIVE qid=16 kind=POS_LAST chunk=END_DIRECT why="derived END_DIRECT (class POS_LAST/single): 2 examples correct=2 native=2 ops_total=2 | last-letter questions name the text edge: read it directly"
LIVER ans="i" exp="i" correct=1 native=1 fallback=0 ops=1 maxdepth=0 zooms=0
LIVE qid=17 kind=POS_FIRST chunk=WORD>CHAR why="derived WORD>CHAR (class POS_FIRST/multi): 2 examples correct=2 native=2 ops_total=2 | word-scale locate, character-scale resolve, traced zooms"
LIVE zoom qid=17 span=1 parent=0 off=0 len=1 depth=2 why=index-character-inside-word
LIVER ans="h" exp="h" correct=1 native=1 fallback=0 ops=1 maxdepth=2 zooms=1
LIVE qid=18 kind=LETTER_COUNT chunk=CHAR why="derived WORD>CHAR (class LETTER_COUNT/single): 7 examples correct=7 native=7 ops_total=64 | multi-token letter count: enumerate words at word scale, magnify to character units inside each word"
LIVER ans="0" exp="0" correct=1 native=1 fallback=0 ops=11 maxdepth=0 zooms=0
LIVE qid=19 kind=LETTER_COUNT chunk=CHAR why="derived WORD>CHAR (class LETTER_COUNT/single): 7 examples correct=7 native=7 ops_total=64 | multi-token letter count: enumerate words at word scale, magnify to character units inside each word"
LIVER ans="2" exp="2" correct=1 native=1 fallback=0 ops=10 maxdepth=0 zooms=0
LIVE qid=20 kind=LETTER_COUNT chunk=CHAR why="derived CHAR (class LETTER_COUNT/multi): 3 examples correct=3 native=3 ops_total=47 | character units: letters and indices live at byte scale; space-scan addressing, no word table"
LIVER ans="6" exp="6" correct=1 native=1 fallback=0 ops=16 maxdepth=0 zooms=0
LIVE qid=21 kind=CONTAINS chunk=BOTH_ENDS why="derived BOTH_ENDS (class CONTAINS/single): 1 examples correct=1 native=1 ops_total=8 | scan from both ends toward the middle: first hit from either side wins"
LIVER ans="yes" exp="yes" correct=1 native=1 fallback=0 ops=8 maxdepth=0 zooms=0
LIVE qid=22 kind=POSITION chunk=WORD>CHAR why="derived WORD>CHAR (class POSITION/multi): 2 examples correct=2 native=2 ops_total=10 | locate the named word at word scale, then magnify to character units for the index"
LIVE zoom qid=22 span=1 parent=0 off=16 len=3 depth=1 why=locate-target-word
LIVE zoom qid=22 span=2 parent=1 off=17 len=1 depth=2 why=index-character-inside-word
LIVER ans="o" exp="o" correct=1 native=1 fallback=0 ops=6 maxdepth=2 zooms=2
LIVE qid=23 kind=LETTER_COUNT chunk=CHAR why="derived CHAR (class LETTER_COUNT/multi): 3 examples correct=3 native=3 ops_total=47 | character units: letters and indices live at byte scale; space-scan addressing, no word table"
LIVER ans="3" exp="3" correct=1 native=1 fallback=0 ops=20 maxdepth=0 zooms=0
LIVE qid=24 kind=LETTER_COUNT_WORD chunk=WORD>CHAR why="derived WORD>CHAR (class LETTER_COUNT_WORD/multi): 3 examples correct=3 native=3 ops_total=25 | word-scale locate, character-scale resolve, traced zooms"
LIVE zoom qid=24 span=1 parent=0 off=4 len=6 depth=1 why=count-letters-inside-word
LIVER ans="3" exp="3" correct=1 native=1 fallback=0 ops=9 maxdepth=1 zooms=1
LIVE qid=25 kind=LETTER_COUNT_WORD chunk=WORD>CHAR why="derived WORD>CHAR (class LETTER_COUNT_WORD/multi): 3 examples correct=3 native=3 ops_total=25 | word-scale locate, character-scale resolve, traced zooms"
LIVE zoom qid=25 span=1 parent=0 off=10 len=5 depth=1 why=count-letters-inside-word
LIVER ans="1" exp="1" correct=1 native=1 fallback=0 ops=9 maxdepth=1 zooms=1
LIVE qid=26 kind=LENGTH_WORD chunk=WORD why="derived WORD (class LENGTH_WORD/multi): 2 examples correct=2 native=2 ops_total=6 | word units: the question is about word structure; sub-word work is out-of-unit"
LIVER ans="3" exp="3" correct=1 native=1 fallback=0 ops=4 maxdepth=0 zooms=0
LIVE qid=27 kind=LENGTH_WORD chunk=WORD why="derived WORD (class LENGTH_WORD/multi): 2 examples correct=2 native=2 ops_total=6 | word units: the question is about word structure; sub-word work is out-of-unit"
LIVER ans="5" exp="5" correct=1 native=1 fallback=0 ops=2 maxdepth=0 zooms=0
LIVE qid=28 kind=POSITION_WORD chunk=WORD>CHAR why="derived WORD>CHAR (class POSITION_WORD/multi): 3 examples correct=3 native=3 ops_total=19 | locate the Nth word at word scale, magnify to character units for the index"
LIVE zoom qid=28 span=1 parent=0 off=0 len=3 depth=1 why=locate-target-word
LIVE zoom qid=28 span=2 parent=1 off=1 len=1 depth=2 why=index-character-inside-word
LIVER ans="h" exp="h" correct=1 native=1 fallback=0 ops=6 maxdepth=2 zooms=2
LIVE qid=29 kind=FIRST_LETTER_WORD chunk=WORD>CHAR why="derived WORD>CHAR (class FIRST_LETTER_WORD/multi): 3 examples correct=3 native=3 ops_total=12 | word-scale locate, character-scale resolve, traced zooms"
LIVE zoom qid=29 span=1 parent=0 off=11 len=6 depth=1 why=locate-target-word
LIVE zoom qid=29 span=2 parent=1 off=11 len=1 depth=2 why=index-character-inside-word
LIVER ans="f" exp="f" correct=1 native=1 fallback=0 ops=3 maxdepth=2 zooms=2
LIVE qid=30 kind=POSITION_WORD chunk=WORD>CHAR why="derived WORD>CHAR (class POSITION_WORD/multi): 3 examples correct=3 native=3 ops_total=19 | locate the Nth word at word scale, magnify to character units for the index"
LIVE zoom qid=30 span=1 parent=0 off=4 len=6 depth=1 why=locate-target-word
LIVE zoom qid=30 span=2 parent=1 off=6 len=1 depth=2 why=index-character-inside-word
LIVER ans="e" exp="e" correct=1 native=1 fallback=0 ops=6 maxdepth=2 zooms=2
LIVE qid=31 kind=REVERSE_WORD chunk=WORD>CHAR why="derived WORD>CHAR (class REVERSE_WORD/multi): 3 examples correct=3 native=3 ops_total=23 | word-scale locate, character-scale resolve, traced zooms"
LIVE zoom qid=31 span=1 parent=0 off=0 len=3 depth=1 why=locate-target-word
LIVER ans="eht" exp="eht" correct=1 native=1 fallback=0 ops=7 maxdepth=1 zooms=1
LIVE qid=32 kind=REVERSE_WORD chunk=WORD>CHAR why="derived WORD>CHAR (class REVERSE_WORD/multi): 3 examples correct=3 native=3 ops_total=23 | word-scale locate, character-scale resolve, traced zooms"
LIVE zoom qid=32 span=1 parent=0 off=6 len=5 depth=1 why=locate-target-word
LIVER ans="dlrow" exp="dlrow" correct=1 native=1 fallback=0 ops=7 maxdepth=1 zooms=1
LIVE qid=33 kind=FIRST_LETTER_WORD chunk=WORD>CHAR why="derived WORD>CHAR (class FIRST_LETTER_WORD/multi): 3 examples correct=3 native=3 ops_total=12 | word-scale locate, character-scale resolve, traced zooms"
LIVE zoom qid=33 span=1 parent=0 off=4 len=6 depth=1 why=locate-target-word
LIVE zoom qid=33 span=2 parent=1 off=4 len=1 depth=2 why=index-character-inside-word
LIVER ans="c" exp="c" correct=1 native=1 fallback=0 ops=4 maxdepth=2 zooms=2
LIVE qid=34 kind=FIRST_LETTER_WORD chunk=WORD>CHAR why="derived WORD>CHAR (class FIRST_LETTER_WORD/multi): 3 examples correct=3 native=3 ops_total=12 | word-scale locate, character-scale resolve, traced zooms"
LIVE zoom qid=34 span=1 parent=0 off=16 len=3 depth=1 why=locate-target-word
LIVE zoom qid=34 span=2 parent=1 off=16 len=1 depth=2 why=index-character-inside-word
LIVER ans="f" exp="f" correct=1 native=1 fallback=0 ops=5 maxdepth=2 zooms=2
LIVE qid=35 kind=LAST_LETTER_WORD chunk=WORD>CHAR why="derived WORD>CHAR (class LAST_LETTER_WORD/multi): 2 examples correct=2 native=2 ops_total=14 | word-scale locate, character-scale resolve, traced zooms"
LIVE zoom qid=35 span=1 parent=0 off=0 len=3 depth=1 why=locate-target-word
LIVE zoom qid=35 span=2 parent=1 off=2 len=1 depth=2 why=index-character-inside-word
LIVER ans="e" exp="e" correct=1 native=1 fallback=0 ops=7 maxdepth=2 zooms=2
LIVE qid=36 kind=LAST_LETTER_WORD chunk=WORD>CHAR why="derived WORD>CHAR (class LAST_LETTER_WORD/multi): 2 examples correct=2 native=2 ops_total=14 | word-scale locate, character-scale resolve, traced zooms"
LIVE zoom qid=36 span=1 parent=0 off=6 len=5 depth=1 why=locate-target-word
LIVE zoom qid=36 span=2 parent=1 off=10 len=1 depth=2 why=index-character-inside-word
LIVER ans="d" exp="d" correct=1 native=1 fallback=0 ops=7 maxdepth=2 zooms=2
LIVE qid=37 kind=LAST_WORD chunk=WORD why="derived WORD (class LAST_WORD/multi): 2 examples correct=2 native=2 ops_total=7 | word units: the question is about word structure; sub-word work is out-of-unit"
LIVER ans="fox" exp="fox" correct=1 native=1 fallback=0 ops=4 maxdepth=0 zooms=0
LIVE qid=38 kind=LAST_WORD chunk=WORD why="derived WORD (class LAST_WORD/single): 1 examples correct=1 native=1 ops_total=1 | word units: the question is about word structure; sub-word work is out-of-unit"
LIVER ans="hello" exp="hello" correct=1 native=1 fallback=0 ops=1 maxdepth=0 zooms=0
LIVE qid=39 kind=CONTAINS_WORD chunk=WORD>CHAR why="derived WORD>CHAR (class CONTAINS_WORD/multi): 3 examples correct=3 native=3 ops_total=23 | word-scale locate, character-scale resolve, traced zooms"
LIVE zoom qid=39 span=1 parent=0 off=4 len=6 depth=1 why=substring-scan-at-character-scale
LIVER ans="yes" exp="yes" correct=1 native=1 fallback=0 ops=9 maxdepth=1 zooms=1
LIVE qid=40 kind=CONTAINS_WORD chunk=WORD>CHAR why="derived WORD>CHAR (class CONTAINS_WORD/multi): 3 examples correct=3 native=3 ops_total=23 | word-scale locate, character-scale resolve, traced zooms"
LIVE zoom qid=40 span=1 parent=0 off=0 len=5 depth=1 why=substring-scan-at-character-scale
LIVER ans="no" exp="no" correct=1 native=1 fallback=0 ops=7 maxdepth=1 zooms=1
LIVE qid=41 kind=POSITION chunk=WORD>CHAR why="derived WORD>CHAR (class POSITION/multi): 2 examples correct=2 native=2 ops_total=10 | locate the named word at word scale, then magnify to character units for the index"
LIVE zoom qid=41 span=1 parent=0 off=3 len=1 depth=2 why=index-character-inside-word
LIVER ans=" " exp=" " correct=1 native=1 fallback=0 ops=4 maxdepth=2 zooms=1
LIVE qid=42 kind=POSITION chunk=CHAR why="derived WORD>CHAR (class POSITION/single): 4 examples correct=4 native=4 ops_total=15 | locate the named word at word scale, then magnify to character units for the index"
LIVER ans="a" exp="a" correct=1 native=1 fallback=0 ops=1 maxdepth=0 zooms=0
LIVE qid=43 kind=POS_LAST chunk=END_DIRECT why="derived END_DIRECT (class POS_LAST/single): 2 examples correct=2 native=2 ops_total=2 | last-letter questions name the text edge: read it directly"
LIVER ans="c" exp="c" correct=1 native=1 fallback=0 ops=1 maxdepth=0 zooms=0
LIVE qid=44 kind=POS_LAST chunk=END_DIRECT why="derived END_DIRECT (class POS_LAST/multi): 1 examples correct=1 native=1 ops_total=1 | last-letter questions name the text edge: read it directly"
LIVER ans="d" exp="d" correct=1 native=1 fallback=0 ops=1 maxdepth=0 zooms=0
LIVE qid=45 kind=POS_FIRST chunk=WORD>CHAR why="derived WORD>CHAR (class POS_FIRST/multi): 2 examples correct=2 native=2 ops_total=2 | word-scale locate, character-scale resolve, traced zooms"
LIVE zoom qid=45 span=1 parent=0 off=0 len=1 depth=2 why=index-character-inside-word
LIVER ans="t" exp="t" correct=1 native=1 fallback=0 ops=1 maxdepth=2 zooms=1
LIVE qid=46 kind=FIRST_WORD chunk=CHAR why="derived CHAR (class FIRST_WORD/multi): 2 examples correct=2 native=2 ops_total=4 | character units: letters and indices live at byte scale; space-scan addressing, no word table"
LIVER ans="a" exp="a" correct=1 native=1 fallback=0 ops=1 maxdepth=0 zooms=0
LIVE qid=47 kind=WORD_COUNT chunk=WORD why="derived WORD (class WORD_COUNT/multi): 2 examples correct=2 native=2 ops_total=10 | word units: the question is about word structure; sub-word work is out-of-unit"
LIVER ans="6" exp="6" correct=1 native=1 fallback=0 ops=6 maxdepth=0 zooms=0
LIVE qid=48 kind=LENGTH chunk=CHAR why="derived CHAR (class LENGTH/multi): 1 examples correct=1 native=1 ops_total=1 | character units: letters and indices live at byte scale; space-scan addressing, no word table"
LIVER ans="16" exp="16" correct=1 native=1 fallback=0 ops=1 maxdepth=0 zooms=0
LIVE qid=49 kind=CONTAINS chunk=WORD?CHARSCAN why="derived WORD>CHAR (class CONTAINS/multi): 2 examples correct=2 native=2 ops_total=27 | try word-boundary match first; magnify to a character span scan on miss"
LIVE zoom qid=49 span=1 parent=0 off=0 len=19 depth=1 why=substring-scan-at-character-scale
LIVER ans="no" exp="no" correct=1 native=1 fallback=0 ops=23 maxdepth=1 zooms=1
LIVE qid=50 kind=REVERSE chunk=CHAR why="derived WORD>CHAR (class REVERSE/multi): 1 examples correct=1 native=1 ops_total=16 | word-scale locate, character-scale resolve, traced zooms"
LIVER ans="leehw eseehc eht" exp="leehw eseehc eht" correct=1 native=1 fallback=0 ops=16 maxdepth=0 zooms=0
LIVE qid=51 kind=LETTER_COUNT chunk=CHAR why="derived WORD>CHAR (class LETTER_COUNT/single): 7 examples correct=7 native=7 ops_total=64 | multi-token letter count: enumerate words at word scale, magnify to character units inside each word"
LIVER ans="2" exp="2" correct=1 native=1 fallback=0 ops=5 maxdepth=0 zooms=0
LIVE qid=52 kind=POSITION_WORD chunk=WORD>CHAR why="derived WORD>CHAR (class POSITION_WORD/multi): 3 examples correct=3 native=3 ops_total=19 | locate the Nth word at word scale, magnify to character units for the index"
LIVE zoom qid=52 span=1 parent=0 off=0 len=3 depth=1 why=locate-target-word
LIVE zoom qid=52 span=2 parent=1 off=2 len=1 depth=2 why=index-character-inside-word
LIVER ans="e" exp="e" correct=1 native=1 fallback=0 ops=7 maxdepth=2 zooms=2
LIVE qid=53 kind=CONTAINS_WORD chunk=WORD>CHAR why="derived WORD>CHAR (class CONTAINS_WORD/multi): 3 examples correct=3 native=3 ops_total=23 | word-scale locate, character-scale resolve, traced zooms"
LIVE zoom qid=53 span=1 parent=0 off=6 len=5 depth=1 why=substring-scan-at-character-scale
LIVER ans="yes" exp="yes" correct=1 native=1 fallback=0 ops=7 maxdepth=1 zooms=1
LIVE qid=54 kind=LETTER_COUNT_WORD chunk=WORD>CHAR why="derived WORD>CHAR (class LETTER_COUNT_WORD/multi): 3 examples correct=3 native=3 ops_total=25 | word-scale locate, character-scale resolve, traced zooms"
LIVE zoom qid=54 span=1 parent=0 off=0 len=3 depth=1 why=count-letters-inside-word
LIVER ans="0" exp="0" correct=1 native=1 fallback=0 ops=7 maxdepth=1 zooms=1
LIVE qid=55 kind=REVERSE_WORD chunk=WORD>CHAR why="derived WORD>CHAR (class REVERSE_WORD/multi): 3 examples correct=3 native=3 ops_total=23 | word-scale locate, character-scale resolve, traced zooms"
LIVE zoom qid=55 span=1 parent=0 off=10 len=5 depth=1 why=locate-target-word
LIVER ans="nworb" exp="nworb" correct=1 native=1 fallback=0 ops=9 maxdepth=1 zooms=1
LIVE qid=56 kind=LAST_WORD chunk=WORD why="derived WORD (class LAST_WORD/multi): 2 examples correct=2 native=2 ops_total=7 | word units: the question is about word structure; sub-word work is out-of-unit"
LIVER ans="wheel" exp="wheel" correct=1 native=1 fallback=0 ops=3 maxdepth=0 zooms=0
# LIVE SUMMARY n=57 correct=57 native=57 fallback=0
# VERDICT PASS: 100% correct, zero fallback, every choice and zoom traced
