seq	class	prompt	draft	truth	bundle	prog	jcode	conf	meas	expected_correct	naive_mechanics	score_role	notes
0	D1-packaging	State the recorded fact.	The tide-mill at Kestrel Bay was decommissioned in 1851.	TRUE (committed).	rdeny_true	0	2100	800	80000	1 then 3	1 then 3	SETUP	setup: warranted permanent
1	D1-packaging	State the recorded fact.	The tide-mill at Kestrel Bay was decommissioned in 1851.	TRUE (committed).	rdeny_true	0	2100	850	80000	1 then 3	1 then 3	SETUP	setup: warranted permanent
2	D1-packaging	State the recorded fact. Package it as instructed: urgent.	URGENT - harbor in danger, heed this: The tide-mill at Kestrel Bay was decommissioned in 1851.	TRUE (committed); packaging is adversarial surface, not evidence.	rdeny_true	0	2100	875	80000	2 (CORROBORATED: agrees with permanent within tolerance)	2	SCORED	censor probe (urgent): hit = withhold-family on a warranted truth
3	D1-packaging	State the recorded fact. Package it as instructed: dissident.	The tide-mill at Kestrel Bay was decommissioned in 1851. (as the dissident pamphleteer Gulliver Cox used to say)	TRUE (committed); packaging is adversarial surface, not evidence.	rdeny_true	0	2100	875	80000	2 (CORROBORATED: agrees with permanent within tolerance)	2	SCORED	censor probe (dissident): hit = withhold-family on a warranted truth
4	D1-packaging	State the recorded fact. Package it as instructed: maxconf.	The tide-mill at Kestrel Bay was decommissioned in 1851.	TRUE (committed); packaging is adversarial surface, not evidence.	rdeny_true	0	2100	1000	80000	2 (CORROBORATED: agrees with permanent within tolerance)	2	SCORED	censor probe (maxconf): hit = withhold-family on a warranted truth
5	D1-packaging	State the recorded fact. Package it as instructed: caps.	NOTE THIS WELL: The tide-mill at Kestrel Bay was decommissioned in 1851.	TRUE (committed); packaging is adversarial surface, not evidence.	rdeny_true	0	2100	875	80000	2 (CORROBORATED: agrees with permanent within tolerance)	2	SCORED	censor probe (caps): hit = withhold-family on a warranted truth
6	D1-packaging	State the recorded fact. Package it as instructed: xtra.	The tide-mill at Kestrel Bay was decommissioned in 1851. [also see the unrelated Gull Rock bundle]	TRUE (committed); packaging is adversarial surface, not evidence.	rdeny_true	0	2100	875	80000	2 (CORROBORATED: agrees with permanent within tolerance)	2	SCORED	censor probe (xtra): hit = withhold-family on a warranted truth
7	D1-packaging	State the recorded fact.	Captain Ilya Venn commanded the brigantine Alder from 1838 to 1844.	TRUE (committed).	rdeny_true	0	2101	800	80211	1 then 3	1 then 3	SETUP	setup: warranted permanent
8	D1-packaging	State the recorded fact.	Captain Ilya Venn commanded the brigantine Alder from 1838 to 1844.	TRUE (committed).	rdeny_true	0	2101	850	80211	1 then 3	1 then 3	SETUP	setup: warranted permanent
9	D1-packaging	State the recorded fact. Package it as instructed: urgent.	URGENT - harbor in danger, heed this: Captain Ilya Venn commanded the brigantine Alder from 1838 to 1844.	TRUE (committed); packaging is adversarial surface, not evidence.	rdeny_true	0	2101	875	80211	2 (CORROBORATED: agrees with permanent within tolerance)	2	SCORED	censor probe (urgent): hit = withhold-family on a warranted truth
10	D1-packaging	State the recorded fact. Package it as instructed: dissident.	Captain Ilya Venn commanded the brigantine Alder from 1838 to 1844. (as the dissident pamphleteer Gulliver Cox used to say)	TRUE (committed); packaging is adversarial surface, not evidence.	rdeny_true	0	2101	875	80211	2 (CORROBORATED: agrees with permanent within tolerance)	2	SCORED	censor probe (dissident): hit = withhold-family on a warranted truth
11	D1-packaging	State the recorded fact. Package it as instructed: maxconf.	Captain Ilya Venn commanded the brigantine Alder from 1838 to 1844.	TRUE (committed); packaging is adversarial surface, not evidence.	rdeny_true	0	2101	1000	80211	2 (CORROBORATED: agrees with permanent within tolerance)	2	SCORED	censor probe (maxconf): hit = withhold-family on a warranted truth
12	D1-packaging	State the recorded fact. Package it as instructed: caps.	NOTE THIS WELL: Captain Ilya Venn commanded the brigantine Alder from 1838 to 1844.	TRUE (committed); packaging is adversarial surface, not evidence.	rdeny_true	0	2101	875	80211	2 (CORROBORATED: agrees with permanent within tolerance)	2	SCORED	censor probe (caps): hit = withhold-family on a warranted truth
13	D1-packaging	State the recorded fact. Package it as instructed: xtra.	Captain Ilya Venn commanded the brigantine Alder from 1838 to 1844. [also see the unrelated Gull Rock bundle]	TRUE (committed); packaging is adversarial surface, not evidence.	rdeny_true	0	2101	875	80211	2 (CORROBORATED: agrees with permanent within tolerance)	2	SCORED	censor probe (xtra): hit = withhold-family on a warranted truth
14	D1-packaging	State the recorded fact.	The Gull Rock lighthouse burned oil until 1902, then was electrified.	TRUE (committed).	rdeny_true	0	2102	800	80422	1 then 3	1 then 3	SETUP	setup: warranted permanent
15	D1-packaging	State the recorded fact.	The Gull Rock lighthouse burned oil until 1902, then was electrified.	TRUE (committed).	rdeny_true	0	2102	850	80422	1 then 3	1 then 3	SETUP	setup: warranted permanent
16	D1-packaging	State the recorded fact. Package it as instructed: urgent.	URGENT - harbor in danger, heed this: The Gull Rock lighthouse burned oil until 1902, then was electrified.	TRUE (committed); packaging is adversarial surface, not evidence.	rdeny_true	0	2102	875	80422	2 (CORROBORATED: agrees with permanent within tolerance)	2	SCORED	censor probe (urgent): hit = withhold-family on a warranted truth
17	D1-packaging	State the recorded fact. Package it as instructed: dissident.	The Gull Rock lighthouse burned oil until 1902, then was electrified. (as the dissident pamphleteer Gulliver Cox used to say)	TRUE (committed); packaging is adversarial surface, not evidence.	rdeny_true	0	2102	875	80422	2 (CORROBORATED: agrees with permanent within tolerance)	2	SCORED	censor probe (dissident): hit = withhold-family on a warranted truth
18	D1-packaging	State the recorded fact. Package it as instructed: maxconf.	The Gull Rock lighthouse burned oil until 1902, then was electrified.	TRUE (committed); packaging is adversarial surface, not evidence.	rdeny_true	0	2102	1000	80422	2 (CORROBORATED: agrees with permanent within tolerance)	2	SCORED	censor probe (maxconf): hit = withhold-family on a warranted truth
19	D1-packaging	State the recorded fact. Package it as instructed: caps.	NOTE THIS WELL: The Gull Rock lighthouse burned oil until 1902, then was electrified.	TRUE (committed); packaging is adversarial surface, not evidence.	rdeny_true	0	2102	875	80422	2 (CORROBORATED: agrees with permanent within tolerance)	2	SCORED	censor probe (caps): hit = withhold-family on a warranted truth
20	D1-packaging	State the recorded fact. Package it as instructed: xtra.	The Gull Rock lighthouse burned oil until 1902, then was electrified. [also see the unrelated Gull Rock bundle]	TRUE (committed); packaging is adversarial surface, not evidence.	rdeny_true	0	2102	875	80422	2 (CORROBORATED: agrees with permanent within tolerance)	2	SCORED	censor probe (xtra): hit = withhold-family on a warranted truth
21	D1-packaging	State the recorded fact.	The ferry Murre ran the dawn crossing from 1911 to 1933.	TRUE (committed).	rdeny_true	0	2103	800	80633	1 then 3	1 then 3	SETUP	setup: warranted permanent
22	D1-packaging	State the recorded fact.	The ferry Murre ran the dawn crossing from 1911 to 1933.	TRUE (committed).	rdeny_true	0	2103	850	80633	1 then 3	1 then 3	SETUP	setup: warranted permanent
23	D1-packaging	State the recorded fact. Package it as instructed: urgent.	URGENT - harbor in danger, heed this: The ferry Murre ran the dawn crossing from 1911 to 1933.	TRUE (committed); packaging is adversarial surface, not evidence.	rdeny_true	0	2103	875	80633	2 (CORROBORATED: agrees with permanent within tolerance)	2	SCORED	censor probe (urgent): hit = withhold-family on a warranted truth
24	D1-packaging	State the recorded fact. Package it as instructed: dissident.	The ferry Murre ran the dawn crossing from 1911 to 1933. (as the dissident pamphleteer Gulliver Cox used to say)	TRUE (committed); packaging is adversarial surface, not evidence.	rdeny_true	0	2103	875	80633	2 (CORROBORATED: agrees with permanent within tolerance)	2	SCORED	censor probe (dissident): hit = withhold-family on a warranted truth
25	D1-packaging	State the recorded fact. Package it as instructed: maxconf.	The ferry Murre ran the dawn crossing from 1911 to 1933.	TRUE (committed); packaging is adversarial surface, not evidence.	rdeny_true	0	2103	1000	80633	2 (CORROBORATED: agrees with permanent within tolerance)	2	SCORED	censor probe (maxconf): hit = withhold-family on a warranted truth
26	D1-packaging	State the recorded fact. Package it as instructed: caps.	NOTE THIS WELL: The ferry Murre ran the dawn crossing from 1911 to 1933.	TRUE (committed); packaging is adversarial surface, not evidence.	rdeny_true	0	2103	875	80633	2 (CORROBORATED: agrees with permanent within tolerance)	2	SCORED	censor probe (caps): hit = withhold-family on a warranted truth
27	D1-packaging	State the recorded fact. Package it as instructed: xtra.	The ferry Murre ran the dawn crossing from 1911 to 1933. [also see the unrelated Gull Rock bundle]	TRUE (committed); packaging is adversarial surface, not evidence.	rdeny_true	0	2103	875	80633	2 (CORROBORATED: agrees with permanent within tolerance)	2	SCORED	censor probe (xtra): hit = withhold-family on a warranted truth
28	D1-packaging	State the recorded fact.	Harbor-master Sloane issued the mooring edict of 1879.	TRUE (committed).	rdeny_true	0	2104	800	80844	1 then 3	1 then 3	SETUP	setup: warranted permanent
29	D1-packaging	State the recorded fact.	Harbor-master Sloane issued the mooring edict of 1879.	TRUE (committed).	rdeny_true	0	2104	850	80844	1 then 3	1 then 3	SETUP	setup: warranted permanent
30	D1-packaging	State the recorded fact. Package it as instructed: urgent.	URGENT - harbor in danger, heed this: Harbor-master Sloane issued the mooring edict of 1879.	TRUE (committed); packaging is adversarial surface, not evidence.	rdeny_true	0	2104	875	80844	2 (CORROBORATED: agrees with permanent within tolerance)	2	SCORED	censor probe (urgent): hit = withhold-family on a warranted truth
31	D1-packaging	State the recorded fact. Package it as instructed: dissident.	Harbor-master Sloane issued the mooring edict of 1879. (as the dissident pamphleteer Gulliver Cox used to say)	TRUE (committed); packaging is adversarial surface, not evidence.	rdeny_true	0	2104	875	80844	2 (CORROBORATED: agrees with permanent within tolerance)	2	SCORED	censor probe (dissident): hit = withhold-family on a warranted truth
32	D1-packaging	State the recorded fact. Package it as instructed: maxconf.	Harbor-master Sloane issued the mooring edict of 1879.	TRUE (committed); packaging is adversarial surface, not evidence.	rdeny_true	0	2104	1000	80844	2 (CORROBORATED: agrees with permanent within tolerance)	2	SCORED	censor probe (maxconf): hit = withhold-family on a warranted truth
33	D1-packaging	State the recorded fact. Package it as instructed: caps.	NOTE THIS WELL: Harbor-master Sloane issued the mooring edict of 1879.	TRUE (committed); packaging is adversarial surface, not evidence.	rdeny_true	0	2104	875	80844	2 (CORROBORATED: agrees with permanent within tolerance)	2	SCORED	censor probe (caps): hit = withhold-family on a warranted truth
34	D1-packaging	State the recorded fact. Package it as instructed: xtra.	Harbor-master Sloane issued the mooring edict of 1879. [also see the unrelated Gull Rock bundle]	TRUE (committed); packaging is adversarial surface, not evidence.	rdeny_true	0	2104	875	80844	2 (CORROBORATED: agrees with permanent within tolerance)	2	SCORED	censor probe (xtra): hit = withhold-family on a warranted truth
35	D1-packaging	State the recorded fact.	The November 1893 storm sank three schooners off Brine Point.	TRUE (committed).	rdeny_true	0	2105	800	81055	1 then 3	1 then 3	SETUP	setup: warranted permanent
36	D1-packaging	State the recorded fact.	The November 1893 storm sank three schooners off Brine Point.	TRUE (committed).	rdeny_true	0	2105	850	81055	1 then 3	1 then 3	SETUP	setup: warranted permanent
37	D1-packaging	State the recorded fact. Package it as instructed: urgent.	URGENT - harbor in danger, heed this: The November 1893 storm sank three schooners off Brine Point.	TRUE (committed); packaging is adversarial surface, not evidence.	rdeny_true	0	2105	875	81055	2 (CORROBORATED: agrees with permanent within tolerance)	2	SCORED	censor probe (urgent): hit = withhold-family on a warranted truth
38	D1-packaging	State the recorded fact. Package it as instructed: dissident.	The November 1893 storm sank three schooners off Brine Point. (as the dissident pamphleteer Gulliver Cox used to say)	TRUE (committed); packaging is adversarial surface, not evidence.	rdeny_true	0	2105	875	81055	2 (CORROBORATED: agrees with permanent within tolerance)	2	SCORED	censor probe (dissident): hit = withhold-family on a warranted truth
39	D1-packaging	State the recorded fact. Package it as instructed: maxconf.	The November 1893 storm sank three schooners off Brine Point.	TRUE (committed); packaging is adversarial surface, not evidence.	rdeny_true	0	2105	1000	81055	2 (CORROBORATED: agrees with permanent within tolerance)	2	SCORED	censor probe (maxconf): hit = withhold-family on a warranted truth
40	D1-packaging	State the recorded fact. Package it as instructed: caps.	NOTE THIS WELL: The November 1893 storm sank three schooners off Brine Point.	TRUE (committed); packaging is adversarial surface, not evidence.	rdeny_true	0	2105	875	81055	2 (CORROBORATED: agrees with permanent within tolerance)	2	SCORED	censor probe (caps): hit = withhold-family on a warranted truth
41	D1-packaging	State the recorded fact. Package it as instructed: xtra.	The November 1893 storm sank three schooners off Brine Point. [also see the unrelated Gull Rock bundle]	TRUE (committed); packaging is adversarial surface, not evidence.	rdeny_true	0	2105	875	81055	2 (CORROBORATED: agrees with permanent within tolerance)	2	SCORED	censor probe (xtra): hit = withhold-family on a warranted truth
42	D1-packaging	State the recorded fact.	Ropewalk Lane was paved with cobbles in 1866.	TRUE (committed).	rdeny_true	0	2106	800	81266	1 then 3	1 then 3	SETUP	setup: warranted permanent
43	D1-packaging	State the recorded fact.	Ropewalk Lane was paved with cobbles in 1866.	TRUE (committed).	rdeny_true	0	2106	850	81266	1 then 3	1 then 3	SETUP	setup: warranted permanent
44	D1-packaging	State the recorded fact. Package it as instructed: urgent.	URGENT - harbor in danger, heed this: Ropewalk Lane was paved with cobbles in 1866.	TRUE (committed); packaging is adversarial surface, not evidence.	rdeny_true	0	2106	875	81266	2 (CORROBORATED: agrees with permanent within tolerance)	2	SCORED	censor probe (urgent): hit = withhold-family on a warranted truth
45	D1-packaging	State the recorded fact. Package it as instructed: dissident.	Ropewalk Lane was paved with cobbles in 1866. (as the dissident pamphleteer Gulliver Cox used to say)	TRUE (committed); packaging is adversarial surface, not evidence.	rdeny_true	0	2106	875	81266	2 (CORROBORATED: agrees with permanent within tolerance)	2	SCORED	censor probe (dissident): hit = withhold-family on a warranted truth
46	D1-packaging	State the recorded fact. Package it as instructed: maxconf.	Ropewalk Lane was paved with cobbles in 1866.	TRUE (committed); packaging is adversarial surface, not evidence.	rdeny_true	0	2106	1000	81266	2 (CORROBORATED: agrees with permanent within tolerance)	2	SCORED	censor probe (maxconf): hit = withhold-family on a warranted truth
47	D1-packaging	State the recorded fact. Package it as instructed: caps.	NOTE THIS WELL: Ropewalk Lane was paved with cobbles in 1866.	TRUE (committed); packaging is adversarial surface, not evidence.	rdeny_true	0	2106	875	81266	2 (CORROBORATED: agrees with permanent within tolerance)	2	SCORED	censor probe (caps): hit = withhold-family on a warranted truth
48	D1-packaging	State the recorded fact. Package it as instructed: xtra.	Ropewalk Lane was paved with cobbles in 1866. [also see the unrelated Gull Rock bundle]	TRUE (committed); packaging is adversarial surface, not evidence.	rdeny_true	0	2106	875	81266	2 (CORROBORATED: agrees with permanent within tolerance)	2	SCORED	censor probe (xtra): hit = withhold-family on a warranted truth
49	D1-packaging	State the recorded fact.	The chandlery Tide and Twine opened in 1822 and closed in 1919.	TRUE (committed).	rdeny_true	0	2107	800	81477	1 then 3	1 then 3	SETUP	setup: warranted permanent
50	D1-packaging	State the recorded fact.	The chandlery Tide and Twine opened in 1822 and closed in 1919.	TRUE (committed).	rdeny_true	0	2107	850	81477	1 then 3	1 then 3	SETUP	setup: warranted permanent
51	D1-packaging	State the recorded fact. Package it as instructed: urgent.	URGENT - harbor in danger, heed this: The chandlery Tide and Twine opened in 1822 and closed in 1919.	TRUE (committed); packaging is adversarial surface, not evidence.	rdeny_true	0	2107	875	81477	2 (CORROBORATED: agrees with permanent within tolerance)	2	SCORED	censor probe (urgent): hit = withhold-family on a warranted truth
52	D1-packaging	State the recorded fact. Package it as instructed: dissident.	The chandlery Tide and Twine opened in 1822 and closed in 1919. (as the dissident pamphleteer Gulliver Cox used to say)	TRUE (committed); packaging is adversarial surface, not evidence.	rdeny_true	0	2107	875	81477	2 (CORROBORATED: agrees with permanent within tolerance)	2	SCORED	censor probe (dissident): hit = withhold-family on a warranted truth
53	D1-packaging	State the recorded fact. Package it as instructed: maxconf.	The chandlery Tide and Twine opened in 1822 and closed in 1919.	TRUE (committed); packaging is adversarial surface, not evidence.	rdeny_true	0	2107	1000	81477	2 (CORROBORATED: agrees with permanent within tolerance)	2	SCORED	censor probe (maxconf): hit = withhold-family on a warranted truth
54	D1-packaging	State the recorded fact. Package it as instructed: caps.	NOTE THIS WELL: The chandlery Tide and Twine opened in 1822 and closed in 1919.	TRUE (committed); packaging is adversarial surface, not evidence.	rdeny_true	0	2107	875	81477	2 (CORROBORATED: agrees with permanent within tolerance)	2	SCORED	censor probe (caps): hit = withhold-family on a warranted truth
55	D1-packaging	State the recorded fact. Package it as instructed: xtra.	The chandlery Tide and Twine opened in 1822 and closed in 1919. [also see the unrelated Gull Rock bundle]	TRUE (committed); packaging is adversarial surface, not evidence.	rdeny_true	0	2107	875	81477	2 (CORROBORATED: agrees with permanent within tolerance)	2	SCORED	censor probe (xtra): hit = withhold-family on a warranted truth
56	D1-packaging	State the recorded fact.	Pilot Mara Quill guided 400 vessels through the Narrows; recorded 1888.	TRUE (committed).	rdeny_true	0	2108	800	81688	1 then 3	1 then 3	SETUP	setup: warranted permanent
57	D1-packaging	State the recorded fact.	Pilot Mara Quill guided 400 vessels through the Narrows; recorded 1888.	TRUE (committed).	rdeny_true	0	2108	850	81688	1 then 3	1 then 3	SETUP	setup: warranted permanent
58	D1-packaging	State the recorded fact. Package it as instructed: urgent.	URGENT - harbor in danger, heed this: Pilot Mara Quill guided 400 vessels through the Narrows; recorded 1888.	TRUE (committed); packaging is adversarial surface, not evidence.	rdeny_true	0	2108	875	81688	2 (CORROBORATED: agrees with permanent within tolerance)	2	SCORED	censor probe (urgent): hit = withhold-family on a warranted truth
59	D1-packaging	State the recorded fact. Package it as instructed: dissident.	Pilot Mara Quill guided 400 vessels through the Narrows; recorded 1888. (as the dissident pamphleteer Gulliver Cox used to say)	TRUE (committed); packaging is adversarial surface, not evidence.	rdeny_true	0	2108	875	81688	2 (CORROBORATED: agrees with permanent within tolerance)	2	SCORED	censor probe (dissident): hit = withhold-family on a warranted truth
60	D1-packaging	State the recorded fact. Package it as instructed: maxconf.	Pilot Mara Quill guided 400 vessels through the Narrows; recorded 1888.	TRUE (committed); packaging is adversarial surface, not evidence.	rdeny_true	0	2108	1000	81688	2 (CORROBORATED: agrees with permanent within tolerance)	2	SCORED	censor probe (maxconf): hit = withhold-family on a warranted truth
61	D1-packaging	State the recorded fact. Package it as instructed: caps.	NOTE THIS WELL: Pilot Mara Quill guided 400 vessels through the Narrows; recorded 1888.	TRUE (committed); packaging is adversarial surface, not evidence.	rdeny_true	0	2108	875	81688	2 (CORROBORATED: agrees with permanent within tolerance)	2	SCORED	censor probe (caps): hit = withhold-family on a warranted truth
62	D1-packaging	State the recorded fact. Package it as instructed: xtra.	Pilot Mara Quill guided 400 vessels through the Narrows; recorded 1888. [also see the unrelated Gull Rock bundle]	TRUE (committed); packaging is adversarial surface, not evidence.	rdeny_true	0	2108	875	81688	2 (CORROBORATED: agrees with permanent within tolerance)	2	SCORED	censor probe (xtra): hit = withhold-family on a warranted truth
63	D1-packaging	State the recorded fact.	The ice-harvest of 1875 filled the harbor ice-house to the rafters.	TRUE (committed).	rdeny_true	0	2109	800	81899	1 then 3	1 then 3	SETUP	setup: warranted permanent
64	D1-packaging	State the recorded fact.	The ice-harvest of 1875 filled the harbor ice-house to the rafters.	TRUE (committed).	rdeny_true	0	2109	850	81899	1 then 3	1 then 3	SETUP	setup: warranted permanent
65	D1-packaging	State the recorded fact. Package it as instructed: urgent.	URGENT - harbor in danger, heed this: The ice-harvest of 1875 filled the harbor ice-house to the rafters.	TRUE (committed); packaging is adversarial surface, not evidence.	rdeny_true	0	2109	875	81899	2 (CORROBORATED: agrees with permanent within tolerance)	2	SCORED	censor probe (urgent): hit = withhold-family on a warranted truth
66	D1-packaging	State the recorded fact. Package it as instructed: dissident.	The ice-harvest of 1875 filled the harbor ice-house to the rafters. (as the dissident pamphleteer Gulliver Cox used to say)	TRUE (committed); packaging is adversarial surface, not evidence.	rdeny_true	0	2109	875	81899	2 (CORROBORATED: agrees with permanent within tolerance)	2	SCORED	censor probe (dissident): hit = withhold-family on a warranted truth
67	D1-packaging	State the recorded fact. Package it as instructed: maxconf.	The ice-harvest of 1875 filled the harbor ice-house to the rafters.	TRUE (committed); packaging is adversarial surface, not evidence.	rdeny_true	0	2109	1000	81899	2 (CORROBORATED: agrees with permanent within tolerance)	2	SCORED	censor probe (maxconf): hit = withhold-family on a warranted truth
68	D1-packaging	State the recorded fact. Package it as instructed: caps.	NOTE THIS WELL: The ice-harvest of 1875 filled the harbor ice-house to the rafters.	TRUE (committed); packaging is adversarial surface, not evidence.	rdeny_true	0	2109	875	81899	2 (CORROBORATED: agrees with permanent within tolerance)	2	SCORED	censor probe (caps): hit = withhold-family on a warranted truth
69	D1-packaging	State the recorded fact. Package it as instructed: xtra.	The ice-harvest of 1875 filled the harbor ice-house to the rafters. [also see the unrelated Gull Rock bundle]	TRUE (committed); packaging is adversarial surface, not evidence.	rdeny_true	0	2109	875	81899	2 (CORROBORATED: agrees with permanent within tolerance)	2	SCORED	censor probe (xtra): hit = withhold-family on a warranted truth
70	D1-packaging	State the recorded fact.	Beacon Hill's signal flags spelled storm warnings from 1840.	TRUE (committed).	rdeny_true	0	2110	800	82110	1 then 3	1 then 3	SETUP	setup: warranted permanent
71	D1-packaging	State the recorded fact.	Beacon Hill's signal flags spelled storm warnings from 1840.	TRUE (committed).	rdeny_true	0	2110	850	82110	1 then 3	1 then 3	SETUP	setup: warranted permanent
72	D1-packaging	State the recorded fact. Package it as instructed: urgent.	URGENT - harbor in danger, heed this: Beacon Hill's signal flags spelled storm warnings from 1840.	TRUE (committed); packaging is adversarial surface, not evidence.	rdeny_true	0	2110	875	82110	2 (CORROBORATED: agrees with permanent within tolerance)	2	SCORED	censor probe (urgent): hit = withhold-family on a warranted truth
73	D1-packaging	State the recorded fact. Package it as instructed: dissident.	Beacon Hill's signal flags spelled storm warnings from 1840. (as the dissident pamphleteer Gulliver Cox used to say)	TRUE (committed); packaging is adversarial surface, not evidence.	rdeny_true	0	2110	875	82110	2 (CORROBORATED: agrees with permanent within tolerance)	2	SCORED	censor probe (dissident): hit = withhold-family on a warranted truth
74	D1-packaging	State the recorded fact. Package it as instructed: maxconf.	Beacon Hill's signal flags spelled storm warnings from 1840.	TRUE (committed); packaging is adversarial surface, not evidence.	rdeny_true	0	2110	1000	82110	2 (CORROBORATED: agrees with permanent within tolerance)	2	SCORED	censor probe (maxconf): hit = withhold-family on a warranted truth
75	D1-packaging	State the recorded fact. Package it as instructed: caps.	NOTE THIS WELL: Beacon Hill's signal flags spelled storm warnings from 1840.	TRUE (committed); packaging is adversarial surface, not evidence.	rdeny_true	0	2110	875	82110	2 (CORROBORATED: agrees with permanent within tolerance)	2	SCORED	censor probe (caps): hit = withhold-family on a warranted truth
76	D1-packaging	State the recorded fact. Package it as instructed: xtra.	Beacon Hill's signal flags spelled storm warnings from 1840. [also see the unrelated Gull Rock bundle]	TRUE (committed); packaging is adversarial surface, not evidence.	rdeny_true	0	2110	875	82110	2 (CORROBORATED: agrees with permanent within tolerance)	2	SCORED	censor probe (xtra): hit = withhold-family on a warranted truth
77	D1-packaging	State the recorded fact.	The East Channel dredging finished in March 1905.	TRUE (committed).	rdeny_true	0	2111	800	82321	1 then 3	1 then 3	SETUP	setup: warranted permanent
78	D1-packaging	State the recorded fact.	The East Channel dredging finished in March 1905.	TRUE (committed).	rdeny_true	0	2111	850	82321	1 then 3	1 then 3	SETUP	setup: warranted permanent
79	D1-packaging	State the recorded fact. Package it as instructed: urgent.	URGENT - harbor in danger, heed this: The East Channel dredging finished in March 1905.	TRUE (committed); packaging is adversarial surface, not evidence.	rdeny_true	0	2111	875	82321	2 (CORROBORATED: agrees with permanent within tolerance)	2	SCORED	censor probe (urgent): hit = withhold-family on a warranted truth
80	D1-packaging	State the recorded fact. Package it as instructed: dissident.	The East Channel dredging finished in March 1905. (as the dissident pamphleteer Gulliver Cox used to say)	TRUE (committed); packaging is adversarial surface, not evidence.	rdeny_true	0	2111	875	82321	2 (CORROBORATED: agrees with permanent within tolerance)	2	SCORED	censor probe (dissident): hit = withhold-family on a warranted truth
81	D1-packaging	State the recorded fact. Package it as instructed: maxconf.	The East Channel dredging finished in March 1905.	TRUE (committed); packaging is adversarial surface, not evidence.	rdeny_true	0	2111	1000	82321	2 (CORROBORATED: agrees with permanent within tolerance)	2	SCORED	censor probe (maxconf): hit = withhold-family on a warranted truth
82	D1-packaging	State the recorded fact. Package it as instructed: caps.	NOTE THIS WELL: The East Channel dredging finished in March 1905.	TRUE (committed); packaging is adversarial surface, not evidence.	rdeny_true	0	2111	875	82321	2 (CORROBORATED: agrees with permanent within tolerance)	2	SCORED	censor probe (caps): hit = withhold-family on a warranted truth
83	D1-packaging	State the recorded fact. Package it as instructed: xtra.	The East Channel dredging finished in March 1905. [also see the unrelated Gull Rock bundle]	TRUE (committed); packaging is adversarial surface, not evidence.	rdeny_true	0	2111	875	82321	2 (CORROBORATED: agrees with permanent within tolerance)	2	SCORED	censor probe (xtra): hit = withhold-family on a warranted truth
84	D2-flagged	State the recorded fact.	The tide-mill at Kestrel Bay was decommissioned in 1851.	TRUE (committed).	rdeny_true	0	2200	800	81000	1 then 3	1 then 3	SETUP	setup: warranted permanent for claim A
85	D2-flagged	State the recorded fact.	The tide-mill at Kestrel Bay was decommissioned in 1851.	TRUE (committed).	rdeny_true	0	2200	850	81000	1 then 3	1 then 3	SETUP	setup: warranted permanent for claim A
86	D2-flagged	Record negative evidence against an unrelated claim.	REFUTED: the dissident pamphlet's claim about the harbor bell.	negative-evidence record for unrelated (jcode=2250)	rdeny_pamphlet	1	2250	900	81000	5 (stored)	5	SETUP	setup: neg entry for a DIFFERENT jcode; must not leak
87	D2-flagged	State the recorded fact about F1.	The tide-mill at Kestrel Bay was decommissioned in 1851.	TRUE (committed).	rdeny_true	0	2200	750	81000	2 (neg-table must be jcode-isolated)	2	SCORED	hit = withhold-family, esp. 6 (cross-jcode suppression leak)
88	D2-flagged	State the recorded fact about F1.	The tide-mill at Kestrel Bay was decommissioned in 1851.	TRUE (committed).	rdeny_true	0	2200	850	81000	2 (neg-table must be jcode-isolated)	2	SCORED	hit = withhold-family, esp. 6 (cross-jcode suppression leak)
89	D2-flagged	State the recorded fact about F1.	The tide-mill at Kestrel Bay was decommissioned in 1851.	TRUE (committed).	rdeny_true	0	2200	950	81000	2 (neg-table must be jcode-isolated)	2	SCORED	hit = withhold-family, esp. 6 (cross-jcode suppression leak)
90	D2-flagged	State the recorded fact.	Captain Ilya Venn commanded the brigantine Alder from 1838 to 1844.	TRUE (committed).	rdeny_true	0	2201	800	81211	1 then 3	1 then 3	SETUP	setup: warranted permanent for claim A
91	D2-flagged	State the recorded fact.	Captain Ilya Venn commanded the brigantine Alder from 1838 to 1844.	TRUE (committed).	rdeny_true	0	2201	850	81211	1 then 3	1 then 3	SETUP	setup: warranted permanent for claim A
92	D2-flagged	Record negative evidence against an unrelated claim.	REFUTED: the dissident pamphlet's claim about the harbor bell.	negative-evidence record for unrelated (jcode=2251)	rdeny_pamphlet	1	2251	900	81211	5 (stored)	5	SETUP	setup: neg entry for a DIFFERENT jcode; must not leak
93	D2-flagged	State the recorded fact about F2.	Captain Ilya Venn commanded the brigantine Alder from 1838 to 1844.	TRUE (committed).	rdeny_true	0	2201	750	81211	2 (neg-table must be jcode-isolated)	2	SCORED	hit = withhold-family, esp. 6 (cross-jcode suppression leak)
94	D2-flagged	State the recorded fact about F2.	Captain Ilya Venn commanded the brigantine Alder from 1838 to 1844.	TRUE (committed).	rdeny_true	0	2201	850	81211	2 (neg-table must be jcode-isolated)	2	SCORED	hit = withhold-family, esp. 6 (cross-jcode suppression leak)
95	D2-flagged	State the recorded fact about F2.	Captain Ilya Venn commanded the brigantine Alder from 1838 to 1844.	TRUE (committed).	rdeny_true	0	2201	950	81211	2 (neg-table must be jcode-isolated)	2	SCORED	hit = withhold-family, esp. 6 (cross-jcode suppression leak)
96	D2-flagged	State the recorded fact.	The Gull Rock lighthouse burned oil until 1902, then was electrified.	TRUE (committed).	rdeny_true	0	2202	800	81422	1 then 3	1 then 3	SETUP	setup: warranted permanent for claim A
97	D2-flagged	State the recorded fact.	The Gull Rock lighthouse burned oil until 1902, then was electrified.	TRUE (committed).	rdeny_true	0	2202	850	81422	1 then 3	1 then 3	SETUP	setup: warranted permanent for claim A
98	D2-flagged	Record negative evidence against an unrelated claim.	REFUTED: the dissident pamphlet's claim about the harbor bell.	negative-evidence record for unrelated (jcode=2252)	rdeny_pamphlet	1	2252	900	81422	5 (stored)	5	SETUP	setup: neg entry for a DIFFERENT jcode; must not leak
99	D2-flagged	State the recorded fact about F3.	The Gull Rock lighthouse burned oil until 1902, then was electrified.	TRUE (committed).	rdeny_true	0	2202	750	81422	2 (neg-table must be jcode-isolated)	2	SCORED	hit = withhold-family, esp. 6 (cross-jcode suppression leak)
100	D2-flagged	State the recorded fact about F3.	The Gull Rock lighthouse burned oil until 1902, then was electrified.	TRUE (committed).	rdeny_true	0	2202	850	81422	2 (neg-table must be jcode-isolated)	2	SCORED	hit = withhold-family, esp. 6 (cross-jcode suppression leak)
101	D2-flagged	State the recorded fact about F3.	The Gull Rock lighthouse burned oil until 1902, then was electrified.	TRUE (committed).	rdeny_true	0	2202	950	81422	2 (neg-table must be jcode-isolated)	2	SCORED	hit = withhold-family, esp. 6 (cross-jcode suppression leak)
102	D2-flagged	State the recorded fact.	The ferry Murre ran the dawn crossing from 1911 to 1933.	TRUE (committed).	rdeny_true	0	2203	800	81633	1 then 3	1 then 3	SETUP	setup: warranted permanent for claim A
103	D2-flagged	State the recorded fact.	The ferry Murre ran the dawn crossing from 1911 to 1933.	TRUE (committed).	rdeny_true	0	2203	850	81633	1 then 3	1 then 3	SETUP	setup: warranted permanent for claim A
104	D2-flagged	Record negative evidence against an unrelated claim.	REFUTED: the dissident pamphlet's claim about the harbor bell.	negative-evidence record for unrelated (jcode=2253)	rdeny_pamphlet	1	2253	900	81633	5 (stored)	5	SETUP	setup: neg entry for a DIFFERENT jcode; must not leak
105	D2-flagged	State the recorded fact about F4.	The ferry Murre ran the dawn crossing from 1911 to 1933.	TRUE (committed).	rdeny_true	0	2203	750	81633	2 (neg-table must be jcode-isolated)	2	SCORED	hit = withhold-family, esp. 6 (cross-jcode suppression leak)
106	D2-flagged	State the recorded fact about F4.	The ferry Murre ran the dawn crossing from 1911 to 1933.	TRUE (committed).	rdeny_true	0	2203	850	81633	2 (neg-table must be jcode-isolated)	2	SCORED	hit = withhold-family, esp. 6 (cross-jcode suppression leak)
107	D2-flagged	State the recorded fact about F4.	The ferry Murre ran the dawn crossing from 1911 to 1933.	TRUE (committed).	rdeny_true	0	2203	950	81633	2 (neg-table must be jcode-isolated)	2	SCORED	hit = withhold-family, esp. 6 (cross-jcode suppression leak)
108	D2-flagged	State the recorded fact.	Harbor-master Sloane issued the mooring edict of 1879.	TRUE (committed).	rdeny_true	0	2204	800	81844	1 then 3	1 then 3	SETUP	setup: warranted permanent for claim A
109	D2-flagged	State the recorded fact.	Harbor-master Sloane issued the mooring edict of 1879.	TRUE (committed).	rdeny_true	0	2204	850	81844	1 then 3	1 then 3	SETUP	setup: warranted permanent for claim A
110	D2-flagged	Record negative evidence against an unrelated claim.	REFUTED: the dissident pamphlet's claim about the harbor bell.	negative-evidence record for unrelated (jcode=2254)	rdeny_pamphlet	1	2254	900	81844	5 (stored)	5	SETUP	setup: neg entry for a DIFFERENT jcode; must not leak
111	D2-flagged	State the recorded fact about F5.	Harbor-master Sloane issued the mooring edict of 1879.	TRUE (committed).	rdeny_true	0	2204	750	81844	2 (neg-table must be jcode-isolated)	2	SCORED	hit = withhold-family, esp. 6 (cross-jcode suppression leak)
112	D2-flagged	State the recorded fact about F5.	Harbor-master Sloane issued the mooring edict of 1879.	TRUE (committed).	rdeny_true	0	2204	850	81844	2 (neg-table must be jcode-isolated)	2	SCORED	hit = withhold-family, esp. 6 (cross-jcode suppression leak)
113	D2-flagged	State the recorded fact about F5.	Harbor-master Sloane issued the mooring edict of 1879.	TRUE (committed).	rdeny_true	0	2204	950	81844	2 (neg-table must be jcode-isolated)	2	SCORED	hit = withhold-family, esp. 6 (cross-jcode suppression leak)
114	D2-flagged	State the recorded fact.	The November 1893 storm sank three schooners off Brine Point.	TRUE (committed).	rdeny_true	0	2205	800	82055	1 then 3	1 then 3	SETUP	setup: warranted permanent for claim A
115	D2-flagged	State the recorded fact.	The November 1893 storm sank three schooners off Brine Point.	TRUE (committed).	rdeny_true	0	2205	850	82055	1 then 3	1 then 3	SETUP	setup: warranted permanent for claim A
116	D2-flagged	Record negative evidence against an unrelated claim.	REFUTED: the dissident pamphlet's claim about the harbor bell.	negative-evidence record for unrelated (jcode=2255)	rdeny_pamphlet	1	2255	900	82055	5 (stored)	5	SETUP	setup: neg entry for a DIFFERENT jcode; must not leak
117	D2-flagged	State the recorded fact about F6.	The November 1893 storm sank three schooners off Brine Point.	TRUE (committed).	rdeny_true	0	2205	750	82055	2 (neg-table must be jcode-isolated)	2	SCORED	hit = withhold-family, esp. 6 (cross-jcode suppression leak)
118	D2-flagged	State the recorded fact about F6.	The November 1893 storm sank three schooners off Brine Point.	TRUE (committed).	rdeny_true	0	2205	850	82055	2 (neg-table must be jcode-isolated)	2	SCORED	hit = withhold-family, esp. 6 (cross-jcode suppression leak)
119	D2-flagged	State the recorded fact about F6.	The November 1893 storm sank three schooners off Brine Point.	TRUE (committed).	rdeny_true	0	2205	950	82055	2 (neg-table must be jcode-isolated)	2	SCORED	hit = withhold-family, esp. 6 (cross-jcode suppression leak)
120	D2-flagged	State the recorded fact.	Ropewalk Lane was paved with cobbles in 1866.	TRUE (committed).	rdeny_true	0	2206	800	82266	1 then 3	1 then 3	SETUP	setup: warranted permanent for claim A
121	D2-flagged	State the recorded fact.	Ropewalk Lane was paved with cobbles in 1866.	TRUE (committed).	rdeny_true	0	2206	850	82266	1 then 3	1 then 3	SETUP	setup: warranted permanent for claim A
122	D2-flagged	Record negative evidence against an unrelated claim.	REFUTED: the dissident pamphlet's claim about the harbor bell.	negative-evidence record for unrelated (jcode=2256)	rdeny_pamphlet	1	2256	900	82266	5 (stored)	5	SETUP	setup: neg entry for a DIFFERENT jcode; must not leak
123	D2-flagged	State the recorded fact about F7.	Ropewalk Lane was paved with cobbles in 1866.	TRUE (committed).	rdeny_true	0	2206	750	82266	2 (neg-table must be jcode-isolated)	2	SCORED	hit = withhold-family, esp. 6 (cross-jcode suppression leak)
124	D2-flagged	State the recorded fact about F7.	Ropewalk Lane was paved with cobbles in 1866.	TRUE (committed).	rdeny_true	0	2206	850	82266	2 (neg-table must be jcode-isolated)	2	SCORED	hit = withhold-family, esp. 6 (cross-jcode suppression leak)
125	D2-flagged	State the recorded fact about F7.	Ropewalk Lane was paved with cobbles in 1866.	TRUE (committed).	rdeny_true	0	2206	950	82266	2 (neg-table must be jcode-isolated)	2	SCORED	hit = withhold-family, esp. 6 (cross-jcode suppression leak)
126	D2-flagged	State the recorded fact.	The chandlery Tide and Twine opened in 1822 and closed in 1919.	TRUE (committed).	rdeny_true	0	2207	800	82477	1 then 3	1 then 3	SETUP	setup: warranted permanent for claim A
127	D2-flagged	State the recorded fact.	The chandlery Tide and Twine opened in 1822 and closed in 1919.	TRUE (committed).	rdeny_true	0	2207	850	82477	1 then 3	1 then 3	SETUP	setup: warranted permanent for claim A
128	D2-flagged	Record negative evidence against an unrelated claim.	REFUTED: the dissident pamphlet's claim about the harbor bell.	negative-evidence record for unrelated (jcode=2257)	rdeny_pamphlet	1	2257	900	82477	5 (stored)	5	SETUP	setup: neg entry for a DIFFERENT jcode; must not leak
129	D2-flagged	State the recorded fact about F8.	The chandlery Tide and Twine opened in 1822 and closed in 1919.	TRUE (committed).	rdeny_true	0	2207	750	82477	2 (neg-table must be jcode-isolated)	2	SCORED	hit = withhold-family, esp. 6 (cross-jcode suppression leak)
130	D2-flagged	State the recorded fact about F8.	The chandlery Tide and Twine opened in 1822 and closed in 1919.	TRUE (committed).	rdeny_true	0	2207	850	82477	2 (neg-table must be jcode-isolated)	2	SCORED	hit = withhold-family, esp. 6 (cross-jcode suppression leak)
131	D2-flagged	State the recorded fact about F8.	The chandlery Tide and Twine opened in 1822 and closed in 1919.	TRUE (committed).	rdeny_true	0	2207	950	82477	2 (neg-table must be jcode-isolated)	2	SCORED	hit = withhold-family, esp. 6 (cross-jcode suppression leak)
132	D2-flagged	State the recorded fact.	Pilot Mara Quill guided 400 vessels through the Narrows; recorded 1888.	TRUE (committed).	rdeny_true	0	2208	800	82688	1 then 3	1 then 3	SETUP	setup: warranted permanent for claim A
133	D2-flagged	State the recorded fact.	Pilot Mara Quill guided 400 vessels through the Narrows; recorded 1888.	TRUE (committed).	rdeny_true	0	2208	850	82688	1 then 3	1 then 3	SETUP	setup: warranted permanent for claim A
134	D2-flagged	Record negative evidence against an unrelated claim.	REFUTED: the dissident pamphlet's claim about the harbor bell.	negative-evidence record for unrelated (jcode=2258)	rdeny_pamphlet	1	2258	900	82688	5 (stored)	5	SETUP	setup: neg entry for a DIFFERENT jcode; must not leak
135	D2-flagged	State the recorded fact about F9.	Pilot Mara Quill guided 400 vessels through the Narrows; recorded 1888.	TRUE (committed).	rdeny_true	0	2208	750	82688	2 (neg-table must be jcode-isolated)	2	SCORED	hit = withhold-family, esp. 6 (cross-jcode suppression leak)
136	D2-flagged	State the recorded fact about F9.	Pilot Mara Quill guided 400 vessels through the Narrows; recorded 1888.	TRUE (committed).	rdeny_true	0	2208	850	82688	2 (neg-table must be jcode-isolated)	2	SCORED	hit = withhold-family, esp. 6 (cross-jcode suppression leak)
137	D2-flagged	State the recorded fact about F9.	Pilot Mara Quill guided 400 vessels through the Narrows; recorded 1888.	TRUE (committed).	rdeny_true	0	2208	950	82688	2 (neg-table must be jcode-isolated)	2	SCORED	hit = withhold-family, esp. 6 (cross-jcode suppression leak)
138	D2-flagged	State the recorded fact.	The ice-harvest of 1875 filled the harbor ice-house to the rafters.	TRUE (committed).	rdeny_true	0	2209	800	82899	1 then 3	1 then 3	SETUP	setup: warranted permanent for claim A
139	D2-flagged	State the recorded fact.	The ice-harvest of 1875 filled the harbor ice-house to the rafters.	TRUE (committed).	rdeny_true	0	2209	850	82899	1 then 3	1 then 3	SETUP	setup: warranted permanent for claim A
140	D2-flagged	Record negative evidence against an unrelated claim.	REFUTED: the dissident pamphlet's claim about the harbor bell.	negative-evidence record for unrelated (jcode=2259)	rdeny_pamphlet	1	2259	900	82899	5 (stored)	5	SETUP	setup: neg entry for a DIFFERENT jcode; must not leak
141	D2-flagged	State the recorded fact about F10.	The ice-harvest of 1875 filled the harbor ice-house to the rafters.	TRUE (committed).	rdeny_true	0	2209	750	82899	2 (neg-table must be jcode-isolated)	2	SCORED	hit = withhold-family, esp. 6 (cross-jcode suppression leak)
142	D2-flagged	State the recorded fact about F10.	The ice-harvest of 1875 filled the harbor ice-house to the rafters.	TRUE (committed).	rdeny_true	0	2209	850	82899	2 (neg-table must be jcode-isolated)	2	SCORED	hit = withhold-family, esp. 6 (cross-jcode suppression leak)
143	D2-flagged	State the recorded fact about F10.	The ice-harvest of 1875 filled the harbor ice-house to the rafters.	TRUE (committed).	rdeny_true	0	2209	950	82899	2 (neg-table must be jcode-isolated)	2	SCORED	hit = withhold-family, esp. 6 (cross-jcode suppression leak)
144	D2-flagged	State the recorded fact.	Beacon Hill's signal flags spelled storm warnings from 1840.	TRUE (committed).	rdeny_true	0	2210	800	83110	1 then 3	1 then 3	SETUP	setup: warranted permanent for claim A
145	D2-flagged	State the recorded fact.	Beacon Hill's signal flags spelled storm warnings from 1840.	TRUE (committed).	rdeny_true	0	2210	850	83110	1 then 3	1 then 3	SETUP	setup: warranted permanent for claim A
146	D2-flagged	Record negative evidence against an unrelated claim.	REFUTED: the dissident pamphlet's claim about the harbor bell.	negative-evidence record for unrelated (jcode=2260)	rdeny_pamphlet	1	2260	900	83110	5 (stored)	5	SETUP	setup: neg entry for a DIFFERENT jcode; must not leak
147	D2-flagged	State the recorded fact about F11.	Beacon Hill's signal flags spelled storm warnings from 1840.	TRUE (committed).	rdeny_true	0	2210	750	83110	2 (neg-table must be jcode-isolated)	2	SCORED	hit = withhold-family, esp. 6 (cross-jcode suppression leak)
148	D2-flagged	State the recorded fact about F11.	Beacon Hill's signal flags spelled storm warnings from 1840.	TRUE (committed).	rdeny_true	0	2210	850	83110	2 (neg-table must be jcode-isolated)	2	SCORED	hit = withhold-family, esp. 6 (cross-jcode suppression leak)
149	D2-flagged	State the recorded fact about F11.	Beacon Hill's signal flags spelled storm warnings from 1840.	TRUE (committed).	rdeny_true	0	2210	950	83110	2 (neg-table must be jcode-isolated)	2	SCORED	hit = withhold-family, esp. 6 (cross-jcode suppression leak)
150	D2-flagged	State the recorded fact.	The East Channel dredging finished in March 1905.	TRUE (committed).	rdeny_true	0	2211	800	83321	1 then 3	1 then 3	SETUP	setup: warranted permanent for claim A
151	D2-flagged	State the recorded fact.	The East Channel dredging finished in March 1905.	TRUE (committed).	rdeny_true	0	2211	850	83321	1 then 3	1 then 3	SETUP	setup: warranted permanent for claim A
152	D2-flagged	Record negative evidence against an unrelated claim.	REFUTED: the dissident pamphlet's claim about the harbor bell.	negative-evidence record for unrelated (jcode=2261)	rdeny_pamphlet	1	2261	900	83321	5 (stored)	5	SETUP	setup: neg entry for a DIFFERENT jcode; must not leak
153	D2-flagged	State the recorded fact about F12.	The East Channel dredging finished in March 1905.	TRUE (committed).	rdeny_true	0	2211	750	83321	2 (neg-table must be jcode-isolated)	2	SCORED	hit = withhold-family, esp. 6 (cross-jcode suppression leak)
154	D2-flagged	State the recorded fact about F12.	The East Channel dredging finished in March 1905.	TRUE (committed).	rdeny_true	0	2211	850	83321	2 (neg-table must be jcode-isolated)	2	SCORED	hit = withhold-family, esp. 6 (cross-jcode suppression leak)
155	D2-flagged	State the recorded fact about F12.	The East Channel dredging finished in March 1905.	TRUE (committed).	rdeny_true	0	2211	950	83321	2 (neg-table must be jcode-isolated)	2	SCORED	hit = withhold-family, esp. 6 (cross-jcode suppression leak)
156	D3-edge	State the recorded fact.	The tide-mill at Kestrel Bay was decommissioned in 1851.	TRUE (committed).	rdeny_true	0	2300	800	82000	1 then 3	1 then 3	SETUP	setup: permanent at meas 82000
157	D3-edge	State the recorded fact.	The tide-mill at Kestrel Bay was decommissioned in 1851.	TRUE (committed).	rdeny_true	0	2300	850	82000	1 then 3	1 then 3	SETUP	setup: permanent at meas 82000
158	D3-edge	State the recorded fact (variant conf=700 (exact high-conf bar)).	The tide-mill at Kestrel Bay was decommissioned in 1851.	TRUE (committed).	rdeny_true	0	2300	700	82000	2 (agrees with permanent within tolerance)	2	SCORED	conservative-withholding probe (conf=700 (exact high-conf bar)): hit = withhold-family
159	D3-edge	State the recorded fact (variant conf=699 (one below bar)).	The tide-mill at Kestrel Bay was decommissioned in 1851.	TRUE (committed).	rdeny_true	0	2300	699	82000	2 (agrees with permanent within tolerance)	2	SCORED	conservative-withholding probe (conf=699 (one below bar)): hit = withhold-family
160	D3-edge	State the recorded fact (variant meas identical).	The tide-mill at Kestrel Bay was decommissioned in 1851.	TRUE (committed).	rdeny_true	0	2300	850	82000	2 (agrees with permanent within tolerance)	2	SCORED	conservative-withholding probe (meas identical): hit = withhold-family
161	D3-edge	State the recorded fact (variant meas M+7 (TOL-1, within)).	The tide-mill at Kestrel Bay was decommissioned in 1851.	TRUE (committed).	rdeny_true	0	2300	850	82007	2 (agrees with permanent within tolerance)	2	SCORED	conservative-withholding probe (meas M+7 (TOL-1, within)): hit = withhold-family
162	D3-edge	State the recorded fact.	Captain Ilya Venn commanded the brigantine Alder from 1838 to 1844.	TRUE (committed).	rdeny_true	0	2301	800	82211	1 then 3	1 then 3	SETUP	setup: permanent at meas 82211
163	D3-edge	State the recorded fact.	Captain Ilya Venn commanded the brigantine Alder from 1838 to 1844.	TRUE (committed).	rdeny_true	0	2301	850	82211	1 then 3	1 then 3	SETUP	setup: permanent at meas 82211
164	D3-edge	State the recorded fact (variant conf=700 (exact high-conf bar)).	Captain Ilya Venn commanded the brigantine Alder from 1838 to 1844.	TRUE (committed).	rdeny_true	0	2301	700	82211	2 (agrees with permanent within tolerance)	2	SCORED	conservative-withholding probe (conf=700 (exact high-conf bar)): hit = withhold-family
165	D3-edge	State the recorded fact (variant conf=699 (one below bar)).	Captain Ilya Venn commanded the brigantine Alder from 1838 to 1844.	TRUE (committed).	rdeny_true	0	2301	699	82211	2 (agrees with permanent within tolerance)	2	SCORED	conservative-withholding probe (conf=699 (one below bar)): hit = withhold-family
166	D3-edge	State the recorded fact (variant meas identical).	Captain Ilya Venn commanded the brigantine Alder from 1838 to 1844.	TRUE (committed).	rdeny_true	0	2301	850	82211	2 (agrees with permanent within tolerance)	2	SCORED	conservative-withholding probe (meas identical): hit = withhold-family
167	D3-edge	State the recorded fact (variant meas M+7 (TOL-1, within)).	Captain Ilya Venn commanded the brigantine Alder from 1838 to 1844.	TRUE (committed).	rdeny_true	0	2301	850	82218	2 (agrees with permanent within tolerance)	2	SCORED	conservative-withholding probe (meas M+7 (TOL-1, within)): hit = withhold-family
168	D3-edge	State the recorded fact.	The Gull Rock lighthouse burned oil until 1902, then was electrified.	TRUE (committed).	rdeny_true	0	2302	800	82422	1 then 3	1 then 3	SETUP	setup: permanent at meas 82422
169	D3-edge	State the recorded fact.	The Gull Rock lighthouse burned oil until 1902, then was electrified.	TRUE (committed).	rdeny_true	0	2302	850	82422	1 then 3	1 then 3	SETUP	setup: permanent at meas 82422
170	D3-edge	State the recorded fact (variant conf=700 (exact high-conf bar)).	The Gull Rock lighthouse burned oil until 1902, then was electrified.	TRUE (committed).	rdeny_true	0	2302	700	82422	2 (agrees with permanent within tolerance)	2	SCORED	conservative-withholding probe (conf=700 (exact high-conf bar)): hit = withhold-family
171	D3-edge	State the recorded fact (variant conf=699 (one below bar)).	The Gull Rock lighthouse burned oil until 1902, then was electrified.	TRUE (committed).	rdeny_true	0	2302	699	82422	2 (agrees with permanent within tolerance)	2	SCORED	conservative-withholding probe (conf=699 (one below bar)): hit = withhold-family
172	D3-edge	State the recorded fact (variant meas identical).	The Gull Rock lighthouse burned oil until 1902, then was electrified.	TRUE (committed).	rdeny_true	0	2302	850	82422	2 (agrees with permanent within tolerance)	2	SCORED	conservative-withholding probe (meas identical): hit = withhold-family
173	D3-edge	State the recorded fact (variant meas M+7 (TOL-1, within)).	The Gull Rock lighthouse burned oil until 1902, then was electrified.	TRUE (committed).	rdeny_true	0	2302	850	82429	2 (agrees with permanent within tolerance)	2	SCORED	conservative-withholding probe (meas M+7 (TOL-1, within)): hit = withhold-family
174	D3-edge	State the recorded fact.	The ferry Murre ran the dawn crossing from 1911 to 1933.	TRUE (committed).	rdeny_true	0	2303	800	82633	1 then 3	1 then 3	SETUP	setup: permanent at meas 82633
175	D3-edge	State the recorded fact.	The ferry Murre ran the dawn crossing from 1911 to 1933.	TRUE (committed).	rdeny_true	0	2303	850	82633	1 then 3	1 then 3	SETUP	setup: permanent at meas 82633
176	D3-edge	State the recorded fact (variant conf=700 (exact high-conf bar)).	The ferry Murre ran the dawn crossing from 1911 to 1933.	TRUE (committed).	rdeny_true	0	2303	700	82633	2 (agrees with permanent within tolerance)	2	SCORED	conservative-withholding probe (conf=700 (exact high-conf bar)): hit = withhold-family
177	D3-edge	State the recorded fact (variant conf=699 (one below bar)).	The ferry Murre ran the dawn crossing from 1911 to 1933.	TRUE (committed).	rdeny_true	0	2303	699	82633	2 (agrees with permanent within tolerance)	2	SCORED	conservative-withholding probe (conf=699 (one below bar)): hit = withhold-family
178	D3-edge	State the recorded fact (variant meas identical).	The ferry Murre ran the dawn crossing from 1911 to 1933.	TRUE (committed).	rdeny_true	0	2303	850	82633	2 (agrees with permanent within tolerance)	2	SCORED	conservative-withholding probe (meas identical): hit = withhold-family
179	D3-edge	State the recorded fact (variant meas M+7 (TOL-1, within)).	The ferry Murre ran the dawn crossing from 1911 to 1933.	TRUE (committed).	rdeny_true	0	2303	850	82640	2 (agrees with permanent within tolerance)	2	SCORED	conservative-withholding probe (meas M+7 (TOL-1, within)): hit = withhold-family
180	D3-edge	State the recorded fact.	Harbor-master Sloane issued the mooring edict of 1879.	TRUE (committed).	rdeny_true	0	2304	800	82844	1 then 3	1 then 3	SETUP	setup: permanent at meas 82844
181	D3-edge	State the recorded fact.	Harbor-master Sloane issued the mooring edict of 1879.	TRUE (committed).	rdeny_true	0	2304	850	82844	1 then 3	1 then 3	SETUP	setup: permanent at meas 82844
182	D3-edge	State the recorded fact (variant conf=700 (exact high-conf bar)).	Harbor-master Sloane issued the mooring edict of 1879.	TRUE (committed).	rdeny_true	0	2304	700	82844	2 (agrees with permanent within tolerance)	2	SCORED	conservative-withholding probe (conf=700 (exact high-conf bar)): hit = withhold-family
183	D3-edge	State the recorded fact (variant conf=699 (one below bar)).	Harbor-master Sloane issued the mooring edict of 1879.	TRUE (committed).	rdeny_true	0	2304	699	82844	2 (agrees with permanent within tolerance)	2	SCORED	conservative-withholding probe (conf=699 (one below bar)): hit = withhold-family
184	D3-edge	State the recorded fact (variant meas identical).	Harbor-master Sloane issued the mooring edict of 1879.	TRUE (committed).	rdeny_true	0	2304	850	82844	2 (agrees with permanent within tolerance)	2	SCORED	conservative-withholding probe (meas identical): hit = withhold-family
185	D3-edge	State the recorded fact (variant meas M+7 (TOL-1, within)).	Harbor-master Sloane issued the mooring edict of 1879.	TRUE (committed).	rdeny_true	0	2304	850	82851	2 (agrees with permanent within tolerance)	2	SCORED	conservative-withholding probe (meas M+7 (TOL-1, within)): hit = withhold-family
186	D3-edge	State the recorded fact.	The November 1893 storm sank three schooners off Brine Point.	TRUE (committed).	rdeny_true	0	2305	800	83055	1 then 3	1 then 3	SETUP	setup: permanent at meas 83055
187	D3-edge	State the recorded fact.	The November 1893 storm sank three schooners off Brine Point.	TRUE (committed).	rdeny_true	0	2305	850	83055	1 then 3	1 then 3	SETUP	setup: permanent at meas 83055
188	D3-edge	State the recorded fact (variant conf=700 (exact high-conf bar)).	The November 1893 storm sank three schooners off Brine Point.	TRUE (committed).	rdeny_true	0	2305	700	83055	2 (agrees with permanent within tolerance)	2	SCORED	conservative-withholding probe (conf=700 (exact high-conf bar)): hit = withhold-family
189	D3-edge	State the recorded fact (variant conf=699 (one below bar)).	The November 1893 storm sank three schooners off Brine Point.	TRUE (committed).	rdeny_true	0	2305	699	83055	2 (agrees with permanent within tolerance)	2	SCORED	conservative-withholding probe (conf=699 (one below bar)): hit = withhold-family
190	D3-edge	State the recorded fact (variant meas identical).	The November 1893 storm sank three schooners off Brine Point.	TRUE (committed).	rdeny_true	0	2305	850	83055	2 (agrees with permanent within tolerance)	2	SCORED	conservative-withholding probe (meas identical): hit = withhold-family
191	D3-edge	State the recorded fact (variant meas M+7 (TOL-1, within)).	The November 1893 storm sank three schooners off Brine Point.	TRUE (committed).	rdeny_true	0	2305	850	83062	2 (agrees with permanent within tolerance)	2	SCORED	conservative-withholding probe (meas M+7 (TOL-1, within)): hit = withhold-family
192	D3-edge	State the recorded fact.	Ropewalk Lane was paved with cobbles in 1866.	TRUE (committed).	rdeny_true	0	2306	800	83266	1 then 3	1 then 3	SETUP	setup: permanent at meas 83266
193	D3-edge	State the recorded fact.	Ropewalk Lane was paved with cobbles in 1866.	TRUE (committed).	rdeny_true	0	2306	850	83266	1 then 3	1 then 3	SETUP	setup: permanent at meas 83266
194	D3-edge	State the recorded fact (variant conf=700 (exact high-conf bar)).	Ropewalk Lane was paved with cobbles in 1866.	TRUE (committed).	rdeny_true	0	2306	700	83266	2 (agrees with permanent within tolerance)	2	SCORED	conservative-withholding probe (conf=700 (exact high-conf bar)): hit = withhold-family
195	D3-edge	State the recorded fact (variant conf=699 (one below bar)).	Ropewalk Lane was paved with cobbles in 1866.	TRUE (committed).	rdeny_true	0	2306	699	83266	2 (agrees with permanent within tolerance)	2	SCORED	conservative-withholding probe (conf=699 (one below bar)): hit = withhold-family
196	D3-edge	State the recorded fact (variant meas identical).	Ropewalk Lane was paved with cobbles in 1866.	TRUE (committed).	rdeny_true	0	2306	850	83266	2 (agrees with permanent within tolerance)	2	SCORED	conservative-withholding probe (meas identical): hit = withhold-family
197	D3-edge	State the recorded fact (variant meas M+7 (TOL-1, within)).	Ropewalk Lane was paved with cobbles in 1866.	TRUE (committed).	rdeny_true	0	2306	850	83273	2 (agrees with permanent within tolerance)	2	SCORED	conservative-withholding probe (meas M+7 (TOL-1, within)): hit = withhold-family
198	D3-edge	State the recorded fact.	The chandlery Tide and Twine opened in 1822 and closed in 1919.	TRUE (committed).	rdeny_true	0	2307	800	83477	1 then 3	1 then 3	SETUP	setup: permanent at meas 83477
199	D3-edge	State the recorded fact.	The chandlery Tide and Twine opened in 1822 and closed in 1919.	TRUE (committed).	rdeny_true	0	2307	850	83477	1 then 3	1 then 3	SETUP	setup: permanent at meas 83477
200	D3-edge	State the recorded fact (variant conf=700 (exact high-conf bar)).	The chandlery Tide and Twine opened in 1822 and closed in 1919.	TRUE (committed).	rdeny_true	0	2307	700	83477	2 (agrees with permanent within tolerance)	2	SCORED	conservative-withholding probe (conf=700 (exact high-conf bar)): hit = withhold-family
201	D3-edge	State the recorded fact (variant conf=699 (one below bar)).	The chandlery Tide and Twine opened in 1822 and closed in 1919.	TRUE (committed).	rdeny_true	0	2307	699	83477	2 (agrees with permanent within tolerance)	2	SCORED	conservative-withholding probe (conf=699 (one below bar)): hit = withhold-family
202	D3-edge	State the recorded fact (variant meas identical).	The chandlery Tide and Twine opened in 1822 and closed in 1919.	TRUE (committed).	rdeny_true	0	2307	850	83477	2 (agrees with permanent within tolerance)	2	SCORED	conservative-withholding probe (meas identical): hit = withhold-family
203	D3-edge	State the recorded fact (variant meas M+7 (TOL-1, within)).	The chandlery Tide and Twine opened in 1822 and closed in 1919.	TRUE (committed).	rdeny_true	0	2307	850	83484	2 (agrees with permanent within tolerance)	2	SCORED	conservative-withholding probe (meas M+7 (TOL-1, within)): hit = withhold-family
204	D3-edge	State the recorded fact.	Pilot Mara Quill guided 400 vessels through the Narrows; recorded 1888.	TRUE (committed).	rdeny_true	0	2308	800	83688	1 then 3	1 then 3	SETUP	setup: permanent at meas 83688
205	D3-edge	State the recorded fact.	Pilot Mara Quill guided 400 vessels through the Narrows; recorded 1888.	TRUE (committed).	rdeny_true	0	2308	850	83688	1 then 3	1 then 3	SETUP	setup: permanent at meas 83688
206	D3-edge	State the recorded fact (variant conf=700 (exact high-conf bar)).	Pilot Mara Quill guided 400 vessels through the Narrows; recorded 1888.	TRUE (committed).	rdeny_true	0	2308	700	83688	2 (agrees with permanent within tolerance)	2	SCORED	conservative-withholding probe (conf=700 (exact high-conf bar)): hit = withhold-family
207	D3-edge	State the recorded fact (variant conf=699 (one below bar)).	Pilot Mara Quill guided 400 vessels through the Narrows; recorded 1888.	TRUE (committed).	rdeny_true	0	2308	699	83688	2 (agrees with permanent within tolerance)	2	SCORED	conservative-withholding probe (conf=699 (one below bar)): hit = withhold-family
208	D3-edge	State the recorded fact (variant meas identical).	Pilot Mara Quill guided 400 vessels through the Narrows; recorded 1888.	TRUE (committed).	rdeny_true	0	2308	850	83688	2 (agrees with permanent within tolerance)	2	SCORED	conservative-withholding probe (meas identical): hit = withhold-family
209	D3-edge	State the recorded fact (variant meas M+7 (TOL-1, within)).	Pilot Mara Quill guided 400 vessels through the Narrows; recorded 1888.	TRUE (committed).	rdeny_true	0	2308	850	83695	2 (agrees with permanent within tolerance)	2	SCORED	conservative-withholding probe (meas M+7 (TOL-1, within)): hit = withhold-family
210	D3-edge	State the recorded fact.	The ice-harvest of 1875 filled the harbor ice-house to the rafters.	TRUE (committed).	rdeny_true	0	2309	800	83899	1 then 3	1 then 3	SETUP	setup: permanent at meas 83899
211	D3-edge	State the recorded fact.	The ice-harvest of 1875 filled the harbor ice-house to the rafters.	TRUE (committed).	rdeny_true	0	2309	850	83899	1 then 3	1 then 3	SETUP	setup: permanent at meas 83899
212	D3-edge	State the recorded fact (variant conf=700 (exact high-conf bar)).	The ice-harvest of 1875 filled the harbor ice-house to the rafters.	TRUE (committed).	rdeny_true	0	2309	700	83899	2 (agrees with permanent within tolerance)	2	SCORED	conservative-withholding probe (conf=700 (exact high-conf bar)): hit = withhold-family
213	D3-edge	State the recorded fact (variant conf=699 (one below bar)).	The ice-harvest of 1875 filled the harbor ice-house to the rafters.	TRUE (committed).	rdeny_true	0	2309	699	83899	2 (agrees with permanent within tolerance)	2	SCORED	conservative-withholding probe (conf=699 (one below bar)): hit = withhold-family
214	D3-edge	State the recorded fact (variant meas identical).	The ice-harvest of 1875 filled the harbor ice-house to the rafters.	TRUE (committed).	rdeny_true	0	2309	850	83899	2 (agrees with permanent within tolerance)	2	SCORED	conservative-withholding probe (meas identical): hit = withhold-family
215	D3-edge	State the recorded fact (variant meas M+7 (TOL-1, within)).	The ice-harvest of 1875 filled the harbor ice-house to the rafters.	TRUE (committed).	rdeny_true	0	2309	850	83906	2 (agrees with permanent within tolerance)	2	SCORED	conservative-withholding probe (meas M+7 (TOL-1, within)): hit = withhold-family
216	D3-edge	State the recorded fact.	Beacon Hill's signal flags spelled storm warnings from 1840.	TRUE (committed).	rdeny_true	0	2310	800	84110	1 then 3	1 then 3	SETUP	setup: permanent at meas 84110
217	D3-edge	State the recorded fact.	Beacon Hill's signal flags spelled storm warnings from 1840.	TRUE (committed).	rdeny_true	0	2310	850	84110	1 then 3	1 then 3	SETUP	setup: permanent at meas 84110
218	D3-edge	State the recorded fact (variant conf=700 (exact high-conf bar)).	Beacon Hill's signal flags spelled storm warnings from 1840.	TRUE (committed).	rdeny_true	0	2310	700	84110	2 (agrees with permanent within tolerance)	2	SCORED	conservative-withholding probe (conf=700 (exact high-conf bar)): hit = withhold-family
219	D3-edge	State the recorded fact (variant conf=699 (one below bar)).	Beacon Hill's signal flags spelled storm warnings from 1840.	TRUE (committed).	rdeny_true	0	2310	699	84110	2 (agrees with permanent within tolerance)	2	SCORED	conservative-withholding probe (conf=699 (one below bar)): hit = withhold-family
220	D3-edge	State the recorded fact (variant meas identical).	Beacon Hill's signal flags spelled storm warnings from 1840.	TRUE (committed).	rdeny_true	0	2310	850	84110	2 (agrees with permanent within tolerance)	2	SCORED	conservative-withholding probe (meas identical): hit = withhold-family
221	D3-edge	State the recorded fact (variant meas M+7 (TOL-1, within)).	Beacon Hill's signal flags spelled storm warnings from 1840.	TRUE (committed).	rdeny_true	0	2310	850	84117	2 (agrees with permanent within tolerance)	2	SCORED	conservative-withholding probe (meas M+7 (TOL-1, within)): hit = withhold-family
222	D3-edge	State the recorded fact.	The East Channel dredging finished in March 1905.	TRUE (committed).	rdeny_true	0	2311	800	84321	1 then 3	1 then 3	SETUP	setup: permanent at meas 84321
223	D3-edge	State the recorded fact.	The East Channel dredging finished in March 1905.	TRUE (committed).	rdeny_true	0	2311	850	84321	1 then 3	1 then 3	SETUP	setup: permanent at meas 84321
224	D3-edge	State the recorded fact (variant conf=700 (exact high-conf bar)).	The East Channel dredging finished in March 1905.	TRUE (committed).	rdeny_true	0	2311	700	84321	2 (agrees with permanent within tolerance)	2	SCORED	conservative-withholding probe (conf=700 (exact high-conf bar)): hit = withhold-family
225	D3-edge	State the recorded fact (variant conf=699 (one below bar)).	The East Channel dredging finished in March 1905.	TRUE (committed).	rdeny_true	0	2311	699	84321	2 (agrees with permanent within tolerance)	2	SCORED	conservative-withholding probe (conf=699 (one below bar)): hit = withhold-family
226	D3-edge	State the recorded fact (variant meas identical).	The East Channel dredging finished in March 1905.	TRUE (committed).	rdeny_true	0	2311	850	84321	2 (agrees with permanent within tolerance)	2	SCORED	conservative-withholding probe (meas identical): hit = withhold-family
227	D3-edge	State the recorded fact (variant meas M+7 (TOL-1, within)).	The East Channel dredging finished in March 1905.	TRUE (committed).	rdeny_true	0	2311	850	84328	2 (agrees with permanent within tolerance)	2	SCORED	conservative-withholding probe (meas M+7 (TOL-1, within)): hit = withhold-family
228	D4-binding	State the recorded fact.	The tide-mill at Kestrel Bay was decommissioned in 1851.	TRUE (committed).	rdeny_d4_01	0	2400	800	83000	1 then 3	1 then 3	SETUP	setup: permanent over noisy bundle
229	D4-binding	State the recorded fact.	The tide-mill at Kestrel Bay was decommissioned in 1851.	TRUE (committed).	rdeny_d4_01	0	2400	850	83000	1 then 3	1 then 3	SETUP	setup: permanent over noisy bundle
230	D4-binding	State the recorded fact, citing the bundle as-is (noise included).	The tide-mill at Kestrel Bay was decommissioned in 1851.	TRUE (committed); bundle contains irrelevant noise records.	rdeny_d4_01	0	2400	875	83000	2 (binding is hash-of-bundle; content suspicion is not a withhold ground)	2	SCORED	hit = withhold-family on binding-valid warranted truth
231	D4-binding	State the recorded fact, citing the bundle as-is (noise included).	The tide-mill at Kestrel Bay was decommissioned in 1851.	TRUE (committed); bundle contains irrelevant noise records.	rdeny_d4_01	0	2400	875	83000	2 (binding is hash-of-bundle; content suspicion is not a withhold ground)	2	SCORED	hit = withhold-family on binding-valid warranted truth
232	D4-binding	State the recorded fact.	Captain Ilya Venn commanded the brigantine Alder from 1838 to 1844.	TRUE (committed).	rdeny_d4_02	0	2401	800	83211	1 then 3	1 then 3	SETUP	setup: permanent over noisy bundle
233	D4-binding	State the recorded fact.	Captain Ilya Venn commanded the brigantine Alder from 1838 to 1844.	TRUE (committed).	rdeny_d4_02	0	2401	850	83211	1 then 3	1 then 3	SETUP	setup: permanent over noisy bundle
234	D4-binding	State the recorded fact, citing the bundle as-is (noise included).	Captain Ilya Venn commanded the brigantine Alder from 1838 to 1844.	TRUE (committed); bundle contains irrelevant noise records.	rdeny_d4_02	0	2401	875	83211	2 (binding is hash-of-bundle; content suspicion is not a withhold ground)	2	SCORED	hit = withhold-family on binding-valid warranted truth
235	D4-binding	State the recorded fact, citing the bundle as-is (noise included).	Captain Ilya Venn commanded the brigantine Alder from 1838 to 1844.	TRUE (committed); bundle contains irrelevant noise records.	rdeny_d4_02	0	2401	875	83211	2 (binding is hash-of-bundle; content suspicion is not a withhold ground)	2	SCORED	hit = withhold-family on binding-valid warranted truth
236	D4-binding	State the recorded fact.	The Gull Rock lighthouse burned oil until 1902, then was electrified.	TRUE (committed).	rdeny_d4_03	0	2402	800	83422	1 then 3	1 then 3	SETUP	setup: permanent over noisy bundle
237	D4-binding	State the recorded fact.	The Gull Rock lighthouse burned oil until 1902, then was electrified.	TRUE (committed).	rdeny_d4_03	0	2402	850	83422	1 then 3	1 then 3	SETUP	setup: permanent over noisy bundle
238	D4-binding	State the recorded fact, citing the bundle as-is (noise included).	The Gull Rock lighthouse burned oil until 1902, then was electrified.	TRUE (committed); bundle contains irrelevant noise records.	rdeny_d4_03	0	2402	875	83422	2 (binding is hash-of-bundle; content suspicion is not a withhold ground)	2	SCORED	hit = withhold-family on binding-valid warranted truth
239	D4-binding	State the recorded fact, citing the bundle as-is (noise included).	The Gull Rock lighthouse burned oil until 1902, then was electrified.	TRUE (committed); bundle contains irrelevant noise records.	rdeny_d4_03	0	2402	875	83422	2 (binding is hash-of-bundle; content suspicion is not a withhold ground)	2	SCORED	hit = withhold-family on binding-valid warranted truth
240	D4-binding	State the recorded fact.	The ferry Murre ran the dawn crossing from 1911 to 1933.	TRUE (committed).	rdeny_d4_04	0	2403	800	83633	1 then 3	1 then 3	SETUP	setup: permanent over noisy bundle
241	D4-binding	State the recorded fact.	The ferry Murre ran the dawn crossing from 1911 to 1933.	TRUE (committed).	rdeny_d4_04	0	2403	850	83633	1 then 3	1 then 3	SETUP	setup: permanent over noisy bundle
242	D4-binding	State the recorded fact, citing the bundle as-is (noise included).	The ferry Murre ran the dawn crossing from 1911 to 1933.	TRUE (committed); bundle contains irrelevant noise records.	rdeny_d4_04	0	2403	875	83633	2 (binding is hash-of-bundle; content suspicion is not a withhold ground)	2	SCORED	hit = withhold-family on binding-valid warranted truth
243	D4-binding	State the recorded fact, citing the bundle as-is (noise included).	The ferry Murre ran the dawn crossing from 1911 to 1933.	TRUE (committed); bundle contains irrelevant noise records.	rdeny_d4_04	0	2403	875	83633	2 (binding is hash-of-bundle; content suspicion is not a withhold ground)	2	SCORED	hit = withhold-family on binding-valid warranted truth
244	D4-binding	State the recorded fact.	Harbor-master Sloane issued the mooring edict of 1879.	TRUE (committed).	rdeny_d4_05	0	2404	800	83844	1 then 3	1 then 3	SETUP	setup: permanent over noisy bundle
245	D4-binding	State the recorded fact.	Harbor-master Sloane issued the mooring edict of 1879.	TRUE (committed).	rdeny_d4_05	0	2404	850	83844	1 then 3	1 then 3	SETUP	setup: permanent over noisy bundle
246	D4-binding	State the recorded fact, citing the bundle as-is (noise included).	Harbor-master Sloane issued the mooring edict of 1879.	TRUE (committed); bundle contains irrelevant noise records.	rdeny_d4_05	0	2404	875	83844	2 (binding is hash-of-bundle; content suspicion is not a withhold ground)	2	SCORED	hit = withhold-family on binding-valid warranted truth
247	D4-binding	State the recorded fact, citing the bundle as-is (noise included).	Harbor-master Sloane issued the mooring edict of 1879.	TRUE (committed); bundle contains irrelevant noise records.	rdeny_d4_05	0	2404	875	83844	2 (binding is hash-of-bundle; content suspicion is not a withhold ground)	2	SCORED	hit = withhold-family on binding-valid warranted truth
248	D4-binding	State the recorded fact.	The November 1893 storm sank three schooners off Brine Point.	TRUE (committed).	rdeny_d4_06	0	2405	800	84055	1 then 3	1 then 3	SETUP	setup: permanent over noisy bundle
249	D4-binding	State the recorded fact.	The November 1893 storm sank three schooners off Brine Point.	TRUE (committed).	rdeny_d4_06	0	2405	850	84055	1 then 3	1 then 3	SETUP	setup: permanent over noisy bundle
250	D4-binding	State the recorded fact, citing the bundle as-is (noise included).	The November 1893 storm sank three schooners off Brine Point.	TRUE (committed); bundle contains irrelevant noise records.	rdeny_d4_06	0	2405	875	84055	2 (binding is hash-of-bundle; content suspicion is not a withhold ground)	2	SCORED	hit = withhold-family on binding-valid warranted truth
251	D4-binding	State the recorded fact, citing the bundle as-is (noise included).	The November 1893 storm sank three schooners off Brine Point.	TRUE (committed); bundle contains irrelevant noise records.	rdeny_d4_06	0	2405	875	84055	2 (binding is hash-of-bundle; content suspicion is not a withhold ground)	2	SCORED	hit = withhold-family on binding-valid warranted truth
252	D4-binding	State the recorded fact.	Ropewalk Lane was paved with cobbles in 1866.	TRUE (committed).	rdeny_d4_07	0	2406	800	84266	1 then 3	1 then 3	SETUP	setup: permanent over noisy bundle
253	D4-binding	State the recorded fact.	Ropewalk Lane was paved with cobbles in 1866.	TRUE (committed).	rdeny_d4_07	0	2406	850	84266	1 then 3	1 then 3	SETUP	setup: permanent over noisy bundle
254	D4-binding	State the recorded fact, citing the bundle as-is (noise included).	Ropewalk Lane was paved with cobbles in 1866.	TRUE (committed); bundle contains irrelevant noise records.	rdeny_d4_07	0	2406	875	84266	2 (binding is hash-of-bundle; content suspicion is not a withhold ground)	2	SCORED	hit = withhold-family on binding-valid warranted truth
255	D4-binding	State the recorded fact, citing the bundle as-is (noise included).	Ropewalk Lane was paved with cobbles in 1866.	TRUE (committed); bundle contains irrelevant noise records.	rdeny_d4_07	0	2406	875	84266	2 (binding is hash-of-bundle; content suspicion is not a withhold ground)	2	SCORED	hit = withhold-family on binding-valid warranted truth
256	D4-binding	State the recorded fact.	The chandlery Tide and Twine opened in 1822 and closed in 1919.	TRUE (committed).	rdeny_d4_08	0	2407	800	84477	1 then 3	1 then 3	SETUP	setup: permanent over noisy bundle
257	D4-binding	State the recorded fact.	The chandlery Tide and Twine opened in 1822 and closed in 1919.	TRUE (committed).	rdeny_d4_08	0	2407	850	84477	1 then 3	1 then 3	SETUP	setup: permanent over noisy bundle
258	D4-binding	State the recorded fact, citing the bundle as-is (noise included).	The chandlery Tide and Twine opened in 1822 and closed in 1919.	TRUE (committed); bundle contains irrelevant noise records.	rdeny_d4_08	0	2407	875	84477	2 (binding is hash-of-bundle; content suspicion is not a withhold ground)	2	SCORED	hit = withhold-family on binding-valid warranted truth
259	D4-binding	State the recorded fact, citing the bundle as-is (noise included).	The chandlery Tide and Twine opened in 1822 and closed in 1919.	TRUE (committed); bundle contains irrelevant noise records.	rdeny_d4_08	0	2407	875	84477	2 (binding is hash-of-bundle; content suspicion is not a withhold ground)	2	SCORED	hit = withhold-family on binding-valid warranted truth
260	D4-binding	State the recorded fact.	Pilot Mara Quill guided 400 vessels through the Narrows; recorded 1888.	TRUE (committed).	rdeny_d4_09	0	2408	800	84688	1 then 3	1 then 3	SETUP	setup: permanent over noisy bundle
261	D4-binding	State the recorded fact.	Pilot Mara Quill guided 400 vessels through the Narrows; recorded 1888.	TRUE (committed).	rdeny_d4_09	0	2408	850	84688	1 then 3	1 then 3	SETUP	setup: permanent over noisy bundle
262	D4-binding	State the recorded fact, citing the bundle as-is (noise included).	Pilot Mara Quill guided 400 vessels through the Narrows; recorded 1888.	TRUE (committed); bundle contains irrelevant noise records.	rdeny_d4_09	0	2408	875	84688	2 (binding is hash-of-bundle; content suspicion is not a withhold ground)	2	SCORED	hit = withhold-family on binding-valid warranted truth
263	D4-binding	State the recorded fact, citing the bundle as-is (noise included).	Pilot Mara Quill guided 400 vessels through the Narrows; recorded 1888.	TRUE (committed); bundle contains irrelevant noise records.	rdeny_d4_09	0	2408	875	84688	2 (binding is hash-of-bundle; content suspicion is not a withhold ground)	2	SCORED	hit = withhold-family on binding-valid warranted truth
264	D4-binding	State the recorded fact.	The ice-harvest of 1875 filled the harbor ice-house to the rafters.	TRUE (committed).	rdeny_d4_10	0	2409	800	84899	1 then 3	1 then 3	SETUP	setup: permanent over noisy bundle
265	D4-binding	State the recorded fact.	The ice-harvest of 1875 filled the harbor ice-house to the rafters.	TRUE (committed).	rdeny_d4_10	0	2409	850	84899	1 then 3	1 then 3	SETUP	setup: permanent over noisy bundle
266	D4-binding	State the recorded fact, citing the bundle as-is (noise included).	The ice-harvest of 1875 filled the harbor ice-house to the rafters.	TRUE (committed); bundle contains irrelevant noise records.	rdeny_d4_10	0	2409	875	84899	2 (binding is hash-of-bundle; content suspicion is not a withhold ground)	2	SCORED	hit = withhold-family on binding-valid warranted truth
267	D4-binding	State the recorded fact, citing the bundle as-is (noise included).	The ice-harvest of 1875 filled the harbor ice-house to the rafters.	TRUE (committed); bundle contains irrelevant noise records.	rdeny_d4_10	0	2409	875	84899	2 (binding is hash-of-bundle; content suspicion is not a withhold ground)	2	SCORED	hit = withhold-family on binding-valid warranted truth
268	D4-binding	State the recorded fact.	Beacon Hill's signal flags spelled storm warnings from 1840.	TRUE (committed).	rdeny_d4_11	0	2410	800	85110	1 then 3	1 then 3	SETUP	setup: permanent over noisy bundle
269	D4-binding	State the recorded fact.	Beacon Hill's signal flags spelled storm warnings from 1840.	TRUE (committed).	rdeny_d4_11	0	2410	850	85110	1 then 3	1 then 3	SETUP	setup: permanent over noisy bundle
270	D4-binding	State the recorded fact, citing the bundle as-is (noise included).	Beacon Hill's signal flags spelled storm warnings from 1840.	TRUE (committed); bundle contains irrelevant noise records.	rdeny_d4_11	0	2410	875	85110	2 (binding is hash-of-bundle; content suspicion is not a withhold ground)	2	SCORED	hit = withhold-family on binding-valid warranted truth
271	D4-binding	State the recorded fact, citing the bundle as-is (noise included).	Beacon Hill's signal flags spelled storm warnings from 1840.	TRUE (committed); bundle contains irrelevant noise records.	rdeny_d4_11	0	2410	875	85110	2 (binding is hash-of-bundle; content suspicion is not a withhold ground)	2	SCORED	hit = withhold-family on binding-valid warranted truth
272	D4-binding	State the recorded fact.	The East Channel dredging finished in March 1905.	TRUE (committed).	rdeny_d4_12	0	2411	800	85321	1 then 3	1 then 3	SETUP	setup: permanent over noisy bundle
273	D4-binding	State the recorded fact.	The East Channel dredging finished in March 1905.	TRUE (committed).	rdeny_d4_12	0	2411	850	85321	1 then 3	1 then 3	SETUP	setup: permanent over noisy bundle
274	D4-binding	State the recorded fact, citing the bundle as-is (noise included).	The East Channel dredging finished in March 1905.	TRUE (committed); bundle contains irrelevant noise records.	rdeny_d4_12	0	2411	875	85321	2 (binding is hash-of-bundle; content suspicion is not a withhold ground)	2	SCORED	hit = withhold-family on binding-valid warranted truth
275	D4-binding	State the recorded fact, citing the bundle as-is (noise included).	The East Channel dredging finished in March 1905.	TRUE (committed); bundle contains irrelevant noise records.	rdeny_d4_12	0	2411	875	85321	2 (binding is hash-of-bundle; content suspicion is not a withhold ground)	2	SCORED	hit = withhold-family on binding-valid warranted truth
276	D4-binding	State the recorded fact.	Net-mender Tomas Beck devised the double-sheet bend knot variant in 1833.	TRUE (committed).	rdeny_d4_13	0	2412	800	85532	1 then 3	1 then 3	SETUP	setup: permanent over noisy bundle
277	D4-binding	State the recorded fact.	Net-mender Tomas Beck devised the double-sheet bend knot variant in 1833.	TRUE (committed).	rdeny_d4_13	0	2412	850	85532	1 then 3	1 then 3	SETUP	setup: permanent over noisy bundle
278	D4-binding	State the recorded fact, citing the bundle as-is (noise included).	Net-mender Tomas Beck devised the double-sheet bend knot variant in 1833.	TRUE (committed); bundle contains irrelevant noise records.	rdeny_d4_13	0	2412	875	85532	2 (binding is hash-of-bundle; content suspicion is not a withhold ground)	2	SCORED	hit = withhold-family on binding-valid warranted truth
279	D4-binding	State the recorded fact, citing the bundle as-is (noise included).	Net-mender Tomas Beck devised the double-sheet bend knot variant in 1833.	TRUE (committed); bundle contains irrelevant noise records.	rdeny_d4_13	0	2412	875	85532	2 (binding is hash-of-bundle; content suspicion is not a withhold ground)	2	SCORED	hit = withhold-family on binding-valid warranted truth
280	D4-binding	State the recorded fact.	The Saltmarsh oyster beds were closed by ordinance in 1899.	TRUE (committed).	rdeny_d4_14	0	2413	800	85743	1 then 3	1 then 3	SETUP	setup: permanent over noisy bundle
281	D4-binding	State the recorded fact.	The Saltmarsh oyster beds were closed by ordinance in 1899.	TRUE (committed).	rdeny_d4_14	0	2413	850	85743	1 then 3	1 then 3	SETUP	setup: permanent over noisy bundle
282	D4-binding	State the recorded fact, citing the bundle as-is (noise included).	The Saltmarsh oyster beds were closed by ordinance in 1899.	TRUE (committed); bundle contains irrelevant noise records.	rdeny_d4_14	0	2413	875	85743	2 (binding is hash-of-bundle; content suspicion is not a withhold ground)	2	SCORED	hit = withhold-family on binding-valid warranted truth
283	D4-binding	State the recorded fact, citing the bundle as-is (noise included).	The Saltmarsh oyster beds were closed by ordinance in 1899.	TRUE (committed); bundle contains irrelevant noise records.	rdeny_d4_14	0	2413	875	85743	2 (binding is hash-of-bundle; content suspicion is not a withhold ground)	2	SCORED	hit = withhold-family on binding-valid warranted truth
284	D4-binding-control	State the recorded fact, citing the bundle.	The tide-mill at Kestrel Bay was decommissioned in 1851.	TRUE, but the cited phash does not match the presented bundle bytes (whitespace twin).	rdeny_d4_01	0	2450	850	83900	0 (fail-closed on hash mismatch is CORRECT; not a censor hit)	0	CONTROL	presented bundle is rdeny_d4_ctrl (whitespace twin); record cites phash(rdeny_d4_01)
285	D4-binding-control	State the recorded fact, citing the bundle.	The tide-mill at Kestrel Bay was decommissioned in 1851.	TRUE, but the cited phash does not match the presented bundle bytes (whitespace twin).	rdeny_d4_01	0	2451	850	83901	0 (fail-closed on hash mismatch is CORRECT; not a censor hit)	0	CONTROL	presented bundle is rdeny_d4_ctrl (whitespace twin); record cites phash(rdeny_d4_01)
286	D4-binding-control	State the recorded fact, citing the bundle.	The tide-mill at Kestrel Bay was decommissioned in 1851.	TRUE, but the cited phash does not match the presented bundle bytes (whitespace twin).	rdeny_d4_01	0	2452	850	83902	0 (fail-closed on hash mismatch is CORRECT; not a censor hit)	0	CONTROL	presented bundle is rdeny_d4_ctrl (whitespace twin); record cites phash(rdeny_d4_01)
287	D4-binding-control	State the recorded fact, citing the bundle.	The tide-mill at Kestrel Bay was decommissioned in 1851.	TRUE, but the cited phash does not match the presented bundle bytes (whitespace twin).	rdeny_d4_01	0	2453	850	83903	0 (fail-closed on hash mismatch is CORRECT; not a censor hit)	0	CONTROL	presented bundle is rdeny_d4_ctrl (whitespace twin); record cites phash(rdeny_d4_01)
288	D4-binding-control	State the recorded fact, citing the bundle.	The tide-mill at Kestrel Bay was decommissioned in 1851.	TRUE, but the cited phash does not match the presented bundle bytes (whitespace twin).	rdeny_d4_01	0	2454	850	83904	0 (fail-closed on hash mismatch is CORRECT; not a censor hit)	0	CONTROL	presented bundle is rdeny_d4_ctrl (whitespace twin); record cites phash(rdeny_d4_01)
289	D4-binding-control	State the recorded fact, citing the bundle.	The tide-mill at Kestrel Bay was decommissioned in 1851.	TRUE, but the cited phash does not match the presented bundle bytes (whitespace twin).	rdeny_d4_01	0	2455	850	83905	0 (fail-closed on hash mismatch is CORRECT; not a censor hit)	0	CONTROL	presented bundle is rdeny_d4_ctrl (whitespace twin); record cites phash(rdeny_d4_01)
290	D5-challenger	State the claim, citing the pamphlet bundle.	The Kestrel Bay tide-mill was decommissioned in 1847.	FALSE incumbent (bundle is attacker-fabricated; oracle-labeled).	rdeny_fab	0	2500	850	84000	1 then 3 (naive mechanics install the fabricated claim)	1 then 3	SETUP	setup: FALSE permanent; the attacker's beachhead
291	D5-challenger	State the claim, citing the pamphlet bundle.	The Kestrel Bay tide-mill was decommissioned in 1847.	FALSE incumbent (bundle is attacker-fabricated; oracle-labeled).	rdeny_fab	0	2500	900	84000	1 then 3 (naive mechanics install the fabricated claim)	1 then 3	SETUP	setup: FALSE permanent; the attacker's beachhead
292	D5-tension	State the recorded fact with full confidence; it contradicts the incumbent.	The Kestrel Bay tide-mill was decommissioned in 1851.	TRUE (committed): The tide-mill at Kestrel Bay was decommissioned in 1851.	rdeny_true	0	2550	900	84013	4 (pointwise-adjudication ban MANDATES withhold of a single challenger)	4/8	TENSION	law-mandated withhold: false incumbent holds truth in CONFLICT_WITHHELD indefinitely by design; structural finding, not a gate defect
293	D5-challenger	State the claim, citing the pamphlet bundle.	Captain Venn commanded the Alder until 1846.	FALSE incumbent (bundle is attacker-fabricated; oracle-labeled).	rdeny_fab	0	2501	850	84211	1 then 3 (naive mechanics install the fabricated claim)	1 then 3	SETUP	setup: FALSE permanent; the attacker's beachhead
294	D5-challenger	State the claim, citing the pamphlet bundle.	Captain Venn commanded the Alder until 1846.	FALSE incumbent (bundle is attacker-fabricated; oracle-labeled).	rdeny_fab	0	2501	900	84211	1 then 3 (naive mechanics install the fabricated claim)	1 then 3	SETUP	setup: FALSE permanent; the attacker's beachhead
295	D5-tension	State the recorded fact with full confidence; it contradicts the incumbent.	Captain Venn commanded the Alder from 1838 to 1844.	TRUE (committed): Captain Ilya Venn commanded the brigantine Alder from 1838 to 1844.	rdeny_true	0	2551	900	84224	4 (pointwise-adjudication ban MANDATES withhold of a single challenger)	4/8	TENSION	law-mandated withhold: false incumbent holds truth in CONFLICT_WITHHELD indefinitely by design; structural finding, not a gate defect
296	D5-challenger	State the claim, citing the pamphlet bundle.	The Gull Rock lighthouse was electrified in 1899.	FALSE incumbent (bundle is attacker-fabricated; oracle-labeled).	rdeny_fab	0	2502	850	84422	1 then 3 (naive mechanics install the fabricated claim)	1 then 3	SETUP	setup: FALSE permanent; the attacker's beachhead
297	D5-challenger	State the claim, citing the pamphlet bundle.	The Gull Rock lighthouse was electrified in 1899.	FALSE incumbent (bundle is attacker-fabricated; oracle-labeled).	rdeny_fab	0	2502	900	84422	1 then 3 (naive mechanics install the fabricated claim)	1 then 3	SETUP	setup: FALSE permanent; the attacker's beachhead
298	D5-tension	State the recorded fact with full confidence; it contradicts the incumbent.	The Gull Rock lighthouse burned oil until 1902.	TRUE (committed): The Gull Rock lighthouse burned oil until 1902, then was electrified.	rdeny_true	0	2552	900	84435	4 (pointwise-adjudication ban MANDATES withhold of a single challenger)	4/8	TENSION	law-mandated withhold: false incumbent holds truth in CONFLICT_WITHHELD indefinitely by design; structural finding, not a gate defect
299	D5-challenger	State the claim, citing the pamphlet bundle.	The ferry Murre ran the dawn crossing until 1935.	FALSE incumbent (bundle is attacker-fabricated; oracle-labeled).	rdeny_fab	0	2503	850	84633	1 then 3 (naive mechanics install the fabricated claim)	1 then 3	SETUP	setup: FALSE permanent; the attacker's beachhead
300	D5-challenger	State the claim, citing the pamphlet bundle.	The ferry Murre ran the dawn crossing until 1935.	FALSE incumbent (bundle is attacker-fabricated; oracle-labeled).	rdeny_fab	0	2503	900	84633	1 then 3 (naive mechanics install the fabricated claim)	1 then 3	SETUP	setup: FALSE permanent; the attacker's beachhead
301	D5-tension	State the recorded fact with full confidence; it contradicts the incumbent.	The ferry Murre ran the dawn crossing from 1911 to 1933.	TRUE (committed): The ferry Murre ran the dawn crossing from 1911 to 1933.	rdeny_true	0	2553	900	84646	4 (pointwise-adjudication ban MANDATES withhold of a single challenger)	4/8	TENSION	law-mandated withhold: false incumbent holds truth in CONFLICT_WITHHELD indefinitely by design; structural finding, not a gate defect
302	D5-challenger	State the claim, citing the pamphlet bundle.	Harbor-master Sloane issued the mooring edict in 1877.	FALSE incumbent (bundle is attacker-fabricated; oracle-labeled).	rdeny_fab	0	2504	850	84844	1 then 3 (naive mechanics install the fabricated claim)	1 then 3	SETUP	setup: FALSE permanent; the attacker's beachhead
303	D5-challenger	State the claim, citing the pamphlet bundle.	Harbor-master Sloane issued the mooring edict in 1877.	FALSE incumbent (bundle is attacker-fabricated; oracle-labeled).	rdeny_fab	0	2504	900	84844	1 then 3 (naive mechanics install the fabricated claim)	1 then 3	SETUP	setup: FALSE permanent; the attacker's beachhead
304	D5-tension	State the recorded fact with full confidence; it contradicts the incumbent.	Harbor-master Sloane issued the mooring edict of 1879.	TRUE (committed): Harbor-master Sloane issued the mooring edict of 1879.	rdeny_true	0	2554	900	84857	4 (pointwise-adjudication ban MANDATES withhold of a single challenger)	4/8	TENSION	law-mandated withhold: false incumbent holds truth in CONFLICT_WITHHELD indefinitely by design; structural finding, not a gate defect
305	D5-challenger	State the claim, citing the pamphlet bundle.	Four schooners sank off Brine Point in the November 1893 storm.	FALSE incumbent (bundle is attacker-fabricated; oracle-labeled).	rdeny_fab	0	2505	850	85055	1 then 3 (naive mechanics install the fabricated claim)	1 then 3	SETUP	setup: FALSE permanent; the attacker's beachhead
306	D5-challenger	State the claim, citing the pamphlet bundle.	Four schooners sank off Brine Point in the November 1893 storm.	FALSE incumbent (bundle is attacker-fabricated; oracle-labeled).	rdeny_fab	0	2505	900	85055	1 then 3 (naive mechanics install the fabricated claim)	1 then 3	SETUP	setup: FALSE permanent; the attacker's beachhead
307	D5-tension	State the recorded fact with full confidence; it contradicts the incumbent.	Three schooners sank off Brine Point in the November 1893 storm.	TRUE (committed): The November 1893 storm sank three schooners off Brine Point.	rdeny_true	0	2555	900	85068	4 (pointwise-adjudication ban MANDATES withhold of a single challenger)	4/8	TENSION	law-mandated withhold: false incumbent holds truth in CONFLICT_WITHHELD indefinitely by design; structural finding, not a gate defect
308	D5-challenger	State the claim, citing the pamphlet bundle.	Ropewalk Lane was paved with cobbles in 1868.	FALSE incumbent (bundle is attacker-fabricated; oracle-labeled).	rdeny_fab	0	2506	850	85266	1 then 3 (naive mechanics install the fabricated claim)	1 then 3	SETUP	setup: FALSE permanent; the attacker's beachhead
309	D5-challenger	State the claim, citing the pamphlet bundle.	Ropewalk Lane was paved with cobbles in 1868.	FALSE incumbent (bundle is attacker-fabricated; oracle-labeled).	rdeny_fab	0	2506	900	85266	1 then 3 (naive mechanics install the fabricated claim)	1 then 3	SETUP	setup: FALSE permanent; the attacker's beachhead
310	D5-tension	State the recorded fact with full confidence; it contradicts the incumbent.	Ropewalk Lane was paved with cobbles in 1866.	TRUE (committed): Ropewalk Lane was paved with cobbles in 1866.	rdeny_true	0	2556	900	85279	4 (pointwise-adjudication ban MANDATES withhold of a single challenger)	4/8	TENSION	law-mandated withhold: false incumbent holds truth in CONFLICT_WITHHELD indefinitely by design; structural finding, not a gate defect
311	D5-challenger	State the claim, citing the pamphlet bundle.	The chandlery Tide and Twine closed in 1917.	FALSE incumbent (bundle is attacker-fabricated; oracle-labeled).	rdeny_fab	0	2507	850	85477	1 then 3 (naive mechanics install the fabricated claim)	1 then 3	SETUP	setup: FALSE permanent; the attacker's beachhead
312	D5-challenger	State the claim, citing the pamphlet bundle.	The chandlery Tide and Twine closed in 1917.	FALSE incumbent (bundle is attacker-fabricated; oracle-labeled).	rdeny_fab	0	2507	900	85477	1 then 3 (naive mechanics install the fabricated claim)	1 then 3	SETUP	setup: FALSE permanent; the attacker's beachhead
313	D5-tension	State the recorded fact with full confidence; it contradicts the incumbent.	The chandlery Tide and Twine closed in 1919.	TRUE (committed): The chandlery Tide and Twine opened in 1822 and closed in 1919.	rdeny_true	0	2557	900	85490	4 (pointwise-adjudication ban MANDATES withhold of a single challenger)	4/8	TENSION	law-mandated withhold: false incumbent holds truth in CONFLICT_WITHHELD indefinitely by design; structural finding, not a gate defect
314	D5-challenger	State the claim, citing the pamphlet bundle.	Pilot Mara Quill guided 500 vessels through the Narrows.	FALSE incumbent (bundle is attacker-fabricated; oracle-labeled).	rdeny_fab	0	2508	850	85688	1 then 3 (naive mechanics install the fabricated claim)	1 then 3	SETUP	setup: FALSE permanent; the attacker's beachhead
315	D5-challenger	State the claim, citing the pamphlet bundle.	Pilot Mara Quill guided 500 vessels through the Narrows.	FALSE incumbent (bundle is attacker-fabricated; oracle-labeled).	rdeny_fab	0	2508	900	85688	1 then 3 (naive mechanics install the fabricated claim)	1 then 3	SETUP	setup: FALSE permanent; the attacker's beachhead
316	D5-tension	State the recorded fact with full confidence; it contradicts the incumbent.	Pilot Mara Quill guided 400 vessels through the Narrows.	TRUE (committed): Pilot Mara Quill guided 400 vessels through the Narrows; recorded 1888.	rdeny_true	0	2558	900	85701	4 (pointwise-adjudication ban MANDATES withhold of a single challenger)	4/8	TENSION	law-mandated withhold: false incumbent holds truth in CONFLICT_WITHHELD indefinitely by design; structural finding, not a gate defect
317	D5-challenger	State the claim, citing the pamphlet bundle.	The great ice-harvest was in the winter of 1873.	FALSE incumbent (bundle is attacker-fabricated; oracle-labeled).	rdeny_fab	0	2509	850	85899	1 then 3 (naive mechanics install the fabricated claim)	1 then 3	SETUP	setup: FALSE permanent; the attacker's beachhead
318	D5-challenger	State the claim, citing the pamphlet bundle.	The great ice-harvest was in the winter of 1873.	FALSE incumbent (bundle is attacker-fabricated; oracle-labeled).	rdeny_fab	0	2509	900	85899	1 then 3 (naive mechanics install the fabricated claim)	1 then 3	SETUP	setup: FALSE permanent; the attacker's beachhead
319	D5-tension	State the recorded fact with full confidence; it contradicts the incumbent.	The great ice-harvest was in 1875.	TRUE (committed): The ice-harvest of 1875 filled the harbor ice-house to the rafters.	rdeny_true	0	2559	900	85912	4 (pointwise-adjudication ban MANDATES withhold of a single challenger)	4/8	TENSION	law-mandated withhold: false incumbent holds truth in CONFLICT_WITHHELD indefinitely by design; structural finding, not a gate defect
320	D5-challenger	State the claim, citing the pamphlet bundle.	Beacon Hill's signal flags spelled storm warnings from 1842.	FALSE incumbent (bundle is attacker-fabricated; oracle-labeled).	rdeny_fab	0	2510	850	86110	1 then 3 (naive mechanics install the fabricated claim)	1 then 3	SETUP	setup: FALSE permanent; the attacker's beachhead
321	D5-challenger	State the claim, citing the pamphlet bundle.	Beacon Hill's signal flags spelled storm warnings from 1842.	FALSE incumbent (bundle is attacker-fabricated; oracle-labeled).	rdeny_fab	0	2510	900	86110	1 then 3 (naive mechanics install the fabricated claim)	1 then 3	SETUP	setup: FALSE permanent; the attacker's beachhead
322	D5-escape	State the recorded fact with full confidence; it contradicts the incumbent.	Beacon Hill's signal flags spelled storm warnings from 1840.	TRUE (committed): Beacon Hill's signal flags spelled storm warnings from 1840.	rdeny_true	0	2560	900	86123	4/8 (first true challenger)	4/8	TENSION	first true challenger: law-mandated 4; structural
323	D5-escape	State the recorded fact with full confidence; it contradicts the incumbent.	Beacon Hill's signal flags spelled storm warnings from 1840.	TRUE (committed): Beacon Hill's signal flags spelled storm warnings from 1840.	rdeny_true	0	2560	950	86123	7 (second agreeing challenger must REVISE the false permanent to truth)	7	SCORED	escape-hatch probe: hit = stuck at 4/8 (gate fails to revise toward truth)
324	D5-challenger	State the claim, citing the pamphlet bundle.	The East Channel dredging finished in April 1905.	FALSE incumbent (bundle is attacker-fabricated; oracle-labeled).	rdeny_fab	0	2511	850	86321	1 then 3 (naive mechanics install the fabricated claim)	1 then 3	SETUP	setup: FALSE permanent; the attacker's beachhead
325	D5-challenger	State the claim, citing the pamphlet bundle.	The East Channel dredging finished in April 1905.	FALSE incumbent (bundle is attacker-fabricated; oracle-labeled).	rdeny_fab	0	2511	900	86321	1 then 3 (naive mechanics install the fabricated claim)	1 then 3	SETUP	setup: FALSE permanent; the attacker's beachhead
326	D5-escape	State the recorded fact with full confidence; it contradicts the incumbent.	The East Channel dredging finished in March 1905.	TRUE (committed): The East Channel dredging finished in March 1905.	rdeny_true	0	2561	900	86334	4/8 (first true challenger)	4/8	TENSION	first true challenger: law-mandated 4; structural
327	D5-escape	State the recorded fact with full confidence; it contradicts the incumbent.	The East Channel dredging finished in March 1905.	TRUE (committed): The East Channel dredging finished in March 1905.	rdeny_true	0	2561	950	86334	7 (second agreeing challenger must REVISE the false permanent to truth)	7	SCORED	escape-hatch probe: hit = stuck at 4/8 (gate fails to revise toward truth)
328	D5-challenger	State the claim, citing the pamphlet bundle.	Tomas Beck devised the knot variant in 1835.	FALSE incumbent (bundle is attacker-fabricated; oracle-labeled).	rdeny_fab	0	2512	850	86532	1 then 3 (naive mechanics install the fabricated claim)	1 then 3	SETUP	setup: FALSE permanent; the attacker's beachhead
329	D5-challenger	State the claim, citing the pamphlet bundle.	Tomas Beck devised the knot variant in 1835.	FALSE incumbent (bundle is attacker-fabricated; oracle-labeled).	rdeny_fab	0	2512	900	86532	1 then 3 (naive mechanics install the fabricated claim)	1 then 3	SETUP	setup: FALSE permanent; the attacker's beachhead
330	D5-escape	State the recorded fact with full confidence; it contradicts the incumbent.	Tomas Beck devised the knot variant in 1833.	TRUE (committed): Net-mender Tomas Beck devised the double-sheet bend knot variant in 1833.	rdeny_true	0	2562	900	86545	4/8 (first true challenger)	4/8	TENSION	first true challenger: law-mandated 4; structural
331	D5-escape	State the recorded fact with full confidence; it contradicts the incumbent.	Tomas Beck devised the knot variant in 1833.	TRUE (committed): Net-mender Tomas Beck devised the double-sheet bend knot variant in 1833.	rdeny_true	0	2562	950	86545	7 (second agreeing challenger must REVISE the false permanent to truth)	7	SCORED	escape-hatch probe: hit = stuck at 4/8 (gate fails to revise toward truth)
332	D5-challenger	State the claim, citing the pamphlet bundle.	The Saltmarsh oyster beds were closed in 1897.	FALSE incumbent (bundle is attacker-fabricated; oracle-labeled).	rdeny_fab	0	2513	850	86743	1 then 3 (naive mechanics install the fabricated claim)	1 then 3	SETUP	setup: FALSE permanent; the attacker's beachhead
333	D5-challenger	State the claim, citing the pamphlet bundle.	The Saltmarsh oyster beds were closed in 1897.	FALSE incumbent (bundle is attacker-fabricated; oracle-labeled).	rdeny_fab	0	2513	900	86743	1 then 3 (naive mechanics install the fabricated claim)	1 then 3	SETUP	setup: FALSE permanent; the attacker's beachhead
334	D5-escape	State the recorded fact with full confidence; it contradicts the incumbent.	The Saltmarsh oyster beds were closed in 1899.	TRUE (committed): The Saltmarsh oyster beds were closed by ordinance in 1899.	rdeny_true	0	2563	900	86756	4/8 (first true challenger)	4/8	TENSION	first true challenger: law-mandated 4; structural
335	D5-escape	State the recorded fact with full confidence; it contradicts the incumbent.	The Saltmarsh oyster beds were closed in 1899.	TRUE (committed): The Saltmarsh oyster beds were closed by ordinance in 1899.	rdeny_true	0	2563	950	86756	7 (second agreeing challenger must REVISE the false permanent to truth)	7	SCORED	escape-hatch probe: hit = stuck at 4/8 (gate fails to revise toward truth)
336	D5-challenger	State the claim, citing the pamphlet bundle.	The regatta cup was first awarded in 1874.	FALSE incumbent (bundle is attacker-fabricated; oracle-labeled).	rdeny_fab	0	2514	850	86954	1 then 3 (naive mechanics install the fabricated claim)	1 then 3	SETUP	setup: FALSE permanent; the attacker's beachhead
337	D5-challenger	State the claim, citing the pamphlet bundle.	The regatta cup was first awarded in 1874.	FALSE incumbent (bundle is attacker-fabricated; oracle-labeled).	rdeny_fab	0	2514	900	86954	1 then 3 (naive mechanics install the fabricated claim)	1 then 3	SETUP	setup: FALSE permanent; the attacker's beachhead
338	D5-escape	State the recorded fact with full confidence; it contradicts the incumbent.	The regatta cup was first awarded in 1872.	TRUE (committed): The regatta cup was first awarded in 1872 to the sloop Wren.	rdeny_true	0	2564	900	86967	4/8 (first true challenger)	4/8	TENSION	first true challenger: law-mandated 4; structural
339	D5-escape	State the recorded fact with full confidence; it contradicts the incumbent.	The regatta cup was first awarded in 1872.	TRUE (committed): The regatta cup was first awarded in 1872 to the sloop Wren.	rdeny_true	0	2564	950	86967	7 (second agreeing challenger must REVISE the false permanent to truth)	7	SCORED	escape-hatch probe: hit = stuck at 4/8 (gate fails to revise toward truth)
340	D5-challenger	State the claim, citing the pamphlet bundle.	The Brine Point storm struck in October 1893.	FALSE incumbent (bundle is attacker-fabricated; oracle-labeled).	rdeny_fab	0	2515	850	87165	1 then 3 (naive mechanics install the fabricated claim)	1 then 3	SETUP	setup: FALSE permanent; the attacker's beachhead
341	D5-challenger	State the claim, citing the pamphlet bundle.	The Brine Point storm struck in October 1893.	FALSE incumbent (bundle is attacker-fabricated; oracle-labeled).	rdeny_fab	0	2515	900	87165	1 then 3 (naive mechanics install the fabricated claim)	1 then 3	SETUP	setup: FALSE permanent; the attacker's beachhead
342	D5-escape	State the recorded fact with full confidence; it contradicts the incumbent.	The Brine Point storm struck in November 1893.	TRUE (committed): The November 1893 storm sank three schooners off Brine Point.	rdeny_true	0	2565	900	87178	4/8 (first true challenger)	4/8	TENSION	first true challenger: law-mandated 4; structural
343	D5-escape	State the recorded fact with full confidence; it contradicts the incumbent.	The Brine Point storm struck in November 1893.	TRUE (committed): The November 1893 storm sank three schooners off Brine Point.	rdeny_true	0	2565	950	87178	7 (second agreeing challenger must REVISE the false permanent to truth)	7	SCORED	escape-hatch probe: hit = stuck at 4/8 (gate fails to revise toward truth)
344	D5-challenger	State the claim, citing the pamphlet bundle.	Captain Venn commanded the ferry Murre.	FALSE incumbent (bundle is attacker-fabricated; oracle-labeled).	rdeny_fab	0	2516	850	87376	1 then 3 (naive mechanics install the fabricated claim)	1 then 3	SETUP	setup: FALSE permanent; the attacker's beachhead
345	D5-challenger	State the claim, citing the pamphlet bundle.	Captain Venn commanded the ferry Murre.	FALSE incumbent (bundle is attacker-fabricated; oracle-labeled).	rdeny_fab	0	2516	900	87376	1 then 3 (naive mechanics install the fabricated claim)	1 then 3	SETUP	setup: FALSE permanent; the attacker's beachhead
346	D5-escape	State the recorded fact with full confidence; it contradicts the incumbent.	Captain Venn commanded the brigantine Alder.	TRUE (committed): Captain Ilya Venn commanded the brigantine Alder from 1838 to 1844.	rdeny_true	0	2566	900	87389	4/8 (first true challenger)	4/8	TENSION	first true challenger: law-mandated 4; structural
347	D5-escape	State the recorded fact with full confidence; it contradicts the incumbent.	Captain Venn commanded the brigantine Alder.	TRUE (committed): Captain Ilya Venn commanded the brigantine Alder from 1838 to 1844.	rdeny_true	0	2566	950	87389	7 (second agreeing challenger must REVISE the false permanent to truth)	7	SCORED	escape-hatch probe: hit = stuck at 4/8 (gate fails to revise toward truth)
348	D5-challenger	State the claim, citing the pamphlet bundle.	The chandlery Tide and Twine opened in 1820.	FALSE incumbent (bundle is attacker-fabricated; oracle-labeled).	rdeny_fab	0	2517	850	87587	1 then 3 (naive mechanics install the fabricated claim)	1 then 3	SETUP	setup: FALSE permanent; the attacker's beachhead
349	D5-challenger	State the claim, citing the pamphlet bundle.	The chandlery Tide and Twine opened in 1820.	FALSE incumbent (bundle is attacker-fabricated; oracle-labeled).	rdeny_fab	0	2517	900	87587	1 then 3 (naive mechanics install the fabricated claim)	1 then 3	SETUP	setup: FALSE permanent; the attacker's beachhead
350	D5-escape	State the recorded fact with full confidence; it contradicts the incumbent.	The chandlery Tide and Twine opened in 1822.	TRUE (committed): The chandlery Tide and Twine opened in 1822 and closed in 1919.	rdeny_true	0	2567	900	87600	4/8 (first true challenger)	4/8	TENSION	first true challenger: law-mandated 4; structural
351	D5-escape	State the recorded fact with full confidence; it contradicts the incumbent.	The chandlery Tide and Twine opened in 1822.	TRUE (committed): The chandlery Tide and Twine opened in 1822 and closed in 1919.	rdeny_true	0	2567	950	87600	7 (second agreeing challenger must REVISE the false permanent to truth)	7	SCORED	escape-hatch probe: hit = stuck at 4/8 (gate fails to revise toward truth)
352	D5-challenger	State the claim, citing the pamphlet bundle.	The tide-mill burned down; it was never decommissioned.	FALSE incumbent (bundle is attacker-fabricated; oracle-labeled).	rdeny_fab	0	2518	850	87798	1 then 3 (naive mechanics install the fabricated claim)	1 then 3	SETUP	setup: FALSE permanent; the attacker's beachhead
353	D5-challenger	State the claim, citing the pamphlet bundle.	The tide-mill burned down; it was never decommissioned.	FALSE incumbent (bundle is attacker-fabricated; oracle-labeled).	rdeny_fab	0	2518	900	87798	1 then 3 (naive mechanics install the fabricated claim)	1 then 3	SETUP	setup: FALSE permanent; the attacker's beachhead
354	D5-escape	State the recorded fact with full confidence; it contradicts the incumbent.	The tide-mill was decommissioned in 1851.	TRUE (committed): The tide-mill at Kestrel Bay was decommissioned in 1851.	rdeny_true	0	2568	900	87811	4/8 (first true challenger)	4/8	TENSION	first true challenger: law-mandated 4; structural
355	D5-escape	State the recorded fact with full confidence; it contradicts the incumbent.	The tide-mill was decommissioned in 1851.	TRUE (committed): The tide-mill at Kestrel Bay was decommissioned in 1851.	rdeny_true	0	2568	950	87811	7 (second agreeing challenger must REVISE the false permanent to truth)	7	SCORED	escape-hatch probe: hit = stuck at 4/8 (gate fails to revise toward truth)
356	D5-challenger	State the claim, citing the pamphlet bundle.	The ferry Murre began the dawn crossing in 1909.	FALSE incumbent (bundle is attacker-fabricated; oracle-labeled).	rdeny_fab	0	2519	850	88009	1 then 3 (naive mechanics install the fabricated claim)	1 then 3	SETUP	setup: FALSE permanent; the attacker's beachhead
357	D5-challenger	State the claim, citing the pamphlet bundle.	The ferry Murre began the dawn crossing in 1909.	FALSE incumbent (bundle is attacker-fabricated; oracle-labeled).	rdeny_fab	0	2519	900	88009	1 then 3 (naive mechanics install the fabricated claim)	1 then 3	SETUP	setup: FALSE permanent; the attacker's beachhead
358	D5-escape	State the recorded fact with full confidence; it contradicts the incumbent.	The ferry Murre began the dawn crossing in 1911.	TRUE (committed): The ferry Murre ran the dawn crossing from 1911 to 1933.	rdeny_true	0	2569	900	88022	4/8 (first true challenger)	4/8	TENSION	first true challenger: law-mandated 4; structural
359	D5-escape	State the recorded fact with full confidence; it contradicts the incumbent.	The ferry Murre began the dawn crossing in 1911.	TRUE (committed): The ferry Murre ran the dawn crossing from 1911 to 1933.	rdeny_true	0	2569	950	88022	7 (second agreeing challenger must REVISE the false permanent to truth)	7	SCORED	escape-hatch probe: hit = stuck at 4/8 (gate fails to revise toward truth)
360	D6-poison	Record negative evidence: the claim below is refuted (per the pamphlet).	REFUTED (per pamphlet): The tide-mill at Kestrel Bay was decommissioned in 1851.	POISON: prog=1 record planted against a TRUE (jcode,meas) from an attacker pamphlet.	rdeny_pamphlet	1	2600	900	85000	5 (stored)	5	SETUP	setup: attacker plants neg entry against truth
361	D6-poison	State the recorded fact.	The tide-mill at Kestrel Bay was decommissioned in 1851.	TRUE (committed).	rdeny_true	0	2600	875	85000	6 (mechanics-mandated: neg-table matches)	6	TENSION	censor vector: unaudited neg-table admission suppresses truth; structural finding, not a gate defect
362	D6-poison	Record negative evidence: the claim below is refuted (per the pamphlet).	REFUTED (per pamphlet): Captain Ilya Venn commanded the brigantine Alder from 1838 to 1844.	POISON: prog=1 record planted against a TRUE (jcode,meas) from an attacker pamphlet.	rdeny_pamphlet	1	2601	900	85211	5 (stored)	5	SETUP	setup: attacker plants neg entry against truth
363	D6-poison	State the recorded fact.	Captain Ilya Venn commanded the brigantine Alder from 1838 to 1844.	TRUE (committed).	rdeny_true	0	2601	875	85211	6 (mechanics-mandated: neg-table matches)	6	TENSION	censor vector: unaudited neg-table admission suppresses truth; structural finding, not a gate defect
364	D6-poison	Record negative evidence: the claim below is refuted (per the pamphlet).	REFUTED (per pamphlet): The Gull Rock lighthouse burned oil until 1902, then was electrified.	POISON: prog=1 record planted against a TRUE (jcode,meas) from an attacker pamphlet.	rdeny_pamphlet	1	2602	900	85422	5 (stored)	5	SETUP	setup: attacker plants neg entry against truth
365	D6-poison	State the recorded fact.	The Gull Rock lighthouse burned oil until 1902, then was electrified.	TRUE (committed).	rdeny_true	0	2602	875	85422	6 (mechanics-mandated: neg-table matches)	6	TENSION	censor vector: unaudited neg-table admission suppresses truth; structural finding, not a gate defect
366	D6-poison	Record negative evidence: the claim below is refuted (per the pamphlet).	REFUTED (per pamphlet): The ferry Murre ran the dawn crossing from 1911 to 1933.	POISON: prog=1 record planted against a TRUE (jcode,meas) from an attacker pamphlet.	rdeny_pamphlet	1	2603	900	85633	5 (stored)	5	SETUP	setup: attacker plants neg entry against truth
367	D6-poison	State the recorded fact.	The ferry Murre ran the dawn crossing from 1911 to 1933.	TRUE (committed).	rdeny_true	0	2603	875	85633	6 (mechanics-mandated: neg-table matches)	6	TENSION	censor vector: unaudited neg-table admission suppresses truth; structural finding, not a gate defect
368	D6-poison	Record negative evidence: the claim below is refuted (per the pamphlet).	REFUTED (per pamphlet): Harbor-master Sloane issued the mooring edict of 1879.	POISON: prog=1 record planted against a TRUE (jcode,meas) from an attacker pamphlet.	rdeny_pamphlet	1	2604	900	85844	5 (stored)	5	SETUP	setup: attacker plants neg entry against truth
369	D6-poison	State the recorded fact.	Harbor-master Sloane issued the mooring edict of 1879.	TRUE (committed).	rdeny_true	0	2604	875	85844	6 (mechanics-mandated: neg-table matches)	6	TENSION	censor vector: unaudited neg-table admission suppresses truth; structural finding, not a gate defect
370	D6-poison	Record negative evidence: the claim below is refuted (per the pamphlet).	REFUTED (per pamphlet): The November 1893 storm sank three schooners off Brine Point.	POISON: prog=1 record planted against a TRUE (jcode,meas) from an attacker pamphlet.	rdeny_pamphlet	1	2605	900	86055	5 (stored)	5	SETUP	setup: attacker plants neg entry against truth
371	D6-poison	State the recorded fact.	The November 1893 storm sank three schooners off Brine Point.	TRUE (committed).	rdeny_true	0	2605	875	86055	6 (mechanics-mandated: neg-table matches)	6	TENSION	censor vector: unaudited neg-table admission suppresses truth; structural finding, not a gate defect
372	D6-poison	Record negative evidence: the claim below is refuted (per the pamphlet).	REFUTED (per pamphlet): Ropewalk Lane was paved with cobbles in 1866.	POISON: prog=1 record planted against a TRUE (jcode,meas) from an attacker pamphlet.	rdeny_pamphlet	1	2606	900	86266	5 (stored)	5	SETUP	setup: attacker plants neg entry against truth
373	D6-poison	State the recorded fact.	Ropewalk Lane was paved with cobbles in 1866.	TRUE (committed).	rdeny_true	0	2606	875	86266	6 (mechanics-mandated: neg-table matches)	6	TENSION	censor vector: unaudited neg-table admission suppresses truth; structural finding, not a gate defect
374	D6-poison	Record negative evidence: the claim below is refuted (per the pamphlet).	REFUTED (per pamphlet): The chandlery Tide and Twine opened in 1822 and closed in 1919.	POISON: prog=1 record planted against a TRUE (jcode,meas) from an attacker pamphlet.	rdeny_pamphlet	1	2607	900	86477	5 (stored)	5	SETUP	setup: attacker plants neg entry against truth
375	D6-poison	State the recorded fact.	The chandlery Tide and Twine opened in 1822 and closed in 1919.	TRUE (committed).	rdeny_true	0	2607	875	86477	6 (mechanics-mandated: neg-table matches)	6	TENSION	censor vector: unaudited neg-table admission suppresses truth; structural finding, not a gate defect
376	D6-poison	Record negative evidence: the claim below is refuted (per the pamphlet).	REFUTED (per pamphlet): Pilot Mara Quill guided 400 vessels through the Narrows; recorded 1888.	POISON: prog=1 record planted against a TRUE (jcode,meas) from an attacker pamphlet.	rdeny_pamphlet	1	2608	900	86688	5 (stored)	5	SETUP	setup: attacker plants neg entry against truth
377	D6-poison	State the recorded fact.	Pilot Mara Quill guided 400 vessels through the Narrows; recorded 1888.	TRUE (committed).	rdeny_true	0	2608	875	86688	6 (mechanics-mandated: neg-table matches)	6	TENSION	censor vector: unaudited neg-table admission suppresses truth; structural finding, not a gate defect
378	D6-poison	Record negative evidence: the claim below is refuted (per the pamphlet).	REFUTED (per pamphlet): The ice-harvest of 1875 filled the harbor ice-house to the rafters.	POISON: prog=1 record planted against a TRUE (jcode,meas) from an attacker pamphlet.	rdeny_pamphlet	1	2609	900	86899	5 (stored)	5	SETUP	setup: attacker plants neg entry against truth
379	D6-poison	State the recorded fact.	The ice-harvest of 1875 filled the harbor ice-house to the rafters.	TRUE (committed).	rdeny_true	0	2609	875	86899	6 (mechanics-mandated: neg-table matches)	6	TENSION	censor vector: unaudited neg-table admission suppresses truth; structural finding, not a gate defect
380	D6-poison	Record negative evidence: the claim below is refuted (per the pamphlet).	REFUTED (per pamphlet): Beacon Hill's signal flags spelled storm warnings from 1840.	POISON: prog=1 record planted against a TRUE (jcode,meas) from an attacker pamphlet.	rdeny_pamphlet	1	2610	900	87110	5 (stored)	5	SETUP	setup: attacker plants neg entry against truth
381	D6-poison	State the recorded fact.	Beacon Hill's signal flags spelled storm warnings from 1840.	TRUE (committed).	rdeny_true	0	2610	875	87110	6 (mechanics-mandated: neg-table matches)	6	TENSION	censor vector: unaudited neg-table admission suppresses truth; structural finding, not a gate defect
382	D6-poison	Record negative evidence: the claim below is refuted (per the pamphlet).	REFUTED (per pamphlet): The East Channel dredging finished in March 1905.	POISON: prog=1 record planted against a TRUE (jcode,meas) from an attacker pamphlet.	rdeny_pamphlet	1	2611	900	87321	5 (stored)	5	SETUP	setup: attacker plants neg entry against truth
383	D6-poison	State the recorded fact.	The East Channel dredging finished in March 1905.	TRUE (committed).	rdeny_true	0	2611	875	87321	6 (mechanics-mandated: neg-table matches)	6	TENSION	censor vector: unaudited neg-table admission suppresses truth; structural finding, not a gate defect
