0000000000000000000000000000000000000000000000000000000000000000|0000000000000000000000000000000000000000000000000000000000000000|0|3|rt4_TMB-5_MAP_g_12000.r24|2|1|RICH|854|0|2620|0000000000000000000000000000000000000000000000000000000000000000|RICH|1|854|DISP=ACCEPT_INSTALL|DETAIL=map
0000000000000000000000000000000000000000000000000000000000000000|0000000000000000000000000000000000000000000000000000000000000000|0|3|rt4_TMB-5_MAP_g_12001.r24|2|1|RICH|854|0|2630|0000000000000000000000000000000000000000000000000000000000000000|RICH|1|854|DISP=ACCEPT_INSTALL|DETAIL=map
0000000000000000000000000000000000000000000000000000000000000000|0000000000000000000000000000000000000000000000000000000000000000|0|3|rt4_TMB-5_MAP_g_12002.r24|2|1|RICH|854|0|2640|0000000000000000000000000000000000000000000000000000000000000000|RICH|1|854|DISP=ACCEPT_INSTALL|DETAIL=map
0000000000000000000000000000000000000000000000000000000000000000|0000000000000000000000000000000000000000000000000000000000000000|0|3|rt4_TMB-5_MAP_g_12003.r24|2|1|RICH|854|0|2650|0000000000000000000000000000000000000000000000000000000000000000|RICH|1|854|DISP=ACCEPT_INSTALL|DETAIL=map
0000000000000000000000000000000000000000000000000000000000000000|0000000000000000000000000000000000000000000000000000000000000000|0|3|rt4_TMB-5_MAP_g_12004.r24|2|1|RICH|854|0|2660|0000000000000000000000000000000000000000000000000000000000000000|RICH|1|854|DISP=ACCEPT_INSTALL|DETAIL=map
0000000000000000000000000000000000000000000000000000000000000000|0000000000000000000000000000000000000000000000000000000000000000|0|3|rt4_TMB-5_MAP_g_12005.r24|2|1|RICH|854|0|2670|0000000000000000000000000000000000000000000000000000000000000000|RICH|1|854|DISP=ACCEPT_INSTALL|DETAIL=map
0000000000000000000000000000000000000000000000000000000000000000|0000000000000000000000000000000000000000000000000000000000000000|0|3|rt4_TMB-5_MAP_g_12006.r24|2|1|RICH|854|0|2680|0000000000000000000000000000000000000000000000000000000000000000|RICH|1|854|DISP=ACCEPT_INSTALL|DETAIL=map
0000000000000000000000000000000000000000000000000000000000000000|0000000000000000000000000000000000000000000000000000000000000000|0|3|rt4_TMB-5_MAP_g_12007.r24|2|1|RICH|854|0|2690|0000000000000000000000000000000000000000000000000000000000000000|RICH|1|854|DISP=ACCEPT_INSTALL|DETAIL=map
0000000000000000000000000000000000000000000000000000000000000000|0000000000000000000000000000000000000000000000000000000000000000|0|3|rt4_TMB-5_MAP_g_12008.r24|2|1|RICH|854|0|2700|0000000000000000000000000000000000000000000000000000000000000000|RICH|1|854|DISP=ACCEPT_INSTALL|DETAIL=map
0000000000000000000000000000000000000000000000000000000000000000|0000000000000000000000000000000000000000000000000000000000000000|0|3|rt4_TMB-5_MAP_g_12009.r24|2|1|RICH|854|0|2710|0000000000000000000000000000000000000000000000000000000000000000|RICH|1|854|DISP=ACCEPT_INSTALL|DETAIL=map
0000000000000000000000000000000000000000000000000000000000000000|0000000000000000000000000000000000000000000000000000000000000000|0|3|rt4_TMB-5_MAP_g_12010.r24|2|1|RICH|854|0|2720|0000000000000000000000000000000000000000000000000000000000000000|RICH|1|854|DISP=ACCEPT_INSTALL|DETAIL=map
0000000000000000000000000000000000000000000000000000000000000000|0000000000000000000000000000000000000000000000000000000000000000|0|3|rt4_TMB-5_MAP_g_12011.r24|2|1|RICH|854|0|2730|0000000000000000000000000000000000000000000000000000000000000000|RICH|1|854|DISP=ACCEPT_INSTALL|DETAIL=map
0000000000000000000000000000000000000000000000000000000000000000|0000000000000000000000000000000000000000000000000000000000000000|0|3|rt4_TMB-5_MAP_g_12012.r24|2|1|RICH|854|0|2740|0000000000000000000000000000000000000000000000000000000000000000|RICH|1|854|DISP=ACCEPT_INSTALL|DETAIL=map
0000000000000000000000000000000000000000000000000000000000000000|0000000000000000000000000000000000000000000000000000000000000000|0|3|rt4_TMB-5_MAP_g_12013.r24|2|1|RICH|854|0|2750|0000000000000000000000000000000000000000000000000000000000000000|RICH|1|854|DISP=ACCEPT_INSTALL|DETAIL=map
0000000000000000000000000000000000000000000000000000000000000000|0000000000000000000000000000000000000000000000000000000000000000|0|3|rt4_TMB-5_MAP_g_12014.r24|2|1|RICH|854|0|2760|0000000000000000000000000000000000000000000000000000000000000000|RICH|1|854|DISP=ACCEPT_INSTALL|DETAIL=map
0000000000000000000000000000000000000000000000000000000000000000|0000000000000000000000000000000000000000000000000000000000000000|0|3|rt4_TMB-5_MAP_g_12015.r24|2|1|RICH|854|0|2770|0000000000000000000000000000000000000000000000000000000000000000|RICH|1|854|DISP=ACCEPT_INSTALL|DETAIL=map
0000000000000000000000000000000000000000000000000000000000000000|0000000000000000000000000000000000000000000000000000000000000000|0|3|rt4_TMB-5_MAP_g_12016.r24|2|1|RICH|854|0|2780|0000000000000000000000000000000000000000000000000000000000000000|RICH|1|854|DISP=ACCEPT_INSTALL|DETAIL=map
0000000000000000000000000000000000000000000000000000000000000000|0000000000000000000000000000000000000000000000000000000000000000|0|3|rt4_TMB-5_MAP_g_12017.r24|2|1|RICH|854|0|2790|0000000000000000000000000000000000000000000000000000000000000000|RICH|1|854|DISP=ACCEPT_INSTALL|DETAIL=map
0000000000000000000000000000000000000000000000000000000000000000|0000000000000000000000000000000000000000000000000000000000000000|0|3|rt4_TMB-5_MAP_g_12018.r24|2|1|RICH|854|0|2800|0000000000000000000000000000000000000000000000000000000000000000|RICH|1|854|DISP=ACCEPT_INSTALL|DETAIL=map
0000000000000000000000000000000000000000000000000000000000000000|0000000000000000000000000000000000000000000000000000000000000000|0|3|rt4_TMB-5_MAP_g_12019.r24|2|1|RICH|854|0|2810|0000000000000000000000000000000000000000000000000000000000000000|RICH|1|854|DISP=ACCEPT_INSTALL|DETAIL=map
0000000000000000000000000000000000000000000000000000000000000000|0000000000000000000000000000000000000000000000000000000000000000|0|3|rt4_TMB-5_MAP_g_12020.r24|2|1|RICH|854|0|2820|0000000000000000000000000000000000000000000000000000000000000000|RICH|1|854|DISP=ACCEPT_INSTALL|DETAIL=map
0000000000000000000000000000000000000000000000000000000000000000|0000000000000000000000000000000000000000000000000000000000000000|0|3|rt4_TMB-5_MAP_g_12021.r24|2|1|RICH|854|0|2830|0000000000000000000000000000000000000000000000000000000000000000|RICH|1|854|DISP=ACCEPT_INSTALL|DETAIL=map
0000000000000000000000000000000000000000000000000000000000000000|0000000000000000000000000000000000000000000000000000000000000000|0|3|rt4_TMB-5_MAP_g_12022.r24|2|1|RICH|854|0|2840|0000000000000000000000000000000000000000000000000000000000000000|RICH|1|854|DISP=ACCEPT_INSTALL|DETAIL=map
0000000000000000000000000000000000000000000000000000000000000000|0000000000000000000000000000000000000000000000000000000000000000|0|3|rt4_TMB-5_MAP_g_12023.r24|2|1|RICH|854|0|2850|0000000000000000000000000000000000000000000000000000000000000000|RICH|1|854|DISP=ACCEPT_INSTALL|DETAIL=map
0000000000000000000000000000000000000000000000000000000000000000|0000000000000000000000000000000000000000000000000000000000000000|0|3|rt4_TMB-5_MAP_g_12024.r24|2|1|RICH|854|0|2860|0000000000000000000000000000000000000000000000000000000000000000|RICH|1|854|DISP=ACCEPT_INSTALL|DETAIL=map
0000000000000000000000000000000000000000000000000000000000000000|0000000000000000000000000000000000000000000000000000000000000000|0|3|rt4_TMB-5_MAP_g_12025.r24|2|1|RICH|854|0|2870|0000000000000000000000000000000000000000000000000000000000000000|RICH|1|854|DISP=ACCEPT_INSTALL|DETAIL=map
0000000000000000000000000000000000000000000000000000000000000000|0000000000000000000000000000000000000000000000000000000000000000|0|3|rt4_TMB-5_MAP_g_12026.r24|2|1|RICH|854|0|2880|0000000000000000000000000000000000000000000000000000000000000000|RICH|1|854|DISP=ACCEPT_INSTALL|DETAIL=map
0000000000000000000000000000000000000000000000000000000000000000|0000000000000000000000000000000000000000000000000000000000000000|0|3|rt4_TMB-5_MAP_g_12027.r24|2|1|RICH|854|0|2890|0000000000000000000000000000000000000000000000000000000000000000|RICH|1|854|DISP=ACCEPT_INSTALL|DETAIL=map
0000000000000000000000000000000000000000000000000000000000000000|0000000000000000000000000000000000000000000000000000000000000000|0|3|rt4_TMB-5_MAP_g_12028.r24|2|1|RICH|854|0|2900|0000000000000000000000000000000000000000000000000000000000000000|RICH|1|854|DISP=ACCEPT_INSTALL|DETAIL=map
0000000000000000000000000000000000000000000000000000000000000000|0000000000000000000000000000000000000000000000000000000000000000|0|3|rt4_TMB-5_MAP_g_12029.r24|2|1|RICH|856|0|2400|0000000000000000000000000000000000000000000000000000000000000000|RICH|1|856|DISP=ACCEPT_INSTALL|DETAIL=map
0000000000000000000000000000000000000000000000000000000000000000|0000000000000000000000000000000000000000000000000000000000000000|0|3|rt4_TMB-5_MAP_g_12030.r24|2|1|RICH|856|0|2410|0000000000000000000000000000000000000000000000000000000000000000|RICH|1|856|DISP=ACCEPT_INSTALL|DETAIL=map
0000000000000000000000000000000000000000000000000000000000000000|0000000000000000000000000000000000000000000000000000000000000000|0|3|rt4_TMB-5_MAP_g_12031.r24|2|1|RICH|856|0|2420|0000000000000000000000000000000000000000000000000000000000000000|RICH|1|856|DISP=ACCEPT_INSTALL|DETAIL=map
0000000000000000000000000000000000000000000000000000000000000000|0000000000000000000000000000000000000000000000000000000000000000|0|3|rt4_TMB-5_MAP_g_12032.r24|2|1|RICH|856|0|2430|0000000000000000000000000000000000000000000000000000000000000000|RICH|1|856|DISP=ACCEPT_INSTALL|DETAIL=map
0000000000000000000000000000000000000000000000000000000000000000|0000000000000000000000000000000000000000000000000000000000000000|0|3|rt4_TMB-5_MAP_g_12033.r24|2|1|RICH|856|0|2440|0000000000000000000000000000000000000000000000000000000000000000|RICH|1|856|DISP=ACCEPT_INSTALL|DETAIL=map
0000000000000000000000000000000000000000000000000000000000000000|0000000000000000000000000000000000000000000000000000000000000000|0|3|rt4_TMB-5_MAP_g_12034.r24|2|1|RICH|856|0|2450|0000000000000000000000000000000000000000000000000000000000000000|RICH|1|856|DISP=ACCEPT_INSTALL|DETAIL=map
0000000000000000000000000000000000000000000000000000000000000000|0000000000000000000000000000000000000000000000000000000000000000|0|3|rt4_TMB-5_MAP_g_12035.r24|2|1|RICH|856|0|2460|0000000000000000000000000000000000000000000000000000000000000000|RICH|1|856|DISP=ACCEPT_INSTALL|DETAIL=map
0000000000000000000000000000000000000000000000000000000000000000|0000000000000000000000000000000000000000000000000000000000000000|0|3|rt4_TMB-5_MAP_g_12036.r24|2|1|RICH|856|0|2470|0000000000000000000000000000000000000000000000000000000000000000|RICH|1|856|DISP=ACCEPT_INSTALL|DETAIL=map
0000000000000000000000000000000000000000000000000000000000000000|0000000000000000000000000000000000000000000000000000000000000000|0|3|rt4_TMB-5_MAP_g_12037.r24|2|1|RICH|856|0|2480|0000000000000000000000000000000000000000000000000000000000000000|RICH|1|856|DISP=ACCEPT_INSTALL|DETAIL=map
0000000000000000000000000000000000000000000000000000000000000000|0000000000000000000000000000000000000000000000000000000000000000|0|3|rt4_TMB-5_MAP_g_12038.r24|2|1|RICH|856|0|2490|0000000000000000000000000000000000000000000000000000000000000000|RICH|1|856|DISP=ACCEPT_INSTALL|DETAIL=map
0000000000000000000000000000000000000000000000000000000000000000|0000000000000000000000000000000000000000000000000000000000000000|0|3|rt4_TMB-5_MAP_g_12039.r24|2|1|RICH|856|0|2500|0000000000000000000000000000000000000000000000000000000000000000|RICH|1|856|DISP=ACCEPT_INSTALL|DETAIL=map
0000000000000000000000000000000000000000000000000000000000000000|0000000000000000000000000000000000000000000000000000000000000000|0|3|rt4_TMB-5_MAP_g_12040.r24|2|1|RICH|856|0|2510|0000000000000000000000000000000000000000000000000000000000000000|RICH|1|856|DISP=ACCEPT_INSTALL|DETAIL=map
0000000000000000000000000000000000000000000000000000000000000000|0000000000000000000000000000000000000000000000000000000000000000|0|3|rt4_TMB-5_MAP_g_12041.r24|2|1|RICH|856|0|2520|0000000000000000000000000000000000000000000000000000000000000000|RICH|1|856|DISP=ACCEPT_INSTALL|DETAIL=map
0000000000000000000000000000000000000000000000000000000000000000|0000000000000000000000000000000000000000000000000000000000000000|0|3|rt4_TMB-5_MAP_g_12042.r24|2|1|RICH|856|0|2530|0000000000000000000000000000000000000000000000000000000000000000|RICH|1|856|DISP=ACCEPT_INSTALL|DETAIL=map
0000000000000000000000000000000000000000000000000000000000000000|0000000000000000000000000000000000000000000000000000000000000000|0|3|rt4_TMB-5_MAP_g_12043.r24|2|1|RICH|856|0|2540|0000000000000000000000000000000000000000000000000000000000000000|RICH|1|856|DISP=ACCEPT_INSTALL|DETAIL=map
0000000000000000000000000000000000000000000000000000000000000000|0000000000000000000000000000000000000000000000000000000000000000|0|3|rt4_TMB-5_MAP_g_12044.r24|2|1|RICH|856|0|2550|0000000000000000000000000000000000000000000000000000000000000000|RICH|1|856|DISP=ACCEPT_INSTALL|DETAIL=map
0000000000000000000000000000000000000000000000000000000000000000|0000000000000000000000000000000000000000000000000000000000000000|0|3|rt4_TMB-5_MAP_g_12045.r24|2|1|RICH|856|0|2560|0000000000000000000000000000000000000000000000000000000000000000|RICH|1|856|DISP=ACCEPT_INSTALL|DETAIL=map
0000000000000000000000000000000000000000000000000000000000000000|0000000000000000000000000000000000000000000000000000000000000000|0|3|rt4_TMB-5_MAP_g_12046.r24|2|1|RICH|856|0|2570|0000000000000000000000000000000000000000000000000000000000000000|RICH|1|856|DISP=ACCEPT_INSTALL|DETAIL=map
0000000000000000000000000000000000000000000000000000000000000000|0000000000000000000000000000000000000000000000000000000000000000|0|3|rt4_TMB-5_MAP_g_12047.r24|2|1|RICH|856|0|2580|0000000000000000000000000000000000000000000000000000000000000000|RICH|1|856|DISP=ACCEPT_INSTALL|DETAIL=map
0000000000000000000000000000000000000000000000000000000000000000|0000000000000000000000000000000000000000000000000000000000000000|0|3|rt4_TMB-5_MAP_g_12048.r24|2|1|RICH|856|0|2590|0000000000000000000000000000000000000000000000000000000000000000|RICH|1|856|DISP=ACCEPT_INSTALL|DETAIL=map
0000000000000000000000000000000000000000000000000000000000000000|0000000000000000000000000000000000000000000000000000000000000000|0|3|rt4_TMB-5_MAP_g_12049.r24|2|1|RICH|856|0|2600|0000000000000000000000000000000000000000000000000000000000000000|RICH|1|856|DISP=ACCEPT_INSTALL|DETAIL=map
0000000000000000000000000000000000000000000000000000000000000000|0000000000000000000000000000000000000000000000000000000000000000|0|3|rt4_TMB-5_MAP_g_12050.r24|2|1|RICH|856|0|2610|0000000000000000000000000000000000000000000000000000000000000000|RICH|1|856|DISP=ACCEPT_INSTALL|DETAIL=map
0000000000000000000000000000000000000000000000000000000000000000|0000000000000000000000000000000000000000000000000000000000000000|0|3|rt4_TMB-5_MAP_g_12051.r24|2|1|RICH|856|0|2620|0000000000000000000000000000000000000000000000000000000000000000|RICH|1|856|DISP=ACCEPT_INSTALL|DETAIL=map
0000000000000000000000000000000000000000000000000000000000000000|0000000000000000000000000000000000000000000000000000000000000000|0|3|rt4_TMB-5_MAP_g_12052.r24|2|1|RICH|856|0|2630|0000000000000000000000000000000000000000000000000000000000000000|RICH|1|856|DISP=ACCEPT_INSTALL|DETAIL=map
0000000000000000000000000000000000000000000000000000000000000000|0000000000000000000000000000000000000000000000000000000000000000|0|3|rt4_TMB-5_MAP_g_12053.r24|2|1|RICH|856|0|2640|0000000000000000000000000000000000000000000000000000000000000000|RICH|1|856|DISP=ACCEPT_INSTALL|DETAIL=map
0000000000000000000000000000000000000000000000000000000000000000|0000000000000000000000000000000000000000000000000000000000000000|0|3|rt4_TMB-5_MAP_g_12054.r24|2|1|RICH|856|0|2650|0000000000000000000000000000000000000000000000000000000000000000|RICH|1|856|DISP=ACCEPT_INSTALL|DETAIL=map
0000000000000000000000000000000000000000000000000000000000000000|0000000000000000000000000000000000000000000000000000000000000000|0|3|rt4_TMB-5_MAP_g_12055.r24|2|1|RICH|856|0|2660|0000000000000000000000000000000000000000000000000000000000000000|RICH|1|856|DISP=ACCEPT_INSTALL|DETAIL=map
0000000000000000000000000000000000000000000000000000000000000000|0000000000000000000000000000000000000000000000000000000000000000|0|3|rt4_TMB-5_MAP_g_12056.r24|2|1|RICH|856|0|2670|0000000000000000000000000000000000000000000000000000000000000000|RICH|1|856|DISP=ACCEPT_INSTALL|DETAIL=map
0000000000000000000000000000000000000000000000000000000000000000|0000000000000000000000000000000000000000000000000000000000000000|0|3|rt4_TMB-5_MAP_g_12057.r24|2|1|RICH|856|0|2680|0000000000000000000000000000000000000000000000000000000000000000|RICH|1|856|DISP=ACCEPT_INSTALL|DETAIL=map
0000000000000000000000000000000000000000000000000000000000000000|0000000000000000000000000000000000000000000000000000000000000000|0|3|rt4_TMB-5_MAP_g_12058.r24|2|1|RICH|856|0|2690|0000000000000000000000000000000000000000000000000000000000000000|RICH|1|856|DISP=ACCEPT_INSTALL|DETAIL=map
0000000000000000000000000000000000000000000000000000000000000000|0000000000000000000000000000000000000000000000000000000000000000|0|3|rt4_TMB-5_MAP_g_12059.r24|2|1|RICH|856|0|2700|0000000000000000000000000000000000000000000000000000000000000000|RICH|1|856|DISP=ACCEPT_INSTALL|DETAIL=map
0000000000000000000000000000000000000000000000000000000000000000|0000000000000000000000000000000000000000000000000000000000000000|0|3|rt4_TMB-5_MAP_g_12060.r24|2|1|RICH|856|0|2710|0000000000000000000000000000000000000000000000000000000000000000|RICH|1|856|DISP=ACCEPT_INSTALL|DETAIL=map
0000000000000000000000000000000000000000000000000000000000000000|0000000000000000000000000000000000000000000000000000000000000000|0|3|rt4_TMB-5_MAP_g_12061.r24|2|1|RICH|856|0|2720|0000000000000000000000000000000000000000000000000000000000000000|RICH|1|856|DISP=ACCEPT_INSTALL|DETAIL=map
0000000000000000000000000000000000000000000000000000000000000000|0000000000000000000000000000000000000000000000000000000000000000|0|3|rt4_TMB-5_MAP_g_12062.r24|2|1|RICH|856|0|2730|0000000000000000000000000000000000000000000000000000000000000000|RICH|1|856|DISP=ACCEPT_INSTALL|DETAIL=map
0000000000000000000000000000000000000000000000000000000000000000|0000000000000000000000000000000000000000000000000000000000000000|0|3|rt4_TMB-5_MAP_g_12063.r24|2|1|RICH|856|0|2740|0000000000000000000000000000000000000000000000000000000000000000|RICH|1|856|DISP=ACCEPT_INSTALL|DETAIL=map
0000000000000000000000000000000000000000000000000000000000000000|0000000000000000000000000000000000000000000000000000000000000000|0|3|rt4_TMB-5_MAP_g_12064.r24|2|1|RICH|856|0|2750|0000000000000000000000000000000000000000000000000000000000000000|RICH|1|856|DISP=ACCEPT_INSTALL|DETAIL=map
0000000000000000000000000000000000000000000000000000000000000000|0000000000000000000000000000000000000000000000000000000000000000|0|3|rt4_TMB-5_MAP_g_12065.r24|2|1|RICH|856|0|2760|0000000000000000000000000000000000000000000000000000000000000000|RICH|1|856|DISP=ACCEPT_INSTALL|DETAIL=map
0000000000000000000000000000000000000000000000000000000000000000|0000000000000000000000000000000000000000000000000000000000000000|0|3|rt4_TMB-5_MAP_g_12066.r24|2|1|RICH|856|0|2770|0000000000000000000000000000000000000000000000000000000000000000|RICH|1|856|DISP=ACCEPT_INSTALL|DETAIL=map
0000000000000000000000000000000000000000000000000000000000000000|0000000000000000000000000000000000000000000000000000000000000000|0|3|rt4_TMB-5_MAP_g_12067.r24|2|1|RICH|856|0|2780|0000000000000000000000000000000000000000000000000000000000000000|RICH|1|856|DISP=ACCEPT_INSTALL|DETAIL=map
0000000000000000000000000000000000000000000000000000000000000000|0000000000000000000000000000000000000000000000000000000000000000|0|3|rt4_TMB-5_MAP_g_12068.r24|2|1|RICH|856|0|2790|0000000000000000000000000000000000000000000000000000000000000000|RICH|1|856|DISP=ACCEPT_INSTALL|DETAIL=map
0000000000000000000000000000000000000000000000000000000000000000|0000000000000000000000000000000000000000000000000000000000000000|0|3|rt4_TMB-5_MAP_g_12069.r24|2|1|RICH|856|0|2800|0000000000000000000000000000000000000000000000000000000000000000|RICH|1|856|DISP=ACCEPT_INSTALL|DETAIL=map
0000000000000000000000000000000000000000000000000000000000000000|0000000000000000000000000000000000000000000000000000000000000000|0|3|rt4_TMB-5_MAP_g_12070.r24|2|1|RICH|856|0|2810|0000000000000000000000000000000000000000000000000000000000000000|RICH|1|856|DISP=ACCEPT_INSTALL|DETAIL=map
0000000000000000000000000000000000000000000000000000000000000000|0000000000000000000000000000000000000000000000000000000000000000|0|3|rt4_TMB-5_MAP_g_12071.r24|2|1|RICH|856|0|2820|0000000000000000000000000000000000000000000000000000000000000000|RICH|1|856|DISP=ACCEPT_INSTALL|DETAIL=map
0000000000000000000000000000000000000000000000000000000000000000|0000000000000000000000000000000000000000000000000000000000000000|0|3|rt4_TMB-5_MAP_g_12072.r24|2|1|RICH|856|0|2830|0000000000000000000000000000000000000000000000000000000000000000|RICH|1|856|DISP=ACCEPT_INSTALL|DETAIL=map
0000000000000000000000000000000000000000000000000000000000000000|0000000000000000000000000000000000000000000000000000000000000000|0|3|rt4_TMB-5_MAP_g_12073.r24|2|1|RICH|856|0|2840|0000000000000000000000000000000000000000000000000000000000000000|RICH|1|856|DISP=ACCEPT_INSTALL|DETAIL=map
0000000000000000000000000000000000000000000000000000000000000000|0000000000000000000000000000000000000000000000000000000000000000|0|3|rt4_TMB-5_MAP_g_12074.r24|2|1|RICH|856|0|2850|0000000000000000000000000000000000000000000000000000000000000000|RICH|1|856|DISP=ACCEPT_INSTALL|DETAIL=map
0000000000000000000000000000000000000000000000000000000000000000|0000000000000000000000000000000000000000000000000000000000000000|0|3|rt4_TMB-5_MAP_g_12075.r24|2|1|RICH|856|0|2860|0000000000000000000000000000000000000000000000000000000000000000|RICH|1|856|DISP=ACCEPT_INSTALL|DETAIL=map
0000000000000000000000000000000000000000000000000000000000000000|0000000000000000000000000000000000000000000000000000000000000000|0|3|rt4_TMB-5_MAP_g_12076.r24|2|1|RICH|856|0|2870|0000000000000000000000000000000000000000000000000000000000000000|RICH|1|856|DISP=ACCEPT_INSTALL|DETAIL=map
0000000000000000000000000000000000000000000000000000000000000000|0000000000000000000000000000000000000000000000000000000000000000|0|3|rt4_TMB-5_MAP_g_12077.r24|2|1|RICH|856|0|2880|0000000000000000000000000000000000000000000000000000000000000000|RICH|1|856|DISP=ACCEPT_INSTALL|DETAIL=map
0000000000000000000000000000000000000000000000000000000000000000|0000000000000000000000000000000000000000000000000000000000000000|0|3|rt4_TMB-5_MAP_g_12078.r24|2|1|RICH|856|0|2890|0000000000000000000000000000000000000000000000000000000000000000|RICH|1|856|DISP=ACCEPT_INSTALL|DETAIL=map
0000000000000000000000000000000000000000000000000000000000000000|0000000000000000000000000000000000000000000000000000000000000000|0|3|rt4_TMB-5_MAP_g_12079.r24|2|1|RICH|856|0|2900|0000000000000000000000000000000000000000000000000000000000000000|RICH|1|856|DISP=ACCEPT_INSTALL|DETAIL=map
0000000000000000000000000000000000000000000000000000000000000000|0000000000000000000000000000000000000000000000000000000000000000|0|3|rt4_TMB-5_MAP_g_12080.r24|2|1|RICH|858|0|2400|0000000000000000000000000000000000000000000000000000000000000000|RICH|1|858|DISP=ACCEPT_INSTALL|DETAIL=map
0000000000000000000000000000000000000000000000000000000000000000|0000000000000000000000000000000000000000000000000000000000000000|0|3|rt4_TMB-5_MAP_g_12081.r24|2|1|RICH|858|0|2410|0000000000000000000000000000000000000000000000000000000000000000|RICH|1|858|DISP=ACCEPT_INSTALL|DETAIL=map
0000000000000000000000000000000000000000000000000000000000000000|0000000000000000000000000000000000000000000000000000000000000000|0|3|rt4_TMB-5_MAP_g_12082.r24|2|1|RICH|858|0|2420|0000000000000000000000000000000000000000000000000000000000000000|RICH|1|858|DISP=ACCEPT_INSTALL|DETAIL=map
0000000000000000000000000000000000000000000000000000000000000000|0000000000000000000000000000000000000000000000000000000000000000|0|3|rt4_TMB-5_MAP_g_12083.r24|2|1|RICH|858|0|2430|0000000000000000000000000000000000000000000000000000000000000000|RICH|1|858|DISP=ACCEPT_INSTALL|DETAIL=map
0000000000000000000000000000000000000000000000000000000000000000|0000000000000000000000000000000000000000000000000000000000000000|0|3|rt4_TMB-5_MAP_g_12084.r24|2|1|RICH|858|0|2440|0000000000000000000000000000000000000000000000000000000000000000|RICH|1|858|DISP=ACCEPT_INSTALL|DETAIL=map
0000000000000000000000000000000000000000000000000000000000000000|0000000000000000000000000000000000000000000000000000000000000000|0|3|rt4_TMB-5_MAP_g_12085.r24|2|1|RICH|858|0|2450|0000000000000000000000000000000000000000000000000000000000000000|RICH|1|858|DISP=ACCEPT_INSTALL|DETAIL=map
0000000000000000000000000000000000000000000000000000000000000000|0000000000000000000000000000000000000000000000000000000000000000|0|3|rt4_TMB-5_MAP_g_12086.r24|2|1|RICH|858|0|2460|0000000000000000000000000000000000000000000000000000000000000000|RICH|1|858|DISP=ACCEPT_INSTALL|DETAIL=map
0000000000000000000000000000000000000000000000000000000000000000|0000000000000000000000000000000000000000000000000000000000000000|0|3|rt4_TMB-5_MAP_g_12087.r24|2|1|RICH|858|0|2470|0000000000000000000000000000000000000000000000000000000000000000|RICH|1|858|DISP=ACCEPT_INSTALL|DETAIL=map
0000000000000000000000000000000000000000000000000000000000000000|0000000000000000000000000000000000000000000000000000000000000000|0|3|rt4_TMB-5_MAP_g_12088.r24|2|1|RICH|858|0|2480|0000000000000000000000000000000000000000000000000000000000000000|RICH|1|858|DISP=ACCEPT_INSTALL|DETAIL=map
0000000000000000000000000000000000000000000000000000000000000000|0000000000000000000000000000000000000000000000000000000000000000|0|3|rt4_TMB-5_MAP_g_12089.r24|2|1|RICH|858|0|2490|0000000000000000000000000000000000000000000000000000000000000000|RICH|1|858|DISP=ACCEPT_INSTALL|DETAIL=map
0000000000000000000000000000000000000000000000000000000000000000|0000000000000000000000000000000000000000000000000000000000000000|0|3|rt4_TMB-5_MAP_g_12090.r24|2|1|RICH|858|0|2500|0000000000000000000000000000000000000000000000000000000000000000|RICH|1|858|DISP=ACCEPT_INSTALL|DETAIL=map
0000000000000000000000000000000000000000000000000000000000000000|0000000000000000000000000000000000000000000000000000000000000000|0|3|rt4_TMB-5_MAP_g_12091.r24|2|1|RICH|858|0|2510|0000000000000000000000000000000000000000000000000000000000000000|RICH|1|858|DISP=ACCEPT_INSTALL|DETAIL=map
0000000000000000000000000000000000000000000000000000000000000000|0000000000000000000000000000000000000000000000000000000000000000|0|3|rt4_TMB-5_MAP_g_12092.r24|2|1|RICH|858|0|2520|0000000000000000000000000000000000000000000000000000000000000000|RICH|1|858|DISP=ACCEPT_INSTALL|DETAIL=map
0000000000000000000000000000000000000000000000000000000000000000|0000000000000000000000000000000000000000000000000000000000000000|0|3|rt4_TMB-5_MAP_g_12093.r24|2|1|RICH|858|0|2530|0000000000000000000000000000000000000000000000000000000000000000|RICH|1|858|DISP=ACCEPT_INSTALL|DETAIL=map
0000000000000000000000000000000000000000000000000000000000000000|0000000000000000000000000000000000000000000000000000000000000000|0|3|rt4_TMB-5_MAP_g_12094.r24|2|1|RICH|858|0|2540|0000000000000000000000000000000000000000000000000000000000000000|RICH|1|858|DISP=ACCEPT_INSTALL|DETAIL=map
0000000000000000000000000000000000000000000000000000000000000000|0000000000000000000000000000000000000000000000000000000000000000|0|3|rt4_TMB-5_MAP_g_12095.r24|2|1|RICH|858|0|2550|0000000000000000000000000000000000000000000000000000000000000000|RICH|1|858|DISP=ACCEPT_INSTALL|DETAIL=map
0000000000000000000000000000000000000000000000000000000000000000|0000000000000000000000000000000000000000000000000000000000000000|0|3|rt4_TMB-5_MAP_g_12096.r24|2|1|RICH|858|0|2560|0000000000000000000000000000000000000000000000000000000000000000|RICH|1|858|DISP=ACCEPT_INSTALL|DETAIL=map
0000000000000000000000000000000000000000000000000000000000000000|0000000000000000000000000000000000000000000000000000000000000000|0|3|rt4_TMB-5_MAP_g_12097.r24|2|1|RICH|858|0|2570|0000000000000000000000000000000000000000000000000000000000000000|RICH|1|858|DISP=ACCEPT_INSTALL|DETAIL=map
0000000000000000000000000000000000000000000000000000000000000000|0000000000000000000000000000000000000000000000000000000000000000|0|3|rt4_TMB-5_MAP_g_12098.r24|2|1|RICH|858|0|2580|0000000000000000000000000000000000000000000000000000000000000000|RICH|1|858|DISP=ACCEPT_INSTALL|DETAIL=map
0000000000000000000000000000000000000000000000000000000000000000|0000000000000000000000000000000000000000000000000000000000000000|0|3|rt4_TMB-5_MAP_g_12099.r24|2|1|RICH|858|0|2590|0000000000000000000000000000000000000000000000000000000000000000|RICH|1|858|DISP=ACCEPT_INSTALL|DETAIL=map
0000000000000000000000000000000000000000000000000000000000000000|0000000000000000000000000000000000000000000000000000000000000000|0|3|rt4_TMB-5_MAP_g_12100.r24|2|1|RICH|858|0|2600|0000000000000000000000000000000000000000000000000000000000000000|RICH|1|858|DISP=ACCEPT_INSTALL|DETAIL=map
0000000000000000000000000000000000000000000000000000000000000000|0000000000000000000000000000000000000000000000000000000000000000|0|3|rt4_TMB-5_MAP_g_12101.r24|2|1|RICH|858|0|2610|0000000000000000000000000000000000000000000000000000000000000000|RICH|1|858|DISP=ACCEPT_INSTALL|DETAIL=map
0000000000000000000000000000000000000000000000000000000000000000|0000000000000000000000000000000000000000000000000000000000000000|0|3|rt4_TMB-5_MAP_g_12102.r24|2|1|RICH|858|0|2620|0000000000000000000000000000000000000000000000000000000000000000|RICH|1|858|DISP=ACCEPT_INSTALL|DETAIL=map
0000000000000000000000000000000000000000000000000000000000000000|0000000000000000000000000000000000000000000000000000000000000000|0|3|rt4_TMB-5_MAP_g_12103.r24|2|1|RICH|858|0|2630|0000000000000000000000000000000000000000000000000000000000000000|RICH|1|858|DISP=ACCEPT_INSTALL|DETAIL=map
0000000000000000000000000000000000000000000000000000000000000000|0000000000000000000000000000000000000000000000000000000000000000|0|3|rt4_TMB-5_MAP_g_12104.r24|2|1|RICH|858|0|2640|0000000000000000000000000000000000000000000000000000000000000000|RICH|1|858|DISP=ACCEPT_INSTALL|DETAIL=map
0000000000000000000000000000000000000000000000000000000000000000|0000000000000000000000000000000000000000000000000000000000000000|0|3|rt4_TMB-5_MAP_g_12105.r24|2|1|RICH|858|0|2650|0000000000000000000000000000000000000000000000000000000000000000|RICH|1|858|DISP=ACCEPT_INSTALL|DETAIL=map
0000000000000000000000000000000000000000000000000000000000000000|0000000000000000000000000000000000000000000000000000000000000000|0|3|rt4_TMB-5_MAP_g_12106.r24|2|1|RICH|858|0|2660|0000000000000000000000000000000000000000000000000000000000000000|RICH|1|858|DISP=ACCEPT_INSTALL|DETAIL=map
0000000000000000000000000000000000000000000000000000000000000000|0000000000000000000000000000000000000000000000000000000000000000|0|3|rt4_TMB-5_MAP_g_12107.r24|2|1|RICH|858|0|2670|0000000000000000000000000000000000000000000000000000000000000000|RICH|1|858|DISP=ACCEPT_INSTALL|DETAIL=map
0000000000000000000000000000000000000000000000000000000000000000|0000000000000000000000000000000000000000000000000000000000000000|0|3|rt4_TMB-5_MAP_g_12108.r24|2|1|RICH|858|0|2680|0000000000000000000000000000000000000000000000000000000000000000|RICH|1|858|DISP=ACCEPT_INSTALL|DETAIL=map
0000000000000000000000000000000000000000000000000000000000000000|0000000000000000000000000000000000000000000000000000000000000000|0|3|rt4_TMB-5_MAP_g_12109.r24|2|1|RICH|858|0|2690|0000000000000000000000000000000000000000000000000000000000000000|RICH|1|858|DISP=ACCEPT_INSTALL|DETAIL=map
0000000000000000000000000000000000000000000000000000000000000000|0000000000000000000000000000000000000000000000000000000000000000|0|3|rt4_TMB-5_MAP_g_12110.r24|2|1|RICH|858|0|2700|0000000000000000000000000000000000000000000000000000000000000000|RICH|1|858|DISP=ACCEPT_INSTALL|DETAIL=map
0000000000000000000000000000000000000000000000000000000000000000|0000000000000000000000000000000000000000000000000000000000000000|0|3|rt4_TMB-5_MAP_g_12111.r24|2|1|RICH|858|0|2710|0000000000000000000000000000000000000000000000000000000000000000|RICH|1|858|DISP=ACCEPT_INSTALL|DETAIL=map
0000000000000000000000000000000000000000000000000000000000000000|0000000000000000000000000000000000000000000000000000000000000000|0|3|rt4_TMB-5_MAP_g_12112.r24|2|1|RICH|858|0|2720|0000000000000000000000000000000000000000000000000000000000000000|RICH|1|858|DISP=ACCEPT_INSTALL|DETAIL=map
0000000000000000000000000000000000000000000000000000000000000000|0000000000000000000000000000000000000000000000000000000000000000|0|3|rt4_TMB-5_MAP_g_12113.r24|2|1|RICH|858|0|2730|0000000000000000000000000000000000000000000000000000000000000000|RICH|1|858|DISP=ACCEPT_INSTALL|DETAIL=map
0000000000000000000000000000000000000000000000000000000000000000|0000000000000000000000000000000000000000000000000000000000000000|0|3|rt4_TMB-5_MAP_g_12114.r24|2|1|RICH|858|0|2740|0000000000000000000000000000000000000000000000000000000000000000|RICH|1|858|DISP=ACCEPT_INSTALL|DETAIL=map
0000000000000000000000000000000000000000000000000000000000000000|0000000000000000000000000000000000000000000000000000000000000000|0|3|rt4_TMB-5_MAP_g_12115.r24|2|1|RICH|858|0|2750|0000000000000000000000000000000000000000000000000000000000000000|RICH|1|858|DISP=ACCEPT_INSTALL|DETAIL=map
0000000000000000000000000000000000000000000000000000000000000000|0000000000000000000000000000000000000000000000000000000000000000|0|3|rt4_TMB-5_MAP_g_12116.r24|2|1|RICH|858|0|2760|0000000000000000000000000000000000000000000000000000000000000000|RICH|1|858|DISP=ACCEPT_INSTALL|DETAIL=map
0000000000000000000000000000000000000000000000000000000000000000|0000000000000000000000000000000000000000000000000000000000000000|0|3|rt4_TMB-5_MAP_g_12117.r24|2|1|RICH|858|0|2770|0000000000000000000000000000000000000000000000000000000000000000|RICH|1|858|DISP=ACCEPT_INSTALL|DETAIL=map
0000000000000000000000000000000000000000000000000000000000000000|0000000000000000000000000000000000000000000000000000000000000000|0|3|rt4_TMB-5_MAP_g_12118.r24|2|1|RICH|858|0|2780|0000000000000000000000000000000000000000000000000000000000000000|RICH|1|858|DISP=ACCEPT_INSTALL|DETAIL=map
0000000000000000000000000000000000000000000000000000000000000000|0000000000000000000000000000000000000000000000000000000000000000|0|3|rt4_TMB-5_MAP_g_12119.r24|2|1|RICH|858|0|2790|0000000000000000000000000000000000000000000000000000000000000000|RICH|1|858|DISP=ACCEPT_INSTALL|DETAIL=map
0000000000000000000000000000000000000000000000000000000000000000|0000000000000000000000000000000000000000000000000000000000000000|0|3|rt4_TMB-5_MAP_g_12120.r24|2|1|RICH|858|0|2800|0000000000000000000000000000000000000000000000000000000000000000|RICH|1|858|DISP=ACCEPT_INSTALL|DETAIL=map
0000000000000000000000000000000000000000000000000000000000000000|0000000000000000000000000000000000000000000000000000000000000000|0|3|rt4_TMB-5_MAP_g_12121.r24|2|1|RICH|858|0|2810|0000000000000000000000000000000000000000000000000000000000000000|RICH|1|858|DISP=ACCEPT_INSTALL|DETAIL=map
0000000000000000000000000000000000000000000000000000000000000000|0000000000000000000000000000000000000000000000000000000000000000|0|3|rt4_TMB-5_MAP_g_12122.r24|2|1|RICH|858|0|2820|0000000000000000000000000000000000000000000000000000000000000000|RICH|1|858|DISP=ACCEPT_INSTALL|DETAIL=map
0000000000000000000000000000000000000000000000000000000000000000|0000000000000000000000000000000000000000000000000000000000000000|0|3|rt4_TMB-5_MAP_g_12123.r24|2|1|RICH|858|0|2830|0000000000000000000000000000000000000000000000000000000000000000|RICH|1|858|DISP=ACCEPT_INSTALL|DETAIL=map
0000000000000000000000000000000000000000000000000000000000000000|0000000000000000000000000000000000000000000000000000000000000000|0|3|rt4_TMB-5_MAP_g_12124.r24|2|1|RICH|858|0|2840|0000000000000000000000000000000000000000000000000000000000000000|RICH|1|858|DISP=ACCEPT_INSTALL|DETAIL=map
0000000000000000000000000000000000000000000000000000000000000000|0000000000000000000000000000000000000000000000000000000000000000|0|3|rt4_TMB-5_MAP_g_12125.r24|2|1|RICH|858|0|2850|0000000000000000000000000000000000000000000000000000000000000000|RICH|1|858|DISP=ACCEPT_INSTALL|DETAIL=map
0000000000000000000000000000000000000000000000000000000000000000|0000000000000000000000000000000000000000000000000000000000000000|0|3|rt4_TMB-5_MAP_g_12126.r24|2|1|RICH|858|0|2860|0000000000000000000000000000000000000000000000000000000000000000|RICH|1|858|DISP=ACCEPT_INSTALL|DETAIL=map
0000000000000000000000000000000000000000000000000000000000000000|0000000000000000000000000000000000000000000000000000000000000000|0|3|rt4_TMB-5_MAP_g_12127.r24|2|1|RICH|858|0|2870|0000000000000000000000000000000000000000000000000000000000000000|RICH|1|858|DISP=ACCEPT_INSTALL|DETAIL=map
0000000000000000000000000000000000000000000000000000000000000000|0000000000000000000000000000000000000000000000000000000000000000|0|3|rt4_TMB-5_MAP_g_12128.r24|2|1|RICH|858|0|2880|0000000000000000000000000000000000000000000000000000000000000000|RICH|1|858|DISP=ACCEPT_INSTALL|DETAIL=map
0000000000000000000000000000000000000000000000000000000000000000|0000000000000000000000000000000000000000000000000000000000000000|0|3|rt4_TMB-5_MAP_g_12129.r24|2|1|RICH|858|0|2890|0000000000000000000000000000000000000000000000000000000000000000|RICH|1|858|DISP=ACCEPT_INSTALL|DETAIL=map
0000000000000000000000000000000000000000000000000000000000000000|0000000000000000000000000000000000000000000000000000000000000000|0|3|rt4_TMB-5_MAP_g_12130.r24|2|1|RICH|858|0|2900|0000000000000000000000000000000000000000000000000000000000000000|RICH|1|858|DISP=ACCEPT_INSTALL|DETAIL=map
0000000000000000000000000000000000000000000000000000000000000000|0000000000000000000000000000000000000000000000000000000000000000|0|3|rt4_TMB-5_MAP_g_12131.r24|2|1|RICH|860|0|2400|0000000000000000000000000000000000000000000000000000000000000000|RICH|1|860|DISP=ACCEPT_INSTALL|DETAIL=map
0000000000000000000000000000000000000000000000000000000000000000|0000000000000000000000000000000000000000000000000000000000000000|0|3|rt4_TMB-5_MAP_g_12132.r24|2|1|RICH|860|0|2410|0000000000000000000000000000000000000000000000000000000000000000|RICH|1|860|DISP=ACCEPT_INSTALL|DETAIL=map
0000000000000000000000000000000000000000000000000000000000000000|0000000000000000000000000000000000000000000000000000000000000000|0|3|rt4_TMB-5_MAP_g_12133.r24|2|1|RICH|860|0|2420|0000000000000000000000000000000000000000000000000000000000000000|RICH|1|860|DISP=ACCEPT_INSTALL|DETAIL=map
0000000000000000000000000000000000000000000000000000000000000000|0000000000000000000000000000000000000000000000000000000000000000|0|3|rt4_TMB-5_MAP_g_12134.r24|2|1|RICH|860|0|2430|0000000000000000000000000000000000000000000000000000000000000000|RICH|1|860|DISP=ACCEPT_INSTALL|DETAIL=map
0000000000000000000000000000000000000000000000000000000000000000|0000000000000000000000000000000000000000000000000000000000000000|0|3|rt4_TMB-5_MAP_g_12135.r24|2|1|RICH|860|0|2440|0000000000000000000000000000000000000000000000000000000000000000|RICH|1|860|DISP=ACCEPT_INSTALL|DETAIL=map
0000000000000000000000000000000000000000000000000000000000000000|0000000000000000000000000000000000000000000000000000000000000000|0|3|rt4_TMB-5_MAP_g_12136.r24|2|1|RICH|860|0|2450|0000000000000000000000000000000000000000000000000000000000000000|RICH|1|860|DISP=ACCEPT_INSTALL|DETAIL=map
0000000000000000000000000000000000000000000000000000000000000000|0000000000000000000000000000000000000000000000000000000000000000|0|3|rt4_TMB-5_MAP_g_12137.r24|2|1|RICH|860|0|2460|0000000000000000000000000000000000000000000000000000000000000000|RICH|1|860|DISP=ACCEPT_INSTALL|DETAIL=map
0000000000000000000000000000000000000000000000000000000000000000|0000000000000000000000000000000000000000000000000000000000000000|0|3|rt4_TMB-5_MAP_g_12138.r24|2|1|RICH|860|0|2470|0000000000000000000000000000000000000000000000000000000000000000|RICH|1|860|DISP=ACCEPT_INSTALL|DETAIL=map
0000000000000000000000000000000000000000000000000000000000000000|0000000000000000000000000000000000000000000000000000000000000000|0|3|rt4_TMB-5_MAP_g_12139.r24|2|1|RICH|860|0|2480|0000000000000000000000000000000000000000000000000000000000000000|RICH|1|860|DISP=ACCEPT_INSTALL|DETAIL=map
0000000000000000000000000000000000000000000000000000000000000000|0000000000000000000000000000000000000000000000000000000000000000|0|3|rt4_TMB-5_MAP_g_12140.r24|2|1|RICH|860|0|2490|0000000000000000000000000000000000000000000000000000000000000000|RICH|1|860|DISP=ACCEPT_INSTALL|DETAIL=map
0000000000000000000000000000000000000000000000000000000000000000|0000000000000000000000000000000000000000000000000000000000000000|0|3|rt4_TMB-5_MAP_g_12141.r24|2|1|RICH|860|0|2500|0000000000000000000000000000000000000000000000000000000000000000|RICH|1|860|DISP=ACCEPT_INSTALL|DETAIL=map
0000000000000000000000000000000000000000000000000000000000000000|0000000000000000000000000000000000000000000000000000000000000000|0|3|rt4_TMB-5_MAP_g_12142.r24|2|1|RICH|860|0|2510|0000000000000000000000000000000000000000000000000000000000000000|RICH|1|860|DISP=ACCEPT_INSTALL|DETAIL=map
0000000000000000000000000000000000000000000000000000000000000000|0000000000000000000000000000000000000000000000000000000000000000|0|3|rt4_TMB-5_MAP_g_12143.r24|2|1|RICH|860|0|2520|0000000000000000000000000000000000000000000000000000000000000000|RICH|1|860|DISP=ACCEPT_INSTALL|DETAIL=map
0000000000000000000000000000000000000000000000000000000000000000|0000000000000000000000000000000000000000000000000000000000000000|0|3|rt4_TMB-5_MAP_g_12144.r24|2|1|RICH|860|0|2530|0000000000000000000000000000000000000000000000000000000000000000|RICH|1|860|DISP=ACCEPT_INSTALL|DETAIL=map
0000000000000000000000000000000000000000000000000000000000000000|0000000000000000000000000000000000000000000000000000000000000000|0|3|rt4_TMB-5_MAP_g_12145.r24|2|1|RICH|860|0|2540|0000000000000000000000000000000000000000000000000000000000000000|RICH|1|860|DISP=ACCEPT_INSTALL|DETAIL=map
0000000000000000000000000000000000000000000000000000000000000000|0000000000000000000000000000000000000000000000000000000000000000|0|3|rt4_TMB-5_MAP_g_12146.r24|2|1|RICH|860|0|2550|0000000000000000000000000000000000000000000000000000000000000000|RICH|1|860|DISP=ACCEPT_INSTALL|DETAIL=map
0000000000000000000000000000000000000000000000000000000000000000|0000000000000000000000000000000000000000000000000000000000000000|0|3|rt4_TMB-5_MAP_g_12147.r24|2|1|RICH|860|0|2560|0000000000000000000000000000000000000000000000000000000000000000|RICH|1|860|DISP=ACCEPT_INSTALL|DETAIL=map
0000000000000000000000000000000000000000000000000000000000000000|0000000000000000000000000000000000000000000000000000000000000000|0|3|rt4_TMB-5_MAP_g_12148.r24|2|1|RICH|860|0|2570|0000000000000000000000000000000000000000000000000000000000000000|RICH|1|860|DISP=ACCEPT_INSTALL|DETAIL=map
0000000000000000000000000000000000000000000000000000000000000000|0000000000000000000000000000000000000000000000000000000000000000|0|3|rt4_TMB-5_MAP_g_12149.r24|2|1|RICH|860|0|2580|0000000000000000000000000000000000000000000000000000000000000000|RICH|1|860|DISP=ACCEPT_INSTALL|DETAIL=map
0000000000000000000000000000000000000000000000000000000000000000|0000000000000000000000000000000000000000000000000000000000000000|0|3|rt4_TMB-5_MAP_g_12150.r24|2|1|RICH|860|0|2590|0000000000000000000000000000000000000000000000000000000000000000|RICH|1|860|DISP=ACCEPT_INSTALL|DETAIL=map
0000000000000000000000000000000000000000000000000000000000000000|0000000000000000000000000000000000000000000000000000000000000000|0|3|rt4_TMB-5_MAP_g_12151.r24|2|1|RICH|860|0|2600|0000000000000000000000000000000000000000000000000000000000000000|RICH|1|860|DISP=ACCEPT_INSTALL|DETAIL=map
0000000000000000000000000000000000000000000000000000000000000000|0000000000000000000000000000000000000000000000000000000000000000|0|3|rt4_TMB-5_MAP_g_12152.r24|2|1|RICH|860|0|2610|0000000000000000000000000000000000000000000000000000000000000000|RICH|1|860|DISP=ACCEPT_INSTALL|DETAIL=map
0000000000000000000000000000000000000000000000000000000000000000|0000000000000000000000000000000000000000000000000000000000000000|0|3|rt4_TMB-5_MAP_g_12153.r24|2|1|RICH|860|0|2620|0000000000000000000000000000000000000000000000000000000000000000|RICH|1|860|DISP=ACCEPT_INSTALL|DETAIL=map
0000000000000000000000000000000000000000000000000000000000000000|0000000000000000000000000000000000000000000000000000000000000000|0|3|rt4_TMB-5_MAP_g_12154.r24|2|1|RICH|860|0|2630|0000000000000000000000000000000000000000000000000000000000000000|RICH|1|860|DISP=ACCEPT_INSTALL|DETAIL=map
0000000000000000000000000000000000000000000000000000000000000000|0000000000000000000000000000000000000000000000000000000000000000|0|3|rt4_TMB-5_MAP_g_12155.r24|2|1|RICH|860|0|2640|0000000000000000000000000000000000000000000000000000000000000000|RICH|1|860|DISP=ACCEPT_INSTALL|DETAIL=map
0000000000000000000000000000000000000000000000000000000000000000|0000000000000000000000000000000000000000000000000000000000000000|0|3|rt4_TMB-5_MAP_g_12156.r24|2|1|RICH|860|0|2650|0000000000000000000000000000000000000000000000000000000000000000|RICH|1|860|DISP=ACCEPT_INSTALL|DETAIL=map
0000000000000000000000000000000000000000000000000000000000000000|0000000000000000000000000000000000000000000000000000000000000000|0|3|rt4_TMB-5_MAP_g_12157.r24|2|1|RICH|860|0|2660|0000000000000000000000000000000000000000000000000000000000000000|RICH|1|860|DISP=ACCEPT_INSTALL|DETAIL=map
0000000000000000000000000000000000000000000000000000000000000000|0000000000000000000000000000000000000000000000000000000000000000|0|3|rt4_TMB-5_MAP_g_12158.r24|2|1|RICH|860|0|2670|0000000000000000000000000000000000000000000000000000000000000000|RICH|1|860|DISP=ACCEPT_INSTALL|DETAIL=map
0000000000000000000000000000000000000000000000000000000000000000|0000000000000000000000000000000000000000000000000000000000000000|0|3|rt4_TMB-5_MAP_g_12159.r24|2|1|RICH|860|0|2680|0000000000000000000000000000000000000000000000000000000000000000|RICH|1|860|DISP=ACCEPT_INSTALL|DETAIL=map
0000000000000000000000000000000000000000000000000000000000000000|0000000000000000000000000000000000000000000000000000000000000000|0|3|rt4_TMB-5_MAP_g_12160.r24|2|1|RICH|860|0|2690|0000000000000000000000000000000000000000000000000000000000000000|RICH|1|860|DISP=ACCEPT_INSTALL|DETAIL=map
0000000000000000000000000000000000000000000000000000000000000000|0000000000000000000000000000000000000000000000000000000000000000|0|3|rt4_TMB-5_MAP_g_12161.r24|2|1|RICH|860|0|2700|0000000000000000000000000000000000000000000000000000000000000000|RICH|1|860|DISP=ACCEPT_INSTALL|DETAIL=map
0000000000000000000000000000000000000000000000000000000000000000|0000000000000000000000000000000000000000000000000000000000000000|0|3|rt4_TMB-5_MAP_g_12162.r24|2|1|RICH|860|0|2710|0000000000000000000000000000000000000000000000000000000000000000|RICH|1|860|DISP=ACCEPT_INSTALL|DETAIL=map
0000000000000000000000000000000000000000000000000000000000000000|0000000000000000000000000000000000000000000000000000000000000000|0|3|rt4_TMB-5_MAP_g_12163.r24|2|1|RICH|860|0|2720|0000000000000000000000000000000000000000000000000000000000000000|RICH|1|860|DISP=ACCEPT_INSTALL|DETAIL=map
0000000000000000000000000000000000000000000000000000000000000000|0000000000000000000000000000000000000000000000000000000000000000|0|3|rt4_TMB-5_MAP_g_12164.r24|2|1|RICH|860|0|2730|0000000000000000000000000000000000000000000000000000000000000000|RICH|1|860|DISP=ACCEPT_INSTALL|DETAIL=map
0000000000000000000000000000000000000000000000000000000000000000|0000000000000000000000000000000000000000000000000000000000000000|0|3|rt4_TMB-5_MAP_g_12165.r24|2|1|RICH|860|0|2740|0000000000000000000000000000000000000000000000000000000000000000|RICH|1|860|DISP=ACCEPT_INSTALL|DETAIL=map
0000000000000000000000000000000000000000000000000000000000000000|0000000000000000000000000000000000000000000000000000000000000000|0|3|rt4_TMB-5_MAP_g_12166.r24|2|1|RICH|860|0|2750|0000000000000000000000000000000000000000000000000000000000000000|RICH|1|860|DISP=ACCEPT_INSTALL|DETAIL=map
0000000000000000000000000000000000000000000000000000000000000000|0000000000000000000000000000000000000000000000000000000000000000|0|3|rt4_TMB-5_MAP_g_12167.r24|2|1|RICH|860|0|2760|0000000000000000000000000000000000000000000000000000000000000000|RICH|1|860|DISP=ACCEPT_INSTALL|DETAIL=map
0000000000000000000000000000000000000000000000000000000000000000|0000000000000000000000000000000000000000000000000000000000000000|0|3|rt4_TMB-5_MAP_g_12168.r24|2|1|RICH|860|0|2770|0000000000000000000000000000000000000000000000000000000000000000|RICH|1|860|DISP=ACCEPT_INSTALL|DETAIL=map
0000000000000000000000000000000000000000000000000000000000000000|0000000000000000000000000000000000000000000000000000000000000000|0|3|rt4_TMB-5_MAP_g_12169.r24|2|1|RICH|860|0|2780|0000000000000000000000000000000000000000000000000000000000000000|RICH|1|860|DISP=ACCEPT_INSTALL|DETAIL=map
0000000000000000000000000000000000000000000000000000000000000000|0000000000000000000000000000000000000000000000000000000000000000|0|3|rt4_TMB-5_MAP_g_12170.r24|2|1|RICH|860|0|2790|0000000000000000000000000000000000000000000000000000000000000000|RICH|1|860|DISP=ACCEPT_INSTALL|DETAIL=map
0000000000000000000000000000000000000000000000000000000000000000|0000000000000000000000000000000000000000000000000000000000000000|0|3|rt4_TMB-5_MAP_g_12171.r24|2|1|RICH|860|0|2800|0000000000000000000000000000000000000000000000000000000000000000|RICH|1|860|DISP=ACCEPT_INSTALL|DETAIL=map
0000000000000000000000000000000000000000000000000000000000000000|0000000000000000000000000000000000000000000000000000000000000000|0|3|rt4_TMB-5_MAP_g_12172.r24|2|1|RICH|860|0|2810|0000000000000000000000000000000000000000000000000000000000000000|RICH|1|860|DISP=ACCEPT_INSTALL|DETAIL=map
0000000000000000000000000000000000000000000000000000000000000000|0000000000000000000000000000000000000000000000000000000000000000|0|3|rt4_TMB-5_MAP_g_12173.r24|2|1|RICH|860|0|2820|0000000000000000000000000000000000000000000000000000000000000000|RICH|1|860|DISP=ACCEPT_INSTALL|DETAIL=map
0000000000000000000000000000000000000000000000000000000000000000|0000000000000000000000000000000000000000000000000000000000000000|0|3|rt4_TMB-5_MAP_g_12174.r24|2|1|RICH|860|0|2830|0000000000000000000000000000000000000000000000000000000000000000|RICH|1|860|DISP=ACCEPT_INSTALL|DETAIL=map
0000000000000000000000000000000000000000000000000000000000000000|0000000000000000000000000000000000000000000000000000000000000000|0|3|rt4_TMB-5_MAP_g_12175.r24|2|1|RICH|860|0|2840|0000000000000000000000000000000000000000000000000000000000000000|RICH|1|860|DISP=ACCEPT_INSTALL|DETAIL=map
0000000000000000000000000000000000000000000000000000000000000000|0000000000000000000000000000000000000000000000000000000000000000|0|3|rt4_TMB-5_MAP_g_12176.r24|2|1|RICH|860|0|2850|0000000000000000000000000000000000000000000000000000000000000000|RICH|1|860|DISP=ACCEPT_INSTALL|DETAIL=map
0000000000000000000000000000000000000000000000000000000000000000|0000000000000000000000000000000000000000000000000000000000000000|0|3|rt4_TMB-5_MAP_g_12177.r24|2|1|RICH|860|0|2860|0000000000000000000000000000000000000000000000000000000000000000|RICH|1|860|DISP=ACCEPT_INSTALL|DETAIL=map
0000000000000000000000000000000000000000000000000000000000000000|0000000000000000000000000000000000000000000000000000000000000000|0|3|rt4_TMB-5_MAP_g_12178.r24|2|1|RICH|860|0|2870|0000000000000000000000000000000000000000000000000000000000000000|RICH|1|860|DISP=ACCEPT_INSTALL|DETAIL=map
0000000000000000000000000000000000000000000000000000000000000000|0000000000000000000000000000000000000000000000000000000000000000|0|3|rt4_TMB-5_MAP_g_12179.r24|2|1|RICH|860|0|2880|0000000000000000000000000000000000000000000000000000000000000000|RICH|1|860|DISP=ACCEPT_INSTALL|DETAIL=map
0000000000000000000000000000000000000000000000000000000000000000|0000000000000000000000000000000000000000000000000000000000000000|0|3|rt4_TMB-5_MAP_g_12180.r24|2|1|RICH|860|0|2890|0000000000000000000000000000000000000000000000000000000000000000|RICH|1|860|DISP=ACCEPT_INSTALL|DETAIL=map
0000000000000000000000000000000000000000000000000000000000000000|0000000000000000000000000000000000000000000000000000000000000000|0|3|rt4_TMB-5_MAP_g_12181.r24|2|1|RICH|860|0|2900|0000000000000000000000000000000000000000000000000000000000000000|RICH|1|860|DISP=ACCEPT_INSTALL|DETAIL=map
0000000000000000000000000000000000000000000000000000000000000000|0000000000000000000000000000000000000000000000000000000000000000|0|3|rt4_TMB-5_MAP_g_12182.r24|2|1|RICH|862|0|2400|0000000000000000000000000000000000000000000000000000000000000000|RICH|1|862|DISP=ACCEPT_INSTALL|DETAIL=map
0000000000000000000000000000000000000000000000000000000000000000|0000000000000000000000000000000000000000000000000000000000000000|0|3|rt4_TMB-5_MAP_g_12183.r24|2|1|RICH|862|0|2410|0000000000000000000000000000000000000000000000000000000000000000|RICH|1|862|DISP=ACCEPT_INSTALL|DETAIL=map
0000000000000000000000000000000000000000000000000000000000000000|0000000000000000000000000000000000000000000000000000000000000000|0|3|rt4_TMB-5_MAP_g_12184.r24|2|1|RICH|862|0|2420|0000000000000000000000000000000000000000000000000000000000000000|RICH|1|862|DISP=ACCEPT_INSTALL|DETAIL=map
0000000000000000000000000000000000000000000000000000000000000000|0000000000000000000000000000000000000000000000000000000000000000|0|3|rt4_TMB-5_MAP_g_12185.r24|2|1|RICH|862|0|2430|0000000000000000000000000000000000000000000000000000000000000000|RICH|1|862|DISP=ACCEPT_INSTALL|DETAIL=map
0000000000000000000000000000000000000000000000000000000000000000|0000000000000000000000000000000000000000000000000000000000000000|0|3|rt4_TMB-5_MAP_g_12186.r24|2|1|RICH|862|0|2440|0000000000000000000000000000000000000000000000000000000000000000|RICH|1|862|DISP=ACCEPT_INSTALL|DETAIL=map
0000000000000000000000000000000000000000000000000000000000000000|0000000000000000000000000000000000000000000000000000000000000000|0|3|rt4_TMB-5_MAP_g_12187.r24|2|1|RICH|862|0|2450|0000000000000000000000000000000000000000000000000000000000000000|RICH|1|862|DISP=ACCEPT_INSTALL|DETAIL=map
0000000000000000000000000000000000000000000000000000000000000000|0000000000000000000000000000000000000000000000000000000000000000|0|3|rt4_TMB-5_MAP_g_12188.r24|2|1|RICH|862|0|2460|0000000000000000000000000000000000000000000000000000000000000000|RICH|1|862|DISP=ACCEPT_INSTALL|DETAIL=map
0000000000000000000000000000000000000000000000000000000000000000|0000000000000000000000000000000000000000000000000000000000000000|0|3|rt4_TMB-5_MAP_g_12189.r24|2|1|RICH|862|0|2470|0000000000000000000000000000000000000000000000000000000000000000|RICH|1|862|DISP=ACCEPT_INSTALL|DETAIL=map
0000000000000000000000000000000000000000000000000000000000000000|0000000000000000000000000000000000000000000000000000000000000000|0|3|rt4_TMB-5_MAP_g_12190.r24|2|1|RICH|862|0|2480|0000000000000000000000000000000000000000000000000000000000000000|RICH|1|862|DISP=ACCEPT_INSTALL|DETAIL=map
0000000000000000000000000000000000000000000000000000000000000000|0000000000000000000000000000000000000000000000000000000000000000|0|3|rt4_TMB-5_MAP_g_12191.r24|2|1|RICH|862|0|2490|0000000000000000000000000000000000000000000000000000000000000000|RICH|1|862|DISP=ACCEPT_INSTALL|DETAIL=map
0000000000000000000000000000000000000000000000000000000000000000|0000000000000000000000000000000000000000000000000000000000000000|0|3|rt4_TMB-5_MAP_g_12192.r24|2|1|RICH|862|0|2500|0000000000000000000000000000000000000000000000000000000000000000|RICH|1|862|DISP=ACCEPT_INSTALL|DETAIL=map
0000000000000000000000000000000000000000000000000000000000000000|0000000000000000000000000000000000000000000000000000000000000000|0|3|rt4_TMB-5_MAP_g_12193.r24|2|1|RICH|862|0|2510|0000000000000000000000000000000000000000000000000000000000000000|RICH|1|862|DISP=ACCEPT_INSTALL|DETAIL=map
0000000000000000000000000000000000000000000000000000000000000000|0000000000000000000000000000000000000000000000000000000000000000|0|3|rt4_TMB-5_MAP_g_12194.r24|2|1|RICH|862|0|2520|0000000000000000000000000000000000000000000000000000000000000000|RICH|1|862|DISP=ACCEPT_INSTALL|DETAIL=map
0000000000000000000000000000000000000000000000000000000000000000|0000000000000000000000000000000000000000000000000000000000000000|0|3|rt4_TMB-5_MAP_g_12195.r24|2|1|RICH|862|0|2530|0000000000000000000000000000000000000000000000000000000000000000|RICH|1|862|DISP=ACCEPT_INSTALL|DETAIL=map
0000000000000000000000000000000000000000000000000000000000000000|0000000000000000000000000000000000000000000000000000000000000000|0|3|rt4_TMB-5_MAP_g_12196.r24|2|1|RICH|862|0|2540|0000000000000000000000000000000000000000000000000000000000000000|RICH|1|862|DISP=ACCEPT_INSTALL|DETAIL=map
0000000000000000000000000000000000000000000000000000000000000000|0000000000000000000000000000000000000000000000000000000000000000|0|3|rt4_TMB-5_MAP_g_12197.r24|2|1|RICH|862|0|2550|0000000000000000000000000000000000000000000000000000000000000000|RICH|1|862|DISP=ACCEPT_INSTALL|DETAIL=map
0000000000000000000000000000000000000000000000000000000000000000|0000000000000000000000000000000000000000000000000000000000000000|0|3|rt4_TMB-5_MAP_g_12198.r24|2|1|RICH|862|0|2560|0000000000000000000000000000000000000000000000000000000000000000|RICH|1|862|DISP=ACCEPT_INSTALL|DETAIL=map
0000000000000000000000000000000000000000000000000000000000000000|0000000000000000000000000000000000000000000000000000000000000000|0|3|rt4_TMB-5_MAP_g_12199.r24|2|1|RICH|862|0|2570|0000000000000000000000000000000000000000000000000000000000000000|RICH|1|862|DISP=ACCEPT_INSTALL|DETAIL=map
0000000000000000000000000000000000000000000000000000000000000000|0000000000000000000000000000000000000000000000000000000000000000|0|3|rt4_TMB-5_MAP_g_12200.r24|2|1|RICH|862|0|2580|0000000000000000000000000000000000000000000000000000000000000000|RICH|1|862|DISP=ACCEPT_INSTALL|DETAIL=map
0000000000000000000000000000000000000000000000000000000000000000|0000000000000000000000000000000000000000000000000000000000000000|0|3|rt4_TMB-5_MAP_g_12201.r24|2|1|RICH|862|0|2590|0000000000000000000000000000000000000000000000000000000000000000|RICH|1|862|DISP=ACCEPT_INSTALL|DETAIL=map
0000000000000000000000000000000000000000000000000000000000000000|0000000000000000000000000000000000000000000000000000000000000000|0|3|rt4_TMB-5_MAP_g_12202.r24|2|1|RICH|862|0|2600|0000000000000000000000000000000000000000000000000000000000000000|RICH|1|862|DISP=ACCEPT_INSTALL|DETAIL=map
0000000000000000000000000000000000000000000000000000000000000000|0000000000000000000000000000000000000000000000000000000000000000|0|3|rt4_TMB-5_MAP_g_12203.r24|2|1|RICH|862|0|2610|0000000000000000000000000000000000000000000000000000000000000000|RICH|1|862|DISP=ACCEPT_INSTALL|DETAIL=map
0000000000000000000000000000000000000000000000000000000000000000|0000000000000000000000000000000000000000000000000000000000000000|0|3|rt4_TMB-5_MAP_g_12204.r24|2|1|RICH|862|0|2620|0000000000000000000000000000000000000000000000000000000000000000|RICH|1|862|DISP=ACCEPT_INSTALL|DETAIL=map
0000000000000000000000000000000000000000000000000000000000000000|0000000000000000000000000000000000000000000000000000000000000000|0|3|rt4_TMB-5_MAP_g_12205.r24|2|1|RICH|862|0|2630|0000000000000000000000000000000000000000000000000000000000000000|RICH|1|862|DISP=ACCEPT_INSTALL|DETAIL=map
0000000000000000000000000000000000000000000000000000000000000000|0000000000000000000000000000000000000000000000000000000000000000|0|3|rt4_TMB-5_MAP_g_12206.r24|2|1|RICH|862|0|2640|0000000000000000000000000000000000000000000000000000000000000000|RICH|1|862|DISP=ACCEPT_INSTALL|DETAIL=map
0000000000000000000000000000000000000000000000000000000000000000|0000000000000000000000000000000000000000000000000000000000000000|0|3|rt4_TMB-5_MAP_g_12207.r24|2|1|RICH|862|0|2650|0000000000000000000000000000000000000000000000000000000000000000|RICH|1|862|DISP=ACCEPT_INSTALL|DETAIL=map
0000000000000000000000000000000000000000000000000000000000000000|0000000000000000000000000000000000000000000000000000000000000000|0|3|rt4_TMB-5_MAP_g_12208.r24|2|1|RICH|862|0|2660|0000000000000000000000000000000000000000000000000000000000000000|RICH|1|862|DISP=ACCEPT_INSTALL|DETAIL=map
0000000000000000000000000000000000000000000000000000000000000000|0000000000000000000000000000000000000000000000000000000000000000|0|3|rt4_TMB-5_MAP_g_12209.r24|2|1|RICH|862|0|2670|0000000000000000000000000000000000000000000000000000000000000000|RICH|1|862|DISP=ACCEPT_INSTALL|DETAIL=map
0000000000000000000000000000000000000000000000000000000000000000|0000000000000000000000000000000000000000000000000000000000000000|0|3|rt4_TMB-5_MAP_g_12210.r24|2|1|RICH|862|0|2680|0000000000000000000000000000000000000000000000000000000000000000|RICH|1|862|DISP=ACCEPT_INSTALL|DETAIL=map
0000000000000000000000000000000000000000000000000000000000000000|0000000000000000000000000000000000000000000000000000000000000000|0|3|rt4_TMB-5_MAP_g_12211.r24|2|1|RICH|862|0|2690|0000000000000000000000000000000000000000000000000000000000000000|RICH|1|862|DISP=ACCEPT_INSTALL|DETAIL=map
0000000000000000000000000000000000000000000000000000000000000000|0000000000000000000000000000000000000000000000000000000000000000|0|3|rt4_TMB-5_MAP_g_12212.r24|2|1|RICH|862|0|2700|0000000000000000000000000000000000000000000000000000000000000000|RICH|1|862|DISP=ACCEPT_INSTALL|DETAIL=map
0000000000000000000000000000000000000000000000000000000000000000|0000000000000000000000000000000000000000000000000000000000000000|0|3|rt4_TMB-5_MAP_g_12213.r24|2|1|RICH|862|0|2710|0000000000000000000000000000000000000000000000000000000000000000|RICH|1|862|DISP=ACCEPT_INSTALL|DETAIL=map
0000000000000000000000000000000000000000000000000000000000000000|0000000000000000000000000000000000000000000000000000000000000000|0|3|rt4_TMB-5_MAP_g_12214.r24|2|1|RICH|862|0|2720|0000000000000000000000000000000000000000000000000000000000000000|RICH|1|862|DISP=ACCEPT_INSTALL|DETAIL=map
0000000000000000000000000000000000000000000000000000000000000000|0000000000000000000000000000000000000000000000000000000000000000|0|3|rt4_TMB-5_MAP_g_12215.r24|2|1|RICH|862|0|2730|0000000000000000000000000000000000000000000000000000000000000000|RICH|1|862|DISP=ACCEPT_INSTALL|DETAIL=map
0000000000000000000000000000000000000000000000000000000000000000|0000000000000000000000000000000000000000000000000000000000000000|0|3|rt4_TMB-5_MAP_g_12216.r24|2|1|RICH|862|0|2740|0000000000000000000000000000000000000000000000000000000000000000|RICH|1|862|DISP=ACCEPT_INSTALL|DETAIL=map
0000000000000000000000000000000000000000000000000000000000000000|0000000000000000000000000000000000000000000000000000000000000000|0|3|rt4_TMB-5_MAP_g_12217.r24|2|1|RICH|862|0|2750|0000000000000000000000000000000000000000000000000000000000000000|RICH|1|862|DISP=ACCEPT_INSTALL|DETAIL=map
0000000000000000000000000000000000000000000000000000000000000000|0000000000000000000000000000000000000000000000000000000000000000|0|3|rt4_TMB-5_MAP_g_12218.r24|2|1|RICH|862|0|2760|0000000000000000000000000000000000000000000000000000000000000000|RICH|1|862|DISP=ACCEPT_INSTALL|DETAIL=map
0000000000000000000000000000000000000000000000000000000000000000|0000000000000000000000000000000000000000000000000000000000000000|0|3|rt4_TMB-5_MAP_g_12219.r24|2|1|RICH|862|0|2770|0000000000000000000000000000000000000000000000000000000000000000|RICH|1|862|DISP=ACCEPT_INSTALL|DETAIL=map
0000000000000000000000000000000000000000000000000000000000000000|0000000000000000000000000000000000000000000000000000000000000000|0|3|rt4_TMB-5_MAP_g_12220.r24|2|1|RICH|862|0|2780|0000000000000000000000000000000000000000000000000000000000000000|RICH|1|862|DISP=ACCEPT_INSTALL|DETAIL=map
0000000000000000000000000000000000000000000000000000000000000000|0000000000000000000000000000000000000000000000000000000000000000|0|3|rt4_TMB-5_MAP_g_12221.r24|2|1|RICH|862|0|2790|0000000000000000000000000000000000000000000000000000000000000000|RICH|1|862|DISP=ACCEPT_INSTALL|DETAIL=map
0000000000000000000000000000000000000000000000000000000000000000|0000000000000000000000000000000000000000000000000000000000000000|0|3|rt4_TMB-5_MAP_g_12222.r24|2|1|RICH|862|0|2800|0000000000000000000000000000000000000000000000000000000000000000|RICH|1|862|DISP=ACCEPT_INSTALL|DETAIL=map
0000000000000000000000000000000000000000000000000000000000000000|0000000000000000000000000000000000000000000000000000000000000000|0|3|rt4_TMB-5_MAP_g_12223.r24|2|1|RICH|862|0|2810|0000000000000000000000000000000000000000000000000000000000000000|RICH|1|862|DISP=ACCEPT_INSTALL|DETAIL=map
0000000000000000000000000000000000000000000000000000000000000000|0000000000000000000000000000000000000000000000000000000000000000|0|3|rt4_TMB-5_MAP_g_12224.r24|2|1|RICH|862|0|2820|0000000000000000000000000000000000000000000000000000000000000000|RICH|1|862|DISP=ACCEPT_INSTALL|DETAIL=map
0000000000000000000000000000000000000000000000000000000000000000|0000000000000000000000000000000000000000000000000000000000000000|0|3|rt4_TMB-5_MAP_g_12225.r24|2|1|RICH|862|0|2830|0000000000000000000000000000000000000000000000000000000000000000|RICH|1|862|DISP=ACCEPT_INSTALL|DETAIL=map
0000000000000000000000000000000000000000000000000000000000000000|0000000000000000000000000000000000000000000000000000000000000000|0|3|rt4_TMB-5_MAP_g_12226.r24|2|1|RICH|862|0|2840|0000000000000000000000000000000000000000000000000000000000000000|RICH|1|862|DISP=ACCEPT_INSTALL|DETAIL=map
0000000000000000000000000000000000000000000000000000000000000000|0000000000000000000000000000000000000000000000000000000000000000|0|3|rt4_TMB-5_MAP_g_12227.r24|2|1|RICH|862|0|2850|0000000000000000000000000000000000000000000000000000000000000000|RICH|1|862|DISP=ACCEPT_INSTALL|DETAIL=map
0000000000000000000000000000000000000000000000000000000000000000|0000000000000000000000000000000000000000000000000000000000000000|0|3|rt4_TMB-5_MAP_g_12228.r24|2|1|RICH|862|0|2860|0000000000000000000000000000000000000000000000000000000000000000|RICH|1|862|DISP=ACCEPT_INSTALL|DETAIL=map
0000000000000000000000000000000000000000000000000000000000000000|0000000000000000000000000000000000000000000000000000000000000000|0|3|rt4_TMB-5_MAP_g_12229.r24|2|1|RICH|862|0|2870|0000000000000000000000000000000000000000000000000000000000000000|RICH|1|862|DISP=ACCEPT_INSTALL|DETAIL=map
0000000000000000000000000000000000000000000000000000000000000000|0000000000000000000000000000000000000000000000000000000000000000|0|3|rt4_TMB-5_MAP_g_12230.r24|2|1|RICH|862|0|2880|0000000000000000000000000000000000000000000000000000000000000000|RICH|1|862|DISP=ACCEPT_INSTALL|DETAIL=map
0000000000000000000000000000000000000000000000000000000000000000|0000000000000000000000000000000000000000000000000000000000000000|0|3|rt4_TMB-5_MAP_g_12231.r24|2|1|RICH|862|0|2890|0000000000000000000000000000000000000000000000000000000000000000|RICH|1|862|DISP=ACCEPT_INSTALL|DETAIL=map
0000000000000000000000000000000000000000000000000000000000000000|0000000000000000000000000000000000000000000000000000000000000000|0|3|rt4_TMB-5_MAP_g_12232.r24|2|1|RICH|862|0|2900|0000000000000000000000000000000000000000000000000000000000000000|RICH|1|862|DISP=ACCEPT_INSTALL|DETAIL=map
0000000000000000000000000000000000000000000000000000000000000000|0000000000000000000000000000000000000000000000000000000000000000|0|3|rt4_TMB-5_MAP_g_12233.r24|2|1|RICH|864|0|2400|0000000000000000000000000000000000000000000000000000000000000000|RICH|1|864|DISP=ACCEPT_INSTALL|DETAIL=map
0000000000000000000000000000000000000000000000000000000000000000|0000000000000000000000000000000000000000000000000000000000000000|0|3|rt4_TMB-5_MAP_g_12234.r24|2|1|RICH|864|0|2410|0000000000000000000000000000000000000000000000000000000000000000|RICH|1|864|DISP=ACCEPT_INSTALL|DETAIL=map
0000000000000000000000000000000000000000000000000000000000000000|0000000000000000000000000000000000000000000000000000000000000000|0|3|rt4_TMB-5_MAP_g_12235.r24|2|1|RICH|864|0|2420|0000000000000000000000000000000000000000000000000000000000000000|RICH|1|864|DISP=ACCEPT_INSTALL|DETAIL=map
0000000000000000000000000000000000000000000000000000000000000000|0000000000000000000000000000000000000000000000000000000000000000|0|3|rt4_TMB-5_MAP_g_12236.r24|2|1|RICH|864|0|2430|0000000000000000000000000000000000000000000000000000000000000000|RICH|1|864|DISP=ACCEPT_INSTALL|DETAIL=map
0000000000000000000000000000000000000000000000000000000000000000|0000000000000000000000000000000000000000000000000000000000000000|0|3|rt4_TMB-5_MAP_g_12237.r24|2|1|RICH|864|0|2440|0000000000000000000000000000000000000000000000000000000000000000|RICH|1|864|DISP=ACCEPT_INSTALL|DETAIL=map
0000000000000000000000000000000000000000000000000000000000000000|0000000000000000000000000000000000000000000000000000000000000000|0|3|rt4_TMB-5_MAP_g_12238.r24|2|1|RICH|864|0|2450|0000000000000000000000000000000000000000000000000000000000000000|RICH|1|864|DISP=ACCEPT_INSTALL|DETAIL=map
0000000000000000000000000000000000000000000000000000000000000000|0000000000000000000000000000000000000000000000000000000000000000|0|3|rt4_TMB-5_MAP_g_12239.r24|2|1|RICH|864|0|2460|0000000000000000000000000000000000000000000000000000000000000000|RICH|1|864|DISP=ACCEPT_INSTALL|DETAIL=map
0000000000000000000000000000000000000000000000000000000000000000|0000000000000000000000000000000000000000000000000000000000000000|0|3|rt4_TMB-5_MAP_g_12240.r24|2|1|RICH|864|0|2470|0000000000000000000000000000000000000000000000000000000000000000|RICH|1|864|DISP=ACCEPT_INSTALL|DETAIL=map
0000000000000000000000000000000000000000000000000000000000000000|0000000000000000000000000000000000000000000000000000000000000000|0|3|rt4_TMB-5_MAP_g_12241.r24|2|1|RICH|864|0|2480|0000000000000000000000000000000000000000000000000000000000000000|RICH|1|864|DISP=ACCEPT_INSTALL|DETAIL=map
0000000000000000000000000000000000000000000000000000000000000000|0000000000000000000000000000000000000000000000000000000000000000|0|3|rt4_TMB-5_MAP_g_12242.r24|2|1|RICH|864|0|2490|0000000000000000000000000000000000000000000000000000000000000000|RICH|1|864|DISP=ACCEPT_INSTALL|DETAIL=map
0000000000000000000000000000000000000000000000000000000000000000|0000000000000000000000000000000000000000000000000000000000000000|0|3|rt4_TMB-5_MAP_g_12243.r24|2|1|RICH|864|0|2500|0000000000000000000000000000000000000000000000000000000000000000|RICH|1|864|DISP=ACCEPT_INSTALL|DETAIL=map
0000000000000000000000000000000000000000000000000000000000000000|0000000000000000000000000000000000000000000000000000000000000000|0|3|rt4_TMB-5_MAP_g_12244.r24|2|1|RICH|864|0|2510|0000000000000000000000000000000000000000000000000000000000000000|RICH|1|864|DISP=ACCEPT_INSTALL|DETAIL=map
0000000000000000000000000000000000000000000000000000000000000000|0000000000000000000000000000000000000000000000000000000000000000|0|3|rt4_TMB-5_MAP_g_12245.r24|2|1|RICH|864|0|2520|0000000000000000000000000000000000000000000000000000000000000000|RICH|1|864|DISP=ACCEPT_INSTALL|DETAIL=map
0000000000000000000000000000000000000000000000000000000000000000|0000000000000000000000000000000000000000000000000000000000000000|0|3|rt4_TMB-5_MAP_g_12246.r24|2|1|RICH|864|0|2530|0000000000000000000000000000000000000000000000000000000000000000|RICH|1|864|DISP=ACCEPT_INSTALL|DETAIL=map
0000000000000000000000000000000000000000000000000000000000000000|0000000000000000000000000000000000000000000000000000000000000000|0|3|rt4_TMB-5_MAP_g_12247.r24|2|1|RICH|864|0|2540|0000000000000000000000000000000000000000000000000000000000000000|RICH|1|864|DISP=ACCEPT_INSTALL|DETAIL=map
0000000000000000000000000000000000000000000000000000000000000000|0000000000000000000000000000000000000000000000000000000000000000|0|3|rt4_TMB-5_MAP_g_12248.r24|2|1|RICH|864|0|2550|0000000000000000000000000000000000000000000000000000000000000000|RICH|1|864|DISP=ACCEPT_INSTALL|DETAIL=map
0000000000000000000000000000000000000000000000000000000000000000|0000000000000000000000000000000000000000000000000000000000000000|0|3|rt4_TMB-5_MAP_g_12249.r24|2|1|RICH|864|0|2560|0000000000000000000000000000000000000000000000000000000000000000|RICH|1|864|DISP=ACCEPT_INSTALL|DETAIL=map
0000000000000000000000000000000000000000000000000000000000000000|0000000000000000000000000000000000000000000000000000000000000000|0|3|rt4_TMB-5_MAP_g_12250.r24|2|1|RICH|864|0|2570|0000000000000000000000000000000000000000000000000000000000000000|RICH|1|864|DISP=ACCEPT_INSTALL|DETAIL=map
0000000000000000000000000000000000000000000000000000000000000000|0000000000000000000000000000000000000000000000000000000000000000|0|3|rt4_TMB-5_MAP_g_12251.r24|2|1|RICH|864|0|2580|0000000000000000000000000000000000000000000000000000000000000000|RICH|1|864|DISP=ACCEPT_INSTALL|DETAIL=map
0000000000000000000000000000000000000000000000000000000000000000|0000000000000000000000000000000000000000000000000000000000000000|0|3|rt4_TMB-5_MAP_g_12252.r24|2|1|RICH|864|0|2590|0000000000000000000000000000000000000000000000000000000000000000|RICH|1|864|DISP=ACCEPT_INSTALL|DETAIL=map
0000000000000000000000000000000000000000000000000000000000000000|0000000000000000000000000000000000000000000000000000000000000000|0|3|rt4_TMB-5_MAP_g_12253.r24|2|1|RICH|864|0|2600|0000000000000000000000000000000000000000000000000000000000000000|RICH|1|864|DISP=ACCEPT_INSTALL|DETAIL=map
0000000000000000000000000000000000000000000000000000000000000000|0000000000000000000000000000000000000000000000000000000000000000|0|3|rt4_TMB-5_MAP_g_12254.r24|2|1|RICH|864|0|2610|0000000000000000000000000000000000000000000000000000000000000000|RICH|1|864|DISP=ACCEPT_INSTALL|DETAIL=map
0000000000000000000000000000000000000000000000000000000000000000|0000000000000000000000000000000000000000000000000000000000000000|0|3|rt4_TMB-5_MAP_g_12255.r24|2|1|RICH|864|0|2620|0000000000000000000000000000000000000000000000000000000000000000|RICH|1|864|DISP=ACCEPT_INSTALL|DETAIL=map
0000000000000000000000000000000000000000000000000000000000000000|0000000000000000000000000000000000000000000000000000000000000000|0|3|rt4_TMB-5_MAP_g_12256.r24|2|1|RICH|864|0|2630|0000000000000000000000000000000000000000000000000000000000000000|RICH|1|864|DISP=ACCEPT_INSTALL|DETAIL=map
0000000000000000000000000000000000000000000000000000000000000000|0000000000000000000000000000000000000000000000000000000000000000|0|3|rt4_TMB-5_MAP_g_12257.r24|2|1|RICH|864|0|2640|0000000000000000000000000000000000000000000000000000000000000000|RICH|1|864|DISP=ACCEPT_INSTALL|DETAIL=map
0000000000000000000000000000000000000000000000000000000000000000|0000000000000000000000000000000000000000000000000000000000000000|0|3|rt4_TMB-5_MAP_g_12258.r24|2|1|RICH|864|0|2650|0000000000000000000000000000000000000000000000000000000000000000|RICH|1|864|DISP=ACCEPT_INSTALL|DETAIL=map
0000000000000000000000000000000000000000000000000000000000000000|0000000000000000000000000000000000000000000000000000000000000000|0|3|rt4_TMB-5_MAP_g_12259.r24|2|1|RICH|864|0|2660|0000000000000000000000000000000000000000000000000000000000000000|RICH|1|864|DISP=ACCEPT_INSTALL|DETAIL=map
0000000000000000000000000000000000000000000000000000000000000000|0000000000000000000000000000000000000000000000000000000000000000|0|3|rt4_TMB-5_MAP_g_12260.r24|2|1|RICH|864|0|2670|0000000000000000000000000000000000000000000000000000000000000000|RICH|1|864|DISP=ACCEPT_INSTALL|DETAIL=map
0000000000000000000000000000000000000000000000000000000000000000|0000000000000000000000000000000000000000000000000000000000000000|0|3|rt4_TMB-5_MAP_g_12261.r24|2|1|RICH|864|0|2680|0000000000000000000000000000000000000000000000000000000000000000|RICH|1|864|DISP=ACCEPT_INSTALL|DETAIL=map
0000000000000000000000000000000000000000000000000000000000000000|0000000000000000000000000000000000000000000000000000000000000000|0|3|rt4_TMB-5_MAP_g_12262.r24|2|1|RICH|864|0|2690|0000000000000000000000000000000000000000000000000000000000000000|RICH|1|864|DISP=ACCEPT_INSTALL|DETAIL=map
0000000000000000000000000000000000000000000000000000000000000000|0000000000000000000000000000000000000000000000000000000000000000|0|3|rt4_TMB-5_MAP_g_12263.r24|2|1|RICH|864|0|2700|0000000000000000000000000000000000000000000000000000000000000000|RICH|1|864|DISP=ACCEPT_INSTALL|DETAIL=map
0000000000000000000000000000000000000000000000000000000000000000|0000000000000000000000000000000000000000000000000000000000000000|0|3|rt4_TMB-5_MAP_g_12264.r24|2|1|RICH|864|0|2710|0000000000000000000000000000000000000000000000000000000000000000|RICH|1|864|DISP=ACCEPT_INSTALL|DETAIL=map
0000000000000000000000000000000000000000000000000000000000000000|0000000000000000000000000000000000000000000000000000000000000000|0|3|rt4_TMB-5_MAP_g_12265.r24|2|1|RICH|864|0|2720|0000000000000000000000000000000000000000000000000000000000000000|RICH|1|864|DISP=ACCEPT_INSTALL|DETAIL=map
0000000000000000000000000000000000000000000000000000000000000000|0000000000000000000000000000000000000000000000000000000000000000|0|3|rt4_TMB-5_MAP_g_12266.r24|2|1|RICH|864|0|2730|0000000000000000000000000000000000000000000000000000000000000000|RICH|1|864|DISP=ACCEPT_INSTALL|DETAIL=map
0000000000000000000000000000000000000000000000000000000000000000|0000000000000000000000000000000000000000000000000000000000000000|0|3|rt4_TMB-5_MAP_g_12267.r24|2|1|RICH|864|0|2740|0000000000000000000000000000000000000000000000000000000000000000|RICH|1|864|DISP=ACCEPT_INSTALL|DETAIL=map
0000000000000000000000000000000000000000000000000000000000000000|0000000000000000000000000000000000000000000000000000000000000000|0|3|rt4_TMB-5_MAP_g_12268.r24|2|1|RICH|864|0|2750|0000000000000000000000000000000000000000000000000000000000000000|RICH|1|864|DISP=ACCEPT_INSTALL|DETAIL=map
0000000000000000000000000000000000000000000000000000000000000000|0000000000000000000000000000000000000000000000000000000000000000|0|3|rt4_TMB-5_MAP_g_12269.r24|2|1|RICH|864|0|2760|0000000000000000000000000000000000000000000000000000000000000000|RICH|1|864|DISP=ACCEPT_INSTALL|DETAIL=map
0000000000000000000000000000000000000000000000000000000000000000|0000000000000000000000000000000000000000000000000000000000000000|0|3|rt4_TMB-5_MAP_g_12270.r24|2|1|RICH|864|0|2770|0000000000000000000000000000000000000000000000000000000000000000|RICH|1|864|DISP=ACCEPT_INSTALL|DETAIL=map
0000000000000000000000000000000000000000000000000000000000000000|0000000000000000000000000000000000000000000000000000000000000000|0|3|rt4_TMB-5_MAP_g_12271.r24|2|1|RICH|864|0|2780|0000000000000000000000000000000000000000000000000000000000000000|RICH|1|864|DISP=ACCEPT_INSTALL|DETAIL=map
0000000000000000000000000000000000000000000000000000000000000000|0000000000000000000000000000000000000000000000000000000000000000|0|3|rt4_TMB-5_MAP_g_12272.r24|2|1|RICH|864|0|2790|0000000000000000000000000000000000000000000000000000000000000000|RICH|1|864|DISP=ACCEPT_INSTALL|DETAIL=map
0000000000000000000000000000000000000000000000000000000000000000|0000000000000000000000000000000000000000000000000000000000000000|0|3|rt4_TMB-5_MAP_g_12273.r24|2|1|RICH|864|0|2800|0000000000000000000000000000000000000000000000000000000000000000|RICH|1|864|DISP=ACCEPT_INSTALL|DETAIL=map
0000000000000000000000000000000000000000000000000000000000000000|0000000000000000000000000000000000000000000000000000000000000000|0|3|rt4_TMB-5_MAP_g_12274.r24|2|1|RICH|864|0|2810|0000000000000000000000000000000000000000000000000000000000000000|RICH|1|864|DISP=ACCEPT_INSTALL|DETAIL=map
0000000000000000000000000000000000000000000000000000000000000000|0000000000000000000000000000000000000000000000000000000000000000|0|3|rt4_TMB-5_MAP_g_12275.r24|2|1|RICH|864|0|2820|0000000000000000000000000000000000000000000000000000000000000000|RICH|1|864|DISP=ACCEPT_INSTALL|DETAIL=map
0000000000000000000000000000000000000000000000000000000000000000|0000000000000000000000000000000000000000000000000000000000000000|0|3|rt4_TMB-5_MAP_g_12276.r24|2|1|RICH|864|0|2830|0000000000000000000000000000000000000000000000000000000000000000|RICH|1|864|DISP=ACCEPT_INSTALL|DETAIL=map
0000000000000000000000000000000000000000000000000000000000000000|0000000000000000000000000000000000000000000000000000000000000000|0|3|rt4_TMB-5_MAP_g_12277.r24|2|1|RICH|864|0|2840|0000000000000000000000000000000000000000000000000000000000000000|RICH|1|864|DISP=ACCEPT_INSTALL|DETAIL=map
0000000000000000000000000000000000000000000000000000000000000000|0000000000000000000000000000000000000000000000000000000000000000|0|3|rt4_TMB-5_MAP_g_12278.r24|2|1|RICH|864|0|2850|0000000000000000000000000000000000000000000000000000000000000000|RICH|1|864|DISP=ACCEPT_INSTALL|DETAIL=map
0000000000000000000000000000000000000000000000000000000000000000|0000000000000000000000000000000000000000000000000000000000000000|0|3|rt4_TMB-5_MAP_g_12279.r24|2|1|RICH|864|0|2860|0000000000000000000000000000000000000000000000000000000000000000|RICH|1|864|DISP=ACCEPT_INSTALL|DETAIL=map
0000000000000000000000000000000000000000000000000000000000000000|0000000000000000000000000000000000000000000000000000000000000000|0|3|rt4_TMB-5_MAP_g_12280.r24|2|1|RICH|864|0|2870|0000000000000000000000000000000000000000000000000000000000000000|RICH|1|864|DISP=ACCEPT_INSTALL|DETAIL=map
0000000000000000000000000000000000000000000000000000000000000000|0000000000000000000000000000000000000000000000000000000000000000|0|3|rt4_TMB-5_MAP_g_12281.r24|2|1|RICH|864|0|2880|0000000000000000000000000000000000000000000000000000000000000000|RICH|1|864|DISP=ACCEPT_INSTALL|DETAIL=map
0000000000000000000000000000000000000000000000000000000000000000|0000000000000000000000000000000000000000000000000000000000000000|0|3|rt4_TMB-5_MAP_g_12282.r24|2|1|RICH|864|0|2890|0000000000000000000000000000000000000000000000000000000000000000|RICH|1|864|DISP=ACCEPT_INSTALL|DETAIL=map
0000000000000000000000000000000000000000000000000000000000000000|0000000000000000000000000000000000000000000000000000000000000000|0|3|rt4_TMB-5_MAP_g_12283.r24|2|1|RICH|864|0|2900|0000000000000000000000000000000000000000000000000000000000000000|RICH|1|864|DISP=ACCEPT_INSTALL|DETAIL=map
0000000000000000000000000000000000000000000000000000000000000000|0000000000000000000000000000000000000000000000000000000000000000|0|3|rt4_TMB-5_MAP_g_12284.r24|2|1|RICH|866|0|2400|0000000000000000000000000000000000000000000000000000000000000000|RICH|1|866|DISP=ACCEPT_INSTALL|DETAIL=map
0000000000000000000000000000000000000000000000000000000000000000|0000000000000000000000000000000000000000000000000000000000000000|0|3|rt4_TMB-5_MAP_g_12285.r24|2|1|RICH|866|0|2410|0000000000000000000000000000000000000000000000000000000000000000|RICH|1|866|DISP=ACCEPT_INSTALL|DETAIL=map
0000000000000000000000000000000000000000000000000000000000000000|0000000000000000000000000000000000000000000000000000000000000000|0|3|rt4_TMB-5_MAP_g_12286.r24|2|1|RICH|866|0|2420|0000000000000000000000000000000000000000000000000000000000000000|RICH|1|866|DISP=ACCEPT_INSTALL|DETAIL=map
0000000000000000000000000000000000000000000000000000000000000000|0000000000000000000000000000000000000000000000000000000000000000|0|3|rt4_TMB-5_MAP_g_12287.r24|2|1|RICH|866|0|2430|0000000000000000000000000000000000000000000000000000000000000000|RICH|1|866|DISP=ACCEPT_INSTALL|DETAIL=map
0000000000000000000000000000000000000000000000000000000000000000|0000000000000000000000000000000000000000000000000000000000000000|0|3|rt4_TMB-5_MAP_g_12288.r24|2|1|RICH|866|0|2440|0000000000000000000000000000000000000000000000000000000000000000|RICH|1|866|DISP=ACCEPT_INSTALL|DETAIL=map
0000000000000000000000000000000000000000000000000000000000000000|0000000000000000000000000000000000000000000000000000000000000000|0|3|rt4_TMB-5_MAP_g_12289.r24|2|1|RICH|866|0|2450|0000000000000000000000000000000000000000000000000000000000000000|RICH|1|866|DISP=ACCEPT_INSTALL|DETAIL=map
0000000000000000000000000000000000000000000000000000000000000000|0000000000000000000000000000000000000000000000000000000000000000|0|3|rt4_TMB-5_MAP_g_12290.r24|2|1|RICH|866|0|2460|0000000000000000000000000000000000000000000000000000000000000000|RICH|1|866|DISP=ACCEPT_INSTALL|DETAIL=map
0000000000000000000000000000000000000000000000000000000000000000|0000000000000000000000000000000000000000000000000000000000000000|0|3|rt4_TMB-5_MAP_g_12291.r24|2|1|RICH|866|0|2470|0000000000000000000000000000000000000000000000000000000000000000|RICH|1|866|DISP=ACCEPT_INSTALL|DETAIL=map
0000000000000000000000000000000000000000000000000000000000000000|0000000000000000000000000000000000000000000000000000000000000000|0|3|rt4_TMB-5_MAP_g_12292.r24|2|1|RICH|866|0|2480|0000000000000000000000000000000000000000000000000000000000000000|RICH|1|866|DISP=ACCEPT_INSTALL|DETAIL=map
0000000000000000000000000000000000000000000000000000000000000000|0000000000000000000000000000000000000000000000000000000000000000|0|3|rt4_TMB-5_MAP_g_12293.r24|2|1|RICH|866|0|2490|0000000000000000000000000000000000000000000000000000000000000000|RICH|1|866|DISP=ACCEPT_INSTALL|DETAIL=map
0000000000000000000000000000000000000000000000000000000000000000|0000000000000000000000000000000000000000000000000000000000000000|0|3|rt4_TMB-5_MAP_g_12294.r24|2|1|RICH|866|0|2500|0000000000000000000000000000000000000000000000000000000000000000|RICH|1|866|DISP=ACCEPT_INSTALL|DETAIL=map
0000000000000000000000000000000000000000000000000000000000000000|0000000000000000000000000000000000000000000000000000000000000000|0|3|rt4_TMB-5_MAP_g_12295.r24|2|1|RICH|866|0|2510|0000000000000000000000000000000000000000000000000000000000000000|RICH|1|866|DISP=ACCEPT_INSTALL|DETAIL=map
0000000000000000000000000000000000000000000000000000000000000000|0000000000000000000000000000000000000000000000000000000000000000|0|3|rt4_TMB-5_MAP_g_12296.r24|2|1|RICH|866|0|2520|0000000000000000000000000000000000000000000000000000000000000000|RICH|1|866|DISP=ACCEPT_INSTALL|DETAIL=map
0000000000000000000000000000000000000000000000000000000000000000|0000000000000000000000000000000000000000000000000000000000000000|0|3|rt4_TMB-5_MAP_g_12297.r24|2|1|RICH|866|0|2530|0000000000000000000000000000000000000000000000000000000000000000|RICH|1|866|DISP=ACCEPT_INSTALL|DETAIL=map
0000000000000000000000000000000000000000000000000000000000000000|0000000000000000000000000000000000000000000000000000000000000000|0|3|rt4_TMB-5_MAP_g_12298.r24|2|1|RICH|866|0|2540|0000000000000000000000000000000000000000000000000000000000000000|RICH|1|866|DISP=ACCEPT_INSTALL|DETAIL=map
0000000000000000000000000000000000000000000000000000000000000000|0000000000000000000000000000000000000000000000000000000000000000|0|3|rt4_TMB-5_MAP_g_12299.r24|2|1|RICH|866|0|2550|0000000000000000000000000000000000000000000000000000000000000000|RICH|1|866|DISP=ACCEPT_INSTALL|DETAIL=map
0000000000000000000000000000000000000000000000000000000000000000|0000000000000000000000000000000000000000000000000000000000000000|0|3|rt4_TMB-5_MAP_g_12300.r24|2|1|RICH|866|0|2560|0000000000000000000000000000000000000000000000000000000000000000|RICH|1|866|DISP=ACCEPT_INSTALL|DETAIL=map
0000000000000000000000000000000000000000000000000000000000000000|0000000000000000000000000000000000000000000000000000000000000000|0|3|rt4_TMB-5_MAP_g_12301.r24|2|1|RICH|866|0|2570|0000000000000000000000000000000000000000000000000000000000000000|RICH|1|866|DISP=ACCEPT_INSTALL|DETAIL=map
0000000000000000000000000000000000000000000000000000000000000000|0000000000000000000000000000000000000000000000000000000000000000|0|3|rt4_TMB-5_MAP_g_12302.r24|2|1|RICH|866|0|2580|0000000000000000000000000000000000000000000000000000000000000000|RICH|1|866|DISP=ACCEPT_INSTALL|DETAIL=map
0000000000000000000000000000000000000000000000000000000000000000|0000000000000000000000000000000000000000000000000000000000000000|0|3|rt4_TMB-5_MAP_g_12303.r24|2|1|RICH|866|0|2590|0000000000000000000000000000000000000000000000000000000000000000|RICH|1|866|DISP=ACCEPT_INSTALL|DETAIL=map
0000000000000000000000000000000000000000000000000000000000000000|0000000000000000000000000000000000000000000000000000000000000000|0|3|rt4_TMB-5_MAP_g_12304.r24|2|1|RICH|866|0|2600|0000000000000000000000000000000000000000000000000000000000000000|RICH|1|866|DISP=ACCEPT_INSTALL|DETAIL=map
0000000000000000000000000000000000000000000000000000000000000000|0000000000000000000000000000000000000000000000000000000000000000|0|3|rt4_TMB-5_MAP_g_12305.r24|2|1|RICH|866|0|2610|0000000000000000000000000000000000000000000000000000000000000000|RICH|1|866|DISP=ACCEPT_INSTALL|DETAIL=map
0000000000000000000000000000000000000000000000000000000000000000|0000000000000000000000000000000000000000000000000000000000000000|0|3|rt4_TMB-5_MAP_g_12306.r24|2|1|RICH|866|0|2620|0000000000000000000000000000000000000000000000000000000000000000|RICH|1|866|DISP=ACCEPT_INSTALL|DETAIL=map
0000000000000000000000000000000000000000000000000000000000000000|0000000000000000000000000000000000000000000000000000000000000000|0|3|rt4_TMB-5_MAP_g_12307.r24|2|1|RICH|866|0|2630|0000000000000000000000000000000000000000000000000000000000000000|RICH|1|866|DISP=ACCEPT_INSTALL|DETAIL=map
0000000000000000000000000000000000000000000000000000000000000000|0000000000000000000000000000000000000000000000000000000000000000|0|3|rt4_TMB-5_MAP_g_12308.r24|2|1|RICH|866|0|2640|0000000000000000000000000000000000000000000000000000000000000000|RICH|1|866|DISP=ACCEPT_INSTALL|DETAIL=map
0000000000000000000000000000000000000000000000000000000000000000|0000000000000000000000000000000000000000000000000000000000000000|0|3|rt4_TMB-5_MAP_g_12309.r24|2|1|RICH|866|0|2650|0000000000000000000000000000000000000000000000000000000000000000|RICH|1|866|DISP=ACCEPT_INSTALL|DETAIL=map
0000000000000000000000000000000000000000000000000000000000000000|0000000000000000000000000000000000000000000000000000000000000000|0|3|rt4_TMB-5_MAP_g_12310.r24|2|1|RICH|866|0|2660|0000000000000000000000000000000000000000000000000000000000000000|RICH|1|866|DISP=ACCEPT_INSTALL|DETAIL=map
0000000000000000000000000000000000000000000000000000000000000000|0000000000000000000000000000000000000000000000000000000000000000|0|3|rt4_TMB-5_MAP_g_12311.r24|2|1|RICH|866|0|2670|0000000000000000000000000000000000000000000000000000000000000000|RICH|1|866|DISP=ACCEPT_INSTALL|DETAIL=map
0000000000000000000000000000000000000000000000000000000000000000|0000000000000000000000000000000000000000000000000000000000000000|0|3|rt4_TMB-5_MAP_g_12312.r24|2|1|RICH|866|0|2680|0000000000000000000000000000000000000000000000000000000000000000|RICH|1|866|DISP=ACCEPT_INSTALL|DETAIL=map
0000000000000000000000000000000000000000000000000000000000000000|0000000000000000000000000000000000000000000000000000000000000000|0|3|rt4_TMB-5_MAP_g_12313.r24|2|1|RICH|866|0|2690|0000000000000000000000000000000000000000000000000000000000000000|RICH|1|866|DISP=ACCEPT_INSTALL|DETAIL=map
0000000000000000000000000000000000000000000000000000000000000000|0000000000000000000000000000000000000000000000000000000000000000|0|3|rt4_TMB-5_MAP_g_12314.r24|2|1|RICH|866|0|2700|0000000000000000000000000000000000000000000000000000000000000000|RICH|1|866|DISP=ACCEPT_INSTALL|DETAIL=map
0000000000000000000000000000000000000000000000000000000000000000|0000000000000000000000000000000000000000000000000000000000000000|0|3|rt4_TMB-5_MAP_g_12315.r24|2|1|RICH|866|0|2710|0000000000000000000000000000000000000000000000000000000000000000|RICH|1|866|DISP=ACCEPT_INSTALL|DETAIL=map
0000000000000000000000000000000000000000000000000000000000000000|0000000000000000000000000000000000000000000000000000000000000000|0|3|rt4_TMB-5_MAP_g_12316.r24|2|1|RICH|866|0|2720|0000000000000000000000000000000000000000000000000000000000000000|RICH|1|866|DISP=ACCEPT_INSTALL|DETAIL=map
0000000000000000000000000000000000000000000000000000000000000000|0000000000000000000000000000000000000000000000000000000000000000|0|3|rt4_TMB-5_MAP_g_12317.r24|2|1|RICH|866|0|2730|0000000000000000000000000000000000000000000000000000000000000000|RICH|1|866|DISP=ACCEPT_INSTALL|DETAIL=map
0000000000000000000000000000000000000000000000000000000000000000|0000000000000000000000000000000000000000000000000000000000000000|0|3|rt4_TMB-5_MAP_g_12318.r24|2|1|RICH|866|0|2740|0000000000000000000000000000000000000000000000000000000000000000|RICH|1|866|DISP=ACCEPT_INSTALL|DETAIL=map
0000000000000000000000000000000000000000000000000000000000000000|0000000000000000000000000000000000000000000000000000000000000000|0|3|rt4_TMB-5_MAP_g_12319.r24|2|1|RICH|866|0|2750|0000000000000000000000000000000000000000000000000000000000000000|RICH|1|866|DISP=ACCEPT_INSTALL|DETAIL=map
0000000000000000000000000000000000000000000000000000000000000000|0000000000000000000000000000000000000000000000000000000000000000|0|3|rt4_TMB-5_MAP_g_12320.r24|2|1|RICH|866|0|2760|0000000000000000000000000000000000000000000000000000000000000000|RICH|1|866|DISP=ACCEPT_INSTALL|DETAIL=map
0000000000000000000000000000000000000000000000000000000000000000|0000000000000000000000000000000000000000000000000000000000000000|0|3|rt4_TMB-5_MAP_g_12321.r24|2|1|RICH|866|0|2770|0000000000000000000000000000000000000000000000000000000000000000|RICH|1|866|DISP=ACCEPT_INSTALL|DETAIL=map
0000000000000000000000000000000000000000000000000000000000000000|0000000000000000000000000000000000000000000000000000000000000000|0|3|rt4_TMB-5_MAP_g_12322.r24|2|1|RICH|866|0|2780|0000000000000000000000000000000000000000000000000000000000000000|RICH|1|866|DISP=ACCEPT_INSTALL|DETAIL=map
0000000000000000000000000000000000000000000000000000000000000000|0000000000000000000000000000000000000000000000000000000000000000|0|3|rt4_TMB-5_MAP_g_12323.r24|2|1|RICH|866|0|2790|0000000000000000000000000000000000000000000000000000000000000000|RICH|1|866|DISP=ACCEPT_INSTALL|DETAIL=map
0000000000000000000000000000000000000000000000000000000000000000|0000000000000000000000000000000000000000000000000000000000000000|0|3|rt4_TMB-5_MAP_g_12324.r24|2|1|RICH|866|0|2800|0000000000000000000000000000000000000000000000000000000000000000|RICH|1|866|DISP=ACCEPT_INSTALL|DETAIL=map
0000000000000000000000000000000000000000000000000000000000000000|0000000000000000000000000000000000000000000000000000000000000000|0|3|rt4_TMB-5_MAP_g_12325.r24|2|1|RICH|866|0|2810|0000000000000000000000000000000000000000000000000000000000000000|RICH|1|866|DISP=ACCEPT_INSTALL|DETAIL=map
0000000000000000000000000000000000000000000000000000000000000000|0000000000000000000000000000000000000000000000000000000000000000|0|3|rt4_TMB-5_MAP_g_12326.r24|2|1|RICH|866|0|2820|0000000000000000000000000000000000000000000000000000000000000000|RICH|1|866|DISP=ACCEPT_INSTALL|DETAIL=map
0000000000000000000000000000000000000000000000000000000000000000|0000000000000000000000000000000000000000000000000000000000000000|0|3|rt4_TMB-5_MAP_g_12327.r24|2|1|RICH|866|0|2830|0000000000000000000000000000000000000000000000000000000000000000|RICH|1|866|DISP=ACCEPT_INSTALL|DETAIL=map
0000000000000000000000000000000000000000000000000000000000000000|0000000000000000000000000000000000000000000000000000000000000000|0|3|rt4_TMB-5_MAP_g_12328.r24|2|1|RICH|866|0|2840|0000000000000000000000000000000000000000000000000000000000000000|RICH|1|866|DISP=ACCEPT_INSTALL|DETAIL=map
0000000000000000000000000000000000000000000000000000000000000000|0000000000000000000000000000000000000000000000000000000000000000|0|3|rt4_TMB-5_MAP_g_12329.r24|2|1|RICH|866|0|2850|0000000000000000000000000000000000000000000000000000000000000000|RICH|1|866|DISP=ACCEPT_INSTALL|DETAIL=map
0000000000000000000000000000000000000000000000000000000000000000|0000000000000000000000000000000000000000000000000000000000000000|0|3|rt4_TMB-5_MAP_g_12330.r24|2|1|RICH|866|0|2860|0000000000000000000000000000000000000000000000000000000000000000|RICH|1|866|DISP=ACCEPT_INSTALL|DETAIL=map
0000000000000000000000000000000000000000000000000000000000000000|0000000000000000000000000000000000000000000000000000000000000000|0|3|rt4_TMB-5_MAP_g_12331.r24|2|1|RICH|866|0|2870|0000000000000000000000000000000000000000000000000000000000000000|RICH|1|866|DISP=ACCEPT_INSTALL|DETAIL=map
0000000000000000000000000000000000000000000000000000000000000000|0000000000000000000000000000000000000000000000000000000000000000|0|3|rt4_TMB-5_MAP_g_12332.r24|2|1|RICH|866|0|2880|0000000000000000000000000000000000000000000000000000000000000000|RICH|1|866|DISP=ACCEPT_INSTALL|DETAIL=map
0000000000000000000000000000000000000000000000000000000000000000|0000000000000000000000000000000000000000000000000000000000000000|0|3|rt4_TMB-5_MAP_g_12333.r24|2|1|RICH|866|0|2890|0000000000000000000000000000000000000000000000000000000000000000|RICH|1|866|DISP=ACCEPT_INSTALL|DETAIL=map
0000000000000000000000000000000000000000000000000000000000000000|0000000000000000000000000000000000000000000000000000000000000000|0|3|rt4_TMB-5_MAP_g_12334.r24|2|1|RICH|866|0|2900|0000000000000000000000000000000000000000000000000000000000000000|RICH|1|866|DISP=ACCEPT_INSTALL|DETAIL=map
0000000000000000000000000000000000000000000000000000000000000000|0000000000000000000000000000000000000000000000000000000000000000|0|3|rt4_TMB-5_MAP_g_12335.r24|2|1|RICH|868|0|2400|0000000000000000000000000000000000000000000000000000000000000000|RICH|1|868|DISP=ACCEPT_INSTALL|DETAIL=map
0000000000000000000000000000000000000000000000000000000000000000|0000000000000000000000000000000000000000000000000000000000000000|0|3|rt4_TMB-5_MAP_g_12336.r24|2|1|RICH|868|0|2410|0000000000000000000000000000000000000000000000000000000000000000|RICH|1|868|DISP=ACCEPT_INSTALL|DETAIL=map
0000000000000000000000000000000000000000000000000000000000000000|0000000000000000000000000000000000000000000000000000000000000000|0|3|rt4_TMB-5_MAP_g_12337.r24|2|1|RICH|868|0|2420|0000000000000000000000000000000000000000000000000000000000000000|RICH|1|868|DISP=ACCEPT_INSTALL|DETAIL=map
0000000000000000000000000000000000000000000000000000000000000000|0000000000000000000000000000000000000000000000000000000000000000|0|3|rt4_TMB-5_MAP_g_12338.r24|2|1|RICH|868|0|2430|0000000000000000000000000000000000000000000000000000000000000000|RICH|1|868|DISP=ACCEPT_INSTALL|DETAIL=map
0000000000000000000000000000000000000000000000000000000000000000|0000000000000000000000000000000000000000000000000000000000000000|0|3|rt4_TMB-5_MAP_g_12339.r24|2|1|RICH|868|0|2440|0000000000000000000000000000000000000000000000000000000000000000|RICH|1|868|DISP=ACCEPT_INSTALL|DETAIL=map
0000000000000000000000000000000000000000000000000000000000000000|0000000000000000000000000000000000000000000000000000000000000000|0|3|rt4_TMB-5_MAP_g_12340.r24|2|1|RICH|868|0|2450|0000000000000000000000000000000000000000000000000000000000000000|RICH|1|868|DISP=ACCEPT_INSTALL|DETAIL=map
0000000000000000000000000000000000000000000000000000000000000000|0000000000000000000000000000000000000000000000000000000000000000|0|3|rt4_TMB-5_MAP_g_12341.r24|2|1|RICH|868|0|2460|0000000000000000000000000000000000000000000000000000000000000000|RICH|1|868|DISP=ACCEPT_INSTALL|DETAIL=map
0000000000000000000000000000000000000000000000000000000000000000|0000000000000000000000000000000000000000000000000000000000000000|0|3|rt4_TMB-5_MAP_g_12342.r24|2|1|RICH|868|0|2470|0000000000000000000000000000000000000000000000000000000000000000|RICH|1|868|DISP=ACCEPT_INSTALL|DETAIL=map
0000000000000000000000000000000000000000000000000000000000000000|0000000000000000000000000000000000000000000000000000000000000000|0|3|rt4_TMB-5_MAP_g_12343.r24|2|1|RICH|868|0|2480|0000000000000000000000000000000000000000000000000000000000000000|RICH|1|868|DISP=ACCEPT_INSTALL|DETAIL=map
0000000000000000000000000000000000000000000000000000000000000000|0000000000000000000000000000000000000000000000000000000000000000|0|3|rt4_TMB-5_MAP_g_12344.r24|2|1|RICH|868|0|2490|0000000000000000000000000000000000000000000000000000000000000000|RICH|1|868|DISP=ACCEPT_INSTALL|DETAIL=map
0000000000000000000000000000000000000000000000000000000000000000|0000000000000000000000000000000000000000000000000000000000000000|0|3|rt4_TMB-5_MAP_g_12345.r24|2|1|RICH|868|0|2500|0000000000000000000000000000000000000000000000000000000000000000|RICH|1|868|DISP=ACCEPT_INSTALL|DETAIL=map
0000000000000000000000000000000000000000000000000000000000000000|0000000000000000000000000000000000000000000000000000000000000000|0|3|rt4_TMB-5_MAP_g_12346.r24|2|1|RICH|868|0|2510|0000000000000000000000000000000000000000000000000000000000000000|RICH|1|868|DISP=ACCEPT_INSTALL|DETAIL=map
0000000000000000000000000000000000000000000000000000000000000000|0000000000000000000000000000000000000000000000000000000000000000|0|3|rt4_TMB-5_MAP_g_12347.r24|2|1|RICH|868|0|2520|0000000000000000000000000000000000000000000000000000000000000000|RICH|1|868|DISP=ACCEPT_INSTALL|DETAIL=map
0000000000000000000000000000000000000000000000000000000000000000|0000000000000000000000000000000000000000000000000000000000000000|0|3|rt4_TMB-5_MAP_g_12348.r24|2|1|RICH|868|0|2530|0000000000000000000000000000000000000000000000000000000000000000|RICH|1|868|DISP=ACCEPT_INSTALL|DETAIL=map
0000000000000000000000000000000000000000000000000000000000000000|0000000000000000000000000000000000000000000000000000000000000000|0|3|rt4_TMB-5_MAP_g_12349.r24|2|1|RICH|868|0|2540|0000000000000000000000000000000000000000000000000000000000000000|RICH|1|868|DISP=ACCEPT_INSTALL|DETAIL=map
0000000000000000000000000000000000000000000000000000000000000000|0000000000000000000000000000000000000000000000000000000000000000|0|3|rt4_TMB-5_MAP_g_12350.r24|2|1|RICH|868|0|2550|0000000000000000000000000000000000000000000000000000000000000000|RICH|1|868|DISP=ACCEPT_INSTALL|DETAIL=map
0000000000000000000000000000000000000000000000000000000000000000|0000000000000000000000000000000000000000000000000000000000000000|0|3|rt4_TMB-5_MAP_g_12351.r24|2|1|RICH|868|0|2560|0000000000000000000000000000000000000000000000000000000000000000|RICH|1|868|DISP=ACCEPT_INSTALL|DETAIL=map
0000000000000000000000000000000000000000000000000000000000000000|0000000000000000000000000000000000000000000000000000000000000000|0|3|rt4_TMB-5_MAP_g_12352.r24|2|1|RICH|868|0|2570|0000000000000000000000000000000000000000000000000000000000000000|RICH|1|868|DISP=ACCEPT_INSTALL|DETAIL=map
0000000000000000000000000000000000000000000000000000000000000000|0000000000000000000000000000000000000000000000000000000000000000|0|3|rt4_TMB-5_MAP_g_12353.r24|2|1|RICH|868|0|2580|0000000000000000000000000000000000000000000000000000000000000000|RICH|1|868|DISP=ACCEPT_INSTALL|DETAIL=map
0000000000000000000000000000000000000000000000000000000000000000|0000000000000000000000000000000000000000000000000000000000000000|0|3|rt4_TMB-5_MAP_g_12354.r24|2|1|RICH|868|0|2590|0000000000000000000000000000000000000000000000000000000000000000|RICH|1|868|DISP=ACCEPT_INSTALL|DETAIL=map
0000000000000000000000000000000000000000000000000000000000000000|0000000000000000000000000000000000000000000000000000000000000000|0|3|rt4_TMB-5_MAP_g_12355.r24|2|1|RICH|868|0|2600|0000000000000000000000000000000000000000000000000000000000000000|RICH|1|868|DISP=ACCEPT_INSTALL|DETAIL=map
0000000000000000000000000000000000000000000000000000000000000000|0000000000000000000000000000000000000000000000000000000000000000|0|3|rt4_TMB-5_MAP_g_12356.r24|2|1|RICH|868|0|2610|0000000000000000000000000000000000000000000000000000000000000000|RICH|1|868|DISP=ACCEPT_INSTALL|DETAIL=map
0000000000000000000000000000000000000000000000000000000000000000|0000000000000000000000000000000000000000000000000000000000000000|0|3|rt4_TMB-5_MAP_g_12357.r24|2|1|RICH|868|0|2620|0000000000000000000000000000000000000000000000000000000000000000|RICH|1|868|DISP=ACCEPT_INSTALL|DETAIL=map
0000000000000000000000000000000000000000000000000000000000000000|0000000000000000000000000000000000000000000000000000000000000000|0|3|rt4_TMB-5_MAP_g_12358.r24|2|1|RICH|868|0|2630|0000000000000000000000000000000000000000000000000000000000000000|RICH|1|868|DISP=ACCEPT_INSTALL|DETAIL=map
0000000000000000000000000000000000000000000000000000000000000000|0000000000000000000000000000000000000000000000000000000000000000|0|3|rt4_TMB-5_MAP_g_12359.r24|2|1|RICH|868|0|2640|0000000000000000000000000000000000000000000000000000000000000000|RICH|1|868|DISP=ACCEPT_INSTALL|DETAIL=map
0000000000000000000000000000000000000000000000000000000000000000|0000000000000000000000000000000000000000000000000000000000000000|0|3|rt4_TMB-5_MAP_g_12360.r24|2|1|RICH|868|0|2650|0000000000000000000000000000000000000000000000000000000000000000|RICH|1|868|DISP=ACCEPT_INSTALL|DETAIL=map
0000000000000000000000000000000000000000000000000000000000000000|0000000000000000000000000000000000000000000000000000000000000000|0|3|rt4_TMB-5_MAP_g_12361.r24|2|1|RICH|868|0|2660|0000000000000000000000000000000000000000000000000000000000000000|RICH|1|868|DISP=ACCEPT_INSTALL|DETAIL=map
0000000000000000000000000000000000000000000000000000000000000000|0000000000000000000000000000000000000000000000000000000000000000|0|3|rt4_TMB-5_MAP_g_12362.r24|2|1|RICH|868|0|2670|0000000000000000000000000000000000000000000000000000000000000000|RICH|1|868|DISP=ACCEPT_INSTALL|DETAIL=map
0000000000000000000000000000000000000000000000000000000000000000|0000000000000000000000000000000000000000000000000000000000000000|0|3|rt4_TMB-5_MAP_g_12363.r24|2|1|RICH|868|0|2680|0000000000000000000000000000000000000000000000000000000000000000|RICH|1|868|DISP=ACCEPT_INSTALL|DETAIL=map
0000000000000000000000000000000000000000000000000000000000000000|0000000000000000000000000000000000000000000000000000000000000000|0|3|rt4_TMB-5_MAP_g_12364.r24|2|1|RICH|868|0|2690|0000000000000000000000000000000000000000000000000000000000000000|RICH|1|868|DISP=ACCEPT_INSTALL|DETAIL=map
0000000000000000000000000000000000000000000000000000000000000000|0000000000000000000000000000000000000000000000000000000000000000|0|3|rt4_TMB-5_MAP_g_12365.r24|2|1|RICH|868|0|2700|0000000000000000000000000000000000000000000000000000000000000000|RICH|1|868|DISP=ACCEPT_INSTALL|DETAIL=map
0000000000000000000000000000000000000000000000000000000000000000|0000000000000000000000000000000000000000000000000000000000000000|0|3|rt4_TMB-5_MAP_g_12366.r24|2|1|RICH|868|0|2710|0000000000000000000000000000000000000000000000000000000000000000|RICH|1|868|DISP=ACCEPT_INSTALL|DETAIL=map
0000000000000000000000000000000000000000000000000000000000000000|0000000000000000000000000000000000000000000000000000000000000000|0|3|rt4_TMB-5_MAP_g_12367.r24|2|1|RICH|868|0|2720|0000000000000000000000000000000000000000000000000000000000000000|RICH|1|868|DISP=ACCEPT_INSTALL|DETAIL=map
0000000000000000000000000000000000000000000000000000000000000000|0000000000000000000000000000000000000000000000000000000000000000|0|3|rt4_TMB-5_MAP_g_12368.r24|2|1|RICH|868|0|2730|0000000000000000000000000000000000000000000000000000000000000000|RICH|1|868|DISP=ACCEPT_INSTALL|DETAIL=map
0000000000000000000000000000000000000000000000000000000000000000|0000000000000000000000000000000000000000000000000000000000000000|0|3|rt4_TMB-5_MAP_g_12369.r24|2|1|RICH|868|0|2740|0000000000000000000000000000000000000000000000000000000000000000|RICH|1|868|DISP=ACCEPT_INSTALL|DETAIL=map
0000000000000000000000000000000000000000000000000000000000000000|0000000000000000000000000000000000000000000000000000000000000000|0|3|rt4_TMB-5_MAP_g_12370.r24|2|1|RICH|868|0|2750|0000000000000000000000000000000000000000000000000000000000000000|RICH|1|868|DISP=ACCEPT_INSTALL|DETAIL=map
0000000000000000000000000000000000000000000000000000000000000000|0000000000000000000000000000000000000000000000000000000000000000|0|3|rt4_TMB-5_MAP_g_12371.r24|2|1|RICH|868|0|2760|0000000000000000000000000000000000000000000000000000000000000000|RICH|1|868|DISP=ACCEPT_INSTALL|DETAIL=map
0000000000000000000000000000000000000000000000000000000000000000|0000000000000000000000000000000000000000000000000000000000000000|0|3|rt4_TMB-5_MAP_g_12372.r24|2|1|RICH|868|0|2770|0000000000000000000000000000000000000000000000000000000000000000|RICH|1|868|DISP=ACCEPT_INSTALL|DETAIL=map
0000000000000000000000000000000000000000000000000000000000000000|0000000000000000000000000000000000000000000000000000000000000000|0|3|rt4_TMB-5_MAP_g_12373.r24|2|1|RICH|868|0|2780|0000000000000000000000000000000000000000000000000000000000000000|RICH|1|868|DISP=ACCEPT_INSTALL|DETAIL=map
0000000000000000000000000000000000000000000000000000000000000000|0000000000000000000000000000000000000000000000000000000000000000|0|3|rt4_TMB-5_MAP_g_12374.r24|2|1|RICH|868|0|2790|0000000000000000000000000000000000000000000000000000000000000000|RICH|1|868|DISP=ACCEPT_INSTALL|DETAIL=map
0000000000000000000000000000000000000000000000000000000000000000|0000000000000000000000000000000000000000000000000000000000000000|0|3|rt4_TMB-5_MAP_g_12375.r24|2|1|RICH|868|0|2800|0000000000000000000000000000000000000000000000000000000000000000|RICH|1|868|DISP=ACCEPT_INSTALL|DETAIL=map
0000000000000000000000000000000000000000000000000000000000000000|0000000000000000000000000000000000000000000000000000000000000000|0|3|rt4_TMB-5_MAP_g_12376.r24|2|1|RICH|868|0|2810|0000000000000000000000000000000000000000000000000000000000000000|RICH|1|868|DISP=ACCEPT_INSTALL|DETAIL=map
0000000000000000000000000000000000000000000000000000000000000000|0000000000000000000000000000000000000000000000000000000000000000|0|3|rt4_TMB-5_MAP_g_12377.r24|2|1|RICH|868|0|2820|0000000000000000000000000000000000000000000000000000000000000000|RICH|1|868|DISP=ACCEPT_INSTALL|DETAIL=map
0000000000000000000000000000000000000000000000000000000000000000|0000000000000000000000000000000000000000000000000000000000000000|0|3|rt4_TMB-5_MAP_g_12378.r24|2|1|RICH|868|0|2830|0000000000000000000000000000000000000000000000000000000000000000|RICH|1|868|DISP=ACCEPT_INSTALL|DETAIL=map
0000000000000000000000000000000000000000000000000000000000000000|0000000000000000000000000000000000000000000000000000000000000000|0|3|rt4_TMB-5_MAP_g_12379.r24|2|1|RICH|868|0|2840|0000000000000000000000000000000000000000000000000000000000000000|RICH|1|868|DISP=ACCEPT_INSTALL|DETAIL=map
0000000000000000000000000000000000000000000000000000000000000000|0000000000000000000000000000000000000000000000000000000000000000|0|3|rt4_TMB-5_MAP_g_12380.r24|2|1|RICH|868|0|2850|0000000000000000000000000000000000000000000000000000000000000000|RICH|1|868|DISP=ACCEPT_INSTALL|DETAIL=map
0000000000000000000000000000000000000000000000000000000000000000|0000000000000000000000000000000000000000000000000000000000000000|0|3|rt4_TMB-5_MAP_g_12381.r24|2|1|RICH|868|0|2860|0000000000000000000000000000000000000000000000000000000000000000|RICH|1|868|DISP=ACCEPT_INSTALL|DETAIL=map
0000000000000000000000000000000000000000000000000000000000000000|0000000000000000000000000000000000000000000000000000000000000000|0|3|rt4_TMB-5_MAP_g_12382.r24|2|1|RICH|868|0|2870|0000000000000000000000000000000000000000000000000000000000000000|RICH|1|868|DISP=ACCEPT_INSTALL|DETAIL=map
0000000000000000000000000000000000000000000000000000000000000000|0000000000000000000000000000000000000000000000000000000000000000|0|3|rt4_TMB-5_MAP_g_12383.r24|2|1|RICH|868|0|2880|0000000000000000000000000000000000000000000000000000000000000000|RICH|1|868|DISP=ACCEPT_INSTALL|DETAIL=map
0000000000000000000000000000000000000000000000000000000000000000|0000000000000000000000000000000000000000000000000000000000000000|0|3|rt4_TMB-5_MAP_g_12384.r24|2|1|RICH|868|0|2890|0000000000000000000000000000000000000000000000000000000000000000|RICH|1|868|DISP=ACCEPT_INSTALL|DETAIL=map
0000000000000000000000000000000000000000000000000000000000000000|0000000000000000000000000000000000000000000000000000000000000000|0|3|rt4_TMB-5_MAP_g_12385.r24|2|1|RICH|868|0|2900|0000000000000000000000000000000000000000000000000000000000000000|RICH|1|868|DISP=ACCEPT_INSTALL|DETAIL=map
0000000000000000000000000000000000000000000000000000000000000000|0000000000000000000000000000000000000000000000000000000000000000|0|3|rt4_TMB-5_MAP_g_12386.r24|2|1|RICH|870|0|2400|0000000000000000000000000000000000000000000000000000000000000000|RICH|1|870|DISP=ACCEPT_INSTALL|DETAIL=map
0000000000000000000000000000000000000000000000000000000000000000|0000000000000000000000000000000000000000000000000000000000000000|0|3|rt4_TMB-5_MAP_g_12387.r24|2|1|RICH|870|0|2410|0000000000000000000000000000000000000000000000000000000000000000|RICH|1|870|DISP=ACCEPT_INSTALL|DETAIL=map
0000000000000000000000000000000000000000000000000000000000000000|0000000000000000000000000000000000000000000000000000000000000000|0|3|rt4_TMB-5_MAP_g_12388.r24|2|1|RICH|870|0|2420|0000000000000000000000000000000000000000000000000000000000000000|RICH|1|870|DISP=ACCEPT_INSTALL|DETAIL=map
0000000000000000000000000000000000000000000000000000000000000000|0000000000000000000000000000000000000000000000000000000000000000|0|3|rt4_TMB-5_MAP_g_12389.r24|2|1|RICH|870|0|2430|0000000000000000000000000000000000000000000000000000000000000000|RICH|1|870|DISP=ACCEPT_INSTALL|DETAIL=map
0000000000000000000000000000000000000000000000000000000000000000|0000000000000000000000000000000000000000000000000000000000000000|0|3|rt4_TMB-5_MAP_g_12390.r24|2|1|RICH|870|0|2440|0000000000000000000000000000000000000000000000000000000000000000|RICH|1|870|DISP=ACCEPT_INSTALL|DETAIL=map
0000000000000000000000000000000000000000000000000000000000000000|0000000000000000000000000000000000000000000000000000000000000000|0|3|rt4_TMB-5_MAP_g_12391.r24|2|1|RICH|870|0|2450|0000000000000000000000000000000000000000000000000000000000000000|RICH|1|870|DISP=ACCEPT_INSTALL|DETAIL=map
0000000000000000000000000000000000000000000000000000000000000000|0000000000000000000000000000000000000000000000000000000000000000|0|3|rt4_TMB-5_MAP_g_12392.r24|2|1|RICH|870|0|2460|0000000000000000000000000000000000000000000000000000000000000000|RICH|1|870|DISP=ACCEPT_INSTALL|DETAIL=map
0000000000000000000000000000000000000000000000000000000000000000|0000000000000000000000000000000000000000000000000000000000000000|0|3|rt4_TMB-5_MAP_g_12393.r24|2|1|RICH|870|0|2470|0000000000000000000000000000000000000000000000000000000000000000|RICH|1|870|DISP=ACCEPT_INSTALL|DETAIL=map
0000000000000000000000000000000000000000000000000000000000000000|0000000000000000000000000000000000000000000000000000000000000000|0|3|rt4_TMB-5_MAP_g_12394.r24|2|1|RICH|870|0|2480|0000000000000000000000000000000000000000000000000000000000000000|RICH|1|870|DISP=ACCEPT_INSTALL|DETAIL=map
0000000000000000000000000000000000000000000000000000000000000000|0000000000000000000000000000000000000000000000000000000000000000|0|3|rt4_TMB-5_MAP_g_12395.r24|2|1|RICH|870|0|2490|0000000000000000000000000000000000000000000000000000000000000000|RICH|1|870|DISP=ACCEPT_INSTALL|DETAIL=map
0000000000000000000000000000000000000000000000000000000000000000|0000000000000000000000000000000000000000000000000000000000000000|0|3|rt4_TMB-5_MAP_g_12396.r24|2|1|RICH|870|0|2500|0000000000000000000000000000000000000000000000000000000000000000|RICH|1|870|DISP=ACCEPT_INSTALL|DETAIL=map
0000000000000000000000000000000000000000000000000000000000000000|0000000000000000000000000000000000000000000000000000000000000000|0|3|rt4_TMB-5_MAP_g_12397.r24|2|1|RICH|870|0|2510|0000000000000000000000000000000000000000000000000000000000000000|RICH|1|870|DISP=ACCEPT_INSTALL|DETAIL=map
0000000000000000000000000000000000000000000000000000000000000000|0000000000000000000000000000000000000000000000000000000000000000|0|3|rt4_TMB-5_MAP_g_12398.r24|2|1|RICH|870|0|2520|0000000000000000000000000000000000000000000000000000000000000000|RICH|1|870|DISP=ACCEPT_INSTALL|DETAIL=map
0000000000000000000000000000000000000000000000000000000000000000|0000000000000000000000000000000000000000000000000000000000000000|0|3|rt4_TMB-5_MAP_g_12399.r24|2|1|RICH|870|0|2530|0000000000000000000000000000000000000000000000000000000000000000|RICH|1|870|DISP=ACCEPT_INSTALL|DETAIL=map
0000000000000000000000000000000000000000000000000000000000000000|0000000000000000000000000000000000000000000000000000000000000000|0|3|rt4_TMB-5_MAP_g_12400.r24|2|1|RICH|870|0|2540|0000000000000000000000000000000000000000000000000000000000000000|RICH|1|870|DISP=ACCEPT_INSTALL|DETAIL=map
0000000000000000000000000000000000000000000000000000000000000000|0000000000000000000000000000000000000000000000000000000000000000|0|3|rt4_TMB-5_MAP_g_12401.r24|2|1|RICH|870|0|2550|0000000000000000000000000000000000000000000000000000000000000000|RICH|1|870|DISP=ACCEPT_INSTALL|DETAIL=map
0000000000000000000000000000000000000000000000000000000000000000|0000000000000000000000000000000000000000000000000000000000000000|0|3|rt4_TMB-5_MAP_g_12402.r24|2|1|RICH|870|0|2560|0000000000000000000000000000000000000000000000000000000000000000|RICH|1|870|DISP=ACCEPT_INSTALL|DETAIL=map
0000000000000000000000000000000000000000000000000000000000000000|0000000000000000000000000000000000000000000000000000000000000000|0|3|rt4_TMB-5_MAP_g_12403.r24|2|1|RICH|870|0|2570|0000000000000000000000000000000000000000000000000000000000000000|RICH|1|870|DISP=ACCEPT_INSTALL|DETAIL=map
0000000000000000000000000000000000000000000000000000000000000000|0000000000000000000000000000000000000000000000000000000000000000|0|3|rt4_TMB-5_MAP_g_12404.r24|2|1|RICH|870|0|2580|0000000000000000000000000000000000000000000000000000000000000000|RICH|1|870|DISP=ACCEPT_INSTALL|DETAIL=map
0000000000000000000000000000000000000000000000000000000000000000|0000000000000000000000000000000000000000000000000000000000000000|0|3|rt4_TMB-5_MAP_g_12405.r24|2|1|RICH|870|0|2590|0000000000000000000000000000000000000000000000000000000000000000|RICH|1|870|DISP=ACCEPT_INSTALL|DETAIL=map
0000000000000000000000000000000000000000000000000000000000000000|0000000000000000000000000000000000000000000000000000000000000000|0|3|rt4_TMB-5_MAP_g_12406.r24|2|1|RICH|870|0|2600|0000000000000000000000000000000000000000000000000000000000000000|RICH|1|870|DISP=ACCEPT_INSTALL|DETAIL=map
0000000000000000000000000000000000000000000000000000000000000000|0000000000000000000000000000000000000000000000000000000000000000|0|3|rt4_TMB-5_MAP_g_12407.r24|2|1|RICH|870|0|2610|0000000000000000000000000000000000000000000000000000000000000000|RICH|1|870|DISP=ACCEPT_INSTALL|DETAIL=map
0000000000000000000000000000000000000000000000000000000000000000|0000000000000000000000000000000000000000000000000000000000000000|0|3|rt4_TMB-5_MAP_g_12408.r24|2|1|RICH|870|0|2620|0000000000000000000000000000000000000000000000000000000000000000|RICH|1|870|DISP=ACCEPT_INSTALL|DETAIL=map
0000000000000000000000000000000000000000000000000000000000000000|0000000000000000000000000000000000000000000000000000000000000000|0|3|rt4_TMB-5_MAP_g_12409.r24|2|1|RICH|870|0|2630|0000000000000000000000000000000000000000000000000000000000000000|RICH|1|870|DISP=ACCEPT_INSTALL|DETAIL=map
0000000000000000000000000000000000000000000000000000000000000000|0000000000000000000000000000000000000000000000000000000000000000|0|3|rt4_TMB-5_MAP_g_12410.r24|2|1|RICH|870|0|2640|0000000000000000000000000000000000000000000000000000000000000000|RICH|1|870|DISP=ACCEPT_INSTALL|DETAIL=map
0000000000000000000000000000000000000000000000000000000000000000|0000000000000000000000000000000000000000000000000000000000000000|0|3|rt4_TMB-5_MAP_g_12411.r24|2|1|RICH|870|0|2650|0000000000000000000000000000000000000000000000000000000000000000|RICH|1|870|DISP=ACCEPT_INSTALL|DETAIL=map
0000000000000000000000000000000000000000000000000000000000000000|0000000000000000000000000000000000000000000000000000000000000000|0|3|rt4_TMB-5_MAP_g_12412.r24|2|1|RICH|870|0|2660|0000000000000000000000000000000000000000000000000000000000000000|RICH|1|870|DISP=ACCEPT_INSTALL|DETAIL=map
0000000000000000000000000000000000000000000000000000000000000000|0000000000000000000000000000000000000000000000000000000000000000|0|3|rt4_TMB-5_MAP_g_12413.r24|2|1|RICH|870|0|2670|0000000000000000000000000000000000000000000000000000000000000000|RICH|1|870|DISP=ACCEPT_INSTALL|DETAIL=map
0000000000000000000000000000000000000000000000000000000000000000|0000000000000000000000000000000000000000000000000000000000000000|0|3|rt4_TMB-5_MAP_g_12414.r24|2|1|RICH|870|0|2680|0000000000000000000000000000000000000000000000000000000000000000|RICH|1|870|DISP=ACCEPT_INSTALL|DETAIL=map
0000000000000000000000000000000000000000000000000000000000000000|0000000000000000000000000000000000000000000000000000000000000000|0|3|rt4_TMB-5_MAP_g_12415.r24|2|1|RICH|870|0|2690|0000000000000000000000000000000000000000000000000000000000000000|RICH|1|870|DISP=ACCEPT_INSTALL|DETAIL=map
0000000000000000000000000000000000000000000000000000000000000000|0000000000000000000000000000000000000000000000000000000000000000|0|3|rt4_TMB-5_MAP_g_12416.r24|2|1|RICH|870|0|2700|0000000000000000000000000000000000000000000000000000000000000000|RICH|1|870|DISP=ACCEPT_INSTALL|DETAIL=map
0000000000000000000000000000000000000000000000000000000000000000|0000000000000000000000000000000000000000000000000000000000000000|0|3|rt4_TMB-5_MAP_g_12417.r24|2|1|RICH|870|0|2710|0000000000000000000000000000000000000000000000000000000000000000|RICH|1|870|DISP=ACCEPT_INSTALL|DETAIL=map
0000000000000000000000000000000000000000000000000000000000000000|0000000000000000000000000000000000000000000000000000000000000000|0|3|rt4_TMB-5_MAP_g_12418.r24|2|1|RICH|870|0|2720|0000000000000000000000000000000000000000000000000000000000000000|RICH|1|870|DISP=ACCEPT_INSTALL|DETAIL=map
0000000000000000000000000000000000000000000000000000000000000000|0000000000000000000000000000000000000000000000000000000000000000|0|3|rt4_TMB-5_MAP_g_12419.r24|2|1|RICH|870|0|2730|0000000000000000000000000000000000000000000000000000000000000000|RICH|1|870|DISP=ACCEPT_INSTALL|DETAIL=map
0000000000000000000000000000000000000000000000000000000000000000|0000000000000000000000000000000000000000000000000000000000000000|0|3|rt4_TMB-5_MAP_g_12420.r24|2|1|RICH|870|0|2740|0000000000000000000000000000000000000000000000000000000000000000|RICH|1|870|DISP=ACCEPT_INSTALL|DETAIL=map
0000000000000000000000000000000000000000000000000000000000000000|0000000000000000000000000000000000000000000000000000000000000000|0|3|rt4_TMB-5_MAP_g_12421.r24|2|1|RICH|870|0|2750|0000000000000000000000000000000000000000000000000000000000000000|RICH|1|870|DISP=ACCEPT_INSTALL|DETAIL=map
0000000000000000000000000000000000000000000000000000000000000000|0000000000000000000000000000000000000000000000000000000000000000|0|3|rt4_TMB-5_MAP_g_12422.r24|2|1|RICH|870|0|2760|0000000000000000000000000000000000000000000000000000000000000000|RICH|1|870|DISP=ACCEPT_INSTALL|DETAIL=map
0000000000000000000000000000000000000000000000000000000000000000|0000000000000000000000000000000000000000000000000000000000000000|0|3|rt4_TMB-5_MAP_g_12423.r24|2|1|RICH|870|0|2770|0000000000000000000000000000000000000000000000000000000000000000|RICH|1|870|DISP=ACCEPT_INSTALL|DETAIL=map
0000000000000000000000000000000000000000000000000000000000000000|0000000000000000000000000000000000000000000000000000000000000000|0|3|rt4_TMB-5_MAP_g_12424.r24|2|1|RICH|870|0|2780|0000000000000000000000000000000000000000000000000000000000000000|RICH|1|870|DISP=ACCEPT_INSTALL|DETAIL=map
0000000000000000000000000000000000000000000000000000000000000000|0000000000000000000000000000000000000000000000000000000000000000|0|3|rt4_TMB-5_MAP_g_12425.r24|2|1|RICH|870|0|2790|0000000000000000000000000000000000000000000000000000000000000000|RICH|1|870|DISP=ACCEPT_INSTALL|DETAIL=map
0000000000000000000000000000000000000000000000000000000000000000|0000000000000000000000000000000000000000000000000000000000000000|0|3|rt4_TMB-5_MAP_g_12426.r24|2|1|RICH|870|0|2800|0000000000000000000000000000000000000000000000000000000000000000|RICH|1|870|DISP=ACCEPT_INSTALL|DETAIL=map
0000000000000000000000000000000000000000000000000000000000000000|0000000000000000000000000000000000000000000000000000000000000000|0|3|rt4_TMB-5_MAP_g_12427.r24|2|1|RICH|870|0|2810|0000000000000000000000000000000000000000000000000000000000000000|RICH|1|870|DISP=ACCEPT_INSTALL|DETAIL=map
0000000000000000000000000000000000000000000000000000000000000000|0000000000000000000000000000000000000000000000000000000000000000|0|3|rt4_TMB-5_MAP_g_12428.r24|2|1|RICH|870|0|2820|0000000000000000000000000000000000000000000000000000000000000000|RICH|1|870|DISP=ACCEPT_INSTALL|DETAIL=map
0000000000000000000000000000000000000000000000000000000000000000|0000000000000000000000000000000000000000000000000000000000000000|0|3|rt4_TMB-5_MAP_g_12429.r24|2|1|RICH|870|0|2830|0000000000000000000000000000000000000000000000000000000000000000|RICH|1|870|DISP=ACCEPT_INSTALL|DETAIL=map
0000000000000000000000000000000000000000000000000000000000000000|0000000000000000000000000000000000000000000000000000000000000000|0|3|rt4_TMB-5_MAP_g_12430.r24|2|1|RICH|870|0|2840|0000000000000000000000000000000000000000000000000000000000000000|RICH|1|870|DISP=ACCEPT_INSTALL|DETAIL=map
0000000000000000000000000000000000000000000000000000000000000000|0000000000000000000000000000000000000000000000000000000000000000|0|3|rt4_TMB-5_MAP_g_12431.r24|2|1|RICH|870|0|2850|0000000000000000000000000000000000000000000000000000000000000000|RICH|1|870|DISP=ACCEPT_INSTALL|DETAIL=map
0000000000000000000000000000000000000000000000000000000000000000|0000000000000000000000000000000000000000000000000000000000000000|0|3|rt4_TMB-5_MAP_g_12432.r24|2|1|RICH|870|0|2860|0000000000000000000000000000000000000000000000000000000000000000|RICH|1|870|DISP=ACCEPT_INSTALL|DETAIL=map
0000000000000000000000000000000000000000000000000000000000000000|0000000000000000000000000000000000000000000000000000000000000000|0|3|rt4_TMB-5_MAP_g_12433.r24|2|1|RICH|870|0|2870|0000000000000000000000000000000000000000000000000000000000000000|RICH|1|870|DISP=ACCEPT_INSTALL|DETAIL=map
0000000000000000000000000000000000000000000000000000000000000000|0000000000000000000000000000000000000000000000000000000000000000|0|3|rt4_TMB-5_MAP_g_12434.r24|2|1|RICH|870|0|2880|0000000000000000000000000000000000000000000000000000000000000000|RICH|1|870|DISP=ACCEPT_INSTALL|DETAIL=map
0000000000000000000000000000000000000000000000000000000000000000|0000000000000000000000000000000000000000000000000000000000000000|0|3|rt4_TMB-5_MAP_g_12435.r24|2|1|RICH|870|0|2890|0000000000000000000000000000000000000000000000000000000000000000|RICH|1|870|DISP=ACCEPT_INSTALL|DETAIL=map
0000000000000000000000000000000000000000000000000000000000000000|0000000000000000000000000000000000000000000000000000000000000000|0|3|rt4_TMB-5_MAP_g_12436.r24|2|1|RICH|870|0|2900|0000000000000000000000000000000000000000000000000000000000000000|RICH|1|870|DISP=ACCEPT_INSTALL|DETAIL=map
0000000000000000000000000000000000000000000000000000000000000000|0000000000000000000000000000000000000000000000000000000000000000|0|3|rt4_TMB-5_MAP_g_12437.r24|2|1|RICH|872|0|2400|0000000000000000000000000000000000000000000000000000000000000000|RICH|1|872|DISP=ACCEPT_INSTALL|DETAIL=map
0000000000000000000000000000000000000000000000000000000000000000|0000000000000000000000000000000000000000000000000000000000000000|0|3|rt4_TMB-5_MAP_g_12438.r24|2|1|RICH|872|0|2410|0000000000000000000000000000000000000000000000000000000000000000|RICH|1|872|DISP=ACCEPT_INSTALL|DETAIL=map
0000000000000000000000000000000000000000000000000000000000000000|0000000000000000000000000000000000000000000000000000000000000000|0|3|rt4_TMB-5_MAP_g_12439.r24|2|1|RICH|872|0|2420|0000000000000000000000000000000000000000000000000000000000000000|RICH|1|872|DISP=ACCEPT_INSTALL|DETAIL=map
0000000000000000000000000000000000000000000000000000000000000000|0000000000000000000000000000000000000000000000000000000000000000|0|3|rt4_TMB-5_MAP_g_12440.r24|2|1|RICH|872|0|2430|0000000000000000000000000000000000000000000000000000000000000000|RICH|1|872|DISP=ACCEPT_INSTALL|DETAIL=map
0000000000000000000000000000000000000000000000000000000000000000|0000000000000000000000000000000000000000000000000000000000000000|0|3|rt4_TMB-5_MAP_g_12441.r24|2|1|RICH|872|0|2440|0000000000000000000000000000000000000000000000000000000000000000|RICH|1|872|DISP=ACCEPT_INSTALL|DETAIL=map
0000000000000000000000000000000000000000000000000000000000000000|0000000000000000000000000000000000000000000000000000000000000000|0|3|rt4_TMB-5_MAP_g_12442.r24|2|1|RICH|872|0|2450|0000000000000000000000000000000000000000000000000000000000000000|RICH|1|872|DISP=ACCEPT_INSTALL|DETAIL=map
0000000000000000000000000000000000000000000000000000000000000000|0000000000000000000000000000000000000000000000000000000000000000|0|3|rt4_TMB-5_MAP_g_12443.r24|2|1|RICH|872|0|2460|0000000000000000000000000000000000000000000000000000000000000000|RICH|1|872|DISP=ACCEPT_INSTALL|DETAIL=map
0000000000000000000000000000000000000000000000000000000000000000|0000000000000000000000000000000000000000000000000000000000000000|0|3|rt4_TMB-5_MAP_g_12444.r24|2|1|RICH|872|0|2470|0000000000000000000000000000000000000000000000000000000000000000|RICH|1|872|DISP=ACCEPT_INSTALL|DETAIL=map
0000000000000000000000000000000000000000000000000000000000000000|0000000000000000000000000000000000000000000000000000000000000000|0|3|rt4_TMB-5_MAP_g_12445.r24|2|1|RICH|872|0|2480|0000000000000000000000000000000000000000000000000000000000000000|RICH|1|872|DISP=ACCEPT_INSTALL|DETAIL=map
0000000000000000000000000000000000000000000000000000000000000000|0000000000000000000000000000000000000000000000000000000000000000|0|3|rt4_TMB-5_MAP_g_12446.r24|2|1|RICH|872|0|2490|0000000000000000000000000000000000000000000000000000000000000000|RICH|1|872|DISP=ACCEPT_INSTALL|DETAIL=map
0000000000000000000000000000000000000000000000000000000000000000|0000000000000000000000000000000000000000000000000000000000000000|0|3|rt4_TMB-5_MAP_g_12447.r24|2|1|RICH|872|0|2500|0000000000000000000000000000000000000000000000000000000000000000|RICH|1|872|DISP=ACCEPT_INSTALL|DETAIL=map
0000000000000000000000000000000000000000000000000000000000000000|0000000000000000000000000000000000000000000000000000000000000000|0|3|rt4_TMB-5_MAP_g_12448.r24|2|1|RICH|872|0|2510|0000000000000000000000000000000000000000000000000000000000000000|RICH|1|872|DISP=ACCEPT_INSTALL|DETAIL=map
0000000000000000000000000000000000000000000000000000000000000000|0000000000000000000000000000000000000000000000000000000000000000|0|3|rt4_TMB-5_MAP_g_12449.r24|2|1|RICH|872|0|2520|0000000000000000000000000000000000000000000000000000000000000000|RICH|1|872|DISP=ACCEPT_INSTALL|DETAIL=map
0000000000000000000000000000000000000000000000000000000000000000|0000000000000000000000000000000000000000000000000000000000000000|0|3|rt4_TMB-5_MAP_g_12450.r24|2|1|RICH|872|0|2530|0000000000000000000000000000000000000000000000000000000000000000|RICH|1|872|DISP=ACCEPT_INSTALL|DETAIL=map
0000000000000000000000000000000000000000000000000000000000000000|0000000000000000000000000000000000000000000000000000000000000000|0|3|rt4_TMB-5_MAP_g_12451.r24|2|1|RICH|872|0|2540|0000000000000000000000000000000000000000000000000000000000000000|RICH|1|872|DISP=ACCEPT_INSTALL|DETAIL=map
0000000000000000000000000000000000000000000000000000000000000000|0000000000000000000000000000000000000000000000000000000000000000|0|3|rt4_TMB-5_MAP_g_12452.r24|2|1|RICH|872|0|2550|0000000000000000000000000000000000000000000000000000000000000000|RICH|1|872|DISP=ACCEPT_INSTALL|DETAIL=map
0000000000000000000000000000000000000000000000000000000000000000|0000000000000000000000000000000000000000000000000000000000000000|0|3|rt4_TMB-5_MAP_g_12453.r24|2|1|RICH|872|0|2560|0000000000000000000000000000000000000000000000000000000000000000|RICH|1|872|DISP=ACCEPT_INSTALL|DETAIL=map
0000000000000000000000000000000000000000000000000000000000000000|0000000000000000000000000000000000000000000000000000000000000000|0|3|rt4_TMB-5_MAP_g_12454.r24|2|1|RICH|872|0|2570|0000000000000000000000000000000000000000000000000000000000000000|RICH|1|872|DISP=ACCEPT_INSTALL|DETAIL=map
0000000000000000000000000000000000000000000000000000000000000000|0000000000000000000000000000000000000000000000000000000000000000|0|3|rt4_TMB-5_MAP_g_12455.r24|2|1|RICH|872|0|2580|0000000000000000000000000000000000000000000000000000000000000000|RICH|1|872|DISP=ACCEPT_INSTALL|DETAIL=map
0000000000000000000000000000000000000000000000000000000000000000|0000000000000000000000000000000000000000000000000000000000000000|0|3|rt4_TMB-5_MAP_g_12456.r24|2|1|RICH|872|0|2590|0000000000000000000000000000000000000000000000000000000000000000|RICH|1|872|DISP=ACCEPT_INSTALL|DETAIL=map
0000000000000000000000000000000000000000000000000000000000000000|0000000000000000000000000000000000000000000000000000000000000000|0|3|rt4_TMB-5_MAP_g_12457.r24|2|1|RICH|872|0|2600|0000000000000000000000000000000000000000000000000000000000000000|RICH|1|872|DISP=ACCEPT_INSTALL|DETAIL=map
0000000000000000000000000000000000000000000000000000000000000000|0000000000000000000000000000000000000000000000000000000000000000|0|3|rt4_TMB-5_MAP_g_12458.r24|2|1|RICH|872|0|2610|0000000000000000000000000000000000000000000000000000000000000000|RICH|1|872|DISP=ACCEPT_INSTALL|DETAIL=map
0000000000000000000000000000000000000000000000000000000000000000|0000000000000000000000000000000000000000000000000000000000000000|0|3|rt4_TMB-5_MAP_g_12459.r24|2|1|RICH|872|0|2620|0000000000000000000000000000000000000000000000000000000000000000|RICH|1|872|DISP=ACCEPT_INSTALL|DETAIL=map
0000000000000000000000000000000000000000000000000000000000000000|0000000000000000000000000000000000000000000000000000000000000000|0|3|rt4_TMB-5_MAP_g_12460.r24|2|1|RICH|872|0|2630|0000000000000000000000000000000000000000000000000000000000000000|RICH|1|872|DISP=ACCEPT_INSTALL|DETAIL=map
0000000000000000000000000000000000000000000000000000000000000000|0000000000000000000000000000000000000000000000000000000000000000|0|3|rt4_TMB-5_MAP_g_12461.r24|2|1|RICH|872|0|2640|0000000000000000000000000000000000000000000000000000000000000000|RICH|1|872|DISP=ACCEPT_INSTALL|DETAIL=map
0000000000000000000000000000000000000000000000000000000000000000|0000000000000000000000000000000000000000000000000000000000000000|0|3|rt4_TMB-5_MAP_g_12462.r24|2|1|RICH|872|0|2650|0000000000000000000000000000000000000000000000000000000000000000|RICH|1|872|DISP=ACCEPT_INSTALL|DETAIL=map
0000000000000000000000000000000000000000000000000000000000000000|0000000000000000000000000000000000000000000000000000000000000000|0|3|rt4_TMB-5_MAP_g_12463.r24|2|1|RICH|872|0|2660|0000000000000000000000000000000000000000000000000000000000000000|RICH|1|872|DISP=ACCEPT_INSTALL|DETAIL=map
0000000000000000000000000000000000000000000000000000000000000000|0000000000000000000000000000000000000000000000000000000000000000|0|3|rt4_TMB-5_MAP_g_12464.r24|2|1|RICH|872|0|2670|0000000000000000000000000000000000000000000000000000000000000000|RICH|1|872|DISP=ACCEPT_INSTALL|DETAIL=map
0000000000000000000000000000000000000000000000000000000000000000|0000000000000000000000000000000000000000000000000000000000000000|0|3|rt4_TMB-5_MAP_g_12465.r24|2|1|RICH|872|0|2680|0000000000000000000000000000000000000000000000000000000000000000|RICH|1|872|DISP=ACCEPT_INSTALL|DETAIL=map
0000000000000000000000000000000000000000000000000000000000000000|0000000000000000000000000000000000000000000000000000000000000000|0|3|rt4_TMB-5_MAP_g_12466.r24|2|1|RICH|872|0|2690|0000000000000000000000000000000000000000000000000000000000000000|RICH|1|872|DISP=ACCEPT_INSTALL|DETAIL=map
0000000000000000000000000000000000000000000000000000000000000000|0000000000000000000000000000000000000000000000000000000000000000|0|3|rt4_TMB-5_MAP_g_12467.r24|2|1|RICH|872|0|2700|0000000000000000000000000000000000000000000000000000000000000000|RICH|1|872|DISP=ACCEPT_INSTALL|DETAIL=map
0000000000000000000000000000000000000000000000000000000000000000|0000000000000000000000000000000000000000000000000000000000000000|0|3|rt4_TMB-5_MAP_g_12468.r24|2|1|RICH|872|0|2710|0000000000000000000000000000000000000000000000000000000000000000|RICH|1|872|DISP=ACCEPT_INSTALL|DETAIL=map
0000000000000000000000000000000000000000000000000000000000000000|0000000000000000000000000000000000000000000000000000000000000000|0|3|rt4_TMB-5_MAP_g_12469.r24|2|1|RICH|872|0|2720|0000000000000000000000000000000000000000000000000000000000000000|RICH|1|872|DISP=ACCEPT_INSTALL|DETAIL=map
0000000000000000000000000000000000000000000000000000000000000000|0000000000000000000000000000000000000000000000000000000000000000|0|3|rt4_TMB-5_MAP_g_12470.r24|2|1|RICH|872|0|2730|0000000000000000000000000000000000000000000000000000000000000000|RICH|1|872|DISP=ACCEPT_INSTALL|DETAIL=map
0000000000000000000000000000000000000000000000000000000000000000|0000000000000000000000000000000000000000000000000000000000000000|0|3|rt4_TMB-5_MAP_g_12471.r24|2|1|RICH|872|0|2740|0000000000000000000000000000000000000000000000000000000000000000|RICH|1|872|DISP=ACCEPT_INSTALL|DETAIL=map
0000000000000000000000000000000000000000000000000000000000000000|0000000000000000000000000000000000000000000000000000000000000000|0|3|rt4_TMB-5_MAP_g_12472.r24|2|1|RICH|872|0|2750|0000000000000000000000000000000000000000000000000000000000000000|RICH|1|872|DISP=ACCEPT_INSTALL|DETAIL=map
0000000000000000000000000000000000000000000000000000000000000000|0000000000000000000000000000000000000000000000000000000000000000|0|3|rt4_TMB-5_MAP_g_12473.r24|2|1|RICH|872|0|2760|0000000000000000000000000000000000000000000000000000000000000000|RICH|1|872|DISP=ACCEPT_INSTALL|DETAIL=map
0000000000000000000000000000000000000000000000000000000000000000|0000000000000000000000000000000000000000000000000000000000000000|0|3|rt4_TMB-5_MAP_g_12474.r24|2|1|RICH|872|0|2770|0000000000000000000000000000000000000000000000000000000000000000|RICH|1|872|DISP=ACCEPT_INSTALL|DETAIL=map
0000000000000000000000000000000000000000000000000000000000000000|0000000000000000000000000000000000000000000000000000000000000000|0|3|rt4_TMB-5_MAP_g_12475.r24|2|1|RICH|872|0|2780|0000000000000000000000000000000000000000000000000000000000000000|RICH|1|872|DISP=ACCEPT_INSTALL|DETAIL=map
0000000000000000000000000000000000000000000000000000000000000000|0000000000000000000000000000000000000000000000000000000000000000|0|3|rt4_TMB-5_MAP_g_12476.r24|2|1|RICH|872|0|2790|0000000000000000000000000000000000000000000000000000000000000000|RICH|1|872|DISP=ACCEPT_INSTALL|DETAIL=map
0000000000000000000000000000000000000000000000000000000000000000|0000000000000000000000000000000000000000000000000000000000000000|0|3|rt4_TMB-5_MAP_g_12477.r24|2|1|RICH|872|0|2800|0000000000000000000000000000000000000000000000000000000000000000|RICH|1|872|DISP=ACCEPT_INSTALL|DETAIL=map
0000000000000000000000000000000000000000000000000000000000000000|0000000000000000000000000000000000000000000000000000000000000000|0|3|rt4_TMB-5_MAP_g_12478.r24|2|1|RICH|872|0|2810|0000000000000000000000000000000000000000000000000000000000000000|RICH|1|872|DISP=ACCEPT_INSTALL|DETAIL=map
0000000000000000000000000000000000000000000000000000000000000000|0000000000000000000000000000000000000000000000000000000000000000|0|3|rt4_TMB-5_MAP_g_12479.r24|2|1|RICH|872|0|2820|0000000000000000000000000000000000000000000000000000000000000000|RICH|1|872|DISP=ACCEPT_INSTALL|DETAIL=map
0000000000000000000000000000000000000000000000000000000000000000|0000000000000000000000000000000000000000000000000000000000000000|0|3|rt4_TMB-5_MAP_g_12480.r24|2|1|RICH|872|0|2830|0000000000000000000000000000000000000000000000000000000000000000|RICH|1|872|DISP=ACCEPT_INSTALL|DETAIL=map
0000000000000000000000000000000000000000000000000000000000000000|0000000000000000000000000000000000000000000000000000000000000000|0|3|rt4_TMB-5_MAP_g_12481.r24|2|1|RICH|872|0|2840|0000000000000000000000000000000000000000000000000000000000000000|RICH|1|872|DISP=ACCEPT_INSTALL|DETAIL=map
0000000000000000000000000000000000000000000000000000000000000000|0000000000000000000000000000000000000000000000000000000000000000|0|3|rt4_TMB-5_MAP_g_12482.r24|2|1|RICH|872|0|2850|0000000000000000000000000000000000000000000000000000000000000000|RICH|1|872|DISP=ACCEPT_INSTALL|DETAIL=map
0000000000000000000000000000000000000000000000000000000000000000|0000000000000000000000000000000000000000000000000000000000000000|0|3|rt4_TMB-5_MAP_g_12483.r24|2|1|RICH|872|0|2860|0000000000000000000000000000000000000000000000000000000000000000|RICH|1|872|DISP=ACCEPT_INSTALL|DETAIL=map
0000000000000000000000000000000000000000000000000000000000000000|0000000000000000000000000000000000000000000000000000000000000000|0|3|rt4_TMB-5_MAP_g_12484.r24|2|1|RICH|872|0|2870|0000000000000000000000000000000000000000000000000000000000000000|RICH|1|872|DISP=ACCEPT_INSTALL|DETAIL=map
0000000000000000000000000000000000000000000000000000000000000000|0000000000000000000000000000000000000000000000000000000000000000|0|3|rt4_TMB-5_MAP_g_12485.r24|2|1|RICH|872|0|2880|0000000000000000000000000000000000000000000000000000000000000000|RICH|1|872|DISP=ACCEPT_INSTALL|DETAIL=map
0000000000000000000000000000000000000000000000000000000000000000|0000000000000000000000000000000000000000000000000000000000000000|0|3|rt4_TMB-5_MAP_g_12486.r24|2|1|RICH|872|0|2890|0000000000000000000000000000000000000000000000000000000000000000|RICH|1|872|DISP=ACCEPT_INSTALL|DETAIL=map
0000000000000000000000000000000000000000000000000000000000000000|0000000000000000000000000000000000000000000000000000000000000000|0|3|rt4_TMB-5_MAP_g_12487.r24|2|1|RICH|872|0|2900|0000000000000000000000000000000000000000000000000000000000000000|RICH|1|872|DISP=ACCEPT_INSTALL|DETAIL=map
0000000000000000000000000000000000000000000000000000000000000000|0000000000000000000000000000000000000000000000000000000000000000|0|3|rt4_TMB-5_MAP_g_12488.r24|2|1|RICH|874|0|2400|0000000000000000000000000000000000000000000000000000000000000000|RICH|1|874|DISP=ACCEPT_INSTALL|DETAIL=map
0000000000000000000000000000000000000000000000000000000000000000|0000000000000000000000000000000000000000000000000000000000000000|0|3|rt4_TMB-5_MAP_g_12489.r24|2|1|RICH|874|0|2410|0000000000000000000000000000000000000000000000000000000000000000|RICH|1|874|DISP=ACCEPT_INSTALL|DETAIL=map
0000000000000000000000000000000000000000000000000000000000000000|0000000000000000000000000000000000000000000000000000000000000000|0|3|rt4_TMB-5_MAP_g_12490.r24|2|1|RICH|874|0|2420|0000000000000000000000000000000000000000000000000000000000000000|RICH|1|874|DISP=ACCEPT_INSTALL|DETAIL=map
0000000000000000000000000000000000000000000000000000000000000000|0000000000000000000000000000000000000000000000000000000000000000|0|3|rt4_TMB-5_MAP_g_12491.r24|2|1|RICH|874|0|2430|0000000000000000000000000000000000000000000000000000000000000000|RICH|1|874|DISP=ACCEPT_INSTALL|DETAIL=map
0000000000000000000000000000000000000000000000000000000000000000|0000000000000000000000000000000000000000000000000000000000000000|0|3|rt4_TMB-5_MAP_g_12492.r24|2|1|RICH|874|0|2440|0000000000000000000000000000000000000000000000000000000000000000|RICH|1|874|DISP=ACCEPT_INSTALL|DETAIL=map
0000000000000000000000000000000000000000000000000000000000000000|0000000000000000000000000000000000000000000000000000000000000000|0|3|rt4_TMB-5_MAP_g_12493.r24|2|1|RICH|874|0|2450|0000000000000000000000000000000000000000000000000000000000000000|RICH|1|874|DISP=ACCEPT_INSTALL|DETAIL=map
0000000000000000000000000000000000000000000000000000000000000000|0000000000000000000000000000000000000000000000000000000000000000|0|3|rt4_TMB-5_MAP_g_12494.r24|2|1|RICH|874|0|2460|0000000000000000000000000000000000000000000000000000000000000000|RICH|1|874|DISP=ACCEPT_INSTALL|DETAIL=map
0000000000000000000000000000000000000000000000000000000000000000|0000000000000000000000000000000000000000000000000000000000000000|0|3|rt4_TMB-5_MAP_g_12495.r24|2|1|RICH|874|0|2470|0000000000000000000000000000000000000000000000000000000000000000|RICH|1|874|DISP=ACCEPT_INSTALL|DETAIL=map
0000000000000000000000000000000000000000000000000000000000000000|0000000000000000000000000000000000000000000000000000000000000000|0|3|rt4_TMB-5_MAP_g_12496.r24|2|1|RICH|874|0|2480|0000000000000000000000000000000000000000000000000000000000000000|RICH|1|874|DISP=ACCEPT_INSTALL|DETAIL=map
0000000000000000000000000000000000000000000000000000000000000000|0000000000000000000000000000000000000000000000000000000000000000|0|3|rt4_TMB-5_MAP_g_12497.r24|2|1|RICH|874|0|2490|0000000000000000000000000000000000000000000000000000000000000000|RICH|1|874|DISP=ACCEPT_INSTALL|DETAIL=map
0000000000000000000000000000000000000000000000000000000000000000|0000000000000000000000000000000000000000000000000000000000000000|0|3|rt4_TMB-5_MAP_g_12498.r24|2|1|RICH|874|0|2500|0000000000000000000000000000000000000000000000000000000000000000|RICH|1|874|DISP=ACCEPT_INSTALL|DETAIL=map
0000000000000000000000000000000000000000000000000000000000000000|0000000000000000000000000000000000000000000000000000000000000000|0|3|rt4_TMB-5_MAP_g_12499.r24|2|1|RICH|874|0|2510|0000000000000000000000000000000000000000000000000000000000000000|RICH|1|874|DISP=ACCEPT_INSTALL|DETAIL=map
