0000000000000000000000000000000000000000000000000000000000000000|0000000000000000000000000000000000000000000000000000000000000000|0|3|rt4_TMB-5_MAP_g_11500.r24|2|1|RICH|836|0|2410|0000000000000000000000000000000000000000000000000000000000000000|RICH|1|836|DISP=ACCEPT_INSTALL|DETAIL=map
0000000000000000000000000000000000000000000000000000000000000000|0000000000000000000000000000000000000000000000000000000000000000|0|3|rt4_TMB-5_MAP_g_11501.r24|2|1|RICH|836|0|2420|0000000000000000000000000000000000000000000000000000000000000000|RICH|1|836|DISP=ACCEPT_INSTALL|DETAIL=map
0000000000000000000000000000000000000000000000000000000000000000|0000000000000000000000000000000000000000000000000000000000000000|0|3|rt4_TMB-5_MAP_g_11502.r24|2|1|RICH|836|0|2430|0000000000000000000000000000000000000000000000000000000000000000|RICH|1|836|DISP=ACCEPT_INSTALL|DETAIL=map
0000000000000000000000000000000000000000000000000000000000000000|0000000000000000000000000000000000000000000000000000000000000000|0|3|rt4_TMB-5_MAP_g_11503.r24|2|1|RICH|836|0|2440|0000000000000000000000000000000000000000000000000000000000000000|RICH|1|836|DISP=ACCEPT_INSTALL|DETAIL=map
0000000000000000000000000000000000000000000000000000000000000000|0000000000000000000000000000000000000000000000000000000000000000|0|3|rt4_TMB-5_MAP_g_11504.r24|2|1|RICH|836|0|2450|0000000000000000000000000000000000000000000000000000000000000000|RICH|1|836|DISP=ACCEPT_INSTALL|DETAIL=map
0000000000000000000000000000000000000000000000000000000000000000|0000000000000000000000000000000000000000000000000000000000000000|0|3|rt4_TMB-5_MAP_g_11505.r24|2|1|RICH|836|0|2460|0000000000000000000000000000000000000000000000000000000000000000|RICH|1|836|DISP=ACCEPT_INSTALL|DETAIL=map
0000000000000000000000000000000000000000000000000000000000000000|0000000000000000000000000000000000000000000000000000000000000000|0|3|rt4_TMB-5_MAP_g_11506.r24|2|1|RICH|836|0|2470|0000000000000000000000000000000000000000000000000000000000000000|RICH|1|836|DISP=ACCEPT_INSTALL|DETAIL=map
0000000000000000000000000000000000000000000000000000000000000000|0000000000000000000000000000000000000000000000000000000000000000|0|3|rt4_TMB-5_MAP_g_11507.r24|2|1|RICH|836|0|2480|0000000000000000000000000000000000000000000000000000000000000000|RICH|1|836|DISP=ACCEPT_INSTALL|DETAIL=map
0000000000000000000000000000000000000000000000000000000000000000|0000000000000000000000000000000000000000000000000000000000000000|0|3|rt4_TMB-5_MAP_g_11508.r24|2|1|RICH|836|0|2490|0000000000000000000000000000000000000000000000000000000000000000|RICH|1|836|DISP=ACCEPT_INSTALL|DETAIL=map
0000000000000000000000000000000000000000000000000000000000000000|0000000000000000000000000000000000000000000000000000000000000000|0|3|rt4_TMB-5_MAP_g_11509.r24|2|1|RICH|836|0|2500|0000000000000000000000000000000000000000000000000000000000000000|RICH|1|836|DISP=ACCEPT_INSTALL|DETAIL=map
0000000000000000000000000000000000000000000000000000000000000000|0000000000000000000000000000000000000000000000000000000000000000|0|3|rt4_TMB-5_MAP_g_11510.r24|2|1|RICH|836|0|2510|0000000000000000000000000000000000000000000000000000000000000000|RICH|1|836|DISP=ACCEPT_INSTALL|DETAIL=map
0000000000000000000000000000000000000000000000000000000000000000|0000000000000000000000000000000000000000000000000000000000000000|0|3|rt4_TMB-5_MAP_g_11511.r24|2|1|RICH|836|0|2520|0000000000000000000000000000000000000000000000000000000000000000|RICH|1|836|DISP=ACCEPT_INSTALL|DETAIL=map
0000000000000000000000000000000000000000000000000000000000000000|0000000000000000000000000000000000000000000000000000000000000000|0|3|rt4_TMB-5_MAP_g_11512.r24|2|1|RICH|836|0|2530|0000000000000000000000000000000000000000000000000000000000000000|RICH|1|836|DISP=ACCEPT_INSTALL|DETAIL=map
0000000000000000000000000000000000000000000000000000000000000000|0000000000000000000000000000000000000000000000000000000000000000|0|3|rt4_TMB-5_MAP_g_11513.r24|2|1|RICH|836|0|2540|0000000000000000000000000000000000000000000000000000000000000000|RICH|1|836|DISP=ACCEPT_INSTALL|DETAIL=map
0000000000000000000000000000000000000000000000000000000000000000|0000000000000000000000000000000000000000000000000000000000000000|0|3|rt4_TMB-5_MAP_g_11514.r24|2|1|RICH|836|0|2550|0000000000000000000000000000000000000000000000000000000000000000|RICH|1|836|DISP=ACCEPT_INSTALL|DETAIL=map
0000000000000000000000000000000000000000000000000000000000000000|0000000000000000000000000000000000000000000000000000000000000000|0|3|rt4_TMB-5_MAP_g_11515.r24|2|1|RICH|836|0|2560|0000000000000000000000000000000000000000000000000000000000000000|RICH|1|836|DISP=ACCEPT_INSTALL|DETAIL=map
0000000000000000000000000000000000000000000000000000000000000000|0000000000000000000000000000000000000000000000000000000000000000|0|3|rt4_TMB-5_MAP_g_11516.r24|2|1|RICH|836|0|2570|0000000000000000000000000000000000000000000000000000000000000000|RICH|1|836|DISP=ACCEPT_INSTALL|DETAIL=map
0000000000000000000000000000000000000000000000000000000000000000|0000000000000000000000000000000000000000000000000000000000000000|0|3|rt4_TMB-5_MAP_g_11517.r24|2|1|RICH|836|0|2580|0000000000000000000000000000000000000000000000000000000000000000|RICH|1|836|DISP=ACCEPT_INSTALL|DETAIL=map
0000000000000000000000000000000000000000000000000000000000000000|0000000000000000000000000000000000000000000000000000000000000000|0|3|rt4_TMB-5_MAP_g_11518.r24|2|1|RICH|836|0|2590|0000000000000000000000000000000000000000000000000000000000000000|RICH|1|836|DISP=ACCEPT_INSTALL|DETAIL=map
0000000000000000000000000000000000000000000000000000000000000000|0000000000000000000000000000000000000000000000000000000000000000|0|3|rt4_TMB-5_MAP_g_11519.r24|2|1|RICH|836|0|2600|0000000000000000000000000000000000000000000000000000000000000000|RICH|1|836|DISP=ACCEPT_INSTALL|DETAIL=map
0000000000000000000000000000000000000000000000000000000000000000|0000000000000000000000000000000000000000000000000000000000000000|0|3|rt4_TMB-5_MAP_g_11520.r24|2|1|RICH|836|0|2610|0000000000000000000000000000000000000000000000000000000000000000|RICH|1|836|DISP=ACCEPT_INSTALL|DETAIL=map
0000000000000000000000000000000000000000000000000000000000000000|0000000000000000000000000000000000000000000000000000000000000000|0|3|rt4_TMB-5_MAP_g_11521.r24|2|1|RICH|836|0|2620|0000000000000000000000000000000000000000000000000000000000000000|RICH|1|836|DISP=ACCEPT_INSTALL|DETAIL=map
0000000000000000000000000000000000000000000000000000000000000000|0000000000000000000000000000000000000000000000000000000000000000|0|3|rt4_TMB-5_MAP_g_11522.r24|2|1|RICH|836|0|2630|0000000000000000000000000000000000000000000000000000000000000000|RICH|1|836|DISP=ACCEPT_INSTALL|DETAIL=map
0000000000000000000000000000000000000000000000000000000000000000|0000000000000000000000000000000000000000000000000000000000000000|0|3|rt4_TMB-5_MAP_g_11523.r24|2|1|RICH|836|0|2640|0000000000000000000000000000000000000000000000000000000000000000|RICH|1|836|DISP=ACCEPT_INSTALL|DETAIL=map
0000000000000000000000000000000000000000000000000000000000000000|0000000000000000000000000000000000000000000000000000000000000000|0|3|rt4_TMB-5_MAP_g_11524.r24|2|1|RICH|836|0|2650|0000000000000000000000000000000000000000000000000000000000000000|RICH|1|836|DISP=ACCEPT_INSTALL|DETAIL=map
0000000000000000000000000000000000000000000000000000000000000000|0000000000000000000000000000000000000000000000000000000000000000|0|3|rt4_TMB-5_MAP_g_11525.r24|2|1|RICH|836|0|2660|0000000000000000000000000000000000000000000000000000000000000000|RICH|1|836|DISP=ACCEPT_INSTALL|DETAIL=map
0000000000000000000000000000000000000000000000000000000000000000|0000000000000000000000000000000000000000000000000000000000000000|0|3|rt4_TMB-5_MAP_g_11526.r24|2|1|RICH|836|0|2670|0000000000000000000000000000000000000000000000000000000000000000|RICH|1|836|DISP=ACCEPT_INSTALL|DETAIL=map
0000000000000000000000000000000000000000000000000000000000000000|0000000000000000000000000000000000000000000000000000000000000000|0|3|rt4_TMB-5_MAP_g_11527.r24|2|1|RICH|836|0|2680|0000000000000000000000000000000000000000000000000000000000000000|RICH|1|836|DISP=ACCEPT_INSTALL|DETAIL=map
0000000000000000000000000000000000000000000000000000000000000000|0000000000000000000000000000000000000000000000000000000000000000|0|3|rt4_TMB-5_MAP_g_11528.r24|2|1|RICH|836|0|2690|0000000000000000000000000000000000000000000000000000000000000000|RICH|1|836|DISP=ACCEPT_INSTALL|DETAIL=map
0000000000000000000000000000000000000000000000000000000000000000|0000000000000000000000000000000000000000000000000000000000000000|0|3|rt4_TMB-5_MAP_g_11529.r24|2|1|RICH|836|0|2700|0000000000000000000000000000000000000000000000000000000000000000|RICH|1|836|DISP=ACCEPT_INSTALL|DETAIL=map
0000000000000000000000000000000000000000000000000000000000000000|0000000000000000000000000000000000000000000000000000000000000000|0|3|rt4_TMB-5_MAP_g_11530.r24|2|1|RICH|836|0|2710|0000000000000000000000000000000000000000000000000000000000000000|RICH|1|836|DISP=ACCEPT_INSTALL|DETAIL=map
0000000000000000000000000000000000000000000000000000000000000000|0000000000000000000000000000000000000000000000000000000000000000|0|3|rt4_TMB-5_MAP_g_11531.r24|2|1|RICH|836|0|2720|0000000000000000000000000000000000000000000000000000000000000000|RICH|1|836|DISP=ACCEPT_INSTALL|DETAIL=map
0000000000000000000000000000000000000000000000000000000000000000|0000000000000000000000000000000000000000000000000000000000000000|0|3|rt4_TMB-5_MAP_g_11532.r24|2|1|RICH|836|0|2730|0000000000000000000000000000000000000000000000000000000000000000|RICH|1|836|DISP=ACCEPT_INSTALL|DETAIL=map
0000000000000000000000000000000000000000000000000000000000000000|0000000000000000000000000000000000000000000000000000000000000000|0|3|rt4_TMB-5_MAP_g_11533.r24|2|1|RICH|836|0|2740|0000000000000000000000000000000000000000000000000000000000000000|RICH|1|836|DISP=ACCEPT_INSTALL|DETAIL=map
0000000000000000000000000000000000000000000000000000000000000000|0000000000000000000000000000000000000000000000000000000000000000|0|3|rt4_TMB-5_MAP_g_11534.r24|2|1|RICH|836|0|2750|0000000000000000000000000000000000000000000000000000000000000000|RICH|1|836|DISP=ACCEPT_INSTALL|DETAIL=map
0000000000000000000000000000000000000000000000000000000000000000|0000000000000000000000000000000000000000000000000000000000000000|0|3|rt4_TMB-5_MAP_g_11535.r24|2|1|RICH|836|0|2760|0000000000000000000000000000000000000000000000000000000000000000|RICH|1|836|DISP=ACCEPT_INSTALL|DETAIL=map
0000000000000000000000000000000000000000000000000000000000000000|0000000000000000000000000000000000000000000000000000000000000000|0|3|rt4_TMB-5_MAP_g_11536.r24|2|1|RICH|836|0|2770|0000000000000000000000000000000000000000000000000000000000000000|RICH|1|836|DISP=ACCEPT_INSTALL|DETAIL=map
0000000000000000000000000000000000000000000000000000000000000000|0000000000000000000000000000000000000000000000000000000000000000|0|3|rt4_TMB-5_MAP_g_11537.r24|2|1|RICH|836|0|2780|0000000000000000000000000000000000000000000000000000000000000000|RICH|1|836|DISP=ACCEPT_INSTALL|DETAIL=map
0000000000000000000000000000000000000000000000000000000000000000|0000000000000000000000000000000000000000000000000000000000000000|0|3|rt4_TMB-5_MAP_g_11538.r24|2|1|RICH|836|0|2790|0000000000000000000000000000000000000000000000000000000000000000|RICH|1|836|DISP=ACCEPT_INSTALL|DETAIL=map
0000000000000000000000000000000000000000000000000000000000000000|0000000000000000000000000000000000000000000000000000000000000000|0|3|rt4_TMB-5_MAP_g_11539.r24|2|1|RICH|836|0|2800|0000000000000000000000000000000000000000000000000000000000000000|RICH|1|836|DISP=ACCEPT_INSTALL|DETAIL=map
0000000000000000000000000000000000000000000000000000000000000000|0000000000000000000000000000000000000000000000000000000000000000|0|3|rt4_TMB-5_MAP_g_11540.r24|2|1|RICH|836|0|2810|0000000000000000000000000000000000000000000000000000000000000000|RICH|1|836|DISP=ACCEPT_INSTALL|DETAIL=map
0000000000000000000000000000000000000000000000000000000000000000|0000000000000000000000000000000000000000000000000000000000000000|0|3|rt4_TMB-5_MAP_g_11541.r24|2|1|RICH|836|0|2820|0000000000000000000000000000000000000000000000000000000000000000|RICH|1|836|DISP=ACCEPT_INSTALL|DETAIL=map
0000000000000000000000000000000000000000000000000000000000000000|0000000000000000000000000000000000000000000000000000000000000000|0|3|rt4_TMB-5_MAP_g_11542.r24|2|1|RICH|836|0|2830|0000000000000000000000000000000000000000000000000000000000000000|RICH|1|836|DISP=ACCEPT_INSTALL|DETAIL=map
0000000000000000000000000000000000000000000000000000000000000000|0000000000000000000000000000000000000000000000000000000000000000|0|3|rt4_TMB-5_MAP_g_11543.r24|2|1|RICH|836|0|2840|0000000000000000000000000000000000000000000000000000000000000000|RICH|1|836|DISP=ACCEPT_INSTALL|DETAIL=map
0000000000000000000000000000000000000000000000000000000000000000|0000000000000000000000000000000000000000000000000000000000000000|0|3|rt4_TMB-5_MAP_g_11544.r24|2|1|RICH|836|0|2850|0000000000000000000000000000000000000000000000000000000000000000|RICH|1|836|DISP=ACCEPT_INSTALL|DETAIL=map
0000000000000000000000000000000000000000000000000000000000000000|0000000000000000000000000000000000000000000000000000000000000000|0|3|rt4_TMB-5_MAP_g_11545.r24|2|1|RICH|836|0|2860|0000000000000000000000000000000000000000000000000000000000000000|RICH|1|836|DISP=ACCEPT_INSTALL|DETAIL=map
0000000000000000000000000000000000000000000000000000000000000000|0000000000000000000000000000000000000000000000000000000000000000|0|3|rt4_TMB-5_MAP_g_11546.r24|2|1|RICH|836|0|2870|0000000000000000000000000000000000000000000000000000000000000000|RICH|1|836|DISP=ACCEPT_INSTALL|DETAIL=map
0000000000000000000000000000000000000000000000000000000000000000|0000000000000000000000000000000000000000000000000000000000000000|0|3|rt4_TMB-5_MAP_g_11547.r24|2|1|RICH|836|0|2880|0000000000000000000000000000000000000000000000000000000000000000|RICH|1|836|DISP=ACCEPT_INSTALL|DETAIL=map
0000000000000000000000000000000000000000000000000000000000000000|0000000000000000000000000000000000000000000000000000000000000000|0|3|rt4_TMB-5_MAP_g_11548.r24|2|1|RICH|836|0|2890|0000000000000000000000000000000000000000000000000000000000000000|RICH|1|836|DISP=ACCEPT_INSTALL|DETAIL=map
0000000000000000000000000000000000000000000000000000000000000000|0000000000000000000000000000000000000000000000000000000000000000|0|3|rt4_TMB-5_MAP_g_11549.r24|2|1|RICH|836|0|2900|0000000000000000000000000000000000000000000000000000000000000000|RICH|1|836|DISP=ACCEPT_INSTALL|DETAIL=map
0000000000000000000000000000000000000000000000000000000000000000|0000000000000000000000000000000000000000000000000000000000000000|0|3|rt4_TMB-5_MAP_g_11550.r24|2|1|RICH|838|0|2400|0000000000000000000000000000000000000000000000000000000000000000|RICH|1|838|DISP=ACCEPT_INSTALL|DETAIL=map
0000000000000000000000000000000000000000000000000000000000000000|0000000000000000000000000000000000000000000000000000000000000000|0|3|rt4_TMB-5_MAP_g_11551.r24|2|1|RICH|838|0|2410|0000000000000000000000000000000000000000000000000000000000000000|RICH|1|838|DISP=ACCEPT_INSTALL|DETAIL=map
0000000000000000000000000000000000000000000000000000000000000000|0000000000000000000000000000000000000000000000000000000000000000|0|3|rt4_TMB-5_MAP_g_11552.r24|2|1|RICH|838|0|2420|0000000000000000000000000000000000000000000000000000000000000000|RICH|1|838|DISP=ACCEPT_INSTALL|DETAIL=map
0000000000000000000000000000000000000000000000000000000000000000|0000000000000000000000000000000000000000000000000000000000000000|0|3|rt4_TMB-5_MAP_g_11553.r24|2|1|RICH|838|0|2430|0000000000000000000000000000000000000000000000000000000000000000|RICH|1|838|DISP=ACCEPT_INSTALL|DETAIL=map
0000000000000000000000000000000000000000000000000000000000000000|0000000000000000000000000000000000000000000000000000000000000000|0|3|rt4_TMB-5_MAP_g_11554.r24|2|1|RICH|838|0|2440|0000000000000000000000000000000000000000000000000000000000000000|RICH|1|838|DISP=ACCEPT_INSTALL|DETAIL=map
0000000000000000000000000000000000000000000000000000000000000000|0000000000000000000000000000000000000000000000000000000000000000|0|3|rt4_TMB-5_MAP_g_11555.r24|2|1|RICH|838|0|2450|0000000000000000000000000000000000000000000000000000000000000000|RICH|1|838|DISP=ACCEPT_INSTALL|DETAIL=map
0000000000000000000000000000000000000000000000000000000000000000|0000000000000000000000000000000000000000000000000000000000000000|0|3|rt4_TMB-5_MAP_g_11556.r24|2|1|RICH|838|0|2460|0000000000000000000000000000000000000000000000000000000000000000|RICH|1|838|DISP=ACCEPT_INSTALL|DETAIL=map
0000000000000000000000000000000000000000000000000000000000000000|0000000000000000000000000000000000000000000000000000000000000000|0|3|rt4_TMB-5_MAP_g_11557.r24|2|1|RICH|838|0|2470|0000000000000000000000000000000000000000000000000000000000000000|RICH|1|838|DISP=ACCEPT_INSTALL|DETAIL=map
0000000000000000000000000000000000000000000000000000000000000000|0000000000000000000000000000000000000000000000000000000000000000|0|3|rt4_TMB-5_MAP_g_11558.r24|2|1|RICH|838|0|2480|0000000000000000000000000000000000000000000000000000000000000000|RICH|1|838|DISP=ACCEPT_INSTALL|DETAIL=map
0000000000000000000000000000000000000000000000000000000000000000|0000000000000000000000000000000000000000000000000000000000000000|0|3|rt4_TMB-5_MAP_g_11559.r24|2|1|RICH|838|0|2490|0000000000000000000000000000000000000000000000000000000000000000|RICH|1|838|DISP=ACCEPT_INSTALL|DETAIL=map
0000000000000000000000000000000000000000000000000000000000000000|0000000000000000000000000000000000000000000000000000000000000000|0|3|rt4_TMB-5_MAP_g_11560.r24|2|1|RICH|838|0|2500|0000000000000000000000000000000000000000000000000000000000000000|RICH|1|838|DISP=ACCEPT_INSTALL|DETAIL=map
0000000000000000000000000000000000000000000000000000000000000000|0000000000000000000000000000000000000000000000000000000000000000|0|3|rt4_TMB-5_MAP_g_11561.r24|2|1|RICH|838|0|2510|0000000000000000000000000000000000000000000000000000000000000000|RICH|1|838|DISP=ACCEPT_INSTALL|DETAIL=map
0000000000000000000000000000000000000000000000000000000000000000|0000000000000000000000000000000000000000000000000000000000000000|0|3|rt4_TMB-5_MAP_g_11562.r24|2|1|RICH|838|0|2520|0000000000000000000000000000000000000000000000000000000000000000|RICH|1|838|DISP=ACCEPT_INSTALL|DETAIL=map
0000000000000000000000000000000000000000000000000000000000000000|0000000000000000000000000000000000000000000000000000000000000000|0|3|rt4_TMB-5_MAP_g_11563.r24|2|1|RICH|838|0|2530|0000000000000000000000000000000000000000000000000000000000000000|RICH|1|838|DISP=ACCEPT_INSTALL|DETAIL=map
0000000000000000000000000000000000000000000000000000000000000000|0000000000000000000000000000000000000000000000000000000000000000|0|3|rt4_TMB-5_MAP_g_11564.r24|2|1|RICH|838|0|2540|0000000000000000000000000000000000000000000000000000000000000000|RICH|1|838|DISP=ACCEPT_INSTALL|DETAIL=map
0000000000000000000000000000000000000000000000000000000000000000|0000000000000000000000000000000000000000000000000000000000000000|0|3|rt4_TMB-5_MAP_g_11565.r24|2|1|RICH|838|0|2550|0000000000000000000000000000000000000000000000000000000000000000|RICH|1|838|DISP=ACCEPT_INSTALL|DETAIL=map
0000000000000000000000000000000000000000000000000000000000000000|0000000000000000000000000000000000000000000000000000000000000000|0|3|rt4_TMB-5_MAP_g_11566.r24|2|1|RICH|838|0|2560|0000000000000000000000000000000000000000000000000000000000000000|RICH|1|838|DISP=ACCEPT_INSTALL|DETAIL=map
0000000000000000000000000000000000000000000000000000000000000000|0000000000000000000000000000000000000000000000000000000000000000|0|3|rt4_TMB-5_MAP_g_11567.r24|2|1|RICH|838|0|2570|0000000000000000000000000000000000000000000000000000000000000000|RICH|1|838|DISP=ACCEPT_INSTALL|DETAIL=map
0000000000000000000000000000000000000000000000000000000000000000|0000000000000000000000000000000000000000000000000000000000000000|0|3|rt4_TMB-5_MAP_g_11568.r24|2|1|RICH|838|0|2580|0000000000000000000000000000000000000000000000000000000000000000|RICH|1|838|DISP=ACCEPT_INSTALL|DETAIL=map
0000000000000000000000000000000000000000000000000000000000000000|0000000000000000000000000000000000000000000000000000000000000000|0|3|rt4_TMB-5_MAP_g_11569.r24|2|1|RICH|838|0|2590|0000000000000000000000000000000000000000000000000000000000000000|RICH|1|838|DISP=ACCEPT_INSTALL|DETAIL=map
0000000000000000000000000000000000000000000000000000000000000000|0000000000000000000000000000000000000000000000000000000000000000|0|3|rt4_TMB-5_MAP_g_11570.r24|2|1|RICH|838|0|2600|0000000000000000000000000000000000000000000000000000000000000000|RICH|1|838|DISP=ACCEPT_INSTALL|DETAIL=map
0000000000000000000000000000000000000000000000000000000000000000|0000000000000000000000000000000000000000000000000000000000000000|0|3|rt4_TMB-5_MAP_g_11571.r24|2|1|RICH|838|0|2610|0000000000000000000000000000000000000000000000000000000000000000|RICH|1|838|DISP=ACCEPT_INSTALL|DETAIL=map
0000000000000000000000000000000000000000000000000000000000000000|0000000000000000000000000000000000000000000000000000000000000000|0|3|rt4_TMB-5_MAP_g_11572.r24|2|1|RICH|838|0|2620|0000000000000000000000000000000000000000000000000000000000000000|RICH|1|838|DISP=ACCEPT_INSTALL|DETAIL=map
0000000000000000000000000000000000000000000000000000000000000000|0000000000000000000000000000000000000000000000000000000000000000|0|3|rt4_TMB-5_MAP_g_11573.r24|2|1|RICH|838|0|2630|0000000000000000000000000000000000000000000000000000000000000000|RICH|1|838|DISP=ACCEPT_INSTALL|DETAIL=map
0000000000000000000000000000000000000000000000000000000000000000|0000000000000000000000000000000000000000000000000000000000000000|0|3|rt4_TMB-5_MAP_g_11574.r24|2|1|RICH|838|0|2640|0000000000000000000000000000000000000000000000000000000000000000|RICH|1|838|DISP=ACCEPT_INSTALL|DETAIL=map
0000000000000000000000000000000000000000000000000000000000000000|0000000000000000000000000000000000000000000000000000000000000000|0|3|rt4_TMB-5_MAP_g_11575.r24|2|1|RICH|838|0|2650|0000000000000000000000000000000000000000000000000000000000000000|RICH|1|838|DISP=ACCEPT_INSTALL|DETAIL=map
0000000000000000000000000000000000000000000000000000000000000000|0000000000000000000000000000000000000000000000000000000000000000|0|3|rt4_TMB-5_MAP_g_11576.r24|2|1|RICH|838|0|2660|0000000000000000000000000000000000000000000000000000000000000000|RICH|1|838|DISP=ACCEPT_INSTALL|DETAIL=map
0000000000000000000000000000000000000000000000000000000000000000|0000000000000000000000000000000000000000000000000000000000000000|0|3|rt4_TMB-5_MAP_g_11577.r24|2|1|RICH|838|0|2670|0000000000000000000000000000000000000000000000000000000000000000|RICH|1|838|DISP=ACCEPT_INSTALL|DETAIL=map
0000000000000000000000000000000000000000000000000000000000000000|0000000000000000000000000000000000000000000000000000000000000000|0|3|rt4_TMB-5_MAP_g_11578.r24|2|1|RICH|838|0|2680|0000000000000000000000000000000000000000000000000000000000000000|RICH|1|838|DISP=ACCEPT_INSTALL|DETAIL=map
0000000000000000000000000000000000000000000000000000000000000000|0000000000000000000000000000000000000000000000000000000000000000|0|3|rt4_TMB-5_MAP_g_11579.r24|2|1|RICH|838|0|2690|0000000000000000000000000000000000000000000000000000000000000000|RICH|1|838|DISP=ACCEPT_INSTALL|DETAIL=map
0000000000000000000000000000000000000000000000000000000000000000|0000000000000000000000000000000000000000000000000000000000000000|0|3|rt4_TMB-5_MAP_g_11580.r24|2|1|RICH|838|0|2700|0000000000000000000000000000000000000000000000000000000000000000|RICH|1|838|DISP=ACCEPT_INSTALL|DETAIL=map
0000000000000000000000000000000000000000000000000000000000000000|0000000000000000000000000000000000000000000000000000000000000000|0|3|rt4_TMB-5_MAP_g_11581.r24|2|1|RICH|838|0|2710|0000000000000000000000000000000000000000000000000000000000000000|RICH|1|838|DISP=ACCEPT_INSTALL|DETAIL=map
0000000000000000000000000000000000000000000000000000000000000000|0000000000000000000000000000000000000000000000000000000000000000|0|3|rt4_TMB-5_MAP_g_11582.r24|2|1|RICH|838|0|2720|0000000000000000000000000000000000000000000000000000000000000000|RICH|1|838|DISP=ACCEPT_INSTALL|DETAIL=map
0000000000000000000000000000000000000000000000000000000000000000|0000000000000000000000000000000000000000000000000000000000000000|0|3|rt4_TMB-5_MAP_g_11583.r24|2|1|RICH|838|0|2730|0000000000000000000000000000000000000000000000000000000000000000|RICH|1|838|DISP=ACCEPT_INSTALL|DETAIL=map
0000000000000000000000000000000000000000000000000000000000000000|0000000000000000000000000000000000000000000000000000000000000000|0|3|rt4_TMB-5_MAP_g_11584.r24|2|1|RICH|838|0|2740|0000000000000000000000000000000000000000000000000000000000000000|RICH|1|838|DISP=ACCEPT_INSTALL|DETAIL=map
0000000000000000000000000000000000000000000000000000000000000000|0000000000000000000000000000000000000000000000000000000000000000|0|3|rt4_TMB-5_MAP_g_11585.r24|2|1|RICH|838|0|2750|0000000000000000000000000000000000000000000000000000000000000000|RICH|1|838|DISP=ACCEPT_INSTALL|DETAIL=map
0000000000000000000000000000000000000000000000000000000000000000|0000000000000000000000000000000000000000000000000000000000000000|0|3|rt4_TMB-5_MAP_g_11586.r24|2|1|RICH|838|0|2760|0000000000000000000000000000000000000000000000000000000000000000|RICH|1|838|DISP=ACCEPT_INSTALL|DETAIL=map
0000000000000000000000000000000000000000000000000000000000000000|0000000000000000000000000000000000000000000000000000000000000000|0|3|rt4_TMB-5_MAP_g_11587.r24|2|1|RICH|838|0|2770|0000000000000000000000000000000000000000000000000000000000000000|RICH|1|838|DISP=ACCEPT_INSTALL|DETAIL=map
0000000000000000000000000000000000000000000000000000000000000000|0000000000000000000000000000000000000000000000000000000000000000|0|3|rt4_TMB-5_MAP_g_11588.r24|2|1|RICH|838|0|2780|0000000000000000000000000000000000000000000000000000000000000000|RICH|1|838|DISP=ACCEPT_INSTALL|DETAIL=map
0000000000000000000000000000000000000000000000000000000000000000|0000000000000000000000000000000000000000000000000000000000000000|0|3|rt4_TMB-5_MAP_g_11589.r24|2|1|RICH|838|0|2790|0000000000000000000000000000000000000000000000000000000000000000|RICH|1|838|DISP=ACCEPT_INSTALL|DETAIL=map
0000000000000000000000000000000000000000000000000000000000000000|0000000000000000000000000000000000000000000000000000000000000000|0|3|rt4_TMB-5_MAP_g_11590.r24|2|1|RICH|838|0|2800|0000000000000000000000000000000000000000000000000000000000000000|RICH|1|838|DISP=ACCEPT_INSTALL|DETAIL=map
0000000000000000000000000000000000000000000000000000000000000000|0000000000000000000000000000000000000000000000000000000000000000|0|3|rt4_TMB-5_MAP_g_11591.r24|2|1|RICH|838|0|2810|0000000000000000000000000000000000000000000000000000000000000000|RICH|1|838|DISP=ACCEPT_INSTALL|DETAIL=map
0000000000000000000000000000000000000000000000000000000000000000|0000000000000000000000000000000000000000000000000000000000000000|0|3|rt4_TMB-5_MAP_g_11592.r24|2|1|RICH|838|0|2820|0000000000000000000000000000000000000000000000000000000000000000|RICH|1|838|DISP=ACCEPT_INSTALL|DETAIL=map
0000000000000000000000000000000000000000000000000000000000000000|0000000000000000000000000000000000000000000000000000000000000000|0|3|rt4_TMB-5_MAP_g_11593.r24|2|1|RICH|838|0|2830|0000000000000000000000000000000000000000000000000000000000000000|RICH|1|838|DISP=ACCEPT_INSTALL|DETAIL=map
0000000000000000000000000000000000000000000000000000000000000000|0000000000000000000000000000000000000000000000000000000000000000|0|3|rt4_TMB-5_MAP_g_11594.r24|2|1|RICH|838|0|2840|0000000000000000000000000000000000000000000000000000000000000000|RICH|1|838|DISP=ACCEPT_INSTALL|DETAIL=map
0000000000000000000000000000000000000000000000000000000000000000|0000000000000000000000000000000000000000000000000000000000000000|0|3|rt4_TMB-5_MAP_g_11595.r24|2|1|RICH|838|0|2850|0000000000000000000000000000000000000000000000000000000000000000|RICH|1|838|DISP=ACCEPT_INSTALL|DETAIL=map
0000000000000000000000000000000000000000000000000000000000000000|0000000000000000000000000000000000000000000000000000000000000000|0|3|rt4_TMB-5_MAP_g_11596.r24|2|1|RICH|838|0|2860|0000000000000000000000000000000000000000000000000000000000000000|RICH|1|838|DISP=ACCEPT_INSTALL|DETAIL=map
0000000000000000000000000000000000000000000000000000000000000000|0000000000000000000000000000000000000000000000000000000000000000|0|3|rt4_TMB-5_MAP_g_11597.r24|2|1|RICH|838|0|2870|0000000000000000000000000000000000000000000000000000000000000000|RICH|1|838|DISP=ACCEPT_INSTALL|DETAIL=map
0000000000000000000000000000000000000000000000000000000000000000|0000000000000000000000000000000000000000000000000000000000000000|0|3|rt4_TMB-5_MAP_g_11598.r24|2|1|RICH|838|0|2880|0000000000000000000000000000000000000000000000000000000000000000|RICH|1|838|DISP=ACCEPT_INSTALL|DETAIL=map
0000000000000000000000000000000000000000000000000000000000000000|0000000000000000000000000000000000000000000000000000000000000000|0|3|rt4_TMB-5_MAP_g_11599.r24|2|1|RICH|838|0|2890|0000000000000000000000000000000000000000000000000000000000000000|RICH|1|838|DISP=ACCEPT_INSTALL|DETAIL=map
0000000000000000000000000000000000000000000000000000000000000000|0000000000000000000000000000000000000000000000000000000000000000|0|3|rt4_TMB-5_MAP_g_11600.r24|2|1|RICH|838|0|2900|0000000000000000000000000000000000000000000000000000000000000000|RICH|1|838|DISP=ACCEPT_INSTALL|DETAIL=map
0000000000000000000000000000000000000000000000000000000000000000|0000000000000000000000000000000000000000000000000000000000000000|0|3|rt4_TMB-5_MAP_g_11601.r24|2|1|RICH|840|0|2400|0000000000000000000000000000000000000000000000000000000000000000|RICH|1|840|DISP=ACCEPT_INSTALL|DETAIL=map
0000000000000000000000000000000000000000000000000000000000000000|0000000000000000000000000000000000000000000000000000000000000000|0|3|rt4_TMB-5_MAP_g_11602.r24|2|1|RICH|840|0|2410|0000000000000000000000000000000000000000000000000000000000000000|RICH|1|840|DISP=ACCEPT_INSTALL|DETAIL=map
0000000000000000000000000000000000000000000000000000000000000000|0000000000000000000000000000000000000000000000000000000000000000|0|3|rt4_TMB-5_MAP_g_11603.r24|2|1|RICH|840|0|2420|0000000000000000000000000000000000000000000000000000000000000000|RICH|1|840|DISP=ACCEPT_INSTALL|DETAIL=map
0000000000000000000000000000000000000000000000000000000000000000|0000000000000000000000000000000000000000000000000000000000000000|0|3|rt4_TMB-5_MAP_g_11604.r24|2|1|RICH|840|0|2430|0000000000000000000000000000000000000000000000000000000000000000|RICH|1|840|DISP=ACCEPT_INSTALL|DETAIL=map
0000000000000000000000000000000000000000000000000000000000000000|0000000000000000000000000000000000000000000000000000000000000000|0|3|rt4_TMB-5_MAP_g_11605.r24|2|1|RICH|840|0|2440|0000000000000000000000000000000000000000000000000000000000000000|RICH|1|840|DISP=ACCEPT_INSTALL|DETAIL=map
0000000000000000000000000000000000000000000000000000000000000000|0000000000000000000000000000000000000000000000000000000000000000|0|3|rt4_TMB-5_MAP_g_11606.r24|2|1|RICH|840|0|2450|0000000000000000000000000000000000000000000000000000000000000000|RICH|1|840|DISP=ACCEPT_INSTALL|DETAIL=map
0000000000000000000000000000000000000000000000000000000000000000|0000000000000000000000000000000000000000000000000000000000000000|0|3|rt4_TMB-5_MAP_g_11607.r24|2|1|RICH|840|0|2460|0000000000000000000000000000000000000000000000000000000000000000|RICH|1|840|DISP=ACCEPT_INSTALL|DETAIL=map
0000000000000000000000000000000000000000000000000000000000000000|0000000000000000000000000000000000000000000000000000000000000000|0|3|rt4_TMB-5_MAP_g_11608.r24|2|1|RICH|840|0|2470|0000000000000000000000000000000000000000000000000000000000000000|RICH|1|840|DISP=ACCEPT_INSTALL|DETAIL=map
0000000000000000000000000000000000000000000000000000000000000000|0000000000000000000000000000000000000000000000000000000000000000|0|3|rt4_TMB-5_MAP_g_11609.r24|2|1|RICH|840|0|2480|0000000000000000000000000000000000000000000000000000000000000000|RICH|1|840|DISP=ACCEPT_INSTALL|DETAIL=map
0000000000000000000000000000000000000000000000000000000000000000|0000000000000000000000000000000000000000000000000000000000000000|0|3|rt4_TMB-5_MAP_g_11610.r24|2|1|RICH|840|0|2490|0000000000000000000000000000000000000000000000000000000000000000|RICH|1|840|DISP=ACCEPT_INSTALL|DETAIL=map
0000000000000000000000000000000000000000000000000000000000000000|0000000000000000000000000000000000000000000000000000000000000000|0|3|rt4_TMB-5_MAP_g_11611.r24|2|1|RICH|840|0|2500|0000000000000000000000000000000000000000000000000000000000000000|RICH|1|840|DISP=ACCEPT_INSTALL|DETAIL=map
0000000000000000000000000000000000000000000000000000000000000000|0000000000000000000000000000000000000000000000000000000000000000|0|3|rt4_TMB-5_MAP_g_11612.r24|2|1|RICH|840|0|2510|0000000000000000000000000000000000000000000000000000000000000000|RICH|1|840|DISP=ACCEPT_INSTALL|DETAIL=map
0000000000000000000000000000000000000000000000000000000000000000|0000000000000000000000000000000000000000000000000000000000000000|0|3|rt4_TMB-5_MAP_g_11613.r24|2|1|RICH|840|0|2520|0000000000000000000000000000000000000000000000000000000000000000|RICH|1|840|DISP=ACCEPT_INSTALL|DETAIL=map
0000000000000000000000000000000000000000000000000000000000000000|0000000000000000000000000000000000000000000000000000000000000000|0|3|rt4_TMB-5_MAP_g_11614.r24|2|1|RICH|840|0|2530|0000000000000000000000000000000000000000000000000000000000000000|RICH|1|840|DISP=ACCEPT_INSTALL|DETAIL=map
0000000000000000000000000000000000000000000000000000000000000000|0000000000000000000000000000000000000000000000000000000000000000|0|3|rt4_TMB-5_MAP_g_11615.r24|2|1|RICH|840|0|2540|0000000000000000000000000000000000000000000000000000000000000000|RICH|1|840|DISP=ACCEPT_INSTALL|DETAIL=map
0000000000000000000000000000000000000000000000000000000000000000|0000000000000000000000000000000000000000000000000000000000000000|0|3|rt4_TMB-5_MAP_g_11616.r24|2|1|RICH|840|0|2550|0000000000000000000000000000000000000000000000000000000000000000|RICH|1|840|DISP=ACCEPT_INSTALL|DETAIL=map
0000000000000000000000000000000000000000000000000000000000000000|0000000000000000000000000000000000000000000000000000000000000000|0|3|rt4_TMB-5_MAP_g_11617.r24|2|1|RICH|840|0|2560|0000000000000000000000000000000000000000000000000000000000000000|RICH|1|840|DISP=ACCEPT_INSTALL|DETAIL=map
0000000000000000000000000000000000000000000000000000000000000000|0000000000000000000000000000000000000000000000000000000000000000|0|3|rt4_TMB-5_MAP_g_11618.r24|2|1|RICH|840|0|2570|0000000000000000000000000000000000000000000000000000000000000000|RICH|1|840|DISP=ACCEPT_INSTALL|DETAIL=map
0000000000000000000000000000000000000000000000000000000000000000|0000000000000000000000000000000000000000000000000000000000000000|0|3|rt4_TMB-5_MAP_g_11619.r24|2|1|RICH|840|0|2580|0000000000000000000000000000000000000000000000000000000000000000|RICH|1|840|DISP=ACCEPT_INSTALL|DETAIL=map
0000000000000000000000000000000000000000000000000000000000000000|0000000000000000000000000000000000000000000000000000000000000000|0|3|rt4_TMB-5_MAP_g_11620.r24|2|1|RICH|840|0|2590|0000000000000000000000000000000000000000000000000000000000000000|RICH|1|840|DISP=ACCEPT_INSTALL|DETAIL=map
0000000000000000000000000000000000000000000000000000000000000000|0000000000000000000000000000000000000000000000000000000000000000|0|3|rt4_TMB-5_MAP_g_11621.r24|2|1|RICH|840|0|2600|0000000000000000000000000000000000000000000000000000000000000000|RICH|1|840|DISP=ACCEPT_INSTALL|DETAIL=map
0000000000000000000000000000000000000000000000000000000000000000|0000000000000000000000000000000000000000000000000000000000000000|0|3|rt4_TMB-5_MAP_g_11622.r24|2|1|RICH|840|0|2610|0000000000000000000000000000000000000000000000000000000000000000|RICH|1|840|DISP=ACCEPT_INSTALL|DETAIL=map
0000000000000000000000000000000000000000000000000000000000000000|0000000000000000000000000000000000000000000000000000000000000000|0|3|rt4_TMB-5_MAP_g_11623.r24|2|1|RICH|840|0|2620|0000000000000000000000000000000000000000000000000000000000000000|RICH|1|840|DISP=ACCEPT_INSTALL|DETAIL=map
0000000000000000000000000000000000000000000000000000000000000000|0000000000000000000000000000000000000000000000000000000000000000|0|3|rt4_TMB-5_MAP_g_11624.r24|2|1|RICH|840|0|2630|0000000000000000000000000000000000000000000000000000000000000000|RICH|1|840|DISP=ACCEPT_INSTALL|DETAIL=map
0000000000000000000000000000000000000000000000000000000000000000|0000000000000000000000000000000000000000000000000000000000000000|0|3|rt4_TMB-5_MAP_g_11625.r24|2|1|RICH|840|0|2640|0000000000000000000000000000000000000000000000000000000000000000|RICH|1|840|DISP=ACCEPT_INSTALL|DETAIL=map
0000000000000000000000000000000000000000000000000000000000000000|0000000000000000000000000000000000000000000000000000000000000000|0|3|rt4_TMB-5_MAP_g_11626.r24|2|1|RICH|840|0|2650|0000000000000000000000000000000000000000000000000000000000000000|RICH|1|840|DISP=ACCEPT_INSTALL|DETAIL=map
0000000000000000000000000000000000000000000000000000000000000000|0000000000000000000000000000000000000000000000000000000000000000|0|3|rt4_TMB-5_MAP_g_11627.r24|2|1|RICH|840|0|2660|0000000000000000000000000000000000000000000000000000000000000000|RICH|1|840|DISP=ACCEPT_INSTALL|DETAIL=map
0000000000000000000000000000000000000000000000000000000000000000|0000000000000000000000000000000000000000000000000000000000000000|0|3|rt4_TMB-5_MAP_g_11628.r24|2|1|RICH|840|0|2670|0000000000000000000000000000000000000000000000000000000000000000|RICH|1|840|DISP=ACCEPT_INSTALL|DETAIL=map
0000000000000000000000000000000000000000000000000000000000000000|0000000000000000000000000000000000000000000000000000000000000000|0|3|rt4_TMB-5_MAP_g_11629.r24|2|1|RICH|840|0|2680|0000000000000000000000000000000000000000000000000000000000000000|RICH|1|840|DISP=ACCEPT_INSTALL|DETAIL=map
0000000000000000000000000000000000000000000000000000000000000000|0000000000000000000000000000000000000000000000000000000000000000|0|3|rt4_TMB-5_MAP_g_11630.r24|2|1|RICH|840|0|2690|0000000000000000000000000000000000000000000000000000000000000000|RICH|1|840|DISP=ACCEPT_INSTALL|DETAIL=map
0000000000000000000000000000000000000000000000000000000000000000|0000000000000000000000000000000000000000000000000000000000000000|0|3|rt4_TMB-5_MAP_g_11631.r24|2|1|RICH|840|0|2700|0000000000000000000000000000000000000000000000000000000000000000|RICH|1|840|DISP=ACCEPT_INSTALL|DETAIL=map
0000000000000000000000000000000000000000000000000000000000000000|0000000000000000000000000000000000000000000000000000000000000000|0|3|rt4_TMB-5_MAP_g_11632.r24|2|1|RICH|840|0|2710|0000000000000000000000000000000000000000000000000000000000000000|RICH|1|840|DISP=ACCEPT_INSTALL|DETAIL=map
0000000000000000000000000000000000000000000000000000000000000000|0000000000000000000000000000000000000000000000000000000000000000|0|3|rt4_TMB-5_MAP_g_11633.r24|2|1|RICH|840|0|2720|0000000000000000000000000000000000000000000000000000000000000000|RICH|1|840|DISP=ACCEPT_INSTALL|DETAIL=map
0000000000000000000000000000000000000000000000000000000000000000|0000000000000000000000000000000000000000000000000000000000000000|0|3|rt4_TMB-5_MAP_g_11634.r24|2|1|RICH|840|0|2730|0000000000000000000000000000000000000000000000000000000000000000|RICH|1|840|DISP=ACCEPT_INSTALL|DETAIL=map
0000000000000000000000000000000000000000000000000000000000000000|0000000000000000000000000000000000000000000000000000000000000000|0|3|rt4_TMB-5_MAP_g_11635.r24|2|1|RICH|840|0|2740|0000000000000000000000000000000000000000000000000000000000000000|RICH|1|840|DISP=ACCEPT_INSTALL|DETAIL=map
0000000000000000000000000000000000000000000000000000000000000000|0000000000000000000000000000000000000000000000000000000000000000|0|3|rt4_TMB-5_MAP_g_11636.r24|2|1|RICH|840|0|2750|0000000000000000000000000000000000000000000000000000000000000000|RICH|1|840|DISP=ACCEPT_INSTALL|DETAIL=map
0000000000000000000000000000000000000000000000000000000000000000|0000000000000000000000000000000000000000000000000000000000000000|0|3|rt4_TMB-5_MAP_g_11637.r24|2|1|RICH|840|0|2760|0000000000000000000000000000000000000000000000000000000000000000|RICH|1|840|DISP=ACCEPT_INSTALL|DETAIL=map
0000000000000000000000000000000000000000000000000000000000000000|0000000000000000000000000000000000000000000000000000000000000000|0|3|rt4_TMB-5_MAP_g_11638.r24|2|1|RICH|840|0|2770|0000000000000000000000000000000000000000000000000000000000000000|RICH|1|840|DISP=ACCEPT_INSTALL|DETAIL=map
0000000000000000000000000000000000000000000000000000000000000000|0000000000000000000000000000000000000000000000000000000000000000|0|3|rt4_TMB-5_MAP_g_11639.r24|2|1|RICH|840|0|2780|0000000000000000000000000000000000000000000000000000000000000000|RICH|1|840|DISP=ACCEPT_INSTALL|DETAIL=map
0000000000000000000000000000000000000000000000000000000000000000|0000000000000000000000000000000000000000000000000000000000000000|0|3|rt4_TMB-5_MAP_g_11640.r24|2|1|RICH|840|0|2790|0000000000000000000000000000000000000000000000000000000000000000|RICH|1|840|DISP=ACCEPT_INSTALL|DETAIL=map
0000000000000000000000000000000000000000000000000000000000000000|0000000000000000000000000000000000000000000000000000000000000000|0|3|rt4_TMB-5_MAP_g_11641.r24|2|1|RICH|840|0|2800|0000000000000000000000000000000000000000000000000000000000000000|RICH|1|840|DISP=ACCEPT_INSTALL|DETAIL=map
0000000000000000000000000000000000000000000000000000000000000000|0000000000000000000000000000000000000000000000000000000000000000|0|3|rt4_TMB-5_MAP_g_11642.r24|2|1|RICH|840|0|2810|0000000000000000000000000000000000000000000000000000000000000000|RICH|1|840|DISP=ACCEPT_INSTALL|DETAIL=map
0000000000000000000000000000000000000000000000000000000000000000|0000000000000000000000000000000000000000000000000000000000000000|0|3|rt4_TMB-5_MAP_g_11643.r24|2|1|RICH|840|0|2820|0000000000000000000000000000000000000000000000000000000000000000|RICH|1|840|DISP=ACCEPT_INSTALL|DETAIL=map
0000000000000000000000000000000000000000000000000000000000000000|0000000000000000000000000000000000000000000000000000000000000000|0|3|rt4_TMB-5_MAP_g_11644.r24|2|1|RICH|840|0|2830|0000000000000000000000000000000000000000000000000000000000000000|RICH|1|840|DISP=ACCEPT_INSTALL|DETAIL=map
0000000000000000000000000000000000000000000000000000000000000000|0000000000000000000000000000000000000000000000000000000000000000|0|3|rt4_TMB-5_MAP_g_11645.r24|2|1|RICH|840|0|2840|0000000000000000000000000000000000000000000000000000000000000000|RICH|1|840|DISP=ACCEPT_INSTALL|DETAIL=map
0000000000000000000000000000000000000000000000000000000000000000|0000000000000000000000000000000000000000000000000000000000000000|0|3|rt4_TMB-5_MAP_g_11646.r24|2|1|RICH|840|0|2850|0000000000000000000000000000000000000000000000000000000000000000|RICH|1|840|DISP=ACCEPT_INSTALL|DETAIL=map
0000000000000000000000000000000000000000000000000000000000000000|0000000000000000000000000000000000000000000000000000000000000000|0|3|rt4_TMB-5_MAP_g_11647.r24|2|1|RICH|840|0|2860|0000000000000000000000000000000000000000000000000000000000000000|RICH|1|840|DISP=ACCEPT_INSTALL|DETAIL=map
0000000000000000000000000000000000000000000000000000000000000000|0000000000000000000000000000000000000000000000000000000000000000|0|3|rt4_TMB-5_MAP_g_11648.r24|2|1|RICH|840|0|2870|0000000000000000000000000000000000000000000000000000000000000000|RICH|1|840|DISP=ACCEPT_INSTALL|DETAIL=map
0000000000000000000000000000000000000000000000000000000000000000|0000000000000000000000000000000000000000000000000000000000000000|0|3|rt4_TMB-5_MAP_g_11649.r24|2|1|RICH|840|0|2880|0000000000000000000000000000000000000000000000000000000000000000|RICH|1|840|DISP=ACCEPT_INSTALL|DETAIL=map
0000000000000000000000000000000000000000000000000000000000000000|0000000000000000000000000000000000000000000000000000000000000000|0|3|rt4_TMB-5_MAP_g_11650.r24|2|1|RICH|840|0|2890|0000000000000000000000000000000000000000000000000000000000000000|RICH|1|840|DISP=ACCEPT_INSTALL|DETAIL=map
0000000000000000000000000000000000000000000000000000000000000000|0000000000000000000000000000000000000000000000000000000000000000|0|3|rt4_TMB-5_MAP_g_11651.r24|2|1|RICH|840|0|2900|0000000000000000000000000000000000000000000000000000000000000000|RICH|1|840|DISP=ACCEPT_INSTALL|DETAIL=map
0000000000000000000000000000000000000000000000000000000000000000|0000000000000000000000000000000000000000000000000000000000000000|0|3|rt4_TMB-5_MAP_g_11652.r24|2|1|RICH|842|0|2400|0000000000000000000000000000000000000000000000000000000000000000|RICH|1|842|DISP=ACCEPT_INSTALL|DETAIL=map
0000000000000000000000000000000000000000000000000000000000000000|0000000000000000000000000000000000000000000000000000000000000000|0|3|rt4_TMB-5_MAP_g_11653.r24|2|1|RICH|842|0|2410|0000000000000000000000000000000000000000000000000000000000000000|RICH|1|842|DISP=ACCEPT_INSTALL|DETAIL=map
0000000000000000000000000000000000000000000000000000000000000000|0000000000000000000000000000000000000000000000000000000000000000|0|3|rt4_TMB-5_MAP_g_11654.r24|2|1|RICH|842|0|2420|0000000000000000000000000000000000000000000000000000000000000000|RICH|1|842|DISP=ACCEPT_INSTALL|DETAIL=map
0000000000000000000000000000000000000000000000000000000000000000|0000000000000000000000000000000000000000000000000000000000000000|0|3|rt4_TMB-5_MAP_g_11655.r24|2|1|RICH|842|0|2430|0000000000000000000000000000000000000000000000000000000000000000|RICH|1|842|DISP=ACCEPT_INSTALL|DETAIL=map
0000000000000000000000000000000000000000000000000000000000000000|0000000000000000000000000000000000000000000000000000000000000000|0|3|rt4_TMB-5_MAP_g_11656.r24|2|1|RICH|842|0|2440|0000000000000000000000000000000000000000000000000000000000000000|RICH|1|842|DISP=ACCEPT_INSTALL|DETAIL=map
0000000000000000000000000000000000000000000000000000000000000000|0000000000000000000000000000000000000000000000000000000000000000|0|3|rt4_TMB-5_MAP_g_11657.r24|2|1|RICH|842|0|2450|0000000000000000000000000000000000000000000000000000000000000000|RICH|1|842|DISP=ACCEPT_INSTALL|DETAIL=map
0000000000000000000000000000000000000000000000000000000000000000|0000000000000000000000000000000000000000000000000000000000000000|0|3|rt4_TMB-5_MAP_g_11658.r24|2|1|RICH|842|0|2460|0000000000000000000000000000000000000000000000000000000000000000|RICH|1|842|DISP=ACCEPT_INSTALL|DETAIL=map
0000000000000000000000000000000000000000000000000000000000000000|0000000000000000000000000000000000000000000000000000000000000000|0|3|rt4_TMB-5_MAP_g_11659.r24|2|1|RICH|842|0|2470|0000000000000000000000000000000000000000000000000000000000000000|RICH|1|842|DISP=ACCEPT_INSTALL|DETAIL=map
0000000000000000000000000000000000000000000000000000000000000000|0000000000000000000000000000000000000000000000000000000000000000|0|3|rt4_TMB-5_MAP_g_11660.r24|2|1|RICH|842|0|2480|0000000000000000000000000000000000000000000000000000000000000000|RICH|1|842|DISP=ACCEPT_INSTALL|DETAIL=map
0000000000000000000000000000000000000000000000000000000000000000|0000000000000000000000000000000000000000000000000000000000000000|0|3|rt4_TMB-5_MAP_g_11661.r24|2|1|RICH|842|0|2490|0000000000000000000000000000000000000000000000000000000000000000|RICH|1|842|DISP=ACCEPT_INSTALL|DETAIL=map
0000000000000000000000000000000000000000000000000000000000000000|0000000000000000000000000000000000000000000000000000000000000000|0|3|rt4_TMB-5_MAP_g_11662.r24|2|1|RICH|842|0|2500|0000000000000000000000000000000000000000000000000000000000000000|RICH|1|842|DISP=ACCEPT_INSTALL|DETAIL=map
0000000000000000000000000000000000000000000000000000000000000000|0000000000000000000000000000000000000000000000000000000000000000|0|3|rt4_TMB-5_MAP_g_11663.r24|2|1|RICH|842|0|2510|0000000000000000000000000000000000000000000000000000000000000000|RICH|1|842|DISP=ACCEPT_INSTALL|DETAIL=map
0000000000000000000000000000000000000000000000000000000000000000|0000000000000000000000000000000000000000000000000000000000000000|0|3|rt4_TMB-5_MAP_g_11664.r24|2|1|RICH|842|0|2520|0000000000000000000000000000000000000000000000000000000000000000|RICH|1|842|DISP=ACCEPT_INSTALL|DETAIL=map
0000000000000000000000000000000000000000000000000000000000000000|0000000000000000000000000000000000000000000000000000000000000000|0|3|rt4_TMB-5_MAP_g_11665.r24|2|1|RICH|842|0|2530|0000000000000000000000000000000000000000000000000000000000000000|RICH|1|842|DISP=ACCEPT_INSTALL|DETAIL=map
0000000000000000000000000000000000000000000000000000000000000000|0000000000000000000000000000000000000000000000000000000000000000|0|3|rt4_TMB-5_MAP_g_11666.r24|2|1|RICH|842|0|2540|0000000000000000000000000000000000000000000000000000000000000000|RICH|1|842|DISP=ACCEPT_INSTALL|DETAIL=map
0000000000000000000000000000000000000000000000000000000000000000|0000000000000000000000000000000000000000000000000000000000000000|0|3|rt4_TMB-5_MAP_g_11667.r24|2|1|RICH|842|0|2550|0000000000000000000000000000000000000000000000000000000000000000|RICH|1|842|DISP=ACCEPT_INSTALL|DETAIL=map
0000000000000000000000000000000000000000000000000000000000000000|0000000000000000000000000000000000000000000000000000000000000000|0|3|rt4_TMB-5_MAP_g_11668.r24|2|1|RICH|842|0|2560|0000000000000000000000000000000000000000000000000000000000000000|RICH|1|842|DISP=ACCEPT_INSTALL|DETAIL=map
0000000000000000000000000000000000000000000000000000000000000000|0000000000000000000000000000000000000000000000000000000000000000|0|3|rt4_TMB-5_MAP_g_11669.r24|2|1|RICH|842|0|2570|0000000000000000000000000000000000000000000000000000000000000000|RICH|1|842|DISP=ACCEPT_INSTALL|DETAIL=map
0000000000000000000000000000000000000000000000000000000000000000|0000000000000000000000000000000000000000000000000000000000000000|0|3|rt4_TMB-5_MAP_g_11670.r24|2|1|RICH|842|0|2580|0000000000000000000000000000000000000000000000000000000000000000|RICH|1|842|DISP=ACCEPT_INSTALL|DETAIL=map
0000000000000000000000000000000000000000000000000000000000000000|0000000000000000000000000000000000000000000000000000000000000000|0|3|rt4_TMB-5_MAP_g_11671.r24|2|1|RICH|842|0|2590|0000000000000000000000000000000000000000000000000000000000000000|RICH|1|842|DISP=ACCEPT_INSTALL|DETAIL=map
0000000000000000000000000000000000000000000000000000000000000000|0000000000000000000000000000000000000000000000000000000000000000|0|3|rt4_TMB-5_MAP_g_11672.r24|2|1|RICH|842|0|2600|0000000000000000000000000000000000000000000000000000000000000000|RICH|1|842|DISP=ACCEPT_INSTALL|DETAIL=map
0000000000000000000000000000000000000000000000000000000000000000|0000000000000000000000000000000000000000000000000000000000000000|0|3|rt4_TMB-5_MAP_g_11673.r24|2|1|RICH|842|0|2610|0000000000000000000000000000000000000000000000000000000000000000|RICH|1|842|DISP=ACCEPT_INSTALL|DETAIL=map
0000000000000000000000000000000000000000000000000000000000000000|0000000000000000000000000000000000000000000000000000000000000000|0|3|rt4_TMB-5_MAP_g_11674.r24|2|1|RICH|842|0|2620|0000000000000000000000000000000000000000000000000000000000000000|RICH|1|842|DISP=ACCEPT_INSTALL|DETAIL=map
0000000000000000000000000000000000000000000000000000000000000000|0000000000000000000000000000000000000000000000000000000000000000|0|3|rt4_TMB-5_MAP_g_11675.r24|2|1|RICH|842|0|2630|0000000000000000000000000000000000000000000000000000000000000000|RICH|1|842|DISP=ACCEPT_INSTALL|DETAIL=map
0000000000000000000000000000000000000000000000000000000000000000|0000000000000000000000000000000000000000000000000000000000000000|0|3|rt4_TMB-5_MAP_g_11676.r24|2|1|RICH|842|0|2640|0000000000000000000000000000000000000000000000000000000000000000|RICH|1|842|DISP=ACCEPT_INSTALL|DETAIL=map
0000000000000000000000000000000000000000000000000000000000000000|0000000000000000000000000000000000000000000000000000000000000000|0|3|rt4_TMB-5_MAP_g_11677.r24|2|1|RICH|842|0|2650|0000000000000000000000000000000000000000000000000000000000000000|RICH|1|842|DISP=ACCEPT_INSTALL|DETAIL=map
0000000000000000000000000000000000000000000000000000000000000000|0000000000000000000000000000000000000000000000000000000000000000|0|3|rt4_TMB-5_MAP_g_11678.r24|2|1|RICH|842|0|2660|0000000000000000000000000000000000000000000000000000000000000000|RICH|1|842|DISP=ACCEPT_INSTALL|DETAIL=map
0000000000000000000000000000000000000000000000000000000000000000|0000000000000000000000000000000000000000000000000000000000000000|0|3|rt4_TMB-5_MAP_g_11679.r24|2|1|RICH|842|0|2670|0000000000000000000000000000000000000000000000000000000000000000|RICH|1|842|DISP=ACCEPT_INSTALL|DETAIL=map
0000000000000000000000000000000000000000000000000000000000000000|0000000000000000000000000000000000000000000000000000000000000000|0|3|rt4_TMB-5_MAP_g_11680.r24|2|1|RICH|842|0|2680|0000000000000000000000000000000000000000000000000000000000000000|RICH|1|842|DISP=ACCEPT_INSTALL|DETAIL=map
0000000000000000000000000000000000000000000000000000000000000000|0000000000000000000000000000000000000000000000000000000000000000|0|3|rt4_TMB-5_MAP_g_11681.r24|2|1|RICH|842|0|2690|0000000000000000000000000000000000000000000000000000000000000000|RICH|1|842|DISP=ACCEPT_INSTALL|DETAIL=map
0000000000000000000000000000000000000000000000000000000000000000|0000000000000000000000000000000000000000000000000000000000000000|0|3|rt4_TMB-5_MAP_g_11682.r24|2|1|RICH|842|0|2700|0000000000000000000000000000000000000000000000000000000000000000|RICH|1|842|DISP=ACCEPT_INSTALL|DETAIL=map
0000000000000000000000000000000000000000000000000000000000000000|0000000000000000000000000000000000000000000000000000000000000000|0|3|rt4_TMB-5_MAP_g_11683.r24|2|1|RICH|842|0|2710|0000000000000000000000000000000000000000000000000000000000000000|RICH|1|842|DISP=ACCEPT_INSTALL|DETAIL=map
0000000000000000000000000000000000000000000000000000000000000000|0000000000000000000000000000000000000000000000000000000000000000|0|3|rt4_TMB-5_MAP_g_11684.r24|2|1|RICH|842|0|2720|0000000000000000000000000000000000000000000000000000000000000000|RICH|1|842|DISP=ACCEPT_INSTALL|DETAIL=map
0000000000000000000000000000000000000000000000000000000000000000|0000000000000000000000000000000000000000000000000000000000000000|0|3|rt4_TMB-5_MAP_g_11685.r24|2|1|RICH|842|0|2730|0000000000000000000000000000000000000000000000000000000000000000|RICH|1|842|DISP=ACCEPT_INSTALL|DETAIL=map
0000000000000000000000000000000000000000000000000000000000000000|0000000000000000000000000000000000000000000000000000000000000000|0|3|rt4_TMB-5_MAP_g_11686.r24|2|1|RICH|842|0|2740|0000000000000000000000000000000000000000000000000000000000000000|RICH|1|842|DISP=ACCEPT_INSTALL|DETAIL=map
0000000000000000000000000000000000000000000000000000000000000000|0000000000000000000000000000000000000000000000000000000000000000|0|3|rt4_TMB-5_MAP_g_11687.r24|2|1|RICH|842|0|2750|0000000000000000000000000000000000000000000000000000000000000000|RICH|1|842|DISP=ACCEPT_INSTALL|DETAIL=map
0000000000000000000000000000000000000000000000000000000000000000|0000000000000000000000000000000000000000000000000000000000000000|0|3|rt4_TMB-5_MAP_g_11688.r24|2|1|RICH|842|0|2760|0000000000000000000000000000000000000000000000000000000000000000|RICH|1|842|DISP=ACCEPT_INSTALL|DETAIL=map
0000000000000000000000000000000000000000000000000000000000000000|0000000000000000000000000000000000000000000000000000000000000000|0|3|rt4_TMB-5_MAP_g_11689.r24|2|1|RICH|842|0|2770|0000000000000000000000000000000000000000000000000000000000000000|RICH|1|842|DISP=ACCEPT_INSTALL|DETAIL=map
0000000000000000000000000000000000000000000000000000000000000000|0000000000000000000000000000000000000000000000000000000000000000|0|3|rt4_TMB-5_MAP_g_11690.r24|2|1|RICH|842|0|2780|0000000000000000000000000000000000000000000000000000000000000000|RICH|1|842|DISP=ACCEPT_INSTALL|DETAIL=map
0000000000000000000000000000000000000000000000000000000000000000|0000000000000000000000000000000000000000000000000000000000000000|0|3|rt4_TMB-5_MAP_g_11691.r24|2|1|RICH|842|0|2790|0000000000000000000000000000000000000000000000000000000000000000|RICH|1|842|DISP=ACCEPT_INSTALL|DETAIL=map
0000000000000000000000000000000000000000000000000000000000000000|0000000000000000000000000000000000000000000000000000000000000000|0|3|rt4_TMB-5_MAP_g_11692.r24|2|1|RICH|842|0|2800|0000000000000000000000000000000000000000000000000000000000000000|RICH|1|842|DISP=ACCEPT_INSTALL|DETAIL=map
0000000000000000000000000000000000000000000000000000000000000000|0000000000000000000000000000000000000000000000000000000000000000|0|3|rt4_TMB-5_MAP_g_11693.r24|2|1|RICH|842|0|2810|0000000000000000000000000000000000000000000000000000000000000000|RICH|1|842|DISP=ACCEPT_INSTALL|DETAIL=map
0000000000000000000000000000000000000000000000000000000000000000|0000000000000000000000000000000000000000000000000000000000000000|0|3|rt4_TMB-5_MAP_g_11694.r24|2|1|RICH|842|0|2820|0000000000000000000000000000000000000000000000000000000000000000|RICH|1|842|DISP=ACCEPT_INSTALL|DETAIL=map
0000000000000000000000000000000000000000000000000000000000000000|0000000000000000000000000000000000000000000000000000000000000000|0|3|rt4_TMB-5_MAP_g_11695.r24|2|1|RICH|842|0|2830|0000000000000000000000000000000000000000000000000000000000000000|RICH|1|842|DISP=ACCEPT_INSTALL|DETAIL=map
0000000000000000000000000000000000000000000000000000000000000000|0000000000000000000000000000000000000000000000000000000000000000|0|3|rt4_TMB-5_MAP_g_11696.r24|2|1|RICH|842|0|2840|0000000000000000000000000000000000000000000000000000000000000000|RICH|1|842|DISP=ACCEPT_INSTALL|DETAIL=map
0000000000000000000000000000000000000000000000000000000000000000|0000000000000000000000000000000000000000000000000000000000000000|0|3|rt4_TMB-5_MAP_g_11697.r24|2|1|RICH|842|0|2850|0000000000000000000000000000000000000000000000000000000000000000|RICH|1|842|DISP=ACCEPT_INSTALL|DETAIL=map
0000000000000000000000000000000000000000000000000000000000000000|0000000000000000000000000000000000000000000000000000000000000000|0|3|rt4_TMB-5_MAP_g_11698.r24|2|1|RICH|842|0|2860|0000000000000000000000000000000000000000000000000000000000000000|RICH|1|842|DISP=ACCEPT_INSTALL|DETAIL=map
0000000000000000000000000000000000000000000000000000000000000000|0000000000000000000000000000000000000000000000000000000000000000|0|3|rt4_TMB-5_MAP_g_11699.r24|2|1|RICH|842|0|2870|0000000000000000000000000000000000000000000000000000000000000000|RICH|1|842|DISP=ACCEPT_INSTALL|DETAIL=map
0000000000000000000000000000000000000000000000000000000000000000|0000000000000000000000000000000000000000000000000000000000000000|0|3|rt4_TMB-5_MAP_g_11700.r24|2|1|RICH|842|0|2880|0000000000000000000000000000000000000000000000000000000000000000|RICH|1|842|DISP=ACCEPT_INSTALL|DETAIL=map
0000000000000000000000000000000000000000000000000000000000000000|0000000000000000000000000000000000000000000000000000000000000000|0|3|rt4_TMB-5_MAP_g_11701.r24|2|1|RICH|842|0|2890|0000000000000000000000000000000000000000000000000000000000000000|RICH|1|842|DISP=ACCEPT_INSTALL|DETAIL=map
0000000000000000000000000000000000000000000000000000000000000000|0000000000000000000000000000000000000000000000000000000000000000|0|3|rt4_TMB-5_MAP_g_11702.r24|2|1|RICH|842|0|2900|0000000000000000000000000000000000000000000000000000000000000000|RICH|1|842|DISP=ACCEPT_INSTALL|DETAIL=map
0000000000000000000000000000000000000000000000000000000000000000|0000000000000000000000000000000000000000000000000000000000000000|0|3|rt4_TMB-5_MAP_g_11703.r24|2|1|RICH|844|0|2400|0000000000000000000000000000000000000000000000000000000000000000|RICH|1|844|DISP=ACCEPT_INSTALL|DETAIL=map
0000000000000000000000000000000000000000000000000000000000000000|0000000000000000000000000000000000000000000000000000000000000000|0|3|rt4_TMB-5_MAP_g_11704.r24|2|1|RICH|844|0|2410|0000000000000000000000000000000000000000000000000000000000000000|RICH|1|844|DISP=ACCEPT_INSTALL|DETAIL=map
0000000000000000000000000000000000000000000000000000000000000000|0000000000000000000000000000000000000000000000000000000000000000|0|3|rt4_TMB-5_MAP_g_11705.r24|2|1|RICH|844|0|2420|0000000000000000000000000000000000000000000000000000000000000000|RICH|1|844|DISP=ACCEPT_INSTALL|DETAIL=map
0000000000000000000000000000000000000000000000000000000000000000|0000000000000000000000000000000000000000000000000000000000000000|0|3|rt4_TMB-5_MAP_g_11706.r24|2|1|RICH|844|0|2430|0000000000000000000000000000000000000000000000000000000000000000|RICH|1|844|DISP=ACCEPT_INSTALL|DETAIL=map
0000000000000000000000000000000000000000000000000000000000000000|0000000000000000000000000000000000000000000000000000000000000000|0|3|rt4_TMB-5_MAP_g_11707.r24|2|1|RICH|844|0|2440|0000000000000000000000000000000000000000000000000000000000000000|RICH|1|844|DISP=ACCEPT_INSTALL|DETAIL=map
0000000000000000000000000000000000000000000000000000000000000000|0000000000000000000000000000000000000000000000000000000000000000|0|3|rt4_TMB-5_MAP_g_11708.r24|2|1|RICH|844|0|2450|0000000000000000000000000000000000000000000000000000000000000000|RICH|1|844|DISP=ACCEPT_INSTALL|DETAIL=map
0000000000000000000000000000000000000000000000000000000000000000|0000000000000000000000000000000000000000000000000000000000000000|0|3|rt4_TMB-5_MAP_g_11709.r24|2|1|RICH|844|0|2460|0000000000000000000000000000000000000000000000000000000000000000|RICH|1|844|DISP=ACCEPT_INSTALL|DETAIL=map
0000000000000000000000000000000000000000000000000000000000000000|0000000000000000000000000000000000000000000000000000000000000000|0|3|rt4_TMB-5_MAP_g_11710.r24|2|1|RICH|844|0|2470|0000000000000000000000000000000000000000000000000000000000000000|RICH|1|844|DISP=ACCEPT_INSTALL|DETAIL=map
0000000000000000000000000000000000000000000000000000000000000000|0000000000000000000000000000000000000000000000000000000000000000|0|3|rt4_TMB-5_MAP_g_11711.r24|2|1|RICH|844|0|2480|0000000000000000000000000000000000000000000000000000000000000000|RICH|1|844|DISP=ACCEPT_INSTALL|DETAIL=map
0000000000000000000000000000000000000000000000000000000000000000|0000000000000000000000000000000000000000000000000000000000000000|0|3|rt4_TMB-5_MAP_g_11712.r24|2|1|RICH|844|0|2490|0000000000000000000000000000000000000000000000000000000000000000|RICH|1|844|DISP=ACCEPT_INSTALL|DETAIL=map
0000000000000000000000000000000000000000000000000000000000000000|0000000000000000000000000000000000000000000000000000000000000000|0|3|rt4_TMB-5_MAP_g_11713.r24|2|1|RICH|844|0|2500|0000000000000000000000000000000000000000000000000000000000000000|RICH|1|844|DISP=ACCEPT_INSTALL|DETAIL=map
0000000000000000000000000000000000000000000000000000000000000000|0000000000000000000000000000000000000000000000000000000000000000|0|3|rt4_TMB-5_MAP_g_11714.r24|2|1|RICH|844|0|2510|0000000000000000000000000000000000000000000000000000000000000000|RICH|1|844|DISP=ACCEPT_INSTALL|DETAIL=map
0000000000000000000000000000000000000000000000000000000000000000|0000000000000000000000000000000000000000000000000000000000000000|0|3|rt4_TMB-5_MAP_g_11715.r24|2|1|RICH|844|0|2520|0000000000000000000000000000000000000000000000000000000000000000|RICH|1|844|DISP=ACCEPT_INSTALL|DETAIL=map
0000000000000000000000000000000000000000000000000000000000000000|0000000000000000000000000000000000000000000000000000000000000000|0|3|rt4_TMB-5_MAP_g_11716.r24|2|1|RICH|844|0|2530|0000000000000000000000000000000000000000000000000000000000000000|RICH|1|844|DISP=ACCEPT_INSTALL|DETAIL=map
0000000000000000000000000000000000000000000000000000000000000000|0000000000000000000000000000000000000000000000000000000000000000|0|3|rt4_TMB-5_MAP_g_11717.r24|2|1|RICH|844|0|2540|0000000000000000000000000000000000000000000000000000000000000000|RICH|1|844|DISP=ACCEPT_INSTALL|DETAIL=map
0000000000000000000000000000000000000000000000000000000000000000|0000000000000000000000000000000000000000000000000000000000000000|0|3|rt4_TMB-5_MAP_g_11718.r24|2|1|RICH|844|0|2550|0000000000000000000000000000000000000000000000000000000000000000|RICH|1|844|DISP=ACCEPT_INSTALL|DETAIL=map
0000000000000000000000000000000000000000000000000000000000000000|0000000000000000000000000000000000000000000000000000000000000000|0|3|rt4_TMB-5_MAP_g_11719.r24|2|1|RICH|844|0|2560|0000000000000000000000000000000000000000000000000000000000000000|RICH|1|844|DISP=ACCEPT_INSTALL|DETAIL=map
0000000000000000000000000000000000000000000000000000000000000000|0000000000000000000000000000000000000000000000000000000000000000|0|3|rt4_TMB-5_MAP_g_11720.r24|2|1|RICH|844|0|2570|0000000000000000000000000000000000000000000000000000000000000000|RICH|1|844|DISP=ACCEPT_INSTALL|DETAIL=map
0000000000000000000000000000000000000000000000000000000000000000|0000000000000000000000000000000000000000000000000000000000000000|0|3|rt4_TMB-5_MAP_g_11721.r24|2|1|RICH|844|0|2580|0000000000000000000000000000000000000000000000000000000000000000|RICH|1|844|DISP=ACCEPT_INSTALL|DETAIL=map
0000000000000000000000000000000000000000000000000000000000000000|0000000000000000000000000000000000000000000000000000000000000000|0|3|rt4_TMB-5_MAP_g_11722.r24|2|1|RICH|844|0|2590|0000000000000000000000000000000000000000000000000000000000000000|RICH|1|844|DISP=ACCEPT_INSTALL|DETAIL=map
0000000000000000000000000000000000000000000000000000000000000000|0000000000000000000000000000000000000000000000000000000000000000|0|3|rt4_TMB-5_MAP_g_11723.r24|2|1|RICH|844|0|2600|0000000000000000000000000000000000000000000000000000000000000000|RICH|1|844|DISP=ACCEPT_INSTALL|DETAIL=map
0000000000000000000000000000000000000000000000000000000000000000|0000000000000000000000000000000000000000000000000000000000000000|0|3|rt4_TMB-5_MAP_g_11724.r24|2|1|RICH|844|0|2610|0000000000000000000000000000000000000000000000000000000000000000|RICH|1|844|DISP=ACCEPT_INSTALL|DETAIL=map
0000000000000000000000000000000000000000000000000000000000000000|0000000000000000000000000000000000000000000000000000000000000000|0|3|rt4_TMB-5_MAP_g_11725.r24|2|1|RICH|844|0|2620|0000000000000000000000000000000000000000000000000000000000000000|RICH|1|844|DISP=ACCEPT_INSTALL|DETAIL=map
0000000000000000000000000000000000000000000000000000000000000000|0000000000000000000000000000000000000000000000000000000000000000|0|3|rt4_TMB-5_MAP_g_11726.r24|2|1|RICH|844|0|2630|0000000000000000000000000000000000000000000000000000000000000000|RICH|1|844|DISP=ACCEPT_INSTALL|DETAIL=map
0000000000000000000000000000000000000000000000000000000000000000|0000000000000000000000000000000000000000000000000000000000000000|0|3|rt4_TMB-5_MAP_g_11727.r24|2|1|RICH|844|0|2640|0000000000000000000000000000000000000000000000000000000000000000|RICH|1|844|DISP=ACCEPT_INSTALL|DETAIL=map
0000000000000000000000000000000000000000000000000000000000000000|0000000000000000000000000000000000000000000000000000000000000000|0|3|rt4_TMB-5_MAP_g_11728.r24|2|1|RICH|844|0|2650|0000000000000000000000000000000000000000000000000000000000000000|RICH|1|844|DISP=ACCEPT_INSTALL|DETAIL=map
0000000000000000000000000000000000000000000000000000000000000000|0000000000000000000000000000000000000000000000000000000000000000|0|3|rt4_TMB-5_MAP_g_11729.r24|2|1|RICH|844|0|2660|0000000000000000000000000000000000000000000000000000000000000000|RICH|1|844|DISP=ACCEPT_INSTALL|DETAIL=map
0000000000000000000000000000000000000000000000000000000000000000|0000000000000000000000000000000000000000000000000000000000000000|0|3|rt4_TMB-5_MAP_g_11730.r24|2|1|RICH|844|0|2670|0000000000000000000000000000000000000000000000000000000000000000|RICH|1|844|DISP=ACCEPT_INSTALL|DETAIL=map
0000000000000000000000000000000000000000000000000000000000000000|0000000000000000000000000000000000000000000000000000000000000000|0|3|rt4_TMB-5_MAP_g_11731.r24|2|1|RICH|844|0|2680|0000000000000000000000000000000000000000000000000000000000000000|RICH|1|844|DISP=ACCEPT_INSTALL|DETAIL=map
0000000000000000000000000000000000000000000000000000000000000000|0000000000000000000000000000000000000000000000000000000000000000|0|3|rt4_TMB-5_MAP_g_11732.r24|2|1|RICH|844|0|2690|0000000000000000000000000000000000000000000000000000000000000000|RICH|1|844|DISP=ACCEPT_INSTALL|DETAIL=map
0000000000000000000000000000000000000000000000000000000000000000|0000000000000000000000000000000000000000000000000000000000000000|0|3|rt4_TMB-5_MAP_g_11733.r24|2|1|RICH|844|0|2700|0000000000000000000000000000000000000000000000000000000000000000|RICH|1|844|DISP=ACCEPT_INSTALL|DETAIL=map
0000000000000000000000000000000000000000000000000000000000000000|0000000000000000000000000000000000000000000000000000000000000000|0|3|rt4_TMB-5_MAP_g_11734.r24|2|1|RICH|844|0|2710|0000000000000000000000000000000000000000000000000000000000000000|RICH|1|844|DISP=ACCEPT_INSTALL|DETAIL=map
0000000000000000000000000000000000000000000000000000000000000000|0000000000000000000000000000000000000000000000000000000000000000|0|3|rt4_TMB-5_MAP_g_11735.r24|2|1|RICH|844|0|2720|0000000000000000000000000000000000000000000000000000000000000000|RICH|1|844|DISP=ACCEPT_INSTALL|DETAIL=map
0000000000000000000000000000000000000000000000000000000000000000|0000000000000000000000000000000000000000000000000000000000000000|0|3|rt4_TMB-5_MAP_g_11736.r24|2|1|RICH|844|0|2730|0000000000000000000000000000000000000000000000000000000000000000|RICH|1|844|DISP=ACCEPT_INSTALL|DETAIL=map
0000000000000000000000000000000000000000000000000000000000000000|0000000000000000000000000000000000000000000000000000000000000000|0|3|rt4_TMB-5_MAP_g_11737.r24|2|1|RICH|844|0|2740|0000000000000000000000000000000000000000000000000000000000000000|RICH|1|844|DISP=ACCEPT_INSTALL|DETAIL=map
0000000000000000000000000000000000000000000000000000000000000000|0000000000000000000000000000000000000000000000000000000000000000|0|3|rt4_TMB-5_MAP_g_11738.r24|2|1|RICH|844|0|2750|0000000000000000000000000000000000000000000000000000000000000000|RICH|1|844|DISP=ACCEPT_INSTALL|DETAIL=map
0000000000000000000000000000000000000000000000000000000000000000|0000000000000000000000000000000000000000000000000000000000000000|0|3|rt4_TMB-5_MAP_g_11739.r24|2|1|RICH|844|0|2760|0000000000000000000000000000000000000000000000000000000000000000|RICH|1|844|DISP=ACCEPT_INSTALL|DETAIL=map
0000000000000000000000000000000000000000000000000000000000000000|0000000000000000000000000000000000000000000000000000000000000000|0|3|rt4_TMB-5_MAP_g_11740.r24|2|1|RICH|844|0|2770|0000000000000000000000000000000000000000000000000000000000000000|RICH|1|844|DISP=ACCEPT_INSTALL|DETAIL=map
0000000000000000000000000000000000000000000000000000000000000000|0000000000000000000000000000000000000000000000000000000000000000|0|3|rt4_TMB-5_MAP_g_11741.r24|2|1|RICH|844|0|2780|0000000000000000000000000000000000000000000000000000000000000000|RICH|1|844|DISP=ACCEPT_INSTALL|DETAIL=map
0000000000000000000000000000000000000000000000000000000000000000|0000000000000000000000000000000000000000000000000000000000000000|0|3|rt4_TMB-5_MAP_g_11742.r24|2|1|RICH|844|0|2790|0000000000000000000000000000000000000000000000000000000000000000|RICH|1|844|DISP=ACCEPT_INSTALL|DETAIL=map
0000000000000000000000000000000000000000000000000000000000000000|0000000000000000000000000000000000000000000000000000000000000000|0|3|rt4_TMB-5_MAP_g_11743.r24|2|1|RICH|844|0|2800|0000000000000000000000000000000000000000000000000000000000000000|RICH|1|844|DISP=ACCEPT_INSTALL|DETAIL=map
0000000000000000000000000000000000000000000000000000000000000000|0000000000000000000000000000000000000000000000000000000000000000|0|3|rt4_TMB-5_MAP_g_11744.r24|2|1|RICH|844|0|2810|0000000000000000000000000000000000000000000000000000000000000000|RICH|1|844|DISP=ACCEPT_INSTALL|DETAIL=map
0000000000000000000000000000000000000000000000000000000000000000|0000000000000000000000000000000000000000000000000000000000000000|0|3|rt4_TMB-5_MAP_g_11745.r24|2|1|RICH|844|0|2820|0000000000000000000000000000000000000000000000000000000000000000|RICH|1|844|DISP=ACCEPT_INSTALL|DETAIL=map
0000000000000000000000000000000000000000000000000000000000000000|0000000000000000000000000000000000000000000000000000000000000000|0|3|rt4_TMB-5_MAP_g_11746.r24|2|1|RICH|844|0|2830|0000000000000000000000000000000000000000000000000000000000000000|RICH|1|844|DISP=ACCEPT_INSTALL|DETAIL=map
0000000000000000000000000000000000000000000000000000000000000000|0000000000000000000000000000000000000000000000000000000000000000|0|3|rt4_TMB-5_MAP_g_11747.r24|2|1|RICH|844|0|2840|0000000000000000000000000000000000000000000000000000000000000000|RICH|1|844|DISP=ACCEPT_INSTALL|DETAIL=map
0000000000000000000000000000000000000000000000000000000000000000|0000000000000000000000000000000000000000000000000000000000000000|0|3|rt4_TMB-5_MAP_g_11748.r24|2|1|RICH|844|0|2850|0000000000000000000000000000000000000000000000000000000000000000|RICH|1|844|DISP=ACCEPT_INSTALL|DETAIL=map
0000000000000000000000000000000000000000000000000000000000000000|0000000000000000000000000000000000000000000000000000000000000000|0|3|rt4_TMB-5_MAP_g_11749.r24|2|1|RICH|844|0|2860|0000000000000000000000000000000000000000000000000000000000000000|RICH|1|844|DISP=ACCEPT_INSTALL|DETAIL=map
0000000000000000000000000000000000000000000000000000000000000000|0000000000000000000000000000000000000000000000000000000000000000|0|3|rt4_TMB-5_MAP_g_11750.r24|2|1|RICH|844|0|2870|0000000000000000000000000000000000000000000000000000000000000000|RICH|1|844|DISP=ACCEPT_INSTALL|DETAIL=map
0000000000000000000000000000000000000000000000000000000000000000|0000000000000000000000000000000000000000000000000000000000000000|0|3|rt4_TMB-5_MAP_g_11751.r24|2|1|RICH|844|0|2880|0000000000000000000000000000000000000000000000000000000000000000|RICH|1|844|DISP=ACCEPT_INSTALL|DETAIL=map
0000000000000000000000000000000000000000000000000000000000000000|0000000000000000000000000000000000000000000000000000000000000000|0|3|rt4_TMB-5_MAP_g_11752.r24|2|1|RICH|844|0|2890|0000000000000000000000000000000000000000000000000000000000000000|RICH|1|844|DISP=ACCEPT_INSTALL|DETAIL=map
0000000000000000000000000000000000000000000000000000000000000000|0000000000000000000000000000000000000000000000000000000000000000|0|3|rt4_TMB-5_MAP_g_11753.r24|2|1|RICH|844|0|2900|0000000000000000000000000000000000000000000000000000000000000000|RICH|1|844|DISP=ACCEPT_INSTALL|DETAIL=map
0000000000000000000000000000000000000000000000000000000000000000|0000000000000000000000000000000000000000000000000000000000000000|0|3|rt4_TMB-5_MAP_g_11754.r24|2|1|RICH|846|0|2400|0000000000000000000000000000000000000000000000000000000000000000|RICH|1|846|DISP=ACCEPT_INSTALL|DETAIL=map
0000000000000000000000000000000000000000000000000000000000000000|0000000000000000000000000000000000000000000000000000000000000000|0|3|rt4_TMB-5_MAP_g_11755.r24|2|1|RICH|846|0|2410|0000000000000000000000000000000000000000000000000000000000000000|RICH|1|846|DISP=ACCEPT_INSTALL|DETAIL=map
0000000000000000000000000000000000000000000000000000000000000000|0000000000000000000000000000000000000000000000000000000000000000|0|3|rt4_TMB-5_MAP_g_11756.r24|2|1|RICH|846|0|2420|0000000000000000000000000000000000000000000000000000000000000000|RICH|1|846|DISP=ACCEPT_INSTALL|DETAIL=map
0000000000000000000000000000000000000000000000000000000000000000|0000000000000000000000000000000000000000000000000000000000000000|0|3|rt4_TMB-5_MAP_g_11757.r24|2|1|RICH|846|0|2430|0000000000000000000000000000000000000000000000000000000000000000|RICH|1|846|DISP=ACCEPT_INSTALL|DETAIL=map
0000000000000000000000000000000000000000000000000000000000000000|0000000000000000000000000000000000000000000000000000000000000000|0|3|rt4_TMB-5_MAP_g_11758.r24|2|1|RICH|846|0|2440|0000000000000000000000000000000000000000000000000000000000000000|RICH|1|846|DISP=ACCEPT_INSTALL|DETAIL=map
0000000000000000000000000000000000000000000000000000000000000000|0000000000000000000000000000000000000000000000000000000000000000|0|3|rt4_TMB-5_MAP_g_11759.r24|2|1|RICH|846|0|2450|0000000000000000000000000000000000000000000000000000000000000000|RICH|1|846|DISP=ACCEPT_INSTALL|DETAIL=map
0000000000000000000000000000000000000000000000000000000000000000|0000000000000000000000000000000000000000000000000000000000000000|0|3|rt4_TMB-5_MAP_g_11760.r24|2|1|RICH|846|0|2460|0000000000000000000000000000000000000000000000000000000000000000|RICH|1|846|DISP=ACCEPT_INSTALL|DETAIL=map
0000000000000000000000000000000000000000000000000000000000000000|0000000000000000000000000000000000000000000000000000000000000000|0|3|rt4_TMB-5_MAP_g_11761.r24|2|1|RICH|846|0|2470|0000000000000000000000000000000000000000000000000000000000000000|RICH|1|846|DISP=ACCEPT_INSTALL|DETAIL=map
0000000000000000000000000000000000000000000000000000000000000000|0000000000000000000000000000000000000000000000000000000000000000|0|3|rt4_TMB-5_MAP_g_11762.r24|2|1|RICH|846|0|2480|0000000000000000000000000000000000000000000000000000000000000000|RICH|1|846|DISP=ACCEPT_INSTALL|DETAIL=map
0000000000000000000000000000000000000000000000000000000000000000|0000000000000000000000000000000000000000000000000000000000000000|0|3|rt4_TMB-5_MAP_g_11763.r24|2|1|RICH|846|0|2490|0000000000000000000000000000000000000000000000000000000000000000|RICH|1|846|DISP=ACCEPT_INSTALL|DETAIL=map
0000000000000000000000000000000000000000000000000000000000000000|0000000000000000000000000000000000000000000000000000000000000000|0|3|rt4_TMB-5_MAP_g_11764.r24|2|1|RICH|846|0|2500|0000000000000000000000000000000000000000000000000000000000000000|RICH|1|846|DISP=ACCEPT_INSTALL|DETAIL=map
0000000000000000000000000000000000000000000000000000000000000000|0000000000000000000000000000000000000000000000000000000000000000|0|3|rt4_TMB-5_MAP_g_11765.r24|2|1|RICH|846|0|2510|0000000000000000000000000000000000000000000000000000000000000000|RICH|1|846|DISP=ACCEPT_INSTALL|DETAIL=map
0000000000000000000000000000000000000000000000000000000000000000|0000000000000000000000000000000000000000000000000000000000000000|0|3|rt4_TMB-5_MAP_g_11766.r24|2|1|RICH|846|0|2520|0000000000000000000000000000000000000000000000000000000000000000|RICH|1|846|DISP=ACCEPT_INSTALL|DETAIL=map
0000000000000000000000000000000000000000000000000000000000000000|0000000000000000000000000000000000000000000000000000000000000000|0|3|rt4_TMB-5_MAP_g_11767.r24|2|1|RICH|846|0|2530|0000000000000000000000000000000000000000000000000000000000000000|RICH|1|846|DISP=ACCEPT_INSTALL|DETAIL=map
0000000000000000000000000000000000000000000000000000000000000000|0000000000000000000000000000000000000000000000000000000000000000|0|3|rt4_TMB-5_MAP_g_11768.r24|2|1|RICH|846|0|2540|0000000000000000000000000000000000000000000000000000000000000000|RICH|1|846|DISP=ACCEPT_INSTALL|DETAIL=map
0000000000000000000000000000000000000000000000000000000000000000|0000000000000000000000000000000000000000000000000000000000000000|0|3|rt4_TMB-5_MAP_g_11769.r24|2|1|RICH|846|0|2550|0000000000000000000000000000000000000000000000000000000000000000|RICH|1|846|DISP=ACCEPT_INSTALL|DETAIL=map
0000000000000000000000000000000000000000000000000000000000000000|0000000000000000000000000000000000000000000000000000000000000000|0|3|rt4_TMB-5_MAP_g_11770.r24|2|1|RICH|846|0|2560|0000000000000000000000000000000000000000000000000000000000000000|RICH|1|846|DISP=ACCEPT_INSTALL|DETAIL=map
0000000000000000000000000000000000000000000000000000000000000000|0000000000000000000000000000000000000000000000000000000000000000|0|3|rt4_TMB-5_MAP_g_11771.r24|2|1|RICH|846|0|2570|0000000000000000000000000000000000000000000000000000000000000000|RICH|1|846|DISP=ACCEPT_INSTALL|DETAIL=map
0000000000000000000000000000000000000000000000000000000000000000|0000000000000000000000000000000000000000000000000000000000000000|0|3|rt4_TMB-5_MAP_g_11772.r24|2|1|RICH|846|0|2580|0000000000000000000000000000000000000000000000000000000000000000|RICH|1|846|DISP=ACCEPT_INSTALL|DETAIL=map
0000000000000000000000000000000000000000000000000000000000000000|0000000000000000000000000000000000000000000000000000000000000000|0|3|rt4_TMB-5_MAP_g_11773.r24|2|1|RICH|846|0|2590|0000000000000000000000000000000000000000000000000000000000000000|RICH|1|846|DISP=ACCEPT_INSTALL|DETAIL=map
0000000000000000000000000000000000000000000000000000000000000000|0000000000000000000000000000000000000000000000000000000000000000|0|3|rt4_TMB-5_MAP_g_11774.r24|2|1|RICH|846|0|2600|0000000000000000000000000000000000000000000000000000000000000000|RICH|1|846|DISP=ACCEPT_INSTALL|DETAIL=map
0000000000000000000000000000000000000000000000000000000000000000|0000000000000000000000000000000000000000000000000000000000000000|0|3|rt4_TMB-5_MAP_g_11775.r24|2|1|RICH|846|0|2610|0000000000000000000000000000000000000000000000000000000000000000|RICH|1|846|DISP=ACCEPT_INSTALL|DETAIL=map
0000000000000000000000000000000000000000000000000000000000000000|0000000000000000000000000000000000000000000000000000000000000000|0|3|rt4_TMB-5_MAP_g_11776.r24|2|1|RICH|846|0|2620|0000000000000000000000000000000000000000000000000000000000000000|RICH|1|846|DISP=ACCEPT_INSTALL|DETAIL=map
0000000000000000000000000000000000000000000000000000000000000000|0000000000000000000000000000000000000000000000000000000000000000|0|3|rt4_TMB-5_MAP_g_11777.r24|2|1|RICH|846|0|2630|0000000000000000000000000000000000000000000000000000000000000000|RICH|1|846|DISP=ACCEPT_INSTALL|DETAIL=map
0000000000000000000000000000000000000000000000000000000000000000|0000000000000000000000000000000000000000000000000000000000000000|0|3|rt4_TMB-5_MAP_g_11778.r24|2|1|RICH|846|0|2640|0000000000000000000000000000000000000000000000000000000000000000|RICH|1|846|DISP=ACCEPT_INSTALL|DETAIL=map
0000000000000000000000000000000000000000000000000000000000000000|0000000000000000000000000000000000000000000000000000000000000000|0|3|rt4_TMB-5_MAP_g_11779.r24|2|1|RICH|846|0|2650|0000000000000000000000000000000000000000000000000000000000000000|RICH|1|846|DISP=ACCEPT_INSTALL|DETAIL=map
0000000000000000000000000000000000000000000000000000000000000000|0000000000000000000000000000000000000000000000000000000000000000|0|3|rt4_TMB-5_MAP_g_11780.r24|2|1|RICH|846|0|2660|0000000000000000000000000000000000000000000000000000000000000000|RICH|1|846|DISP=ACCEPT_INSTALL|DETAIL=map
0000000000000000000000000000000000000000000000000000000000000000|0000000000000000000000000000000000000000000000000000000000000000|0|3|rt4_TMB-5_MAP_g_11781.r24|2|1|RICH|846|0|2670|0000000000000000000000000000000000000000000000000000000000000000|RICH|1|846|DISP=ACCEPT_INSTALL|DETAIL=map
0000000000000000000000000000000000000000000000000000000000000000|0000000000000000000000000000000000000000000000000000000000000000|0|3|rt4_TMB-5_MAP_g_11782.r24|2|1|RICH|846|0|2680|0000000000000000000000000000000000000000000000000000000000000000|RICH|1|846|DISP=ACCEPT_INSTALL|DETAIL=map
0000000000000000000000000000000000000000000000000000000000000000|0000000000000000000000000000000000000000000000000000000000000000|0|3|rt4_TMB-5_MAP_g_11783.r24|2|1|RICH|846|0|2690|0000000000000000000000000000000000000000000000000000000000000000|RICH|1|846|DISP=ACCEPT_INSTALL|DETAIL=map
0000000000000000000000000000000000000000000000000000000000000000|0000000000000000000000000000000000000000000000000000000000000000|0|3|rt4_TMB-5_MAP_g_11784.r24|2|1|RICH|846|0|2700|0000000000000000000000000000000000000000000000000000000000000000|RICH|1|846|DISP=ACCEPT_INSTALL|DETAIL=map
0000000000000000000000000000000000000000000000000000000000000000|0000000000000000000000000000000000000000000000000000000000000000|0|3|rt4_TMB-5_MAP_g_11785.r24|2|1|RICH|846|0|2710|0000000000000000000000000000000000000000000000000000000000000000|RICH|1|846|DISP=ACCEPT_INSTALL|DETAIL=map
0000000000000000000000000000000000000000000000000000000000000000|0000000000000000000000000000000000000000000000000000000000000000|0|3|rt4_TMB-5_MAP_g_11786.r24|2|1|RICH|846|0|2720|0000000000000000000000000000000000000000000000000000000000000000|RICH|1|846|DISP=ACCEPT_INSTALL|DETAIL=map
0000000000000000000000000000000000000000000000000000000000000000|0000000000000000000000000000000000000000000000000000000000000000|0|3|rt4_TMB-5_MAP_g_11787.r24|2|1|RICH|846|0|2730|0000000000000000000000000000000000000000000000000000000000000000|RICH|1|846|DISP=ACCEPT_INSTALL|DETAIL=map
0000000000000000000000000000000000000000000000000000000000000000|0000000000000000000000000000000000000000000000000000000000000000|0|3|rt4_TMB-5_MAP_g_11788.r24|2|1|RICH|846|0|2740|0000000000000000000000000000000000000000000000000000000000000000|RICH|1|846|DISP=ACCEPT_INSTALL|DETAIL=map
0000000000000000000000000000000000000000000000000000000000000000|0000000000000000000000000000000000000000000000000000000000000000|0|3|rt4_TMB-5_MAP_g_11789.r24|2|1|RICH|846|0|2750|0000000000000000000000000000000000000000000000000000000000000000|RICH|1|846|DISP=ACCEPT_INSTALL|DETAIL=map
0000000000000000000000000000000000000000000000000000000000000000|0000000000000000000000000000000000000000000000000000000000000000|0|3|rt4_TMB-5_MAP_g_11790.r24|2|1|RICH|846|0|2760|0000000000000000000000000000000000000000000000000000000000000000|RICH|1|846|DISP=ACCEPT_INSTALL|DETAIL=map
0000000000000000000000000000000000000000000000000000000000000000|0000000000000000000000000000000000000000000000000000000000000000|0|3|rt4_TMB-5_MAP_g_11791.r24|2|1|RICH|846|0|2770|0000000000000000000000000000000000000000000000000000000000000000|RICH|1|846|DISP=ACCEPT_INSTALL|DETAIL=map
0000000000000000000000000000000000000000000000000000000000000000|0000000000000000000000000000000000000000000000000000000000000000|0|3|rt4_TMB-5_MAP_g_11792.r24|2|1|RICH|846|0|2780|0000000000000000000000000000000000000000000000000000000000000000|RICH|1|846|DISP=ACCEPT_INSTALL|DETAIL=map
0000000000000000000000000000000000000000000000000000000000000000|0000000000000000000000000000000000000000000000000000000000000000|0|3|rt4_TMB-5_MAP_g_11793.r24|2|1|RICH|846|0|2790|0000000000000000000000000000000000000000000000000000000000000000|RICH|1|846|DISP=ACCEPT_INSTALL|DETAIL=map
0000000000000000000000000000000000000000000000000000000000000000|0000000000000000000000000000000000000000000000000000000000000000|0|3|rt4_TMB-5_MAP_g_11794.r24|2|1|RICH|846|0|2800|0000000000000000000000000000000000000000000000000000000000000000|RICH|1|846|DISP=ACCEPT_INSTALL|DETAIL=map
0000000000000000000000000000000000000000000000000000000000000000|0000000000000000000000000000000000000000000000000000000000000000|0|3|rt4_TMB-5_MAP_g_11795.r24|2|1|RICH|846|0|2810|0000000000000000000000000000000000000000000000000000000000000000|RICH|1|846|DISP=ACCEPT_INSTALL|DETAIL=map
0000000000000000000000000000000000000000000000000000000000000000|0000000000000000000000000000000000000000000000000000000000000000|0|3|rt4_TMB-5_MAP_g_11796.r24|2|1|RICH|846|0|2820|0000000000000000000000000000000000000000000000000000000000000000|RICH|1|846|DISP=ACCEPT_INSTALL|DETAIL=map
0000000000000000000000000000000000000000000000000000000000000000|0000000000000000000000000000000000000000000000000000000000000000|0|3|rt4_TMB-5_MAP_g_11797.r24|2|1|RICH|846|0|2830|0000000000000000000000000000000000000000000000000000000000000000|RICH|1|846|DISP=ACCEPT_INSTALL|DETAIL=map
0000000000000000000000000000000000000000000000000000000000000000|0000000000000000000000000000000000000000000000000000000000000000|0|3|rt4_TMB-5_MAP_g_11798.r24|2|1|RICH|846|0|2840|0000000000000000000000000000000000000000000000000000000000000000|RICH|1|846|DISP=ACCEPT_INSTALL|DETAIL=map
0000000000000000000000000000000000000000000000000000000000000000|0000000000000000000000000000000000000000000000000000000000000000|0|3|rt4_TMB-5_MAP_g_11799.r24|2|1|RICH|846|0|2850|0000000000000000000000000000000000000000000000000000000000000000|RICH|1|846|DISP=ACCEPT_INSTALL|DETAIL=map
0000000000000000000000000000000000000000000000000000000000000000|0000000000000000000000000000000000000000000000000000000000000000|0|3|rt4_TMB-5_MAP_g_11800.r24|2|1|RICH|846|0|2860|0000000000000000000000000000000000000000000000000000000000000000|RICH|1|846|DISP=ACCEPT_INSTALL|DETAIL=map
0000000000000000000000000000000000000000000000000000000000000000|0000000000000000000000000000000000000000000000000000000000000000|0|3|rt4_TMB-5_MAP_g_11801.r24|2|1|RICH|846|0|2870|0000000000000000000000000000000000000000000000000000000000000000|RICH|1|846|DISP=ACCEPT_INSTALL|DETAIL=map
0000000000000000000000000000000000000000000000000000000000000000|0000000000000000000000000000000000000000000000000000000000000000|0|3|rt4_TMB-5_MAP_g_11802.r24|2|1|RICH|846|0|2880|0000000000000000000000000000000000000000000000000000000000000000|RICH|1|846|DISP=ACCEPT_INSTALL|DETAIL=map
0000000000000000000000000000000000000000000000000000000000000000|0000000000000000000000000000000000000000000000000000000000000000|0|3|rt4_TMB-5_MAP_g_11803.r24|2|1|RICH|846|0|2890|0000000000000000000000000000000000000000000000000000000000000000|RICH|1|846|DISP=ACCEPT_INSTALL|DETAIL=map
0000000000000000000000000000000000000000000000000000000000000000|0000000000000000000000000000000000000000000000000000000000000000|0|3|rt4_TMB-5_MAP_g_11804.r24|2|1|RICH|846|0|2900|0000000000000000000000000000000000000000000000000000000000000000|RICH|1|846|DISP=ACCEPT_INSTALL|DETAIL=map
0000000000000000000000000000000000000000000000000000000000000000|0000000000000000000000000000000000000000000000000000000000000000|0|3|rt4_TMB-5_MAP_g_11805.r24|2|1|RICH|848|0|2400|0000000000000000000000000000000000000000000000000000000000000000|RICH|1|848|DISP=ACCEPT_INSTALL|DETAIL=map
0000000000000000000000000000000000000000000000000000000000000000|0000000000000000000000000000000000000000000000000000000000000000|0|3|rt4_TMB-5_MAP_g_11806.r24|2|1|RICH|848|0|2410|0000000000000000000000000000000000000000000000000000000000000000|RICH|1|848|DISP=ACCEPT_INSTALL|DETAIL=map
0000000000000000000000000000000000000000000000000000000000000000|0000000000000000000000000000000000000000000000000000000000000000|0|3|rt4_TMB-5_MAP_g_11807.r24|2|1|RICH|848|0|2420|0000000000000000000000000000000000000000000000000000000000000000|RICH|1|848|DISP=ACCEPT_INSTALL|DETAIL=map
0000000000000000000000000000000000000000000000000000000000000000|0000000000000000000000000000000000000000000000000000000000000000|0|3|rt4_TMB-5_MAP_g_11808.r24|2|1|RICH|848|0|2430|0000000000000000000000000000000000000000000000000000000000000000|RICH|1|848|DISP=ACCEPT_INSTALL|DETAIL=map
0000000000000000000000000000000000000000000000000000000000000000|0000000000000000000000000000000000000000000000000000000000000000|0|3|rt4_TMB-5_MAP_g_11809.r24|2|1|RICH|848|0|2440|0000000000000000000000000000000000000000000000000000000000000000|RICH|1|848|DISP=ACCEPT_INSTALL|DETAIL=map
0000000000000000000000000000000000000000000000000000000000000000|0000000000000000000000000000000000000000000000000000000000000000|0|3|rt4_TMB-5_MAP_g_11810.r24|2|1|RICH|848|0|2450|0000000000000000000000000000000000000000000000000000000000000000|RICH|1|848|DISP=ACCEPT_INSTALL|DETAIL=map
0000000000000000000000000000000000000000000000000000000000000000|0000000000000000000000000000000000000000000000000000000000000000|0|3|rt4_TMB-5_MAP_g_11811.r24|2|1|RICH|848|0|2460|0000000000000000000000000000000000000000000000000000000000000000|RICH|1|848|DISP=ACCEPT_INSTALL|DETAIL=map
0000000000000000000000000000000000000000000000000000000000000000|0000000000000000000000000000000000000000000000000000000000000000|0|3|rt4_TMB-5_MAP_g_11812.r24|2|1|RICH|848|0|2470|0000000000000000000000000000000000000000000000000000000000000000|RICH|1|848|DISP=ACCEPT_INSTALL|DETAIL=map
0000000000000000000000000000000000000000000000000000000000000000|0000000000000000000000000000000000000000000000000000000000000000|0|3|rt4_TMB-5_MAP_g_11813.r24|2|1|RICH|848|0|2480|0000000000000000000000000000000000000000000000000000000000000000|RICH|1|848|DISP=ACCEPT_INSTALL|DETAIL=map
0000000000000000000000000000000000000000000000000000000000000000|0000000000000000000000000000000000000000000000000000000000000000|0|3|rt4_TMB-5_MAP_g_11814.r24|2|1|RICH|848|0|2490|0000000000000000000000000000000000000000000000000000000000000000|RICH|1|848|DISP=ACCEPT_INSTALL|DETAIL=map
0000000000000000000000000000000000000000000000000000000000000000|0000000000000000000000000000000000000000000000000000000000000000|0|3|rt4_TMB-5_MAP_g_11815.r24|2|1|RICH|848|0|2500|0000000000000000000000000000000000000000000000000000000000000000|RICH|1|848|DISP=ACCEPT_INSTALL|DETAIL=map
0000000000000000000000000000000000000000000000000000000000000000|0000000000000000000000000000000000000000000000000000000000000000|0|3|rt4_TMB-5_MAP_g_11816.r24|2|1|RICH|848|0|2510|0000000000000000000000000000000000000000000000000000000000000000|RICH|1|848|DISP=ACCEPT_INSTALL|DETAIL=map
0000000000000000000000000000000000000000000000000000000000000000|0000000000000000000000000000000000000000000000000000000000000000|0|3|rt4_TMB-5_MAP_g_11817.r24|2|1|RICH|848|0|2520|0000000000000000000000000000000000000000000000000000000000000000|RICH|1|848|DISP=ACCEPT_INSTALL|DETAIL=map
0000000000000000000000000000000000000000000000000000000000000000|0000000000000000000000000000000000000000000000000000000000000000|0|3|rt4_TMB-5_MAP_g_11818.r24|2|1|RICH|848|0|2530|0000000000000000000000000000000000000000000000000000000000000000|RICH|1|848|DISP=ACCEPT_INSTALL|DETAIL=map
0000000000000000000000000000000000000000000000000000000000000000|0000000000000000000000000000000000000000000000000000000000000000|0|3|rt4_TMB-5_MAP_g_11819.r24|2|1|RICH|848|0|2540|0000000000000000000000000000000000000000000000000000000000000000|RICH|1|848|DISP=ACCEPT_INSTALL|DETAIL=map
0000000000000000000000000000000000000000000000000000000000000000|0000000000000000000000000000000000000000000000000000000000000000|0|3|rt4_TMB-5_MAP_g_11820.r24|2|1|RICH|848|0|2550|0000000000000000000000000000000000000000000000000000000000000000|RICH|1|848|DISP=ACCEPT_INSTALL|DETAIL=map
0000000000000000000000000000000000000000000000000000000000000000|0000000000000000000000000000000000000000000000000000000000000000|0|3|rt4_TMB-5_MAP_g_11821.r24|2|1|RICH|848|0|2560|0000000000000000000000000000000000000000000000000000000000000000|RICH|1|848|DISP=ACCEPT_INSTALL|DETAIL=map
0000000000000000000000000000000000000000000000000000000000000000|0000000000000000000000000000000000000000000000000000000000000000|0|3|rt4_TMB-5_MAP_g_11822.r24|2|1|RICH|848|0|2570|0000000000000000000000000000000000000000000000000000000000000000|RICH|1|848|DISP=ACCEPT_INSTALL|DETAIL=map
0000000000000000000000000000000000000000000000000000000000000000|0000000000000000000000000000000000000000000000000000000000000000|0|3|rt4_TMB-5_MAP_g_11823.r24|2|1|RICH|848|0|2580|0000000000000000000000000000000000000000000000000000000000000000|RICH|1|848|DISP=ACCEPT_INSTALL|DETAIL=map
0000000000000000000000000000000000000000000000000000000000000000|0000000000000000000000000000000000000000000000000000000000000000|0|3|rt4_TMB-5_MAP_g_11824.r24|2|1|RICH|848|0|2590|0000000000000000000000000000000000000000000000000000000000000000|RICH|1|848|DISP=ACCEPT_INSTALL|DETAIL=map
0000000000000000000000000000000000000000000000000000000000000000|0000000000000000000000000000000000000000000000000000000000000000|0|3|rt4_TMB-5_MAP_g_11825.r24|2|1|RICH|848|0|2600|0000000000000000000000000000000000000000000000000000000000000000|RICH|1|848|DISP=ACCEPT_INSTALL|DETAIL=map
0000000000000000000000000000000000000000000000000000000000000000|0000000000000000000000000000000000000000000000000000000000000000|0|3|rt4_TMB-5_MAP_g_11826.r24|2|1|RICH|848|0|2610|0000000000000000000000000000000000000000000000000000000000000000|RICH|1|848|DISP=ACCEPT_INSTALL|DETAIL=map
0000000000000000000000000000000000000000000000000000000000000000|0000000000000000000000000000000000000000000000000000000000000000|0|3|rt4_TMB-5_MAP_g_11827.r24|2|1|RICH|848|0|2620|0000000000000000000000000000000000000000000000000000000000000000|RICH|1|848|DISP=ACCEPT_INSTALL|DETAIL=map
0000000000000000000000000000000000000000000000000000000000000000|0000000000000000000000000000000000000000000000000000000000000000|0|3|rt4_TMB-5_MAP_g_11828.r24|2|1|RICH|848|0|2630|0000000000000000000000000000000000000000000000000000000000000000|RICH|1|848|DISP=ACCEPT_INSTALL|DETAIL=map
0000000000000000000000000000000000000000000000000000000000000000|0000000000000000000000000000000000000000000000000000000000000000|0|3|rt4_TMB-5_MAP_g_11829.r24|2|1|RICH|848|0|2640|0000000000000000000000000000000000000000000000000000000000000000|RICH|1|848|DISP=ACCEPT_INSTALL|DETAIL=map
0000000000000000000000000000000000000000000000000000000000000000|0000000000000000000000000000000000000000000000000000000000000000|0|3|rt4_TMB-5_MAP_g_11830.r24|2|1|RICH|848|0|2650|0000000000000000000000000000000000000000000000000000000000000000|RICH|1|848|DISP=ACCEPT_INSTALL|DETAIL=map
0000000000000000000000000000000000000000000000000000000000000000|0000000000000000000000000000000000000000000000000000000000000000|0|3|rt4_TMB-5_MAP_g_11831.r24|2|1|RICH|848|0|2660|0000000000000000000000000000000000000000000000000000000000000000|RICH|1|848|DISP=ACCEPT_INSTALL|DETAIL=map
0000000000000000000000000000000000000000000000000000000000000000|0000000000000000000000000000000000000000000000000000000000000000|0|3|rt4_TMB-5_MAP_g_11832.r24|2|1|RICH|848|0|2670|0000000000000000000000000000000000000000000000000000000000000000|RICH|1|848|DISP=ACCEPT_INSTALL|DETAIL=map
0000000000000000000000000000000000000000000000000000000000000000|0000000000000000000000000000000000000000000000000000000000000000|0|3|rt4_TMB-5_MAP_g_11833.r24|2|1|RICH|848|0|2680|0000000000000000000000000000000000000000000000000000000000000000|RICH|1|848|DISP=ACCEPT_INSTALL|DETAIL=map
0000000000000000000000000000000000000000000000000000000000000000|0000000000000000000000000000000000000000000000000000000000000000|0|3|rt4_TMB-5_MAP_g_11834.r24|2|1|RICH|848|0|2690|0000000000000000000000000000000000000000000000000000000000000000|RICH|1|848|DISP=ACCEPT_INSTALL|DETAIL=map
0000000000000000000000000000000000000000000000000000000000000000|0000000000000000000000000000000000000000000000000000000000000000|0|3|rt4_TMB-5_MAP_g_11835.r24|2|1|RICH|848|0|2700|0000000000000000000000000000000000000000000000000000000000000000|RICH|1|848|DISP=ACCEPT_INSTALL|DETAIL=map
0000000000000000000000000000000000000000000000000000000000000000|0000000000000000000000000000000000000000000000000000000000000000|0|3|rt4_TMB-5_MAP_g_11836.r24|2|1|RICH|848|0|2710|0000000000000000000000000000000000000000000000000000000000000000|RICH|1|848|DISP=ACCEPT_INSTALL|DETAIL=map
0000000000000000000000000000000000000000000000000000000000000000|0000000000000000000000000000000000000000000000000000000000000000|0|3|rt4_TMB-5_MAP_g_11837.r24|2|1|RICH|848|0|2720|0000000000000000000000000000000000000000000000000000000000000000|RICH|1|848|DISP=ACCEPT_INSTALL|DETAIL=map
0000000000000000000000000000000000000000000000000000000000000000|0000000000000000000000000000000000000000000000000000000000000000|0|3|rt4_TMB-5_MAP_g_11838.r24|2|1|RICH|848|0|2730|0000000000000000000000000000000000000000000000000000000000000000|RICH|1|848|DISP=ACCEPT_INSTALL|DETAIL=map
0000000000000000000000000000000000000000000000000000000000000000|0000000000000000000000000000000000000000000000000000000000000000|0|3|rt4_TMB-5_MAP_g_11839.r24|2|1|RICH|848|0|2740|0000000000000000000000000000000000000000000000000000000000000000|RICH|1|848|DISP=ACCEPT_INSTALL|DETAIL=map
0000000000000000000000000000000000000000000000000000000000000000|0000000000000000000000000000000000000000000000000000000000000000|0|3|rt4_TMB-5_MAP_g_11840.r24|2|1|RICH|848|0|2750|0000000000000000000000000000000000000000000000000000000000000000|RICH|1|848|DISP=ACCEPT_INSTALL|DETAIL=map
0000000000000000000000000000000000000000000000000000000000000000|0000000000000000000000000000000000000000000000000000000000000000|0|3|rt4_TMB-5_MAP_g_11841.r24|2|1|RICH|848|0|2760|0000000000000000000000000000000000000000000000000000000000000000|RICH|1|848|DISP=ACCEPT_INSTALL|DETAIL=map
0000000000000000000000000000000000000000000000000000000000000000|0000000000000000000000000000000000000000000000000000000000000000|0|3|rt4_TMB-5_MAP_g_11842.r24|2|1|RICH|848|0|2770|0000000000000000000000000000000000000000000000000000000000000000|RICH|1|848|DISP=ACCEPT_INSTALL|DETAIL=map
0000000000000000000000000000000000000000000000000000000000000000|0000000000000000000000000000000000000000000000000000000000000000|0|3|rt4_TMB-5_MAP_g_11843.r24|2|1|RICH|848|0|2780|0000000000000000000000000000000000000000000000000000000000000000|RICH|1|848|DISP=ACCEPT_INSTALL|DETAIL=map
0000000000000000000000000000000000000000000000000000000000000000|0000000000000000000000000000000000000000000000000000000000000000|0|3|rt4_TMB-5_MAP_g_11844.r24|2|1|RICH|848|0|2790|0000000000000000000000000000000000000000000000000000000000000000|RICH|1|848|DISP=ACCEPT_INSTALL|DETAIL=map
0000000000000000000000000000000000000000000000000000000000000000|0000000000000000000000000000000000000000000000000000000000000000|0|3|rt4_TMB-5_MAP_g_11845.r24|2|1|RICH|848|0|2800|0000000000000000000000000000000000000000000000000000000000000000|RICH|1|848|DISP=ACCEPT_INSTALL|DETAIL=map
0000000000000000000000000000000000000000000000000000000000000000|0000000000000000000000000000000000000000000000000000000000000000|0|3|rt4_TMB-5_MAP_g_11846.r24|2|1|RICH|848|0|2810|0000000000000000000000000000000000000000000000000000000000000000|RICH|1|848|DISP=ACCEPT_INSTALL|DETAIL=map
0000000000000000000000000000000000000000000000000000000000000000|0000000000000000000000000000000000000000000000000000000000000000|0|3|rt4_TMB-5_MAP_g_11847.r24|2|1|RICH|848|0|2820|0000000000000000000000000000000000000000000000000000000000000000|RICH|1|848|DISP=ACCEPT_INSTALL|DETAIL=map
0000000000000000000000000000000000000000000000000000000000000000|0000000000000000000000000000000000000000000000000000000000000000|0|3|rt4_TMB-5_MAP_g_11848.r24|2|1|RICH|848|0|2830|0000000000000000000000000000000000000000000000000000000000000000|RICH|1|848|DISP=ACCEPT_INSTALL|DETAIL=map
0000000000000000000000000000000000000000000000000000000000000000|0000000000000000000000000000000000000000000000000000000000000000|0|3|rt4_TMB-5_MAP_g_11849.r24|2|1|RICH|848|0|2840|0000000000000000000000000000000000000000000000000000000000000000|RICH|1|848|DISP=ACCEPT_INSTALL|DETAIL=map
0000000000000000000000000000000000000000000000000000000000000000|0000000000000000000000000000000000000000000000000000000000000000|0|3|rt4_TMB-5_MAP_g_11850.r24|2|1|RICH|848|0|2850|0000000000000000000000000000000000000000000000000000000000000000|RICH|1|848|DISP=ACCEPT_INSTALL|DETAIL=map
0000000000000000000000000000000000000000000000000000000000000000|0000000000000000000000000000000000000000000000000000000000000000|0|3|rt4_TMB-5_MAP_g_11851.r24|2|1|RICH|848|0|2860|0000000000000000000000000000000000000000000000000000000000000000|RICH|1|848|DISP=ACCEPT_INSTALL|DETAIL=map
0000000000000000000000000000000000000000000000000000000000000000|0000000000000000000000000000000000000000000000000000000000000000|0|3|rt4_TMB-5_MAP_g_11852.r24|2|1|RICH|848|0|2870|0000000000000000000000000000000000000000000000000000000000000000|RICH|1|848|DISP=ACCEPT_INSTALL|DETAIL=map
0000000000000000000000000000000000000000000000000000000000000000|0000000000000000000000000000000000000000000000000000000000000000|0|3|rt4_TMB-5_MAP_g_11853.r24|2|1|RICH|848|0|2880|0000000000000000000000000000000000000000000000000000000000000000|RICH|1|848|DISP=ACCEPT_INSTALL|DETAIL=map
0000000000000000000000000000000000000000000000000000000000000000|0000000000000000000000000000000000000000000000000000000000000000|0|3|rt4_TMB-5_MAP_g_11854.r24|2|1|RICH|848|0|2890|0000000000000000000000000000000000000000000000000000000000000000|RICH|1|848|DISP=ACCEPT_INSTALL|DETAIL=map
0000000000000000000000000000000000000000000000000000000000000000|0000000000000000000000000000000000000000000000000000000000000000|0|3|rt4_TMB-5_MAP_g_11855.r24|2|1|RICH|848|0|2900|0000000000000000000000000000000000000000000000000000000000000000|RICH|1|848|DISP=ACCEPT_INSTALL|DETAIL=map
0000000000000000000000000000000000000000000000000000000000000000|0000000000000000000000000000000000000000000000000000000000000000|0|3|rt4_TMB-5_MAP_g_11856.r24|2|1|RICH|850|0|400|0000000000000000000000000000000000000000000000000000000000000000|RICH|1|850|DISP=ACCEPT_INSTALL|DETAIL=map
0000000000000000000000000000000000000000000000000000000000000000|0000000000000000000000000000000000000000000000000000000000000000|0|3|rt4_TMB-5_MAP_g_11857.r24|2|1|RICH|850|0|600|0000000000000000000000000000000000000000000000000000000000000000|RICH|1|850|DISP=ACCEPT_INSTALL|DETAIL=map
0000000000000000000000000000000000000000000000000000000000000000|0000000000000000000000000000000000000000000000000000000000000000|0|3|rt4_TMB-5_MAP_g_11858.r24|2|1|RICH|850|0|800|0000000000000000000000000000000000000000000000000000000000000000|RICH|1|850|DISP=ACCEPT_INSTALL|DETAIL=map
0000000000000000000000000000000000000000000000000000000000000000|0000000000000000000000000000000000000000000000000000000000000000|0|3|rt4_TMB-5_MAP_g_11859.r24|2|1|RICH|850|0|1000|0000000000000000000000000000000000000000000000000000000000000000|RICH|1|850|DISP=ACCEPT_INSTALL|DETAIL=map
0000000000000000000000000000000000000000000000000000000000000000|0000000000000000000000000000000000000000000000000000000000000000|0|3|rt4_TMB-5_MAP_g_11860.r24|2|1|RICH|850|0|1200|0000000000000000000000000000000000000000000000000000000000000000|RICH|1|850|DISP=ACCEPT_INSTALL|DETAIL=map
0000000000000000000000000000000000000000000000000000000000000000|0000000000000000000000000000000000000000000000000000000000000000|0|3|rt4_TMB-5_MAP_g_11861.r24|2|1|RICH|850|0|1400|0000000000000000000000000000000000000000000000000000000000000000|RICH|1|850|DISP=ACCEPT_INSTALL|DETAIL=map
0000000000000000000000000000000000000000000000000000000000000000|0000000000000000000000000000000000000000000000000000000000000000|0|3|rt4_TMB-5_MAP_g_11862.r24|2|1|RICH|850|0|1600|0000000000000000000000000000000000000000000000000000000000000000|RICH|1|850|DISP=ACCEPT_INSTALL|DETAIL=map
0000000000000000000000000000000000000000000000000000000000000000|0000000000000000000000000000000000000000000000000000000000000000|0|3|rt4_TMB-5_MAP_g_11863.r24|2|1|RICH|850|0|1800|0000000000000000000000000000000000000000000000000000000000000000|RICH|1|850|DISP=ACCEPT_INSTALL|DETAIL=map
0000000000000000000000000000000000000000000000000000000000000000|0000000000000000000000000000000000000000000000000000000000000000|0|3|rt4_TMB-5_MAP_g_11864.r24|2|1|RICH|850|0|2000|0000000000000000000000000000000000000000000000000000000000000000|RICH|1|850|DISP=ACCEPT_INSTALL|DETAIL=map
0000000000000000000000000000000000000000000000000000000000000000|0000000000000000000000000000000000000000000000000000000000000000|0|3|rt4_TMB-5_MAP_g_11865.r24|2|1|RICH|850|0|2200|0000000000000000000000000000000000000000000000000000000000000000|RICH|1|850|DISP=ACCEPT_INSTALL|DETAIL=map
0000000000000000000000000000000000000000000000000000000000000000|0000000000000000000000000000000000000000000000000000000000000000|0|3|rt4_TMB-5_MAP_g_11866.r24|2|1|RICH|850|0|2400|0000000000000000000000000000000000000000000000000000000000000000|RICH|1|850|DISP=ACCEPT_INSTALL|DETAIL=map
0000000000000000000000000000000000000000000000000000000000000000|0000000000000000000000000000000000000000000000000000000000000000|0|3|rt4_TMB-5_MAP_g_11867.r24|2|1|RICH|850|0|2410|0000000000000000000000000000000000000000000000000000000000000000|RICH|1|850|DISP=ACCEPT_INSTALL|DETAIL=map
0000000000000000000000000000000000000000000000000000000000000000|0000000000000000000000000000000000000000000000000000000000000000|0|3|rt4_TMB-5_MAP_g_11868.r24|2|1|RICH|850|0|2420|0000000000000000000000000000000000000000000000000000000000000000|RICH|1|850|DISP=ACCEPT_INSTALL|DETAIL=map
0000000000000000000000000000000000000000000000000000000000000000|0000000000000000000000000000000000000000000000000000000000000000|0|3|rt4_TMB-5_MAP_g_11869.r24|2|1|RICH|850|0|2430|0000000000000000000000000000000000000000000000000000000000000000|RICH|1|850|DISP=ACCEPT_INSTALL|DETAIL=map
0000000000000000000000000000000000000000000000000000000000000000|0000000000000000000000000000000000000000000000000000000000000000|0|3|rt4_TMB-5_MAP_g_11870.r24|2|1|RICH|850|0|2440|0000000000000000000000000000000000000000000000000000000000000000|RICH|1|850|DISP=ACCEPT_INSTALL|DETAIL=map
0000000000000000000000000000000000000000000000000000000000000000|0000000000000000000000000000000000000000000000000000000000000000|0|3|rt4_TMB-5_MAP_g_11871.r24|2|1|RICH|850|0|2450|0000000000000000000000000000000000000000000000000000000000000000|RICH|1|850|DISP=ACCEPT_INSTALL|DETAIL=map
0000000000000000000000000000000000000000000000000000000000000000|0000000000000000000000000000000000000000000000000000000000000000|0|3|rt4_TMB-5_MAP_g_11872.r24|2|1|RICH|850|0|2460|0000000000000000000000000000000000000000000000000000000000000000|RICH|1|850|DISP=ACCEPT_INSTALL|DETAIL=map
0000000000000000000000000000000000000000000000000000000000000000|0000000000000000000000000000000000000000000000000000000000000000|0|3|rt4_TMB-5_MAP_g_11873.r24|2|1|RICH|850|0|2470|0000000000000000000000000000000000000000000000000000000000000000|RICH|1|850|DISP=ACCEPT_INSTALL|DETAIL=map
0000000000000000000000000000000000000000000000000000000000000000|0000000000000000000000000000000000000000000000000000000000000000|0|3|rt4_TMB-5_MAP_g_11874.r24|2|1|RICH|850|0|2480|0000000000000000000000000000000000000000000000000000000000000000|RICH|1|850|DISP=ACCEPT_INSTALL|DETAIL=map
0000000000000000000000000000000000000000000000000000000000000000|0000000000000000000000000000000000000000000000000000000000000000|0|3|rt4_TMB-5_MAP_g_11875.r24|2|1|RICH|850|0|2490|0000000000000000000000000000000000000000000000000000000000000000|RICH|1|850|DISP=ACCEPT_INSTALL|DETAIL=map
0000000000000000000000000000000000000000000000000000000000000000|0000000000000000000000000000000000000000000000000000000000000000|0|3|rt4_TMB-5_MAP_g_11876.r24|2|1|RICH|850|0|2500|0000000000000000000000000000000000000000000000000000000000000000|RICH|1|850|DISP=ACCEPT_INSTALL|DETAIL=map
0000000000000000000000000000000000000000000000000000000000000000|0000000000000000000000000000000000000000000000000000000000000000|0|3|rt4_TMB-5_MAP_g_11877.r24|2|1|RICH|850|0|2510|0000000000000000000000000000000000000000000000000000000000000000|RICH|1|850|DISP=ACCEPT_INSTALL|DETAIL=map
0000000000000000000000000000000000000000000000000000000000000000|0000000000000000000000000000000000000000000000000000000000000000|0|3|rt4_TMB-5_MAP_g_11878.r24|2|1|RICH|850|0|2520|0000000000000000000000000000000000000000000000000000000000000000|RICH|1|850|DISP=ACCEPT_INSTALL|DETAIL=map
0000000000000000000000000000000000000000000000000000000000000000|0000000000000000000000000000000000000000000000000000000000000000|0|3|rt4_TMB-5_MAP_g_11879.r24|2|1|RICH|850|0|2530|0000000000000000000000000000000000000000000000000000000000000000|RICH|1|850|DISP=ACCEPT_INSTALL|DETAIL=map
0000000000000000000000000000000000000000000000000000000000000000|0000000000000000000000000000000000000000000000000000000000000000|0|3|rt4_TMB-5_MAP_g_11880.r24|2|1|RICH|850|0|2540|0000000000000000000000000000000000000000000000000000000000000000|RICH|1|850|DISP=ACCEPT_INSTALL|DETAIL=map
0000000000000000000000000000000000000000000000000000000000000000|0000000000000000000000000000000000000000000000000000000000000000|0|3|rt4_TMB-5_MAP_g_11881.r24|2|1|RICH|850|0|2550|0000000000000000000000000000000000000000000000000000000000000000|RICH|1|850|DISP=ACCEPT_INSTALL|DETAIL=map
0000000000000000000000000000000000000000000000000000000000000000|0000000000000000000000000000000000000000000000000000000000000000|0|3|rt4_TMB-5_MAP_g_11882.r24|2|1|RICH|850|0|2560|0000000000000000000000000000000000000000000000000000000000000000|RICH|1|850|DISP=ACCEPT_INSTALL|DETAIL=map
0000000000000000000000000000000000000000000000000000000000000000|0000000000000000000000000000000000000000000000000000000000000000|0|3|rt4_TMB-5_MAP_g_11883.r24|2|1|RICH|850|0|2570|0000000000000000000000000000000000000000000000000000000000000000|RICH|1|850|DISP=ACCEPT_INSTALL|DETAIL=map
0000000000000000000000000000000000000000000000000000000000000000|0000000000000000000000000000000000000000000000000000000000000000|0|3|rt4_TMB-5_MAP_g_11884.r24|2|1|RICH|850|0|2580|0000000000000000000000000000000000000000000000000000000000000000|RICH|1|850|DISP=ACCEPT_INSTALL|DETAIL=map
0000000000000000000000000000000000000000000000000000000000000000|0000000000000000000000000000000000000000000000000000000000000000|0|3|rt4_TMB-5_MAP_g_11885.r24|2|1|RICH|850|0|2590|0000000000000000000000000000000000000000000000000000000000000000|RICH|1|850|DISP=ACCEPT_INSTALL|DETAIL=map
0000000000000000000000000000000000000000000000000000000000000000|0000000000000000000000000000000000000000000000000000000000000000|0|3|rt4_TMB-5_MAP_g_11886.r24|2|1|RICH|850|0|2600|0000000000000000000000000000000000000000000000000000000000000000|RICH|1|850|DISP=ACCEPT_INSTALL|DETAIL=map
0000000000000000000000000000000000000000000000000000000000000000|0000000000000000000000000000000000000000000000000000000000000000|0|3|rt4_TMB-5_MAP_g_11887.r24|2|1|RICH|850|0|2610|0000000000000000000000000000000000000000000000000000000000000000|RICH|1|850|DISP=ACCEPT_INSTALL|DETAIL=map
0000000000000000000000000000000000000000000000000000000000000000|0000000000000000000000000000000000000000000000000000000000000000|0|3|rt4_TMB-5_MAP_g_11888.r24|2|1|RICH|850|0|2620|0000000000000000000000000000000000000000000000000000000000000000|RICH|1|850|DISP=ACCEPT_INSTALL|DETAIL=map
0000000000000000000000000000000000000000000000000000000000000000|0000000000000000000000000000000000000000000000000000000000000000|0|3|rt4_TMB-5_MAP_g_11889.r24|2|1|RICH|850|0|2630|0000000000000000000000000000000000000000000000000000000000000000|RICH|1|850|DISP=ACCEPT_INSTALL|DETAIL=map
0000000000000000000000000000000000000000000000000000000000000000|0000000000000000000000000000000000000000000000000000000000000000|0|3|rt4_TMB-5_MAP_g_11890.r24|2|1|RICH|850|0|2640|0000000000000000000000000000000000000000000000000000000000000000|RICH|1|850|DISP=ACCEPT_INSTALL|DETAIL=map
0000000000000000000000000000000000000000000000000000000000000000|0000000000000000000000000000000000000000000000000000000000000000|0|3|rt4_TMB-5_MAP_g_11891.r24|2|1|RICH|850|0|2650|0000000000000000000000000000000000000000000000000000000000000000|RICH|1|850|DISP=ACCEPT_INSTALL|DETAIL=map
0000000000000000000000000000000000000000000000000000000000000000|0000000000000000000000000000000000000000000000000000000000000000|0|3|rt4_TMB-5_MAP_g_11892.r24|2|1|RICH|850|0|2660|0000000000000000000000000000000000000000000000000000000000000000|RICH|1|850|DISP=ACCEPT_INSTALL|DETAIL=map
0000000000000000000000000000000000000000000000000000000000000000|0000000000000000000000000000000000000000000000000000000000000000|0|3|rt4_TMB-5_MAP_g_11893.r24|2|1|RICH|850|0|2670|0000000000000000000000000000000000000000000000000000000000000000|RICH|1|850|DISP=ACCEPT_INSTALL|DETAIL=map
0000000000000000000000000000000000000000000000000000000000000000|0000000000000000000000000000000000000000000000000000000000000000|0|3|rt4_TMB-5_MAP_g_11894.r24|2|1|RICH|850|0|2680|0000000000000000000000000000000000000000000000000000000000000000|RICH|1|850|DISP=ACCEPT_INSTALL|DETAIL=map
0000000000000000000000000000000000000000000000000000000000000000|0000000000000000000000000000000000000000000000000000000000000000|0|3|rt4_TMB-5_MAP_g_11895.r24|2|1|RICH|850|0|2690|0000000000000000000000000000000000000000000000000000000000000000|RICH|1|850|DISP=ACCEPT_INSTALL|DETAIL=map
0000000000000000000000000000000000000000000000000000000000000000|0000000000000000000000000000000000000000000000000000000000000000|0|3|rt4_TMB-5_MAP_g_11896.r24|2|1|RICH|850|0|2700|0000000000000000000000000000000000000000000000000000000000000000|RICH|1|850|DISP=ACCEPT_INSTALL|DETAIL=map
0000000000000000000000000000000000000000000000000000000000000000|0000000000000000000000000000000000000000000000000000000000000000|0|3|rt4_TMB-5_MAP_g_11897.r24|2|1|RICH|850|0|2710|0000000000000000000000000000000000000000000000000000000000000000|RICH|1|850|DISP=ACCEPT_INSTALL|DETAIL=map
0000000000000000000000000000000000000000000000000000000000000000|0000000000000000000000000000000000000000000000000000000000000000|0|3|rt4_TMB-5_MAP_g_11898.r24|2|1|RICH|850|0|2720|0000000000000000000000000000000000000000000000000000000000000000|RICH|1|850|DISP=ACCEPT_INSTALL|DETAIL=map
0000000000000000000000000000000000000000000000000000000000000000|0000000000000000000000000000000000000000000000000000000000000000|0|3|rt4_TMB-5_MAP_g_11899.r24|2|1|RICH|850|0|2730|0000000000000000000000000000000000000000000000000000000000000000|RICH|1|850|DISP=ACCEPT_INSTALL|DETAIL=map
0000000000000000000000000000000000000000000000000000000000000000|0000000000000000000000000000000000000000000000000000000000000000|0|3|rt4_TMB-5_MAP_g_11900.r24|2|1|RICH|850|0|2740|0000000000000000000000000000000000000000000000000000000000000000|RICH|1|850|DISP=ACCEPT_INSTALL|DETAIL=map
0000000000000000000000000000000000000000000000000000000000000000|0000000000000000000000000000000000000000000000000000000000000000|0|3|rt4_TMB-5_MAP_g_11901.r24|2|1|RICH|850|0|2750|0000000000000000000000000000000000000000000000000000000000000000|RICH|1|850|DISP=ACCEPT_INSTALL|DETAIL=map
0000000000000000000000000000000000000000000000000000000000000000|0000000000000000000000000000000000000000000000000000000000000000|0|3|rt4_TMB-5_MAP_g_11902.r24|2|1|RICH|850|0|2760|0000000000000000000000000000000000000000000000000000000000000000|RICH|1|850|DISP=ACCEPT_INSTALL|DETAIL=map
0000000000000000000000000000000000000000000000000000000000000000|0000000000000000000000000000000000000000000000000000000000000000|0|3|rt4_TMB-5_MAP_g_11903.r24|2|1|RICH|850|0|2770|0000000000000000000000000000000000000000000000000000000000000000|RICH|1|850|DISP=ACCEPT_INSTALL|DETAIL=map
0000000000000000000000000000000000000000000000000000000000000000|0000000000000000000000000000000000000000000000000000000000000000|0|3|rt4_TMB-5_MAP_g_11904.r24|2|1|RICH|850|0|2780|0000000000000000000000000000000000000000000000000000000000000000|RICH|1|850|DISP=ACCEPT_INSTALL|DETAIL=map
0000000000000000000000000000000000000000000000000000000000000000|0000000000000000000000000000000000000000000000000000000000000000|0|3|rt4_TMB-5_MAP_g_11905.r24|2|1|RICH|850|0|2790|0000000000000000000000000000000000000000000000000000000000000000|RICH|1|850|DISP=ACCEPT_INSTALL|DETAIL=map
0000000000000000000000000000000000000000000000000000000000000000|0000000000000000000000000000000000000000000000000000000000000000|0|3|rt4_TMB-5_MAP_g_11906.r24|2|1|RICH|850|0|2800|0000000000000000000000000000000000000000000000000000000000000000|RICH|1|850|DISP=ACCEPT_INSTALL|DETAIL=map
0000000000000000000000000000000000000000000000000000000000000000|0000000000000000000000000000000000000000000000000000000000000000|0|3|rt4_TMB-5_MAP_g_11907.r24|2|1|RICH|850|0|2810|0000000000000000000000000000000000000000000000000000000000000000|RICH|1|850|DISP=ACCEPT_INSTALL|DETAIL=map
0000000000000000000000000000000000000000000000000000000000000000|0000000000000000000000000000000000000000000000000000000000000000|0|3|rt4_TMB-5_MAP_g_11908.r24|2|1|RICH|850|0|2820|0000000000000000000000000000000000000000000000000000000000000000|RICH|1|850|DISP=ACCEPT_INSTALL|DETAIL=map
0000000000000000000000000000000000000000000000000000000000000000|0000000000000000000000000000000000000000000000000000000000000000|0|3|rt4_TMB-5_MAP_g_11909.r24|2|1|RICH|850|0|2830|0000000000000000000000000000000000000000000000000000000000000000|RICH|1|850|DISP=ACCEPT_INSTALL|DETAIL=map
0000000000000000000000000000000000000000000000000000000000000000|0000000000000000000000000000000000000000000000000000000000000000|0|3|rt4_TMB-5_MAP_g_11910.r24|2|1|RICH|850|0|2840|0000000000000000000000000000000000000000000000000000000000000000|RICH|1|850|DISP=ACCEPT_INSTALL|DETAIL=map
0000000000000000000000000000000000000000000000000000000000000000|0000000000000000000000000000000000000000000000000000000000000000|0|3|rt4_TMB-5_MAP_g_11911.r24|2|1|RICH|850|0|2850|0000000000000000000000000000000000000000000000000000000000000000|RICH|1|850|DISP=ACCEPT_INSTALL|DETAIL=map
0000000000000000000000000000000000000000000000000000000000000000|0000000000000000000000000000000000000000000000000000000000000000|0|3|rt4_TMB-5_MAP_g_11912.r24|2|1|RICH|850|0|2860|0000000000000000000000000000000000000000000000000000000000000000|RICH|1|850|DISP=ACCEPT_INSTALL|DETAIL=map
0000000000000000000000000000000000000000000000000000000000000000|0000000000000000000000000000000000000000000000000000000000000000|0|3|rt4_TMB-5_MAP_g_11913.r24|2|1|RICH|850|0|2870|0000000000000000000000000000000000000000000000000000000000000000|RICH|1|850|DISP=ACCEPT_INSTALL|DETAIL=map
0000000000000000000000000000000000000000000000000000000000000000|0000000000000000000000000000000000000000000000000000000000000000|0|3|rt4_TMB-5_MAP_g_11914.r24|2|1|RICH|850|0|2880|0000000000000000000000000000000000000000000000000000000000000000|RICH|1|850|DISP=ACCEPT_INSTALL|DETAIL=map
0000000000000000000000000000000000000000000000000000000000000000|0000000000000000000000000000000000000000000000000000000000000000|0|3|rt4_TMB-5_MAP_g_11915.r24|2|1|RICH|850|0|2890|0000000000000000000000000000000000000000000000000000000000000000|RICH|1|850|DISP=ACCEPT_INSTALL|DETAIL=map
0000000000000000000000000000000000000000000000000000000000000000|0000000000000000000000000000000000000000000000000000000000000000|0|3|rt4_TMB-5_MAP_g_11916.r24|2|1|RICH|850|0|2900|0000000000000000000000000000000000000000000000000000000000000000|RICH|1|850|DISP=ACCEPT_INSTALL|DETAIL=map
0000000000000000000000000000000000000000000000000000000000000000|0000000000000000000000000000000000000000000000000000000000000000|0|3|rt4_TMB-5_MAP_g_11917.r24|2|1|RICH|850|0|3000|0000000000000000000000000000000000000000000000000000000000000000|RICH|1|850|DISP=ACCEPT_INSTALL|DETAIL=map
0000000000000000000000000000000000000000000000000000000000000000|0000000000000000000000000000000000000000000000000000000000000000|0|3|rt4_TMB-5_MAP_g_11918.r24|2|1|RICH|850|0|3200|0000000000000000000000000000000000000000000000000000000000000000|RICH|1|850|DISP=ACCEPT_INSTALL|DETAIL=map
0000000000000000000000000000000000000000000000000000000000000000|0000000000000000000000000000000000000000000000000000000000000000|0|3|rt4_TMB-5_MAP_g_11919.r24|2|1|RICH|850|0|3400|0000000000000000000000000000000000000000000000000000000000000000|RICH|1|850|DISP=ACCEPT_INSTALL|DETAIL=map
0000000000000000000000000000000000000000000000000000000000000000|0000000000000000000000000000000000000000000000000000000000000000|0|3|rt4_TMB-5_MAP_g_11920.r24|2|1|RICH|850|0|3600|0000000000000000000000000000000000000000000000000000000000000000|RICH|1|850|DISP=ACCEPT_INSTALL|DETAIL=map
0000000000000000000000000000000000000000000000000000000000000000|0000000000000000000000000000000000000000000000000000000000000000|0|3|rt4_TMB-5_MAP_g_11921.r24|2|1|RICH|850|0|3800|0000000000000000000000000000000000000000000000000000000000000000|RICH|1|850|DISP=ACCEPT_INSTALL|DETAIL=map
0000000000000000000000000000000000000000000000000000000000000000|0000000000000000000000000000000000000000000000000000000000000000|0|3|rt4_TMB-5_MAP_g_11922.r24|2|1|RICH|850|0|4000|0000000000000000000000000000000000000000000000000000000000000000|RICH|1|850|DISP=ACCEPT_INSTALL|DETAIL=map
0000000000000000000000000000000000000000000000000000000000000000|0000000000000000000000000000000000000000000000000000000000000000|0|3|rt4_TMB-5_MAP_g_11923.r24|2|1|RICH|850|0|4200|0000000000000000000000000000000000000000000000000000000000000000|RICH|1|850|DISP=ACCEPT_INSTALL|DETAIL=map
0000000000000000000000000000000000000000000000000000000000000000|0000000000000000000000000000000000000000000000000000000000000000|0|3|rt4_TMB-5_MAP_g_11924.r24|2|1|RICH|850|0|4400|0000000000000000000000000000000000000000000000000000000000000000|RICH|1|850|DISP=ACCEPT_INSTALL|DETAIL=map
0000000000000000000000000000000000000000000000000000000000000000|0000000000000000000000000000000000000000000000000000000000000000|0|3|rt4_TMB-5_MAP_g_11925.r24|2|1|RICH|850|0|4600|0000000000000000000000000000000000000000000000000000000000000000|RICH|1|850|DISP=ACCEPT_INSTALL|DETAIL=map
0000000000000000000000000000000000000000000000000000000000000000|0000000000000000000000000000000000000000000000000000000000000000|0|3|rt4_TMB-5_MAP_g_11926.r24|2|1|RICH|850|0|4800|0000000000000000000000000000000000000000000000000000000000000000|RICH|1|850|DISP=ACCEPT_INSTALL|DETAIL=map
0000000000000000000000000000000000000000000000000000000000000000|0000000000000000000000000000000000000000000000000000000000000000|0|3|rt4_TMB-5_MAP_g_11927.r24|2|1|RICH|852|0|2400|0000000000000000000000000000000000000000000000000000000000000000|RICH|1|852|DISP=ACCEPT_INSTALL|DETAIL=map
0000000000000000000000000000000000000000000000000000000000000000|0000000000000000000000000000000000000000000000000000000000000000|0|3|rt4_TMB-5_MAP_g_11928.r24|2|1|RICH|852|0|2410|0000000000000000000000000000000000000000000000000000000000000000|RICH|1|852|DISP=ACCEPT_INSTALL|DETAIL=map
0000000000000000000000000000000000000000000000000000000000000000|0000000000000000000000000000000000000000000000000000000000000000|0|3|rt4_TMB-5_MAP_g_11929.r24|2|1|RICH|852|0|2420|0000000000000000000000000000000000000000000000000000000000000000|RICH|1|852|DISP=ACCEPT_INSTALL|DETAIL=map
0000000000000000000000000000000000000000000000000000000000000000|0000000000000000000000000000000000000000000000000000000000000000|0|3|rt4_TMB-5_MAP_g_11930.r24|2|1|RICH|852|0|2430|0000000000000000000000000000000000000000000000000000000000000000|RICH|1|852|DISP=ACCEPT_INSTALL|DETAIL=map
0000000000000000000000000000000000000000000000000000000000000000|0000000000000000000000000000000000000000000000000000000000000000|0|3|rt4_TMB-5_MAP_g_11931.r24|2|1|RICH|852|0|2440|0000000000000000000000000000000000000000000000000000000000000000|RICH|1|852|DISP=ACCEPT_INSTALL|DETAIL=map
0000000000000000000000000000000000000000000000000000000000000000|0000000000000000000000000000000000000000000000000000000000000000|0|3|rt4_TMB-5_MAP_g_11932.r24|2|1|RICH|852|0|2450|0000000000000000000000000000000000000000000000000000000000000000|RICH|1|852|DISP=ACCEPT_INSTALL|DETAIL=map
0000000000000000000000000000000000000000000000000000000000000000|0000000000000000000000000000000000000000000000000000000000000000|0|3|rt4_TMB-5_MAP_g_11933.r24|2|1|RICH|852|0|2460|0000000000000000000000000000000000000000000000000000000000000000|RICH|1|852|DISP=ACCEPT_INSTALL|DETAIL=map
0000000000000000000000000000000000000000000000000000000000000000|0000000000000000000000000000000000000000000000000000000000000000|0|3|rt4_TMB-5_MAP_g_11934.r24|2|1|RICH|852|0|2470|0000000000000000000000000000000000000000000000000000000000000000|RICH|1|852|DISP=ACCEPT_INSTALL|DETAIL=map
0000000000000000000000000000000000000000000000000000000000000000|0000000000000000000000000000000000000000000000000000000000000000|0|3|rt4_TMB-5_MAP_g_11935.r24|2|1|RICH|852|0|2480|0000000000000000000000000000000000000000000000000000000000000000|RICH|1|852|DISP=ACCEPT_INSTALL|DETAIL=map
0000000000000000000000000000000000000000000000000000000000000000|0000000000000000000000000000000000000000000000000000000000000000|0|3|rt4_TMB-5_MAP_g_11936.r24|2|1|RICH|852|0|2490|0000000000000000000000000000000000000000000000000000000000000000|RICH|1|852|DISP=ACCEPT_INSTALL|DETAIL=map
0000000000000000000000000000000000000000000000000000000000000000|0000000000000000000000000000000000000000000000000000000000000000|0|3|rt4_TMB-5_MAP_g_11937.r24|2|1|RICH|852|0|2500|0000000000000000000000000000000000000000000000000000000000000000|RICH|1|852|DISP=ACCEPT_INSTALL|DETAIL=map
0000000000000000000000000000000000000000000000000000000000000000|0000000000000000000000000000000000000000000000000000000000000000|0|3|rt4_TMB-5_MAP_g_11938.r24|2|1|RICH|852|0|2510|0000000000000000000000000000000000000000000000000000000000000000|RICH|1|852|DISP=ACCEPT_INSTALL|DETAIL=map
0000000000000000000000000000000000000000000000000000000000000000|0000000000000000000000000000000000000000000000000000000000000000|0|3|rt4_TMB-5_MAP_g_11939.r24|2|1|RICH|852|0|2520|0000000000000000000000000000000000000000000000000000000000000000|RICH|1|852|DISP=ACCEPT_INSTALL|DETAIL=map
0000000000000000000000000000000000000000000000000000000000000000|0000000000000000000000000000000000000000000000000000000000000000|0|3|rt4_TMB-5_MAP_g_11940.r24|2|1|RICH|852|0|2530|0000000000000000000000000000000000000000000000000000000000000000|RICH|1|852|DISP=ACCEPT_INSTALL|DETAIL=map
0000000000000000000000000000000000000000000000000000000000000000|0000000000000000000000000000000000000000000000000000000000000000|0|3|rt4_TMB-5_MAP_g_11941.r24|2|1|RICH|852|0|2540|0000000000000000000000000000000000000000000000000000000000000000|RICH|1|852|DISP=ACCEPT_INSTALL|DETAIL=map
0000000000000000000000000000000000000000000000000000000000000000|0000000000000000000000000000000000000000000000000000000000000000|0|3|rt4_TMB-5_MAP_g_11942.r24|2|1|RICH|852|0|2550|0000000000000000000000000000000000000000000000000000000000000000|RICH|1|852|DISP=ACCEPT_INSTALL|DETAIL=map
0000000000000000000000000000000000000000000000000000000000000000|0000000000000000000000000000000000000000000000000000000000000000|0|3|rt4_TMB-5_MAP_g_11943.r24|2|1|RICH|852|0|2560|0000000000000000000000000000000000000000000000000000000000000000|RICH|1|852|DISP=ACCEPT_INSTALL|DETAIL=map
0000000000000000000000000000000000000000000000000000000000000000|0000000000000000000000000000000000000000000000000000000000000000|0|3|rt4_TMB-5_MAP_g_11944.r24|2|1|RICH|852|0|2570|0000000000000000000000000000000000000000000000000000000000000000|RICH|1|852|DISP=ACCEPT_INSTALL|DETAIL=map
0000000000000000000000000000000000000000000000000000000000000000|0000000000000000000000000000000000000000000000000000000000000000|0|3|rt4_TMB-5_MAP_g_11945.r24|2|1|RICH|852|0|2580|0000000000000000000000000000000000000000000000000000000000000000|RICH|1|852|DISP=ACCEPT_INSTALL|DETAIL=map
0000000000000000000000000000000000000000000000000000000000000000|0000000000000000000000000000000000000000000000000000000000000000|0|3|rt4_TMB-5_MAP_g_11946.r24|2|1|RICH|852|0|2590|0000000000000000000000000000000000000000000000000000000000000000|RICH|1|852|DISP=ACCEPT_INSTALL|DETAIL=map
0000000000000000000000000000000000000000000000000000000000000000|0000000000000000000000000000000000000000000000000000000000000000|0|3|rt4_TMB-5_MAP_g_11947.r24|2|1|RICH|852|0|2600|0000000000000000000000000000000000000000000000000000000000000000|RICH|1|852|DISP=ACCEPT_INSTALL|DETAIL=map
0000000000000000000000000000000000000000000000000000000000000000|0000000000000000000000000000000000000000000000000000000000000000|0|3|rt4_TMB-5_MAP_g_11948.r24|2|1|RICH|852|0|2610|0000000000000000000000000000000000000000000000000000000000000000|RICH|1|852|DISP=ACCEPT_INSTALL|DETAIL=map
0000000000000000000000000000000000000000000000000000000000000000|0000000000000000000000000000000000000000000000000000000000000000|0|3|rt4_TMB-5_MAP_g_11949.r24|2|1|RICH|852|0|2620|0000000000000000000000000000000000000000000000000000000000000000|RICH|1|852|DISP=ACCEPT_INSTALL|DETAIL=map
0000000000000000000000000000000000000000000000000000000000000000|0000000000000000000000000000000000000000000000000000000000000000|0|3|rt4_TMB-5_MAP_g_11950.r24|2|1|RICH|852|0|2630|0000000000000000000000000000000000000000000000000000000000000000|RICH|1|852|DISP=ACCEPT_INSTALL|DETAIL=map
0000000000000000000000000000000000000000000000000000000000000000|0000000000000000000000000000000000000000000000000000000000000000|0|3|rt4_TMB-5_MAP_g_11951.r24|2|1|RICH|852|0|2640|0000000000000000000000000000000000000000000000000000000000000000|RICH|1|852|DISP=ACCEPT_INSTALL|DETAIL=map
0000000000000000000000000000000000000000000000000000000000000000|0000000000000000000000000000000000000000000000000000000000000000|0|3|rt4_TMB-5_MAP_g_11952.r24|2|1|RICH|852|0|2650|0000000000000000000000000000000000000000000000000000000000000000|RICH|1|852|DISP=ACCEPT_INSTALL|DETAIL=map
0000000000000000000000000000000000000000000000000000000000000000|0000000000000000000000000000000000000000000000000000000000000000|0|3|rt4_TMB-5_MAP_g_11953.r24|2|1|RICH|852|0|2660|0000000000000000000000000000000000000000000000000000000000000000|RICH|1|852|DISP=ACCEPT_INSTALL|DETAIL=map
0000000000000000000000000000000000000000000000000000000000000000|0000000000000000000000000000000000000000000000000000000000000000|0|3|rt4_TMB-5_MAP_g_11954.r24|2|1|RICH|852|0|2670|0000000000000000000000000000000000000000000000000000000000000000|RICH|1|852|DISP=ACCEPT_INSTALL|DETAIL=map
0000000000000000000000000000000000000000000000000000000000000000|0000000000000000000000000000000000000000000000000000000000000000|0|3|rt4_TMB-5_MAP_g_11955.r24|2|1|RICH|852|0|2680|0000000000000000000000000000000000000000000000000000000000000000|RICH|1|852|DISP=ACCEPT_INSTALL|DETAIL=map
0000000000000000000000000000000000000000000000000000000000000000|0000000000000000000000000000000000000000000000000000000000000000|0|3|rt4_TMB-5_MAP_g_11956.r24|2|1|RICH|852|0|2690|0000000000000000000000000000000000000000000000000000000000000000|RICH|1|852|DISP=ACCEPT_INSTALL|DETAIL=map
0000000000000000000000000000000000000000000000000000000000000000|0000000000000000000000000000000000000000000000000000000000000000|0|3|rt4_TMB-5_MAP_g_11957.r24|2|1|RICH|852|0|2700|0000000000000000000000000000000000000000000000000000000000000000|RICH|1|852|DISP=ACCEPT_INSTALL|DETAIL=map
0000000000000000000000000000000000000000000000000000000000000000|0000000000000000000000000000000000000000000000000000000000000000|0|3|rt4_TMB-5_MAP_g_11958.r24|2|1|RICH|852|0|2710|0000000000000000000000000000000000000000000000000000000000000000|RICH|1|852|DISP=ACCEPT_INSTALL|DETAIL=map
0000000000000000000000000000000000000000000000000000000000000000|0000000000000000000000000000000000000000000000000000000000000000|0|3|rt4_TMB-5_MAP_g_11959.r24|2|1|RICH|852|0|2720|0000000000000000000000000000000000000000000000000000000000000000|RICH|1|852|DISP=ACCEPT_INSTALL|DETAIL=map
0000000000000000000000000000000000000000000000000000000000000000|0000000000000000000000000000000000000000000000000000000000000000|0|3|rt4_TMB-5_MAP_g_11960.r24|2|1|RICH|852|0|2730|0000000000000000000000000000000000000000000000000000000000000000|RICH|1|852|DISP=ACCEPT_INSTALL|DETAIL=map
0000000000000000000000000000000000000000000000000000000000000000|0000000000000000000000000000000000000000000000000000000000000000|0|3|rt4_TMB-5_MAP_g_11961.r24|2|1|RICH|852|0|2740|0000000000000000000000000000000000000000000000000000000000000000|RICH|1|852|DISP=ACCEPT_INSTALL|DETAIL=map
0000000000000000000000000000000000000000000000000000000000000000|0000000000000000000000000000000000000000000000000000000000000000|0|3|rt4_TMB-5_MAP_g_11962.r24|2|1|RICH|852|0|2750|0000000000000000000000000000000000000000000000000000000000000000|RICH|1|852|DISP=ACCEPT_INSTALL|DETAIL=map
0000000000000000000000000000000000000000000000000000000000000000|0000000000000000000000000000000000000000000000000000000000000000|0|3|rt4_TMB-5_MAP_g_11963.r24|2|1|RICH|852|0|2760|0000000000000000000000000000000000000000000000000000000000000000|RICH|1|852|DISP=ACCEPT_INSTALL|DETAIL=map
0000000000000000000000000000000000000000000000000000000000000000|0000000000000000000000000000000000000000000000000000000000000000|0|3|rt4_TMB-5_MAP_g_11964.r24|2|1|RICH|852|0|2770|0000000000000000000000000000000000000000000000000000000000000000|RICH|1|852|DISP=ACCEPT_INSTALL|DETAIL=map
0000000000000000000000000000000000000000000000000000000000000000|0000000000000000000000000000000000000000000000000000000000000000|0|3|rt4_TMB-5_MAP_g_11965.r24|2|1|RICH|852|0|2780|0000000000000000000000000000000000000000000000000000000000000000|RICH|1|852|DISP=ACCEPT_INSTALL|DETAIL=map
0000000000000000000000000000000000000000000000000000000000000000|0000000000000000000000000000000000000000000000000000000000000000|0|3|rt4_TMB-5_MAP_g_11966.r24|2|1|RICH|852|0|2790|0000000000000000000000000000000000000000000000000000000000000000|RICH|1|852|DISP=ACCEPT_INSTALL|DETAIL=map
0000000000000000000000000000000000000000000000000000000000000000|0000000000000000000000000000000000000000000000000000000000000000|0|3|rt4_TMB-5_MAP_g_11967.r24|2|1|RICH|852|0|2800|0000000000000000000000000000000000000000000000000000000000000000|RICH|1|852|DISP=ACCEPT_INSTALL|DETAIL=map
0000000000000000000000000000000000000000000000000000000000000000|0000000000000000000000000000000000000000000000000000000000000000|0|3|rt4_TMB-5_MAP_g_11968.r24|2|1|RICH|852|0|2810|0000000000000000000000000000000000000000000000000000000000000000|RICH|1|852|DISP=ACCEPT_INSTALL|DETAIL=map
0000000000000000000000000000000000000000000000000000000000000000|0000000000000000000000000000000000000000000000000000000000000000|0|3|rt4_TMB-5_MAP_g_11969.r24|2|1|RICH|852|0|2820|0000000000000000000000000000000000000000000000000000000000000000|RICH|1|852|DISP=ACCEPT_INSTALL|DETAIL=map
0000000000000000000000000000000000000000000000000000000000000000|0000000000000000000000000000000000000000000000000000000000000000|0|3|rt4_TMB-5_MAP_g_11970.r24|2|1|RICH|852|0|2830|0000000000000000000000000000000000000000000000000000000000000000|RICH|1|852|DISP=ACCEPT_INSTALL|DETAIL=map
0000000000000000000000000000000000000000000000000000000000000000|0000000000000000000000000000000000000000000000000000000000000000|0|3|rt4_TMB-5_MAP_g_11971.r24|2|1|RICH|852|0|2840|0000000000000000000000000000000000000000000000000000000000000000|RICH|1|852|DISP=ACCEPT_INSTALL|DETAIL=map
0000000000000000000000000000000000000000000000000000000000000000|0000000000000000000000000000000000000000000000000000000000000000|0|3|rt4_TMB-5_MAP_g_11972.r24|2|1|RICH|852|0|2850|0000000000000000000000000000000000000000000000000000000000000000|RICH|1|852|DISP=ACCEPT_INSTALL|DETAIL=map
0000000000000000000000000000000000000000000000000000000000000000|0000000000000000000000000000000000000000000000000000000000000000|0|3|rt4_TMB-5_MAP_g_11973.r24|2|1|RICH|852|0|2860|0000000000000000000000000000000000000000000000000000000000000000|RICH|1|852|DISP=ACCEPT_INSTALL|DETAIL=map
0000000000000000000000000000000000000000000000000000000000000000|0000000000000000000000000000000000000000000000000000000000000000|0|3|rt4_TMB-5_MAP_g_11974.r24|2|1|RICH|852|0|2870|0000000000000000000000000000000000000000000000000000000000000000|RICH|1|852|DISP=ACCEPT_INSTALL|DETAIL=map
0000000000000000000000000000000000000000000000000000000000000000|0000000000000000000000000000000000000000000000000000000000000000|0|3|rt4_TMB-5_MAP_g_11975.r24|2|1|RICH|852|0|2880|0000000000000000000000000000000000000000000000000000000000000000|RICH|1|852|DISP=ACCEPT_INSTALL|DETAIL=map
0000000000000000000000000000000000000000000000000000000000000000|0000000000000000000000000000000000000000000000000000000000000000|0|3|rt4_TMB-5_MAP_g_11976.r24|2|1|RICH|852|0|2890|0000000000000000000000000000000000000000000000000000000000000000|RICH|1|852|DISP=ACCEPT_INSTALL|DETAIL=map
0000000000000000000000000000000000000000000000000000000000000000|0000000000000000000000000000000000000000000000000000000000000000|0|3|rt4_TMB-5_MAP_g_11977.r24|2|1|RICH|852|0|2900|0000000000000000000000000000000000000000000000000000000000000000|RICH|1|852|DISP=ACCEPT_INSTALL|DETAIL=map
0000000000000000000000000000000000000000000000000000000000000000|0000000000000000000000000000000000000000000000000000000000000000|0|3|rt4_TMB-5_MAP_g_11978.r24|2|1|RICH|854|0|2400|0000000000000000000000000000000000000000000000000000000000000000|RICH|1|854|DISP=ACCEPT_INSTALL|DETAIL=map
0000000000000000000000000000000000000000000000000000000000000000|0000000000000000000000000000000000000000000000000000000000000000|0|3|rt4_TMB-5_MAP_g_11979.r24|2|1|RICH|854|0|2410|0000000000000000000000000000000000000000000000000000000000000000|RICH|1|854|DISP=ACCEPT_INSTALL|DETAIL=map
0000000000000000000000000000000000000000000000000000000000000000|0000000000000000000000000000000000000000000000000000000000000000|0|3|rt4_TMB-5_MAP_g_11980.r24|2|1|RICH|854|0|2420|0000000000000000000000000000000000000000000000000000000000000000|RICH|1|854|DISP=ACCEPT_INSTALL|DETAIL=map
0000000000000000000000000000000000000000000000000000000000000000|0000000000000000000000000000000000000000000000000000000000000000|0|3|rt4_TMB-5_MAP_g_11981.r24|2|1|RICH|854|0|2430|0000000000000000000000000000000000000000000000000000000000000000|RICH|1|854|DISP=ACCEPT_INSTALL|DETAIL=map
0000000000000000000000000000000000000000000000000000000000000000|0000000000000000000000000000000000000000000000000000000000000000|0|3|rt4_TMB-5_MAP_g_11982.r24|2|1|RICH|854|0|2440|0000000000000000000000000000000000000000000000000000000000000000|RICH|1|854|DISP=ACCEPT_INSTALL|DETAIL=map
0000000000000000000000000000000000000000000000000000000000000000|0000000000000000000000000000000000000000000000000000000000000000|0|3|rt4_TMB-5_MAP_g_11983.r24|2|1|RICH|854|0|2450|0000000000000000000000000000000000000000000000000000000000000000|RICH|1|854|DISP=ACCEPT_INSTALL|DETAIL=map
0000000000000000000000000000000000000000000000000000000000000000|0000000000000000000000000000000000000000000000000000000000000000|0|3|rt4_TMB-5_MAP_g_11984.r24|2|1|RICH|854|0|2460|0000000000000000000000000000000000000000000000000000000000000000|RICH|1|854|DISP=ACCEPT_INSTALL|DETAIL=map
0000000000000000000000000000000000000000000000000000000000000000|0000000000000000000000000000000000000000000000000000000000000000|0|3|rt4_TMB-5_MAP_g_11985.r24|2|1|RICH|854|0|2470|0000000000000000000000000000000000000000000000000000000000000000|RICH|1|854|DISP=ACCEPT_INSTALL|DETAIL=map
0000000000000000000000000000000000000000000000000000000000000000|0000000000000000000000000000000000000000000000000000000000000000|0|3|rt4_TMB-5_MAP_g_11986.r24|2|1|RICH|854|0|2480|0000000000000000000000000000000000000000000000000000000000000000|RICH|1|854|DISP=ACCEPT_INSTALL|DETAIL=map
0000000000000000000000000000000000000000000000000000000000000000|0000000000000000000000000000000000000000000000000000000000000000|0|3|rt4_TMB-5_MAP_g_11987.r24|2|1|RICH|854|0|2490|0000000000000000000000000000000000000000000000000000000000000000|RICH|1|854|DISP=ACCEPT_INSTALL|DETAIL=map
0000000000000000000000000000000000000000000000000000000000000000|0000000000000000000000000000000000000000000000000000000000000000|0|3|rt4_TMB-5_MAP_g_11988.r24|2|1|RICH|854|0|2500|0000000000000000000000000000000000000000000000000000000000000000|RICH|1|854|DISP=ACCEPT_INSTALL|DETAIL=map
0000000000000000000000000000000000000000000000000000000000000000|0000000000000000000000000000000000000000000000000000000000000000|0|3|rt4_TMB-5_MAP_g_11989.r24|2|1|RICH|854|0|2510|0000000000000000000000000000000000000000000000000000000000000000|RICH|1|854|DISP=ACCEPT_INSTALL|DETAIL=map
0000000000000000000000000000000000000000000000000000000000000000|0000000000000000000000000000000000000000000000000000000000000000|0|3|rt4_TMB-5_MAP_g_11990.r24|2|1|RICH|854|0|2520|0000000000000000000000000000000000000000000000000000000000000000|RICH|1|854|DISP=ACCEPT_INSTALL|DETAIL=map
0000000000000000000000000000000000000000000000000000000000000000|0000000000000000000000000000000000000000000000000000000000000000|0|3|rt4_TMB-5_MAP_g_11991.r24|2|1|RICH|854|0|2530|0000000000000000000000000000000000000000000000000000000000000000|RICH|1|854|DISP=ACCEPT_INSTALL|DETAIL=map
0000000000000000000000000000000000000000000000000000000000000000|0000000000000000000000000000000000000000000000000000000000000000|0|3|rt4_TMB-5_MAP_g_11992.r24|2|1|RICH|854|0|2540|0000000000000000000000000000000000000000000000000000000000000000|RICH|1|854|DISP=ACCEPT_INSTALL|DETAIL=map
0000000000000000000000000000000000000000000000000000000000000000|0000000000000000000000000000000000000000000000000000000000000000|0|3|rt4_TMB-5_MAP_g_11993.r24|2|1|RICH|854|0|2550|0000000000000000000000000000000000000000000000000000000000000000|RICH|1|854|DISP=ACCEPT_INSTALL|DETAIL=map
0000000000000000000000000000000000000000000000000000000000000000|0000000000000000000000000000000000000000000000000000000000000000|0|3|rt4_TMB-5_MAP_g_11994.r24|2|1|RICH|854|0|2560|0000000000000000000000000000000000000000000000000000000000000000|RICH|1|854|DISP=ACCEPT_INSTALL|DETAIL=map
0000000000000000000000000000000000000000000000000000000000000000|0000000000000000000000000000000000000000000000000000000000000000|0|3|rt4_TMB-5_MAP_g_11995.r24|2|1|RICH|854|0|2570|0000000000000000000000000000000000000000000000000000000000000000|RICH|1|854|DISP=ACCEPT_INSTALL|DETAIL=map
0000000000000000000000000000000000000000000000000000000000000000|0000000000000000000000000000000000000000000000000000000000000000|0|3|rt4_TMB-5_MAP_g_11996.r24|2|1|RICH|854|0|2580|0000000000000000000000000000000000000000000000000000000000000000|RICH|1|854|DISP=ACCEPT_INSTALL|DETAIL=map
0000000000000000000000000000000000000000000000000000000000000000|0000000000000000000000000000000000000000000000000000000000000000|0|3|rt4_TMB-5_MAP_g_11997.r24|2|1|RICH|854|0|2590|0000000000000000000000000000000000000000000000000000000000000000|RICH|1|854|DISP=ACCEPT_INSTALL|DETAIL=map
0000000000000000000000000000000000000000000000000000000000000000|0000000000000000000000000000000000000000000000000000000000000000|0|3|rt4_TMB-5_MAP_g_11998.r24|2|1|RICH|854|0|2600|0000000000000000000000000000000000000000000000000000000000000000|RICH|1|854|DISP=ACCEPT_INSTALL|DETAIL=map
0000000000000000000000000000000000000000000000000000000000000000|0000000000000000000000000000000000000000000000000000000000000000|0|3|rt4_TMB-5_MAP_g_11999.r24|2|1|RICH|854|0|2610|0000000000000000000000000000000000000000000000000000000000000000|RICH|1|854|DISP=ACCEPT_INSTALL|DETAIL=map
