0000000000000000000000000000000000000000000000000000000000000000|0000000000000000000000000000000000000000000000000000000000000000|0|3|rt4_TMB-5_MAP_rq_0500.r24|2|1|RICH|558|0|2810|0000000000000000000000000000000000000000000000000000000000000000|RICH|1|558|DISP=ACCEPT_INSTALL|DETAIL=requery
0000000000000000000000000000000000000000000000000000000000000000|0000000000000000000000000000000000000000000000000000000000000000|0|3|rt4_TMB-5_MAP_rq_0501.r24|2|1|RICH|558|0|2820|0000000000000000000000000000000000000000000000000000000000000000|RICH|1|558|DISP=ACCEPT_INSTALL|DETAIL=requery
0000000000000000000000000000000000000000000000000000000000000000|0000000000000000000000000000000000000000000000000000000000000000|0|3|rt4_TMB-5_MAP_rq_0502.r24|2|1|RICH|558|0|2830|0000000000000000000000000000000000000000000000000000000000000000|RICH|1|558|DISP=ACCEPT_INSTALL|DETAIL=requery
0000000000000000000000000000000000000000000000000000000000000000|0000000000000000000000000000000000000000000000000000000000000000|0|3|rt4_TMB-5_MAP_rq_0503.r24|2|1|RICH|558|0|2840|0000000000000000000000000000000000000000000000000000000000000000|RICH|1|558|DISP=ACCEPT_INSTALL|DETAIL=requery
0000000000000000000000000000000000000000000000000000000000000000|0000000000000000000000000000000000000000000000000000000000000000|0|3|rt4_TMB-5_MAP_rq_0504.r24|2|1|RICH|558|0|2850|0000000000000000000000000000000000000000000000000000000000000000|RICH|1|558|DISP=ACCEPT_INSTALL|DETAIL=requery
0000000000000000000000000000000000000000000000000000000000000000|0000000000000000000000000000000000000000000000000000000000000000|0|3|rt4_TMB-5_MAP_rq_0505.r24|2|1|RICH|558|0|2860|0000000000000000000000000000000000000000000000000000000000000000|RICH|1|558|DISP=ACCEPT_INSTALL|DETAIL=requery
0000000000000000000000000000000000000000000000000000000000000000|0000000000000000000000000000000000000000000000000000000000000000|0|3|rt4_TMB-5_MAP_rq_0506.r24|2|1|RICH|558|0|2870|0000000000000000000000000000000000000000000000000000000000000000|RICH|1|558|DISP=ACCEPT_INSTALL|DETAIL=requery
0000000000000000000000000000000000000000000000000000000000000000|0000000000000000000000000000000000000000000000000000000000000000|0|3|rt4_TMB-5_MAP_rq_0507.r24|2|1|RICH|558|0|2880|0000000000000000000000000000000000000000000000000000000000000000|RICH|1|558|DISP=ACCEPT_INSTALL|DETAIL=requery
0000000000000000000000000000000000000000000000000000000000000000|0000000000000000000000000000000000000000000000000000000000000000|0|3|rt4_TMB-5_MAP_rq_0508.r24|2|1|RICH|558|0|2890|0000000000000000000000000000000000000000000000000000000000000000|RICH|1|558|DISP=ACCEPT_INSTALL|DETAIL=requery
0000000000000000000000000000000000000000000000000000000000000000|0000000000000000000000000000000000000000000000000000000000000000|0|3|rt4_TMB-5_MAP_rq_0509.r24|2|1|RICH|558|0|2900|0000000000000000000000000000000000000000000000000000000000000000|RICH|1|558|DISP=ACCEPT_INSTALL|DETAIL=requery
0000000000000000000000000000000000000000000000000000000000000000|0000000000000000000000000000000000000000000000000000000000000000|0|3|rt4_TMB-5_MAP_rq_0510.r24|2|1|RICH|560|0|2400|0000000000000000000000000000000000000000000000000000000000000000|RICH|1|560|DISP=ACCEPT_INSTALL|DETAIL=requery
0000000000000000000000000000000000000000000000000000000000000000|0000000000000000000000000000000000000000000000000000000000000000|0|3|rt4_TMB-5_MAP_rq_0511.r24|2|1|RICH|560|0|2410|0000000000000000000000000000000000000000000000000000000000000000|RICH|1|560|DISP=ACCEPT_INSTALL|DETAIL=requery
0000000000000000000000000000000000000000000000000000000000000000|0000000000000000000000000000000000000000000000000000000000000000|0|3|rt4_TMB-5_MAP_rq_0512.r24|2|1|RICH|560|0|2420|0000000000000000000000000000000000000000000000000000000000000000|RICH|1|560|DISP=ACCEPT_INSTALL|DETAIL=requery
0000000000000000000000000000000000000000000000000000000000000000|0000000000000000000000000000000000000000000000000000000000000000|0|3|rt4_TMB-5_MAP_rq_0513.r24|2|1|RICH|560|0|2430|0000000000000000000000000000000000000000000000000000000000000000|RICH|1|560|DISP=ACCEPT_INSTALL|DETAIL=requery
0000000000000000000000000000000000000000000000000000000000000000|0000000000000000000000000000000000000000000000000000000000000000|0|3|rt4_TMB-5_MAP_rq_0514.r24|2|1|RICH|560|0|2440|0000000000000000000000000000000000000000000000000000000000000000|RICH|1|560|DISP=ACCEPT_INSTALL|DETAIL=requery
0000000000000000000000000000000000000000000000000000000000000000|0000000000000000000000000000000000000000000000000000000000000000|0|3|rt4_TMB-5_MAP_rq_0515.r24|2|1|RICH|560|0|2450|0000000000000000000000000000000000000000000000000000000000000000|RICH|1|560|DISP=ACCEPT_INSTALL|DETAIL=requery
0000000000000000000000000000000000000000000000000000000000000000|0000000000000000000000000000000000000000000000000000000000000000|0|3|rt4_TMB-5_MAP_rq_0516.r24|2|1|RICH|560|0|2460|0000000000000000000000000000000000000000000000000000000000000000|RICH|1|560|DISP=ACCEPT_INSTALL|DETAIL=requery
0000000000000000000000000000000000000000000000000000000000000000|0000000000000000000000000000000000000000000000000000000000000000|0|3|rt4_TMB-5_MAP_rq_0517.r24|2|1|RICH|560|0|2470|0000000000000000000000000000000000000000000000000000000000000000|RICH|1|560|DISP=ACCEPT_INSTALL|DETAIL=requery
0000000000000000000000000000000000000000000000000000000000000000|0000000000000000000000000000000000000000000000000000000000000000|0|3|rt4_TMB-5_MAP_rq_0518.r24|2|1|RICH|560|0|2480|0000000000000000000000000000000000000000000000000000000000000000|RICH|1|560|DISP=ACCEPT_INSTALL|DETAIL=requery
0000000000000000000000000000000000000000000000000000000000000000|0000000000000000000000000000000000000000000000000000000000000000|0|3|rt4_TMB-5_MAP_rq_0519.r24|2|1|RICH|560|0|2490|0000000000000000000000000000000000000000000000000000000000000000|RICH|1|560|DISP=ACCEPT_INSTALL|DETAIL=requery
0000000000000000000000000000000000000000000000000000000000000000|0000000000000000000000000000000000000000000000000000000000000000|0|3|rt4_TMB-5_MAP_rq_0520.r24|2|1|RICH|560|0|2500|0000000000000000000000000000000000000000000000000000000000000000|RICH|1|560|DISP=ACCEPT_INSTALL|DETAIL=requery
0000000000000000000000000000000000000000000000000000000000000000|0000000000000000000000000000000000000000000000000000000000000000|0|3|rt4_TMB-5_MAP_rq_0521.r24|2|1|RICH|560|0|2510|0000000000000000000000000000000000000000000000000000000000000000|RICH|1|560|DISP=ACCEPT_INSTALL|DETAIL=requery
0000000000000000000000000000000000000000000000000000000000000000|0000000000000000000000000000000000000000000000000000000000000000|0|3|rt4_TMB-5_MAP_rq_0522.r24|2|1|RICH|560|0|2520|0000000000000000000000000000000000000000000000000000000000000000|RICH|1|560|DISP=ACCEPT_INSTALL|DETAIL=requery
0000000000000000000000000000000000000000000000000000000000000000|0000000000000000000000000000000000000000000000000000000000000000|0|3|rt4_TMB-5_MAP_rq_0523.r24|2|1|RICH|560|0|2530|0000000000000000000000000000000000000000000000000000000000000000|RICH|1|560|DISP=ACCEPT_INSTALL|DETAIL=requery
0000000000000000000000000000000000000000000000000000000000000000|0000000000000000000000000000000000000000000000000000000000000000|0|3|rt4_TMB-5_MAP_rq_0524.r24|2|1|RICH|560|0|2540|0000000000000000000000000000000000000000000000000000000000000000|RICH|1|560|DISP=ACCEPT_INSTALL|DETAIL=requery
0000000000000000000000000000000000000000000000000000000000000000|0000000000000000000000000000000000000000000000000000000000000000|0|3|rt4_TMB-5_MAP_rq_0525.r24|2|1|RICH|560|0|2550|0000000000000000000000000000000000000000000000000000000000000000|RICH|1|560|DISP=ACCEPT_INSTALL|DETAIL=requery
0000000000000000000000000000000000000000000000000000000000000000|0000000000000000000000000000000000000000000000000000000000000000|0|3|rt4_TMB-5_MAP_rq_0526.r24|2|1|RICH|560|0|2560|0000000000000000000000000000000000000000000000000000000000000000|RICH|1|560|DISP=ACCEPT_INSTALL|DETAIL=requery
0000000000000000000000000000000000000000000000000000000000000000|0000000000000000000000000000000000000000000000000000000000000000|0|3|rt4_TMB-5_MAP_rq_0527.r24|2|1|RICH|560|0|2570|0000000000000000000000000000000000000000000000000000000000000000|RICH|1|560|DISP=ACCEPT_INSTALL|DETAIL=requery
0000000000000000000000000000000000000000000000000000000000000000|0000000000000000000000000000000000000000000000000000000000000000|0|3|rt4_TMB-5_MAP_rq_0528.r24|2|1|RICH|560|0|2580|0000000000000000000000000000000000000000000000000000000000000000|RICH|1|560|DISP=ACCEPT_INSTALL|DETAIL=requery
0000000000000000000000000000000000000000000000000000000000000000|0000000000000000000000000000000000000000000000000000000000000000|0|3|rt4_TMB-5_MAP_rq_0529.r24|2|1|RICH|560|0|2590|0000000000000000000000000000000000000000000000000000000000000000|RICH|1|560|DISP=ACCEPT_INSTALL|DETAIL=requery
0000000000000000000000000000000000000000000000000000000000000000|0000000000000000000000000000000000000000000000000000000000000000|0|3|rt4_TMB-5_MAP_rq_0530.r24|2|1|RICH|560|0|2600|0000000000000000000000000000000000000000000000000000000000000000|RICH|1|560|DISP=ACCEPT_INSTALL|DETAIL=requery
0000000000000000000000000000000000000000000000000000000000000000|0000000000000000000000000000000000000000000000000000000000000000|0|3|rt4_TMB-5_MAP_rq_0531.r24|2|1|RICH|560|0|2610|0000000000000000000000000000000000000000000000000000000000000000|RICH|1|560|DISP=ACCEPT_INSTALL|DETAIL=requery
0000000000000000000000000000000000000000000000000000000000000000|0000000000000000000000000000000000000000000000000000000000000000|0|3|rt4_TMB-5_MAP_rq_0532.r24|2|1|RICH|560|0|2620|0000000000000000000000000000000000000000000000000000000000000000|RICH|1|560|DISP=ACCEPT_INSTALL|DETAIL=requery
0000000000000000000000000000000000000000000000000000000000000000|0000000000000000000000000000000000000000000000000000000000000000|0|3|rt4_TMB-5_MAP_rq_0533.r24|2|1|RICH|560|0|2630|0000000000000000000000000000000000000000000000000000000000000000|RICH|1|560|DISP=ACCEPT_INSTALL|DETAIL=requery
0000000000000000000000000000000000000000000000000000000000000000|0000000000000000000000000000000000000000000000000000000000000000|0|3|rt4_TMB-5_MAP_rq_0534.r24|2|1|RICH|560|0|2640|0000000000000000000000000000000000000000000000000000000000000000|RICH|1|560|DISP=ACCEPT_INSTALL|DETAIL=requery
0000000000000000000000000000000000000000000000000000000000000000|0000000000000000000000000000000000000000000000000000000000000000|0|3|rt4_TMB-5_MAP_rq_0535.r24|2|1|RICH|560|0|2650|0000000000000000000000000000000000000000000000000000000000000000|RICH|1|560|DISP=ACCEPT_INSTALL|DETAIL=requery
0000000000000000000000000000000000000000000000000000000000000000|0000000000000000000000000000000000000000000000000000000000000000|0|3|rt4_TMB-5_MAP_rq_0536.r24|2|1|RICH|560|0|2660|0000000000000000000000000000000000000000000000000000000000000000|RICH|1|560|DISP=ACCEPT_INSTALL|DETAIL=requery
0000000000000000000000000000000000000000000000000000000000000000|0000000000000000000000000000000000000000000000000000000000000000|0|3|rt4_TMB-5_MAP_rq_0537.r24|2|1|RICH|560|0|2670|0000000000000000000000000000000000000000000000000000000000000000|RICH|1|560|DISP=ACCEPT_INSTALL|DETAIL=requery
0000000000000000000000000000000000000000000000000000000000000000|0000000000000000000000000000000000000000000000000000000000000000|0|3|rt4_TMB-5_MAP_rq_0538.r24|2|1|RICH|560|0|2680|0000000000000000000000000000000000000000000000000000000000000000|RICH|1|560|DISP=ACCEPT_INSTALL|DETAIL=requery
0000000000000000000000000000000000000000000000000000000000000000|0000000000000000000000000000000000000000000000000000000000000000|0|3|rt4_TMB-5_MAP_rq_0539.r24|2|1|RICH|560|0|2690|0000000000000000000000000000000000000000000000000000000000000000|RICH|1|560|DISP=ACCEPT_INSTALL|DETAIL=requery
0000000000000000000000000000000000000000000000000000000000000000|0000000000000000000000000000000000000000000000000000000000000000|0|3|rt4_TMB-5_MAP_rq_0540.r24|2|1|RICH|560|0|2700|0000000000000000000000000000000000000000000000000000000000000000|RICH|1|560|DISP=ACCEPT_INSTALL|DETAIL=requery
0000000000000000000000000000000000000000000000000000000000000000|0000000000000000000000000000000000000000000000000000000000000000|0|3|rt4_TMB-5_MAP_rq_0541.r24|2|1|RICH|560|0|2710|0000000000000000000000000000000000000000000000000000000000000000|RICH|1|560|DISP=ACCEPT_INSTALL|DETAIL=requery
0000000000000000000000000000000000000000000000000000000000000000|0000000000000000000000000000000000000000000000000000000000000000|0|3|rt4_TMB-5_MAP_rq_0542.r24|2|1|RICH|560|0|2720|0000000000000000000000000000000000000000000000000000000000000000|RICH|1|560|DISP=ACCEPT_INSTALL|DETAIL=requery
0000000000000000000000000000000000000000000000000000000000000000|0000000000000000000000000000000000000000000000000000000000000000|0|3|rt4_TMB-5_MAP_rq_0543.r24|2|1|RICH|560|0|2730|0000000000000000000000000000000000000000000000000000000000000000|RICH|1|560|DISP=ACCEPT_INSTALL|DETAIL=requery
0000000000000000000000000000000000000000000000000000000000000000|0000000000000000000000000000000000000000000000000000000000000000|0|3|rt4_TMB-5_MAP_rq_0544.r24|2|1|RICH|560|0|2740|0000000000000000000000000000000000000000000000000000000000000000|RICH|1|560|DISP=ACCEPT_INSTALL|DETAIL=requery
0000000000000000000000000000000000000000000000000000000000000000|0000000000000000000000000000000000000000000000000000000000000000|0|3|rt4_TMB-5_MAP_rq_0545.r24|2|1|RICH|560|0|2750|0000000000000000000000000000000000000000000000000000000000000000|RICH|1|560|DISP=ACCEPT_INSTALL|DETAIL=requery
0000000000000000000000000000000000000000000000000000000000000000|0000000000000000000000000000000000000000000000000000000000000000|0|3|rt4_TMB-5_MAP_rq_0546.r24|2|1|RICH|560|0|2760|0000000000000000000000000000000000000000000000000000000000000000|RICH|1|560|DISP=ACCEPT_INSTALL|DETAIL=requery
0000000000000000000000000000000000000000000000000000000000000000|0000000000000000000000000000000000000000000000000000000000000000|0|3|rt4_TMB-5_MAP_rq_0547.r24|2|1|RICH|560|0|2770|0000000000000000000000000000000000000000000000000000000000000000|RICH|1|560|DISP=ACCEPT_INSTALL|DETAIL=requery
0000000000000000000000000000000000000000000000000000000000000000|0000000000000000000000000000000000000000000000000000000000000000|0|3|rt4_TMB-5_MAP_rq_0548.r24|2|1|RICH|560|0|2780|0000000000000000000000000000000000000000000000000000000000000000|RICH|1|560|DISP=ACCEPT_INSTALL|DETAIL=requery
0000000000000000000000000000000000000000000000000000000000000000|0000000000000000000000000000000000000000000000000000000000000000|0|3|rt4_TMB-5_MAP_rq_0549.r24|2|1|RICH|560|0|2790|0000000000000000000000000000000000000000000000000000000000000000|RICH|1|560|DISP=ACCEPT_INSTALL|DETAIL=requery
0000000000000000000000000000000000000000000000000000000000000000|0000000000000000000000000000000000000000000000000000000000000000|0|3|rt4_TMB-5_MAP_rq_0550.r24|2|1|RICH|560|0|2800|0000000000000000000000000000000000000000000000000000000000000000|RICH|1|560|DISP=ACCEPT_INSTALL|DETAIL=requery
0000000000000000000000000000000000000000000000000000000000000000|0000000000000000000000000000000000000000000000000000000000000000|0|3|rt4_TMB-5_MAP_rq_0551.r24|2|1|RICH|560|0|2810|0000000000000000000000000000000000000000000000000000000000000000|RICH|1|560|DISP=ACCEPT_INSTALL|DETAIL=requery
0000000000000000000000000000000000000000000000000000000000000000|0000000000000000000000000000000000000000000000000000000000000000|0|3|rt4_TMB-5_MAP_rq_0552.r24|2|1|RICH|560|0|2820|0000000000000000000000000000000000000000000000000000000000000000|RICH|1|560|DISP=ACCEPT_INSTALL|DETAIL=requery
0000000000000000000000000000000000000000000000000000000000000000|0000000000000000000000000000000000000000000000000000000000000000|0|3|rt4_TMB-5_MAP_rq_0553.r24|2|1|RICH|560|0|2830|0000000000000000000000000000000000000000000000000000000000000000|RICH|1|560|DISP=ACCEPT_INSTALL|DETAIL=requery
0000000000000000000000000000000000000000000000000000000000000000|0000000000000000000000000000000000000000000000000000000000000000|0|3|rt4_TMB-5_MAP_rq_0554.r24|2|1|RICH|560|0|2840|0000000000000000000000000000000000000000000000000000000000000000|RICH|1|560|DISP=ACCEPT_INSTALL|DETAIL=requery
0000000000000000000000000000000000000000000000000000000000000000|0000000000000000000000000000000000000000000000000000000000000000|0|3|rt4_TMB-5_MAP_rq_0555.r24|2|1|RICH|560|0|2850|0000000000000000000000000000000000000000000000000000000000000000|RICH|1|560|DISP=ACCEPT_INSTALL|DETAIL=requery
0000000000000000000000000000000000000000000000000000000000000000|0000000000000000000000000000000000000000000000000000000000000000|0|3|rt4_TMB-5_MAP_rq_0556.r24|2|1|RICH|560|0|2860|0000000000000000000000000000000000000000000000000000000000000000|RICH|1|560|DISP=ACCEPT_INSTALL|DETAIL=requery
0000000000000000000000000000000000000000000000000000000000000000|0000000000000000000000000000000000000000000000000000000000000000|0|3|rt4_TMB-5_MAP_rq_0557.r24|2|1|RICH|560|0|2870|0000000000000000000000000000000000000000000000000000000000000000|RICH|1|560|DISP=ACCEPT_INSTALL|DETAIL=requery
0000000000000000000000000000000000000000000000000000000000000000|0000000000000000000000000000000000000000000000000000000000000000|0|3|rt4_TMB-5_MAP_rq_0558.r24|2|1|RICH|560|0|2880|0000000000000000000000000000000000000000000000000000000000000000|RICH|1|560|DISP=ACCEPT_INSTALL|DETAIL=requery
0000000000000000000000000000000000000000000000000000000000000000|0000000000000000000000000000000000000000000000000000000000000000|0|3|rt4_TMB-5_MAP_rq_0559.r24|2|1|RICH|560|0|2890|0000000000000000000000000000000000000000000000000000000000000000|RICH|1|560|DISP=ACCEPT_INSTALL|DETAIL=requery
0000000000000000000000000000000000000000000000000000000000000000|0000000000000000000000000000000000000000000000000000000000000000|0|3|rt4_TMB-5_MAP_rq_0560.r24|2|1|RICH|560|0|2900|0000000000000000000000000000000000000000000000000000000000000000|RICH|1|560|DISP=ACCEPT_INSTALL|DETAIL=requery
0000000000000000000000000000000000000000000000000000000000000000|0000000000000000000000000000000000000000000000000000000000000000|0|3|rt4_TMB-5_MAP_rq_0561.r24|2|1|RICH|562|0|2400|0000000000000000000000000000000000000000000000000000000000000000|RICH|1|562|DISP=ACCEPT_INSTALL|DETAIL=requery
0000000000000000000000000000000000000000000000000000000000000000|0000000000000000000000000000000000000000000000000000000000000000|0|3|rt4_TMB-5_MAP_rq_0562.r24|2|1|RICH|562|0|2410|0000000000000000000000000000000000000000000000000000000000000000|RICH|1|562|DISP=ACCEPT_INSTALL|DETAIL=requery
0000000000000000000000000000000000000000000000000000000000000000|0000000000000000000000000000000000000000000000000000000000000000|0|3|rt4_TMB-5_MAP_rq_0563.r24|2|1|RICH|562|0|2420|0000000000000000000000000000000000000000000000000000000000000000|RICH|1|562|DISP=ACCEPT_INSTALL|DETAIL=requery
0000000000000000000000000000000000000000000000000000000000000000|0000000000000000000000000000000000000000000000000000000000000000|0|3|rt4_TMB-5_MAP_rq_0564.r24|2|1|RICH|562|0|2430|0000000000000000000000000000000000000000000000000000000000000000|RICH|1|562|DISP=ACCEPT_INSTALL|DETAIL=requery
0000000000000000000000000000000000000000000000000000000000000000|0000000000000000000000000000000000000000000000000000000000000000|0|3|rt4_TMB-5_MAP_rq_0565.r24|2|1|RICH|562|0|2440|0000000000000000000000000000000000000000000000000000000000000000|RICH|1|562|DISP=ACCEPT_INSTALL|DETAIL=requery
0000000000000000000000000000000000000000000000000000000000000000|0000000000000000000000000000000000000000000000000000000000000000|0|3|rt4_TMB-5_MAP_rq_0566.r24|2|1|RICH|562|0|2450|0000000000000000000000000000000000000000000000000000000000000000|RICH|1|562|DISP=ACCEPT_INSTALL|DETAIL=requery
0000000000000000000000000000000000000000000000000000000000000000|0000000000000000000000000000000000000000000000000000000000000000|0|3|rt4_TMB-5_MAP_rq_0567.r24|2|1|RICH|562|0|2460|0000000000000000000000000000000000000000000000000000000000000000|RICH|1|562|DISP=ACCEPT_INSTALL|DETAIL=requery
0000000000000000000000000000000000000000000000000000000000000000|0000000000000000000000000000000000000000000000000000000000000000|0|3|rt4_TMB-5_MAP_rq_0568.r24|2|1|RICH|562|0|2470|0000000000000000000000000000000000000000000000000000000000000000|RICH|1|562|DISP=ACCEPT_INSTALL|DETAIL=requery
0000000000000000000000000000000000000000000000000000000000000000|0000000000000000000000000000000000000000000000000000000000000000|0|3|rt4_TMB-5_MAP_rq_0569.r24|2|1|RICH|562|0|2480|0000000000000000000000000000000000000000000000000000000000000000|RICH|1|562|DISP=ACCEPT_INSTALL|DETAIL=requery
0000000000000000000000000000000000000000000000000000000000000000|0000000000000000000000000000000000000000000000000000000000000000|0|3|rt4_TMB-5_MAP_rq_0570.r24|2|1|RICH|562|0|2490|0000000000000000000000000000000000000000000000000000000000000000|RICH|1|562|DISP=ACCEPT_INSTALL|DETAIL=requery
0000000000000000000000000000000000000000000000000000000000000000|0000000000000000000000000000000000000000000000000000000000000000|0|3|rt4_TMB-5_MAP_rq_0571.r24|2|1|RICH|562|0|2500|0000000000000000000000000000000000000000000000000000000000000000|RICH|1|562|DISP=ACCEPT_INSTALL|DETAIL=requery
0000000000000000000000000000000000000000000000000000000000000000|0000000000000000000000000000000000000000000000000000000000000000|0|3|rt4_TMB-5_MAP_rq_0572.r24|2|1|RICH|562|0|2510|0000000000000000000000000000000000000000000000000000000000000000|RICH|1|562|DISP=ACCEPT_INSTALL|DETAIL=requery
0000000000000000000000000000000000000000000000000000000000000000|0000000000000000000000000000000000000000000000000000000000000000|0|3|rt4_TMB-5_MAP_rq_0573.r24|2|1|RICH|562|0|2520|0000000000000000000000000000000000000000000000000000000000000000|RICH|1|562|DISP=ACCEPT_INSTALL|DETAIL=requery
0000000000000000000000000000000000000000000000000000000000000000|0000000000000000000000000000000000000000000000000000000000000000|0|3|rt4_TMB-5_MAP_rq_0574.r24|2|1|RICH|562|0|2530|0000000000000000000000000000000000000000000000000000000000000000|RICH|1|562|DISP=ACCEPT_INSTALL|DETAIL=requery
0000000000000000000000000000000000000000000000000000000000000000|0000000000000000000000000000000000000000000000000000000000000000|0|3|rt4_TMB-5_MAP_rq_0575.r24|2|1|RICH|562|0|2540|0000000000000000000000000000000000000000000000000000000000000000|RICH|1|562|DISP=ACCEPT_INSTALL|DETAIL=requery
0000000000000000000000000000000000000000000000000000000000000000|0000000000000000000000000000000000000000000000000000000000000000|0|3|rt4_TMB-5_MAP_rq_0576.r24|2|1|RICH|562|0|2550|0000000000000000000000000000000000000000000000000000000000000000|RICH|1|562|DISP=ACCEPT_INSTALL|DETAIL=requery
0000000000000000000000000000000000000000000000000000000000000000|0000000000000000000000000000000000000000000000000000000000000000|0|3|rt4_TMB-5_MAP_rq_0577.r24|2|1|RICH|562|0|2560|0000000000000000000000000000000000000000000000000000000000000000|RICH|1|562|DISP=ACCEPT_INSTALL|DETAIL=requery
0000000000000000000000000000000000000000000000000000000000000000|0000000000000000000000000000000000000000000000000000000000000000|0|3|rt4_TMB-5_MAP_rq_0578.r24|2|1|RICH|562|0|2570|0000000000000000000000000000000000000000000000000000000000000000|RICH|1|562|DISP=ACCEPT_INSTALL|DETAIL=requery
0000000000000000000000000000000000000000000000000000000000000000|0000000000000000000000000000000000000000000000000000000000000000|0|3|rt4_TMB-5_MAP_rq_0579.r24|2|1|RICH|562|0|2580|0000000000000000000000000000000000000000000000000000000000000000|RICH|1|562|DISP=ACCEPT_INSTALL|DETAIL=requery
0000000000000000000000000000000000000000000000000000000000000000|0000000000000000000000000000000000000000000000000000000000000000|0|3|rt4_TMB-5_MAP_rq_0580.r24|2|1|RICH|562|0|2590|0000000000000000000000000000000000000000000000000000000000000000|RICH|1|562|DISP=ACCEPT_INSTALL|DETAIL=requery
0000000000000000000000000000000000000000000000000000000000000000|0000000000000000000000000000000000000000000000000000000000000000|0|3|rt4_TMB-5_MAP_rq_0581.r24|2|1|RICH|562|0|2600|0000000000000000000000000000000000000000000000000000000000000000|RICH|1|562|DISP=ACCEPT_INSTALL|DETAIL=requery
0000000000000000000000000000000000000000000000000000000000000000|0000000000000000000000000000000000000000000000000000000000000000|0|3|rt4_TMB-5_MAP_rq_0582.r24|2|1|RICH|562|0|2610|0000000000000000000000000000000000000000000000000000000000000000|RICH|1|562|DISP=ACCEPT_INSTALL|DETAIL=requery
0000000000000000000000000000000000000000000000000000000000000000|0000000000000000000000000000000000000000000000000000000000000000|0|3|rt4_TMB-5_MAP_rq_0583.r24|2|1|RICH|562|0|2620|0000000000000000000000000000000000000000000000000000000000000000|RICH|1|562|DISP=ACCEPT_INSTALL|DETAIL=requery
0000000000000000000000000000000000000000000000000000000000000000|0000000000000000000000000000000000000000000000000000000000000000|0|3|rt4_TMB-5_MAP_rq_0584.r24|2|1|RICH|562|0|2630|0000000000000000000000000000000000000000000000000000000000000000|RICH|1|562|DISP=ACCEPT_INSTALL|DETAIL=requery
0000000000000000000000000000000000000000000000000000000000000000|0000000000000000000000000000000000000000000000000000000000000000|0|3|rt4_TMB-5_MAP_rq_0585.r24|2|1|RICH|562|0|2640|0000000000000000000000000000000000000000000000000000000000000000|RICH|1|562|DISP=ACCEPT_INSTALL|DETAIL=requery
0000000000000000000000000000000000000000000000000000000000000000|0000000000000000000000000000000000000000000000000000000000000000|0|3|rt4_TMB-5_MAP_rq_0586.r24|2|1|RICH|562|0|2650|0000000000000000000000000000000000000000000000000000000000000000|RICH|1|562|DISP=ACCEPT_INSTALL|DETAIL=requery
0000000000000000000000000000000000000000000000000000000000000000|0000000000000000000000000000000000000000000000000000000000000000|0|3|rt4_TMB-5_MAP_rq_0587.r24|2|1|RICH|562|0|2660|0000000000000000000000000000000000000000000000000000000000000000|RICH|1|562|DISP=ACCEPT_INSTALL|DETAIL=requery
0000000000000000000000000000000000000000000000000000000000000000|0000000000000000000000000000000000000000000000000000000000000000|0|3|rt4_TMB-5_MAP_rq_0588.r24|2|1|RICH|562|0|2670|0000000000000000000000000000000000000000000000000000000000000000|RICH|1|562|DISP=ACCEPT_INSTALL|DETAIL=requery
0000000000000000000000000000000000000000000000000000000000000000|0000000000000000000000000000000000000000000000000000000000000000|0|3|rt4_TMB-5_MAP_rq_0589.r24|2|1|RICH|562|0|2680|0000000000000000000000000000000000000000000000000000000000000000|RICH|1|562|DISP=ACCEPT_INSTALL|DETAIL=requery
0000000000000000000000000000000000000000000000000000000000000000|0000000000000000000000000000000000000000000000000000000000000000|0|3|rt4_TMB-5_MAP_rq_0590.r24|2|1|RICH|562|0|2690|0000000000000000000000000000000000000000000000000000000000000000|RICH|1|562|DISP=ACCEPT_INSTALL|DETAIL=requery
0000000000000000000000000000000000000000000000000000000000000000|0000000000000000000000000000000000000000000000000000000000000000|0|3|rt4_TMB-5_MAP_rq_0591.r24|2|1|RICH|562|0|2700|0000000000000000000000000000000000000000000000000000000000000000|RICH|1|562|DISP=ACCEPT_INSTALL|DETAIL=requery
0000000000000000000000000000000000000000000000000000000000000000|0000000000000000000000000000000000000000000000000000000000000000|0|3|rt4_TMB-5_MAP_rq_0592.r24|2|1|RICH|562|0|2710|0000000000000000000000000000000000000000000000000000000000000000|RICH|1|562|DISP=ACCEPT_INSTALL|DETAIL=requery
0000000000000000000000000000000000000000000000000000000000000000|0000000000000000000000000000000000000000000000000000000000000000|0|3|rt4_TMB-5_MAP_rq_0593.r24|2|1|RICH|562|0|2720|0000000000000000000000000000000000000000000000000000000000000000|RICH|1|562|DISP=ACCEPT_INSTALL|DETAIL=requery
0000000000000000000000000000000000000000000000000000000000000000|0000000000000000000000000000000000000000000000000000000000000000|0|3|rt4_TMB-5_MAP_rq_0594.r24|2|1|RICH|562|0|2730|0000000000000000000000000000000000000000000000000000000000000000|RICH|1|562|DISP=ACCEPT_INSTALL|DETAIL=requery
0000000000000000000000000000000000000000000000000000000000000000|0000000000000000000000000000000000000000000000000000000000000000|0|3|rt4_TMB-5_MAP_rq_0595.r24|2|1|RICH|562|0|2740|0000000000000000000000000000000000000000000000000000000000000000|RICH|1|562|DISP=ACCEPT_INSTALL|DETAIL=requery
0000000000000000000000000000000000000000000000000000000000000000|0000000000000000000000000000000000000000000000000000000000000000|0|3|rt4_TMB-5_MAP_rq_0596.r24|2|1|RICH|562|0|2750|0000000000000000000000000000000000000000000000000000000000000000|RICH|1|562|DISP=ACCEPT_INSTALL|DETAIL=requery
0000000000000000000000000000000000000000000000000000000000000000|0000000000000000000000000000000000000000000000000000000000000000|0|3|rt4_TMB-5_MAP_rq_0597.r24|2|1|RICH|562|0|2760|0000000000000000000000000000000000000000000000000000000000000000|RICH|1|562|DISP=ACCEPT_INSTALL|DETAIL=requery
0000000000000000000000000000000000000000000000000000000000000000|0000000000000000000000000000000000000000000000000000000000000000|0|3|rt4_TMB-5_MAP_rq_0598.r24|2|1|RICH|562|0|2770|0000000000000000000000000000000000000000000000000000000000000000|RICH|1|562|DISP=ACCEPT_INSTALL|DETAIL=requery
0000000000000000000000000000000000000000000000000000000000000000|0000000000000000000000000000000000000000000000000000000000000000|0|3|rt4_TMB-5_MAP_rq_0599.r24|2|1|RICH|562|0|2780|0000000000000000000000000000000000000000000000000000000000000000|RICH|1|562|DISP=ACCEPT_INSTALL|DETAIL=requery
0000000000000000000000000000000000000000000000000000000000000000|0000000000000000000000000000000000000000000000000000000000000000|0|3|rt4_TMB-5_MAP_rq_0600.r24|2|1|RICH|562|0|2790|0000000000000000000000000000000000000000000000000000000000000000|RICH|1|562|DISP=ACCEPT_INSTALL|DETAIL=requery
0000000000000000000000000000000000000000000000000000000000000000|0000000000000000000000000000000000000000000000000000000000000000|0|3|rt4_TMB-5_MAP_rq_0601.r24|2|1|RICH|562|0|2800|0000000000000000000000000000000000000000000000000000000000000000|RICH|1|562|DISP=ACCEPT_INSTALL|DETAIL=requery
0000000000000000000000000000000000000000000000000000000000000000|0000000000000000000000000000000000000000000000000000000000000000|0|3|rt4_TMB-5_MAP_rq_0602.r24|2|1|RICH|562|0|2810|0000000000000000000000000000000000000000000000000000000000000000|RICH|1|562|DISP=ACCEPT_INSTALL|DETAIL=requery
0000000000000000000000000000000000000000000000000000000000000000|0000000000000000000000000000000000000000000000000000000000000000|0|3|rt4_TMB-5_MAP_rq_0603.r24|2|1|RICH|562|0|2820|0000000000000000000000000000000000000000000000000000000000000000|RICH|1|562|DISP=ACCEPT_INSTALL|DETAIL=requery
0000000000000000000000000000000000000000000000000000000000000000|0000000000000000000000000000000000000000000000000000000000000000|0|3|rt4_TMB-5_MAP_rq_0604.r24|2|1|RICH|562|0|2830|0000000000000000000000000000000000000000000000000000000000000000|RICH|1|562|DISP=ACCEPT_INSTALL|DETAIL=requery
0000000000000000000000000000000000000000000000000000000000000000|0000000000000000000000000000000000000000000000000000000000000000|0|3|rt4_TMB-5_MAP_rq_0605.r24|2|1|RICH|562|0|2840|0000000000000000000000000000000000000000000000000000000000000000|RICH|1|562|DISP=ACCEPT_INSTALL|DETAIL=requery
0000000000000000000000000000000000000000000000000000000000000000|0000000000000000000000000000000000000000000000000000000000000000|0|3|rt4_TMB-5_MAP_rq_0606.r24|2|1|RICH|562|0|2850|0000000000000000000000000000000000000000000000000000000000000000|RICH|1|562|DISP=ACCEPT_INSTALL|DETAIL=requery
0000000000000000000000000000000000000000000000000000000000000000|0000000000000000000000000000000000000000000000000000000000000000|0|3|rt4_TMB-5_MAP_rq_0607.r24|2|1|RICH|562|0|2860|0000000000000000000000000000000000000000000000000000000000000000|RICH|1|562|DISP=ACCEPT_INSTALL|DETAIL=requery
0000000000000000000000000000000000000000000000000000000000000000|0000000000000000000000000000000000000000000000000000000000000000|0|3|rt4_TMB-5_MAP_rq_0608.r24|2|1|RICH|562|0|2870|0000000000000000000000000000000000000000000000000000000000000000|RICH|1|562|DISP=ACCEPT_INSTALL|DETAIL=requery
0000000000000000000000000000000000000000000000000000000000000000|0000000000000000000000000000000000000000000000000000000000000000|0|3|rt4_TMB-5_MAP_rq_0609.r24|2|1|RICH|562|0|2880|0000000000000000000000000000000000000000000000000000000000000000|RICH|1|562|DISP=ACCEPT_INSTALL|DETAIL=requery
0000000000000000000000000000000000000000000000000000000000000000|0000000000000000000000000000000000000000000000000000000000000000|0|3|rt4_TMB-5_MAP_rq_0610.r24|2|1|RICH|562|0|2890|0000000000000000000000000000000000000000000000000000000000000000|RICH|1|562|DISP=ACCEPT_INSTALL|DETAIL=requery
0000000000000000000000000000000000000000000000000000000000000000|0000000000000000000000000000000000000000000000000000000000000000|0|3|rt4_TMB-5_MAP_rq_0611.r24|2|1|RICH|562|0|2900|0000000000000000000000000000000000000000000000000000000000000000|RICH|1|562|DISP=ACCEPT_INSTALL|DETAIL=requery
0000000000000000000000000000000000000000000000000000000000000000|0000000000000000000000000000000000000000000000000000000000000000|0|3|rt4_TMB-5_MAP_rq_0612.r24|2|1|RICH|564|0|2400|0000000000000000000000000000000000000000000000000000000000000000|RICH|1|564|DISP=ACCEPT_INSTALL|DETAIL=requery
0000000000000000000000000000000000000000000000000000000000000000|0000000000000000000000000000000000000000000000000000000000000000|0|3|rt4_TMB-5_MAP_rq_0613.r24|2|1|RICH|564|0|2410|0000000000000000000000000000000000000000000000000000000000000000|RICH|1|564|DISP=ACCEPT_INSTALL|DETAIL=requery
0000000000000000000000000000000000000000000000000000000000000000|0000000000000000000000000000000000000000000000000000000000000000|0|3|rt4_TMB-5_MAP_rq_0614.r24|2|1|RICH|564|0|2420|0000000000000000000000000000000000000000000000000000000000000000|RICH|1|564|DISP=ACCEPT_INSTALL|DETAIL=requery
0000000000000000000000000000000000000000000000000000000000000000|0000000000000000000000000000000000000000000000000000000000000000|0|3|rt4_TMB-5_MAP_rq_0615.r24|2|1|RICH|564|0|2430|0000000000000000000000000000000000000000000000000000000000000000|RICH|1|564|DISP=ACCEPT_INSTALL|DETAIL=requery
0000000000000000000000000000000000000000000000000000000000000000|0000000000000000000000000000000000000000000000000000000000000000|0|3|rt4_TMB-5_MAP_rq_0616.r24|2|1|RICH|564|0|2440|0000000000000000000000000000000000000000000000000000000000000000|RICH|1|564|DISP=ACCEPT_INSTALL|DETAIL=requery
0000000000000000000000000000000000000000000000000000000000000000|0000000000000000000000000000000000000000000000000000000000000000|0|3|rt4_TMB-5_MAP_rq_0617.r24|2|1|RICH|564|0|2450|0000000000000000000000000000000000000000000000000000000000000000|RICH|1|564|DISP=ACCEPT_INSTALL|DETAIL=requery
0000000000000000000000000000000000000000000000000000000000000000|0000000000000000000000000000000000000000000000000000000000000000|0|3|rt4_TMB-5_MAP_rq_0618.r24|2|1|RICH|564|0|2460|0000000000000000000000000000000000000000000000000000000000000000|RICH|1|564|DISP=ACCEPT_INSTALL|DETAIL=requery
0000000000000000000000000000000000000000000000000000000000000000|0000000000000000000000000000000000000000000000000000000000000000|0|3|rt4_TMB-5_MAP_rq_0619.r24|2|1|RICH|564|0|2470|0000000000000000000000000000000000000000000000000000000000000000|RICH|1|564|DISP=ACCEPT_INSTALL|DETAIL=requery
0000000000000000000000000000000000000000000000000000000000000000|0000000000000000000000000000000000000000000000000000000000000000|0|3|rt4_TMB-5_MAP_rq_0620.r24|2|1|RICH|564|0|2480|0000000000000000000000000000000000000000000000000000000000000000|RICH|1|564|DISP=ACCEPT_INSTALL|DETAIL=requery
0000000000000000000000000000000000000000000000000000000000000000|0000000000000000000000000000000000000000000000000000000000000000|0|3|rt4_TMB-5_MAP_rq_0621.r24|2|1|RICH|564|0|2490|0000000000000000000000000000000000000000000000000000000000000000|RICH|1|564|DISP=ACCEPT_INSTALL|DETAIL=requery
0000000000000000000000000000000000000000000000000000000000000000|0000000000000000000000000000000000000000000000000000000000000000|0|3|rt4_TMB-5_MAP_rq_0622.r24|2|1|RICH|564|0|2500|0000000000000000000000000000000000000000000000000000000000000000|RICH|1|564|DISP=ACCEPT_INSTALL|DETAIL=requery
0000000000000000000000000000000000000000000000000000000000000000|0000000000000000000000000000000000000000000000000000000000000000|0|3|rt4_TMB-5_MAP_rq_0623.r24|2|1|RICH|564|0|2510|0000000000000000000000000000000000000000000000000000000000000000|RICH|1|564|DISP=ACCEPT_INSTALL|DETAIL=requery
0000000000000000000000000000000000000000000000000000000000000000|0000000000000000000000000000000000000000000000000000000000000000|0|3|rt4_TMB-5_MAP_rq_0624.r24|2|1|RICH|564|0|2520|0000000000000000000000000000000000000000000000000000000000000000|RICH|1|564|DISP=ACCEPT_INSTALL|DETAIL=requery
0000000000000000000000000000000000000000000000000000000000000000|0000000000000000000000000000000000000000000000000000000000000000|0|3|rt4_TMB-5_MAP_rq_0625.r24|2|1|RICH|564|0|2530|0000000000000000000000000000000000000000000000000000000000000000|RICH|1|564|DISP=ACCEPT_INSTALL|DETAIL=requery
0000000000000000000000000000000000000000000000000000000000000000|0000000000000000000000000000000000000000000000000000000000000000|0|3|rt4_TMB-5_MAP_rq_0626.r24|2|1|RICH|564|0|2540|0000000000000000000000000000000000000000000000000000000000000000|RICH|1|564|DISP=ACCEPT_INSTALL|DETAIL=requery
0000000000000000000000000000000000000000000000000000000000000000|0000000000000000000000000000000000000000000000000000000000000000|0|3|rt4_TMB-5_MAP_rq_0627.r24|2|1|RICH|564|0|2550|0000000000000000000000000000000000000000000000000000000000000000|RICH|1|564|DISP=ACCEPT_INSTALL|DETAIL=requery
0000000000000000000000000000000000000000000000000000000000000000|0000000000000000000000000000000000000000000000000000000000000000|0|3|rt4_TMB-5_MAP_rq_0628.r24|2|1|RICH|564|0|2560|0000000000000000000000000000000000000000000000000000000000000000|RICH|1|564|DISP=ACCEPT_INSTALL|DETAIL=requery
0000000000000000000000000000000000000000000000000000000000000000|0000000000000000000000000000000000000000000000000000000000000000|0|3|rt4_TMB-5_MAP_rq_0629.r24|2|1|RICH|564|0|2570|0000000000000000000000000000000000000000000000000000000000000000|RICH|1|564|DISP=ACCEPT_INSTALL|DETAIL=requery
0000000000000000000000000000000000000000000000000000000000000000|0000000000000000000000000000000000000000000000000000000000000000|0|3|rt4_TMB-5_MAP_rq_0630.r24|2|1|RICH|564|0|2580|0000000000000000000000000000000000000000000000000000000000000000|RICH|1|564|DISP=ACCEPT_INSTALL|DETAIL=requery
0000000000000000000000000000000000000000000000000000000000000000|0000000000000000000000000000000000000000000000000000000000000000|0|3|rt4_TMB-5_MAP_rq_0631.r24|2|1|RICH|564|0|2590|0000000000000000000000000000000000000000000000000000000000000000|RICH|1|564|DISP=ACCEPT_INSTALL|DETAIL=requery
0000000000000000000000000000000000000000000000000000000000000000|0000000000000000000000000000000000000000000000000000000000000000|0|3|rt4_TMB-5_MAP_rq_0632.r24|2|1|RICH|564|0|2600|0000000000000000000000000000000000000000000000000000000000000000|RICH|1|564|DISP=ACCEPT_INSTALL|DETAIL=requery
0000000000000000000000000000000000000000000000000000000000000000|0000000000000000000000000000000000000000000000000000000000000000|0|3|rt4_TMB-5_MAP_rq_0633.r24|2|1|RICH|564|0|2610|0000000000000000000000000000000000000000000000000000000000000000|RICH|1|564|DISP=ACCEPT_INSTALL|DETAIL=requery
0000000000000000000000000000000000000000000000000000000000000000|0000000000000000000000000000000000000000000000000000000000000000|0|3|rt4_TMB-5_MAP_rq_0634.r24|2|1|RICH|564|0|2620|0000000000000000000000000000000000000000000000000000000000000000|RICH|1|564|DISP=ACCEPT_INSTALL|DETAIL=requery
0000000000000000000000000000000000000000000000000000000000000000|0000000000000000000000000000000000000000000000000000000000000000|0|3|rt4_TMB-5_MAP_rq_0635.r24|2|1|RICH|564|0|2630|0000000000000000000000000000000000000000000000000000000000000000|RICH|1|564|DISP=ACCEPT_INSTALL|DETAIL=requery
0000000000000000000000000000000000000000000000000000000000000000|0000000000000000000000000000000000000000000000000000000000000000|0|3|rt4_TMB-5_MAP_rq_0636.r24|2|1|RICH|564|0|2640|0000000000000000000000000000000000000000000000000000000000000000|RICH|1|564|DISP=ACCEPT_INSTALL|DETAIL=requery
0000000000000000000000000000000000000000000000000000000000000000|0000000000000000000000000000000000000000000000000000000000000000|0|3|rt4_TMB-5_MAP_rq_0637.r24|2|1|RICH|564|0|2650|0000000000000000000000000000000000000000000000000000000000000000|RICH|1|564|DISP=ACCEPT_INSTALL|DETAIL=requery
0000000000000000000000000000000000000000000000000000000000000000|0000000000000000000000000000000000000000000000000000000000000000|0|3|rt4_TMB-5_MAP_rq_0638.r24|2|1|RICH|564|0|2660|0000000000000000000000000000000000000000000000000000000000000000|RICH|1|564|DISP=ACCEPT_INSTALL|DETAIL=requery
0000000000000000000000000000000000000000000000000000000000000000|0000000000000000000000000000000000000000000000000000000000000000|0|3|rt4_TMB-5_MAP_rq_0639.r24|2|1|RICH|564|0|2670|0000000000000000000000000000000000000000000000000000000000000000|RICH|1|564|DISP=ACCEPT_INSTALL|DETAIL=requery
0000000000000000000000000000000000000000000000000000000000000000|0000000000000000000000000000000000000000000000000000000000000000|0|3|rt4_TMB-5_MAP_rq_0640.r24|2|1|RICH|564|0|2680|0000000000000000000000000000000000000000000000000000000000000000|RICH|1|564|DISP=ACCEPT_INSTALL|DETAIL=requery
0000000000000000000000000000000000000000000000000000000000000000|0000000000000000000000000000000000000000000000000000000000000000|0|3|rt4_TMB-5_MAP_rq_0641.r24|2|1|RICH|564|0|2690|0000000000000000000000000000000000000000000000000000000000000000|RICH|1|564|DISP=ACCEPT_INSTALL|DETAIL=requery
0000000000000000000000000000000000000000000000000000000000000000|0000000000000000000000000000000000000000000000000000000000000000|0|3|rt4_TMB-5_MAP_rq_0642.r24|2|1|RICH|564|0|2700|0000000000000000000000000000000000000000000000000000000000000000|RICH|1|564|DISP=ACCEPT_INSTALL|DETAIL=requery
0000000000000000000000000000000000000000000000000000000000000000|0000000000000000000000000000000000000000000000000000000000000000|0|3|rt4_TMB-5_MAP_rq_0643.r24|2|1|RICH|564|0|2710|0000000000000000000000000000000000000000000000000000000000000000|RICH|1|564|DISP=ACCEPT_INSTALL|DETAIL=requery
0000000000000000000000000000000000000000000000000000000000000000|0000000000000000000000000000000000000000000000000000000000000000|0|3|rt4_TMB-5_MAP_rq_0644.r24|2|1|RICH|564|0|2720|0000000000000000000000000000000000000000000000000000000000000000|RICH|1|564|DISP=ACCEPT_INSTALL|DETAIL=requery
0000000000000000000000000000000000000000000000000000000000000000|0000000000000000000000000000000000000000000000000000000000000000|0|3|rt4_TMB-5_MAP_rq_0645.r24|2|1|RICH|564|0|2730|0000000000000000000000000000000000000000000000000000000000000000|RICH|1|564|DISP=ACCEPT_INSTALL|DETAIL=requery
0000000000000000000000000000000000000000000000000000000000000000|0000000000000000000000000000000000000000000000000000000000000000|0|3|rt4_TMB-5_MAP_rq_0646.r24|2|1|RICH|564|0|2740|0000000000000000000000000000000000000000000000000000000000000000|RICH|1|564|DISP=ACCEPT_INSTALL|DETAIL=requery
0000000000000000000000000000000000000000000000000000000000000000|0000000000000000000000000000000000000000000000000000000000000000|0|3|rt4_TMB-5_MAP_rq_0647.r24|2|1|RICH|564|0|2750|0000000000000000000000000000000000000000000000000000000000000000|RICH|1|564|DISP=ACCEPT_INSTALL|DETAIL=requery
0000000000000000000000000000000000000000000000000000000000000000|0000000000000000000000000000000000000000000000000000000000000000|0|3|rt4_TMB-5_MAP_rq_0648.r24|2|1|RICH|564|0|2760|0000000000000000000000000000000000000000000000000000000000000000|RICH|1|564|DISP=ACCEPT_INSTALL|DETAIL=requery
0000000000000000000000000000000000000000000000000000000000000000|0000000000000000000000000000000000000000000000000000000000000000|0|3|rt4_TMB-5_MAP_rq_0649.r24|2|1|RICH|564|0|2770|0000000000000000000000000000000000000000000000000000000000000000|RICH|1|564|DISP=ACCEPT_INSTALL|DETAIL=requery
0000000000000000000000000000000000000000000000000000000000000000|0000000000000000000000000000000000000000000000000000000000000000|0|3|rt4_TMB-5_MAP_rq_0650.r24|2|1|RICH|564|0|2780|0000000000000000000000000000000000000000000000000000000000000000|RICH|1|564|DISP=ACCEPT_INSTALL|DETAIL=requery
0000000000000000000000000000000000000000000000000000000000000000|0000000000000000000000000000000000000000000000000000000000000000|0|3|rt4_TMB-5_MAP_rq_0651.r24|2|1|RICH|564|0|2790|0000000000000000000000000000000000000000000000000000000000000000|RICH|1|564|DISP=ACCEPT_INSTALL|DETAIL=requery
0000000000000000000000000000000000000000000000000000000000000000|0000000000000000000000000000000000000000000000000000000000000000|0|3|rt4_TMB-5_MAP_rq_0652.r24|2|1|RICH|564|0|2800|0000000000000000000000000000000000000000000000000000000000000000|RICH|1|564|DISP=ACCEPT_INSTALL|DETAIL=requery
0000000000000000000000000000000000000000000000000000000000000000|0000000000000000000000000000000000000000000000000000000000000000|0|3|rt4_TMB-5_MAP_rq_0653.r24|2|1|RICH|564|0|2810|0000000000000000000000000000000000000000000000000000000000000000|RICH|1|564|DISP=ACCEPT_INSTALL|DETAIL=requery
0000000000000000000000000000000000000000000000000000000000000000|0000000000000000000000000000000000000000000000000000000000000000|0|3|rt4_TMB-5_MAP_rq_0654.r24|2|1|RICH|564|0|2820|0000000000000000000000000000000000000000000000000000000000000000|RICH|1|564|DISP=ACCEPT_INSTALL|DETAIL=requery
0000000000000000000000000000000000000000000000000000000000000000|0000000000000000000000000000000000000000000000000000000000000000|0|3|rt4_TMB-5_MAP_rq_0655.r24|2|1|RICH|564|0|2830|0000000000000000000000000000000000000000000000000000000000000000|RICH|1|564|DISP=ACCEPT_INSTALL|DETAIL=requery
0000000000000000000000000000000000000000000000000000000000000000|0000000000000000000000000000000000000000000000000000000000000000|0|3|rt4_TMB-5_MAP_rq_0656.r24|2|1|RICH|564|0|2840|0000000000000000000000000000000000000000000000000000000000000000|RICH|1|564|DISP=ACCEPT_INSTALL|DETAIL=requery
0000000000000000000000000000000000000000000000000000000000000000|0000000000000000000000000000000000000000000000000000000000000000|0|3|rt4_TMB-5_MAP_rq_0657.r24|2|1|RICH|564|0|2850|0000000000000000000000000000000000000000000000000000000000000000|RICH|1|564|DISP=ACCEPT_INSTALL|DETAIL=requery
0000000000000000000000000000000000000000000000000000000000000000|0000000000000000000000000000000000000000000000000000000000000000|0|3|rt4_TMB-5_MAP_rq_0658.r24|2|1|RICH|564|0|2860|0000000000000000000000000000000000000000000000000000000000000000|RICH|1|564|DISP=ACCEPT_INSTALL|DETAIL=requery
0000000000000000000000000000000000000000000000000000000000000000|0000000000000000000000000000000000000000000000000000000000000000|0|3|rt4_TMB-5_MAP_rq_0659.r24|2|1|RICH|564|0|2870|0000000000000000000000000000000000000000000000000000000000000000|RICH|1|564|DISP=ACCEPT_INSTALL|DETAIL=requery
0000000000000000000000000000000000000000000000000000000000000000|0000000000000000000000000000000000000000000000000000000000000000|0|3|rt4_TMB-5_MAP_rq_0660.r24|2|1|RICH|564|0|2880|0000000000000000000000000000000000000000000000000000000000000000|RICH|1|564|DISP=ACCEPT_INSTALL|DETAIL=requery
0000000000000000000000000000000000000000000000000000000000000000|0000000000000000000000000000000000000000000000000000000000000000|0|3|rt4_TMB-5_MAP_rq_0661.r24|2|1|RICH|564|0|2890|0000000000000000000000000000000000000000000000000000000000000000|RICH|1|564|DISP=ACCEPT_INSTALL|DETAIL=requery
0000000000000000000000000000000000000000000000000000000000000000|0000000000000000000000000000000000000000000000000000000000000000|0|3|rt4_TMB-5_MAP_rq_0662.r24|2|1|RICH|564|0|2900|0000000000000000000000000000000000000000000000000000000000000000|RICH|1|564|DISP=ACCEPT_INSTALL|DETAIL=requery
0000000000000000000000000000000000000000000000000000000000000000|0000000000000000000000000000000000000000000000000000000000000000|0|3|rt4_TMB-5_MAP_rq_0663.r24|2|1|RICH|566|0|2400|0000000000000000000000000000000000000000000000000000000000000000|RICH|1|566|DISP=ACCEPT_INSTALL|DETAIL=requery
0000000000000000000000000000000000000000000000000000000000000000|0000000000000000000000000000000000000000000000000000000000000000|0|3|rt4_TMB-5_MAP_rq_0664.r24|2|1|RICH|566|0|2410|0000000000000000000000000000000000000000000000000000000000000000|RICH|1|566|DISP=ACCEPT_INSTALL|DETAIL=requery
0000000000000000000000000000000000000000000000000000000000000000|0000000000000000000000000000000000000000000000000000000000000000|0|3|rt4_TMB-5_MAP_rq_0665.r24|2|1|RICH|566|0|2420|0000000000000000000000000000000000000000000000000000000000000000|RICH|1|566|DISP=ACCEPT_INSTALL|DETAIL=requery
0000000000000000000000000000000000000000000000000000000000000000|0000000000000000000000000000000000000000000000000000000000000000|0|3|rt4_TMB-5_MAP_rq_0666.r24|2|1|RICH|566|0|2430|0000000000000000000000000000000000000000000000000000000000000000|RICH|1|566|DISP=ACCEPT_INSTALL|DETAIL=requery
0000000000000000000000000000000000000000000000000000000000000000|0000000000000000000000000000000000000000000000000000000000000000|0|3|rt4_TMB-5_MAP_rq_0667.r24|2|1|RICH|566|0|2440|0000000000000000000000000000000000000000000000000000000000000000|RICH|1|566|DISP=ACCEPT_INSTALL|DETAIL=requery
0000000000000000000000000000000000000000000000000000000000000000|0000000000000000000000000000000000000000000000000000000000000000|0|3|rt4_TMB-5_MAP_rq_0668.r24|2|1|RICH|566|0|2450|0000000000000000000000000000000000000000000000000000000000000000|RICH|1|566|DISP=ACCEPT_INSTALL|DETAIL=requery
0000000000000000000000000000000000000000000000000000000000000000|0000000000000000000000000000000000000000000000000000000000000000|0|3|rt4_TMB-5_MAP_rq_0669.r24|2|1|RICH|566|0|2460|0000000000000000000000000000000000000000000000000000000000000000|RICH|1|566|DISP=ACCEPT_INSTALL|DETAIL=requery
0000000000000000000000000000000000000000000000000000000000000000|0000000000000000000000000000000000000000000000000000000000000000|0|3|rt4_TMB-5_MAP_rq_0670.r24|2|1|RICH|566|0|2470|0000000000000000000000000000000000000000000000000000000000000000|RICH|1|566|DISP=ACCEPT_INSTALL|DETAIL=requery
0000000000000000000000000000000000000000000000000000000000000000|0000000000000000000000000000000000000000000000000000000000000000|0|3|rt4_TMB-5_MAP_rq_0671.r24|2|1|RICH|566|0|2480|0000000000000000000000000000000000000000000000000000000000000000|RICH|1|566|DISP=ACCEPT_INSTALL|DETAIL=requery
0000000000000000000000000000000000000000000000000000000000000000|0000000000000000000000000000000000000000000000000000000000000000|0|3|rt4_TMB-5_MAP_rq_0672.r24|2|1|RICH|566|0|2490|0000000000000000000000000000000000000000000000000000000000000000|RICH|1|566|DISP=ACCEPT_INSTALL|DETAIL=requery
0000000000000000000000000000000000000000000000000000000000000000|0000000000000000000000000000000000000000000000000000000000000000|0|3|rt4_TMB-5_MAP_rq_0673.r24|2|1|RICH|566|0|2500|0000000000000000000000000000000000000000000000000000000000000000|RICH|1|566|DISP=ACCEPT_INSTALL|DETAIL=requery
0000000000000000000000000000000000000000000000000000000000000000|0000000000000000000000000000000000000000000000000000000000000000|0|3|rt4_TMB-5_MAP_rq_0674.r24|2|1|RICH|566|0|2510|0000000000000000000000000000000000000000000000000000000000000000|RICH|1|566|DISP=ACCEPT_INSTALL|DETAIL=requery
0000000000000000000000000000000000000000000000000000000000000000|0000000000000000000000000000000000000000000000000000000000000000|0|3|rt4_TMB-5_MAP_rq_0675.r24|2|1|RICH|566|0|2520|0000000000000000000000000000000000000000000000000000000000000000|RICH|1|566|DISP=ACCEPT_INSTALL|DETAIL=requery
0000000000000000000000000000000000000000000000000000000000000000|0000000000000000000000000000000000000000000000000000000000000000|0|3|rt4_TMB-5_MAP_rq_0676.r24|2|1|RICH|566|0|2530|0000000000000000000000000000000000000000000000000000000000000000|RICH|1|566|DISP=ACCEPT_INSTALL|DETAIL=requery
0000000000000000000000000000000000000000000000000000000000000000|0000000000000000000000000000000000000000000000000000000000000000|0|3|rt4_TMB-5_MAP_rq_0677.r24|2|1|RICH|566|0|2540|0000000000000000000000000000000000000000000000000000000000000000|RICH|1|566|DISP=ACCEPT_INSTALL|DETAIL=requery
0000000000000000000000000000000000000000000000000000000000000000|0000000000000000000000000000000000000000000000000000000000000000|0|3|rt4_TMB-5_MAP_rq_0678.r24|2|1|RICH|566|0|2550|0000000000000000000000000000000000000000000000000000000000000000|RICH|1|566|DISP=ACCEPT_INSTALL|DETAIL=requery
0000000000000000000000000000000000000000000000000000000000000000|0000000000000000000000000000000000000000000000000000000000000000|0|3|rt4_TMB-5_MAP_rq_0679.r24|2|1|RICH|566|0|2560|0000000000000000000000000000000000000000000000000000000000000000|RICH|1|566|DISP=ACCEPT_INSTALL|DETAIL=requery
0000000000000000000000000000000000000000000000000000000000000000|0000000000000000000000000000000000000000000000000000000000000000|0|3|rt4_TMB-5_MAP_rq_0680.r24|2|1|RICH|566|0|2570|0000000000000000000000000000000000000000000000000000000000000000|RICH|1|566|DISP=ACCEPT_INSTALL|DETAIL=requery
0000000000000000000000000000000000000000000000000000000000000000|0000000000000000000000000000000000000000000000000000000000000000|0|3|rt4_TMB-5_MAP_rq_0681.r24|2|1|RICH|566|0|2580|0000000000000000000000000000000000000000000000000000000000000000|RICH|1|566|DISP=ACCEPT_INSTALL|DETAIL=requery
0000000000000000000000000000000000000000000000000000000000000000|0000000000000000000000000000000000000000000000000000000000000000|0|3|rt4_TMB-5_MAP_rq_0682.r24|2|1|RICH|566|0|2590|0000000000000000000000000000000000000000000000000000000000000000|RICH|1|566|DISP=ACCEPT_INSTALL|DETAIL=requery
0000000000000000000000000000000000000000000000000000000000000000|0000000000000000000000000000000000000000000000000000000000000000|0|3|rt4_TMB-5_MAP_rq_0683.r24|2|1|RICH|566|0|2600|0000000000000000000000000000000000000000000000000000000000000000|RICH|1|566|DISP=ACCEPT_INSTALL|DETAIL=requery
0000000000000000000000000000000000000000000000000000000000000000|0000000000000000000000000000000000000000000000000000000000000000|0|3|rt4_TMB-5_MAP_rq_0684.r24|2|1|RICH|566|0|2610|0000000000000000000000000000000000000000000000000000000000000000|RICH|1|566|DISP=ACCEPT_INSTALL|DETAIL=requery
0000000000000000000000000000000000000000000000000000000000000000|0000000000000000000000000000000000000000000000000000000000000000|0|3|rt4_TMB-5_MAP_rq_0685.r24|2|1|RICH|566|0|2620|0000000000000000000000000000000000000000000000000000000000000000|RICH|1|566|DISP=ACCEPT_INSTALL|DETAIL=requery
0000000000000000000000000000000000000000000000000000000000000000|0000000000000000000000000000000000000000000000000000000000000000|0|3|rt4_TMB-5_MAP_rq_0686.r24|2|1|RICH|566|0|2630|0000000000000000000000000000000000000000000000000000000000000000|RICH|1|566|DISP=ACCEPT_INSTALL|DETAIL=requery
0000000000000000000000000000000000000000000000000000000000000000|0000000000000000000000000000000000000000000000000000000000000000|0|3|rt4_TMB-5_MAP_rq_0687.r24|2|1|RICH|566|0|2640|0000000000000000000000000000000000000000000000000000000000000000|RICH|1|566|DISP=ACCEPT_INSTALL|DETAIL=requery
0000000000000000000000000000000000000000000000000000000000000000|0000000000000000000000000000000000000000000000000000000000000000|0|3|rt4_TMB-5_MAP_rq_0688.r24|2|1|RICH|566|0|2650|0000000000000000000000000000000000000000000000000000000000000000|RICH|1|566|DISP=ACCEPT_INSTALL|DETAIL=requery
0000000000000000000000000000000000000000000000000000000000000000|0000000000000000000000000000000000000000000000000000000000000000|0|3|rt4_TMB-5_MAP_rq_0689.r24|2|1|RICH|566|0|2660|0000000000000000000000000000000000000000000000000000000000000000|RICH|1|566|DISP=ACCEPT_INSTALL|DETAIL=requery
0000000000000000000000000000000000000000000000000000000000000000|0000000000000000000000000000000000000000000000000000000000000000|0|3|rt4_TMB-5_MAP_rq_0690.r24|2|1|RICH|566|0|2670|0000000000000000000000000000000000000000000000000000000000000000|RICH|1|566|DISP=ACCEPT_INSTALL|DETAIL=requery
0000000000000000000000000000000000000000000000000000000000000000|0000000000000000000000000000000000000000000000000000000000000000|0|3|rt4_TMB-5_MAP_rq_0691.r24|2|1|RICH|566|0|2680|0000000000000000000000000000000000000000000000000000000000000000|RICH|1|566|DISP=ACCEPT_INSTALL|DETAIL=requery
0000000000000000000000000000000000000000000000000000000000000000|0000000000000000000000000000000000000000000000000000000000000000|0|3|rt4_TMB-5_MAP_rq_0692.r24|2|1|RICH|566|0|2690|0000000000000000000000000000000000000000000000000000000000000000|RICH|1|566|DISP=ACCEPT_INSTALL|DETAIL=requery
0000000000000000000000000000000000000000000000000000000000000000|0000000000000000000000000000000000000000000000000000000000000000|0|3|rt4_TMB-5_MAP_rq_0693.r24|2|1|RICH|566|0|2700|0000000000000000000000000000000000000000000000000000000000000000|RICH|1|566|DISP=ACCEPT_INSTALL|DETAIL=requery
0000000000000000000000000000000000000000000000000000000000000000|0000000000000000000000000000000000000000000000000000000000000000|0|3|rt4_TMB-5_MAP_rq_0694.r24|2|1|RICH|566|0|2710|0000000000000000000000000000000000000000000000000000000000000000|RICH|1|566|DISP=ACCEPT_INSTALL|DETAIL=requery
0000000000000000000000000000000000000000000000000000000000000000|0000000000000000000000000000000000000000000000000000000000000000|0|3|rt4_TMB-5_MAP_rq_0695.r24|2|1|RICH|566|0|2720|0000000000000000000000000000000000000000000000000000000000000000|RICH|1|566|DISP=ACCEPT_INSTALL|DETAIL=requery
0000000000000000000000000000000000000000000000000000000000000000|0000000000000000000000000000000000000000000000000000000000000000|0|3|rt4_TMB-5_MAP_rq_0696.r24|2|1|RICH|566|0|2730|0000000000000000000000000000000000000000000000000000000000000000|RICH|1|566|DISP=ACCEPT_INSTALL|DETAIL=requery
0000000000000000000000000000000000000000000000000000000000000000|0000000000000000000000000000000000000000000000000000000000000000|0|3|rt4_TMB-5_MAP_rq_0697.r24|2|1|RICH|566|0|2740|0000000000000000000000000000000000000000000000000000000000000000|RICH|1|566|DISP=ACCEPT_INSTALL|DETAIL=requery
0000000000000000000000000000000000000000000000000000000000000000|0000000000000000000000000000000000000000000000000000000000000000|0|3|rt4_TMB-5_MAP_rq_0698.r24|2|1|RICH|566|0|2750|0000000000000000000000000000000000000000000000000000000000000000|RICH|1|566|DISP=ACCEPT_INSTALL|DETAIL=requery
0000000000000000000000000000000000000000000000000000000000000000|0000000000000000000000000000000000000000000000000000000000000000|0|3|rt4_TMB-5_MAP_rq_0699.r24|2|1|RICH|566|0|2760|0000000000000000000000000000000000000000000000000000000000000000|RICH|1|566|DISP=ACCEPT_INSTALL|DETAIL=requery
0000000000000000000000000000000000000000000000000000000000000000|0000000000000000000000000000000000000000000000000000000000000000|0|3|rt4_TMB-5_MAP_rq_0700.r24|2|1|RICH|566|0|2770|0000000000000000000000000000000000000000000000000000000000000000|RICH|1|566|DISP=ACCEPT_INSTALL|DETAIL=requery
0000000000000000000000000000000000000000000000000000000000000000|0000000000000000000000000000000000000000000000000000000000000000|0|3|rt4_TMB-5_MAP_rq_0701.r24|2|1|RICH|566|0|2780|0000000000000000000000000000000000000000000000000000000000000000|RICH|1|566|DISP=ACCEPT_INSTALL|DETAIL=requery
0000000000000000000000000000000000000000000000000000000000000000|0000000000000000000000000000000000000000000000000000000000000000|0|3|rt4_TMB-5_MAP_rq_0702.r24|2|1|RICH|566|0|2790|0000000000000000000000000000000000000000000000000000000000000000|RICH|1|566|DISP=ACCEPT_INSTALL|DETAIL=requery
0000000000000000000000000000000000000000000000000000000000000000|0000000000000000000000000000000000000000000000000000000000000000|0|3|rt4_TMB-5_MAP_rq_0703.r24|2|1|RICH|566|0|2800|0000000000000000000000000000000000000000000000000000000000000000|RICH|1|566|DISP=ACCEPT_INSTALL|DETAIL=requery
0000000000000000000000000000000000000000000000000000000000000000|0000000000000000000000000000000000000000000000000000000000000000|0|3|rt4_TMB-5_MAP_rq_0704.r24|2|1|RICH|566|0|2810|0000000000000000000000000000000000000000000000000000000000000000|RICH|1|566|DISP=ACCEPT_INSTALL|DETAIL=requery
0000000000000000000000000000000000000000000000000000000000000000|0000000000000000000000000000000000000000000000000000000000000000|0|3|rt4_TMB-5_MAP_rq_0705.r24|2|1|RICH|566|0|2820|0000000000000000000000000000000000000000000000000000000000000000|RICH|1|566|DISP=ACCEPT_INSTALL|DETAIL=requery
0000000000000000000000000000000000000000000000000000000000000000|0000000000000000000000000000000000000000000000000000000000000000|0|3|rt4_TMB-5_MAP_rq_0706.r24|2|1|RICH|566|0|2830|0000000000000000000000000000000000000000000000000000000000000000|RICH|1|566|DISP=ACCEPT_INSTALL|DETAIL=requery
0000000000000000000000000000000000000000000000000000000000000000|0000000000000000000000000000000000000000000000000000000000000000|0|3|rt4_TMB-5_MAP_rq_0707.r24|2|1|RICH|566|0|2840|0000000000000000000000000000000000000000000000000000000000000000|RICH|1|566|DISP=ACCEPT_INSTALL|DETAIL=requery
0000000000000000000000000000000000000000000000000000000000000000|0000000000000000000000000000000000000000000000000000000000000000|0|3|rt4_TMB-5_MAP_rq_0708.r24|2|1|RICH|566|0|2850|0000000000000000000000000000000000000000000000000000000000000000|RICH|1|566|DISP=ACCEPT_INSTALL|DETAIL=requery
0000000000000000000000000000000000000000000000000000000000000000|0000000000000000000000000000000000000000000000000000000000000000|0|3|rt4_TMB-5_MAP_rq_0709.r24|2|1|RICH|566|0|2860|0000000000000000000000000000000000000000000000000000000000000000|RICH|1|566|DISP=ACCEPT_INSTALL|DETAIL=requery
0000000000000000000000000000000000000000000000000000000000000000|0000000000000000000000000000000000000000000000000000000000000000|0|3|rt4_TMB-5_MAP_rq_0710.r24|2|1|RICH|566|0|2870|0000000000000000000000000000000000000000000000000000000000000000|RICH|1|566|DISP=ACCEPT_INSTALL|DETAIL=requery
0000000000000000000000000000000000000000000000000000000000000000|0000000000000000000000000000000000000000000000000000000000000000|0|3|rt4_TMB-5_MAP_rq_0711.r24|2|1|RICH|566|0|2880|0000000000000000000000000000000000000000000000000000000000000000|RICH|1|566|DISP=ACCEPT_INSTALL|DETAIL=requery
0000000000000000000000000000000000000000000000000000000000000000|0000000000000000000000000000000000000000000000000000000000000000|0|3|rt4_TMB-5_MAP_rq_0712.r24|2|1|RICH|566|0|2890|0000000000000000000000000000000000000000000000000000000000000000|RICH|1|566|DISP=ACCEPT_INSTALL|DETAIL=requery
0000000000000000000000000000000000000000000000000000000000000000|0000000000000000000000000000000000000000000000000000000000000000|0|3|rt4_TMB-5_MAP_rq_0713.r24|2|1|RICH|566|0|2900|0000000000000000000000000000000000000000000000000000000000000000|RICH|1|566|DISP=ACCEPT_INSTALL|DETAIL=requery
0000000000000000000000000000000000000000000000000000000000000000|0000000000000000000000000000000000000000000000000000000000000000|0|3|rt4_TMB-5_MAP_rq_0714.r24|2|1|RICH|568|0|2400|0000000000000000000000000000000000000000000000000000000000000000|RICH|1|568|DISP=ACCEPT_INSTALL|DETAIL=requery
0000000000000000000000000000000000000000000000000000000000000000|0000000000000000000000000000000000000000000000000000000000000000|0|3|rt4_TMB-5_MAP_rq_0715.r24|2|1|RICH|568|0|2410|0000000000000000000000000000000000000000000000000000000000000000|RICH|1|568|DISP=ACCEPT_INSTALL|DETAIL=requery
0000000000000000000000000000000000000000000000000000000000000000|0000000000000000000000000000000000000000000000000000000000000000|0|3|rt4_TMB-5_MAP_rq_0716.r24|2|1|RICH|568|0|2420|0000000000000000000000000000000000000000000000000000000000000000|RICH|1|568|DISP=ACCEPT_INSTALL|DETAIL=requery
0000000000000000000000000000000000000000000000000000000000000000|0000000000000000000000000000000000000000000000000000000000000000|0|3|rt4_TMB-5_MAP_rq_0717.r24|2|1|RICH|568|0|2430|0000000000000000000000000000000000000000000000000000000000000000|RICH|1|568|DISP=ACCEPT_INSTALL|DETAIL=requery
0000000000000000000000000000000000000000000000000000000000000000|0000000000000000000000000000000000000000000000000000000000000000|0|3|rt4_TMB-5_MAP_rq_0718.r24|2|1|RICH|568|0|2440|0000000000000000000000000000000000000000000000000000000000000000|RICH|1|568|DISP=ACCEPT_INSTALL|DETAIL=requery
0000000000000000000000000000000000000000000000000000000000000000|0000000000000000000000000000000000000000000000000000000000000000|0|3|rt4_TMB-5_MAP_rq_0719.r24|2|1|RICH|568|0|2450|0000000000000000000000000000000000000000000000000000000000000000|RICH|1|568|DISP=ACCEPT_INSTALL|DETAIL=requery
0000000000000000000000000000000000000000000000000000000000000000|0000000000000000000000000000000000000000000000000000000000000000|0|3|rt4_TMB-5_MAP_rq_0720.r24|2|1|RICH|568|0|2460|0000000000000000000000000000000000000000000000000000000000000000|RICH|1|568|DISP=ACCEPT_INSTALL|DETAIL=requery
0000000000000000000000000000000000000000000000000000000000000000|0000000000000000000000000000000000000000000000000000000000000000|0|3|rt4_TMB-5_MAP_rq_0721.r24|2|1|RICH|568|0|2470|0000000000000000000000000000000000000000000000000000000000000000|RICH|1|568|DISP=ACCEPT_INSTALL|DETAIL=requery
0000000000000000000000000000000000000000000000000000000000000000|0000000000000000000000000000000000000000000000000000000000000000|0|3|rt4_TMB-5_MAP_rq_0722.r24|2|1|RICH|568|0|2480|0000000000000000000000000000000000000000000000000000000000000000|RICH|1|568|DISP=ACCEPT_INSTALL|DETAIL=requery
0000000000000000000000000000000000000000000000000000000000000000|0000000000000000000000000000000000000000000000000000000000000000|0|3|rt4_TMB-5_MAP_rq_0723.r24|2|1|RICH|568|0|2490|0000000000000000000000000000000000000000000000000000000000000000|RICH|1|568|DISP=ACCEPT_INSTALL|DETAIL=requery
0000000000000000000000000000000000000000000000000000000000000000|0000000000000000000000000000000000000000000000000000000000000000|0|3|rt4_TMB-5_MAP_rq_0724.r24|2|1|RICH|568|0|2500|0000000000000000000000000000000000000000000000000000000000000000|RICH|1|568|DISP=ACCEPT_INSTALL|DETAIL=requery
0000000000000000000000000000000000000000000000000000000000000000|0000000000000000000000000000000000000000000000000000000000000000|0|3|rt4_TMB-5_MAP_rq_0725.r24|2|1|RICH|568|0|2510|0000000000000000000000000000000000000000000000000000000000000000|RICH|1|568|DISP=ACCEPT_INSTALL|DETAIL=requery
0000000000000000000000000000000000000000000000000000000000000000|0000000000000000000000000000000000000000000000000000000000000000|0|3|rt4_TMB-5_MAP_rq_0726.r24|2|1|RICH|568|0|2520|0000000000000000000000000000000000000000000000000000000000000000|RICH|1|568|DISP=ACCEPT_INSTALL|DETAIL=requery
0000000000000000000000000000000000000000000000000000000000000000|0000000000000000000000000000000000000000000000000000000000000000|0|3|rt4_TMB-5_MAP_rq_0727.r24|2|1|RICH|568|0|2530|0000000000000000000000000000000000000000000000000000000000000000|RICH|1|568|DISP=ACCEPT_INSTALL|DETAIL=requery
0000000000000000000000000000000000000000000000000000000000000000|0000000000000000000000000000000000000000000000000000000000000000|0|3|rt4_TMB-5_MAP_rq_0728.r24|2|1|RICH|568|0|2540|0000000000000000000000000000000000000000000000000000000000000000|RICH|1|568|DISP=ACCEPT_INSTALL|DETAIL=requery
0000000000000000000000000000000000000000000000000000000000000000|0000000000000000000000000000000000000000000000000000000000000000|0|3|rt4_TMB-5_MAP_rq_0729.r24|2|1|RICH|568|0|2550|0000000000000000000000000000000000000000000000000000000000000000|RICH|1|568|DISP=ACCEPT_INSTALL|DETAIL=requery
0000000000000000000000000000000000000000000000000000000000000000|0000000000000000000000000000000000000000000000000000000000000000|0|3|rt4_TMB-5_MAP_rq_0730.r24|2|1|RICH|568|0|2560|0000000000000000000000000000000000000000000000000000000000000000|RICH|1|568|DISP=ACCEPT_INSTALL|DETAIL=requery
0000000000000000000000000000000000000000000000000000000000000000|0000000000000000000000000000000000000000000000000000000000000000|0|3|rt4_TMB-5_MAP_rq_0731.r24|2|1|RICH|568|0|2570|0000000000000000000000000000000000000000000000000000000000000000|RICH|1|568|DISP=ACCEPT_INSTALL|DETAIL=requery
0000000000000000000000000000000000000000000000000000000000000000|0000000000000000000000000000000000000000000000000000000000000000|0|3|rt4_TMB-5_MAP_rq_0732.r24|2|1|RICH|568|0|2580|0000000000000000000000000000000000000000000000000000000000000000|RICH|1|568|DISP=ACCEPT_INSTALL|DETAIL=requery
0000000000000000000000000000000000000000000000000000000000000000|0000000000000000000000000000000000000000000000000000000000000000|0|3|rt4_TMB-5_MAP_rq_0733.r24|2|1|RICH|568|0|2590|0000000000000000000000000000000000000000000000000000000000000000|RICH|1|568|DISP=ACCEPT_INSTALL|DETAIL=requery
0000000000000000000000000000000000000000000000000000000000000000|0000000000000000000000000000000000000000000000000000000000000000|0|3|rt4_TMB-5_MAP_rq_0734.r24|2|1|RICH|568|0|2600|0000000000000000000000000000000000000000000000000000000000000000|RICH|1|568|DISP=ACCEPT_INSTALL|DETAIL=requery
0000000000000000000000000000000000000000000000000000000000000000|0000000000000000000000000000000000000000000000000000000000000000|0|3|rt4_TMB-5_MAP_rq_0735.r24|2|1|RICH|568|0|2610|0000000000000000000000000000000000000000000000000000000000000000|RICH|1|568|DISP=ACCEPT_INSTALL|DETAIL=requery
0000000000000000000000000000000000000000000000000000000000000000|0000000000000000000000000000000000000000000000000000000000000000|0|3|rt4_TMB-5_MAP_rq_0736.r24|2|1|RICH|568|0|2620|0000000000000000000000000000000000000000000000000000000000000000|RICH|1|568|DISP=ACCEPT_INSTALL|DETAIL=requery
0000000000000000000000000000000000000000000000000000000000000000|0000000000000000000000000000000000000000000000000000000000000000|0|3|rt4_TMB-5_MAP_rq_0737.r24|2|1|RICH|568|0|2630|0000000000000000000000000000000000000000000000000000000000000000|RICH|1|568|DISP=ACCEPT_INSTALL|DETAIL=requery
0000000000000000000000000000000000000000000000000000000000000000|0000000000000000000000000000000000000000000000000000000000000000|0|3|rt4_TMB-5_MAP_rq_0738.r24|2|1|RICH|568|0|2640|0000000000000000000000000000000000000000000000000000000000000000|RICH|1|568|DISP=ACCEPT_INSTALL|DETAIL=requery
0000000000000000000000000000000000000000000000000000000000000000|0000000000000000000000000000000000000000000000000000000000000000|0|3|rt4_TMB-5_MAP_rq_0739.r24|2|1|RICH|568|0|2650|0000000000000000000000000000000000000000000000000000000000000000|RICH|1|568|DISP=ACCEPT_INSTALL|DETAIL=requery
0000000000000000000000000000000000000000000000000000000000000000|0000000000000000000000000000000000000000000000000000000000000000|0|3|rt4_TMB-5_MAP_rq_0740.r24|2|1|RICH|568|0|2660|0000000000000000000000000000000000000000000000000000000000000000|RICH|1|568|DISP=ACCEPT_INSTALL|DETAIL=requery
0000000000000000000000000000000000000000000000000000000000000000|0000000000000000000000000000000000000000000000000000000000000000|0|3|rt4_TMB-5_MAP_rq_0741.r24|2|1|RICH|568|0|2670|0000000000000000000000000000000000000000000000000000000000000000|RICH|1|568|DISP=ACCEPT_INSTALL|DETAIL=requery
0000000000000000000000000000000000000000000000000000000000000000|0000000000000000000000000000000000000000000000000000000000000000|0|3|rt4_TMB-5_MAP_rq_0742.r24|2|1|RICH|568|0|2680|0000000000000000000000000000000000000000000000000000000000000000|RICH|1|568|DISP=ACCEPT_INSTALL|DETAIL=requery
0000000000000000000000000000000000000000000000000000000000000000|0000000000000000000000000000000000000000000000000000000000000000|0|3|rt4_TMB-5_MAP_rq_0743.r24|2|1|RICH|568|0|2690|0000000000000000000000000000000000000000000000000000000000000000|RICH|1|568|DISP=ACCEPT_INSTALL|DETAIL=requery
0000000000000000000000000000000000000000000000000000000000000000|0000000000000000000000000000000000000000000000000000000000000000|0|3|rt4_TMB-5_MAP_rq_0744.r24|2|1|RICH|568|0|2700|0000000000000000000000000000000000000000000000000000000000000000|RICH|1|568|DISP=ACCEPT_INSTALL|DETAIL=requery
0000000000000000000000000000000000000000000000000000000000000000|0000000000000000000000000000000000000000000000000000000000000000|0|3|rt4_TMB-5_MAP_rq_0745.r24|2|1|RICH|568|0|2710|0000000000000000000000000000000000000000000000000000000000000000|RICH|1|568|DISP=ACCEPT_INSTALL|DETAIL=requery
0000000000000000000000000000000000000000000000000000000000000000|0000000000000000000000000000000000000000000000000000000000000000|0|3|rt4_TMB-5_MAP_rq_0746.r24|2|1|RICH|568|0|2720|0000000000000000000000000000000000000000000000000000000000000000|RICH|1|568|DISP=ACCEPT_INSTALL|DETAIL=requery
0000000000000000000000000000000000000000000000000000000000000000|0000000000000000000000000000000000000000000000000000000000000000|0|3|rt4_TMB-5_MAP_rq_0747.r24|2|1|RICH|568|0|2730|0000000000000000000000000000000000000000000000000000000000000000|RICH|1|568|DISP=ACCEPT_INSTALL|DETAIL=requery
0000000000000000000000000000000000000000000000000000000000000000|0000000000000000000000000000000000000000000000000000000000000000|0|3|rt4_TMB-5_MAP_rq_0748.r24|2|1|RICH|568|0|2740|0000000000000000000000000000000000000000000000000000000000000000|RICH|1|568|DISP=ACCEPT_INSTALL|DETAIL=requery
0000000000000000000000000000000000000000000000000000000000000000|0000000000000000000000000000000000000000000000000000000000000000|0|3|rt4_TMB-5_MAP_rq_0749.r24|2|1|RICH|568|0|2750|0000000000000000000000000000000000000000000000000000000000000000|RICH|1|568|DISP=ACCEPT_INSTALL|DETAIL=requery
0000000000000000000000000000000000000000000000000000000000000000|0000000000000000000000000000000000000000000000000000000000000000|0|3|rt4_TMB-5_MAP_rq_0750.r24|2|1|RICH|568|0|2760|0000000000000000000000000000000000000000000000000000000000000000|RICH|1|568|DISP=ACCEPT_INSTALL|DETAIL=requery
0000000000000000000000000000000000000000000000000000000000000000|0000000000000000000000000000000000000000000000000000000000000000|0|3|rt4_TMB-5_MAP_rq_0751.r24|2|1|RICH|568|0|2770|0000000000000000000000000000000000000000000000000000000000000000|RICH|1|568|DISP=ACCEPT_INSTALL|DETAIL=requery
0000000000000000000000000000000000000000000000000000000000000000|0000000000000000000000000000000000000000000000000000000000000000|0|3|rt4_TMB-5_MAP_rq_0752.r24|2|1|RICH|568|0|2780|0000000000000000000000000000000000000000000000000000000000000000|RICH|1|568|DISP=ACCEPT_INSTALL|DETAIL=requery
0000000000000000000000000000000000000000000000000000000000000000|0000000000000000000000000000000000000000000000000000000000000000|0|3|rt4_TMB-5_MAP_rq_0753.r24|2|1|RICH|568|0|2790|0000000000000000000000000000000000000000000000000000000000000000|RICH|1|568|DISP=ACCEPT_INSTALL|DETAIL=requery
0000000000000000000000000000000000000000000000000000000000000000|0000000000000000000000000000000000000000000000000000000000000000|0|3|rt4_TMB-5_MAP_rq_0754.r24|2|1|RICH|568|0|2800|0000000000000000000000000000000000000000000000000000000000000000|RICH|1|568|DISP=ACCEPT_INSTALL|DETAIL=requery
0000000000000000000000000000000000000000000000000000000000000000|0000000000000000000000000000000000000000000000000000000000000000|0|3|rt4_TMB-5_MAP_rq_0755.r24|2|1|RICH|568|0|2810|0000000000000000000000000000000000000000000000000000000000000000|RICH|1|568|DISP=ACCEPT_INSTALL|DETAIL=requery
0000000000000000000000000000000000000000000000000000000000000000|0000000000000000000000000000000000000000000000000000000000000000|0|3|rt4_TMB-5_MAP_rq_0756.r24|2|1|RICH|568|0|2820|0000000000000000000000000000000000000000000000000000000000000000|RICH|1|568|DISP=ACCEPT_INSTALL|DETAIL=requery
0000000000000000000000000000000000000000000000000000000000000000|0000000000000000000000000000000000000000000000000000000000000000|0|3|rt4_TMB-5_MAP_rq_0757.r24|2|1|RICH|568|0|2830|0000000000000000000000000000000000000000000000000000000000000000|RICH|1|568|DISP=ACCEPT_INSTALL|DETAIL=requery
0000000000000000000000000000000000000000000000000000000000000000|0000000000000000000000000000000000000000000000000000000000000000|0|3|rt4_TMB-5_MAP_rq_0758.r24|2|1|RICH|568|0|2840|0000000000000000000000000000000000000000000000000000000000000000|RICH|1|568|DISP=ACCEPT_INSTALL|DETAIL=requery
0000000000000000000000000000000000000000000000000000000000000000|0000000000000000000000000000000000000000000000000000000000000000|0|3|rt4_TMB-5_MAP_rq_0759.r24|2|1|RICH|568|0|2850|0000000000000000000000000000000000000000000000000000000000000000|RICH|1|568|DISP=ACCEPT_INSTALL|DETAIL=requery
0000000000000000000000000000000000000000000000000000000000000000|0000000000000000000000000000000000000000000000000000000000000000|0|3|rt4_TMB-5_MAP_rq_0760.r24|2|1|RICH|568|0|2860|0000000000000000000000000000000000000000000000000000000000000000|RICH|1|568|DISP=ACCEPT_INSTALL|DETAIL=requery
0000000000000000000000000000000000000000000000000000000000000000|0000000000000000000000000000000000000000000000000000000000000000|0|3|rt4_TMB-5_MAP_rq_0761.r24|2|1|RICH|568|0|2870|0000000000000000000000000000000000000000000000000000000000000000|RICH|1|568|DISP=ACCEPT_INSTALL|DETAIL=requery
0000000000000000000000000000000000000000000000000000000000000000|0000000000000000000000000000000000000000000000000000000000000000|0|3|rt4_TMB-5_MAP_rq_0762.r24|2|1|RICH|568|0|2880|0000000000000000000000000000000000000000000000000000000000000000|RICH|1|568|DISP=ACCEPT_INSTALL|DETAIL=requery
0000000000000000000000000000000000000000000000000000000000000000|0000000000000000000000000000000000000000000000000000000000000000|0|3|rt4_TMB-5_MAP_rq_0763.r24|2|1|RICH|568|0|2890|0000000000000000000000000000000000000000000000000000000000000000|RICH|1|568|DISP=ACCEPT_INSTALL|DETAIL=requery
0000000000000000000000000000000000000000000000000000000000000000|0000000000000000000000000000000000000000000000000000000000000000|0|3|rt4_TMB-5_MAP_rq_0764.r24|2|1|RICH|568|0|2900|0000000000000000000000000000000000000000000000000000000000000000|RICH|1|568|DISP=ACCEPT_INSTALL|DETAIL=requery
0000000000000000000000000000000000000000000000000000000000000000|0000000000000000000000000000000000000000000000000000000000000000|0|3|rt4_TMB-5_MAP_rq_0765.r24|2|1|RICH|570|0|2400|0000000000000000000000000000000000000000000000000000000000000000|RICH|1|570|DISP=ACCEPT_INSTALL|DETAIL=requery
0000000000000000000000000000000000000000000000000000000000000000|0000000000000000000000000000000000000000000000000000000000000000|0|3|rt4_TMB-5_MAP_rq_0766.r24|2|1|RICH|570|0|2410|0000000000000000000000000000000000000000000000000000000000000000|RICH|1|570|DISP=ACCEPT_INSTALL|DETAIL=requery
0000000000000000000000000000000000000000000000000000000000000000|0000000000000000000000000000000000000000000000000000000000000000|0|3|rt4_TMB-5_MAP_rq_0767.r24|2|1|RICH|570|0|2420|0000000000000000000000000000000000000000000000000000000000000000|RICH|1|570|DISP=ACCEPT_INSTALL|DETAIL=requery
0000000000000000000000000000000000000000000000000000000000000000|0000000000000000000000000000000000000000000000000000000000000000|0|3|rt4_TMB-5_MAP_rq_0768.r24|2|1|RICH|570|0|2430|0000000000000000000000000000000000000000000000000000000000000000|RICH|1|570|DISP=ACCEPT_INSTALL|DETAIL=requery
0000000000000000000000000000000000000000000000000000000000000000|0000000000000000000000000000000000000000000000000000000000000000|0|3|rt4_TMB-5_MAP_rq_0769.r24|2|1|RICH|570|0|2440|0000000000000000000000000000000000000000000000000000000000000000|RICH|1|570|DISP=ACCEPT_INSTALL|DETAIL=requery
0000000000000000000000000000000000000000000000000000000000000000|0000000000000000000000000000000000000000000000000000000000000000|0|3|rt4_TMB-5_MAP_rq_0770.r24|2|1|RICH|570|0|2450|0000000000000000000000000000000000000000000000000000000000000000|RICH|1|570|DISP=ACCEPT_INSTALL|DETAIL=requery
0000000000000000000000000000000000000000000000000000000000000000|0000000000000000000000000000000000000000000000000000000000000000|0|3|rt4_TMB-5_MAP_rq_0771.r24|2|1|RICH|570|0|2460|0000000000000000000000000000000000000000000000000000000000000000|RICH|1|570|DISP=ACCEPT_INSTALL|DETAIL=requery
0000000000000000000000000000000000000000000000000000000000000000|0000000000000000000000000000000000000000000000000000000000000000|0|3|rt4_TMB-5_MAP_rq_0772.r24|2|1|RICH|570|0|2470|0000000000000000000000000000000000000000000000000000000000000000|RICH|1|570|DISP=ACCEPT_INSTALL|DETAIL=requery
0000000000000000000000000000000000000000000000000000000000000000|0000000000000000000000000000000000000000000000000000000000000000|0|3|rt4_TMB-5_MAP_rq_0773.r24|2|1|RICH|570|0|2480|0000000000000000000000000000000000000000000000000000000000000000|RICH|1|570|DISP=ACCEPT_INSTALL|DETAIL=requery
0000000000000000000000000000000000000000000000000000000000000000|0000000000000000000000000000000000000000000000000000000000000000|0|3|rt4_TMB-5_MAP_rq_0774.r24|2|1|RICH|570|0|2490|0000000000000000000000000000000000000000000000000000000000000000|RICH|1|570|DISP=ACCEPT_INSTALL|DETAIL=requery
0000000000000000000000000000000000000000000000000000000000000000|0000000000000000000000000000000000000000000000000000000000000000|0|3|rt4_TMB-5_MAP_rq_0775.r24|2|1|RICH|570|0|2500|0000000000000000000000000000000000000000000000000000000000000000|RICH|1|570|DISP=ACCEPT_INSTALL|DETAIL=requery
0000000000000000000000000000000000000000000000000000000000000000|0000000000000000000000000000000000000000000000000000000000000000|0|3|rt4_TMB-5_MAP_rq_0776.r24|2|1|RICH|570|0|2510|0000000000000000000000000000000000000000000000000000000000000000|RICH|1|570|DISP=ACCEPT_INSTALL|DETAIL=requery
0000000000000000000000000000000000000000000000000000000000000000|0000000000000000000000000000000000000000000000000000000000000000|0|3|rt4_TMB-5_MAP_rq_0777.r24|2|1|RICH|570|0|2520|0000000000000000000000000000000000000000000000000000000000000000|RICH|1|570|DISP=ACCEPT_INSTALL|DETAIL=requery
0000000000000000000000000000000000000000000000000000000000000000|0000000000000000000000000000000000000000000000000000000000000000|0|3|rt4_TMB-5_MAP_rq_0778.r24|2|1|RICH|570|0|2530|0000000000000000000000000000000000000000000000000000000000000000|RICH|1|570|DISP=ACCEPT_INSTALL|DETAIL=requery
0000000000000000000000000000000000000000000000000000000000000000|0000000000000000000000000000000000000000000000000000000000000000|0|3|rt4_TMB-5_MAP_rq_0779.r24|2|1|RICH|570|0|2540|0000000000000000000000000000000000000000000000000000000000000000|RICH|1|570|DISP=ACCEPT_INSTALL|DETAIL=requery
0000000000000000000000000000000000000000000000000000000000000000|0000000000000000000000000000000000000000000000000000000000000000|0|3|rt4_TMB-5_MAP_rq_0780.r24|2|1|RICH|570|0|2550|0000000000000000000000000000000000000000000000000000000000000000|RICH|1|570|DISP=ACCEPT_INSTALL|DETAIL=requery
0000000000000000000000000000000000000000000000000000000000000000|0000000000000000000000000000000000000000000000000000000000000000|0|3|rt4_TMB-5_MAP_rq_0781.r24|2|1|RICH|570|0|2560|0000000000000000000000000000000000000000000000000000000000000000|RICH|1|570|DISP=ACCEPT_INSTALL|DETAIL=requery
0000000000000000000000000000000000000000000000000000000000000000|0000000000000000000000000000000000000000000000000000000000000000|0|3|rt4_TMB-5_MAP_rq_0782.r24|2|1|RICH|570|0|2570|0000000000000000000000000000000000000000000000000000000000000000|RICH|1|570|DISP=ACCEPT_INSTALL|DETAIL=requery
0000000000000000000000000000000000000000000000000000000000000000|0000000000000000000000000000000000000000000000000000000000000000|0|3|rt4_TMB-5_MAP_rq_0783.r24|2|1|RICH|570|0|2580|0000000000000000000000000000000000000000000000000000000000000000|RICH|1|570|DISP=ACCEPT_INSTALL|DETAIL=requery
0000000000000000000000000000000000000000000000000000000000000000|0000000000000000000000000000000000000000000000000000000000000000|0|3|rt4_TMB-5_MAP_rq_0784.r24|2|1|RICH|570|0|2590|0000000000000000000000000000000000000000000000000000000000000000|RICH|1|570|DISP=ACCEPT_INSTALL|DETAIL=requery
0000000000000000000000000000000000000000000000000000000000000000|0000000000000000000000000000000000000000000000000000000000000000|0|3|rt4_TMB-5_MAP_rq_0785.r24|2|1|RICH|570|0|2600|0000000000000000000000000000000000000000000000000000000000000000|RICH|1|570|DISP=ACCEPT_INSTALL|DETAIL=requery
0000000000000000000000000000000000000000000000000000000000000000|0000000000000000000000000000000000000000000000000000000000000000|0|3|rt4_TMB-5_MAP_rq_0786.r24|2|1|RICH|570|0|2610|0000000000000000000000000000000000000000000000000000000000000000|RICH|1|570|DISP=ACCEPT_INSTALL|DETAIL=requery
0000000000000000000000000000000000000000000000000000000000000000|0000000000000000000000000000000000000000000000000000000000000000|0|3|rt4_TMB-5_MAP_rq_0787.r24|2|1|RICH|570|0|2620|0000000000000000000000000000000000000000000000000000000000000000|RICH|1|570|DISP=ACCEPT_INSTALL|DETAIL=requery
0000000000000000000000000000000000000000000000000000000000000000|0000000000000000000000000000000000000000000000000000000000000000|0|3|rt4_TMB-5_MAP_rq_0788.r24|2|1|RICH|570|0|2630|0000000000000000000000000000000000000000000000000000000000000000|RICH|1|570|DISP=ACCEPT_INSTALL|DETAIL=requery
0000000000000000000000000000000000000000000000000000000000000000|0000000000000000000000000000000000000000000000000000000000000000|0|3|rt4_TMB-5_MAP_rq_0789.r24|2|1|RICH|570|0|2640|0000000000000000000000000000000000000000000000000000000000000000|RICH|1|570|DISP=ACCEPT_INSTALL|DETAIL=requery
0000000000000000000000000000000000000000000000000000000000000000|0000000000000000000000000000000000000000000000000000000000000000|0|3|rt4_TMB-5_MAP_rq_0790.r24|2|1|RICH|570|0|2650|0000000000000000000000000000000000000000000000000000000000000000|RICH|1|570|DISP=ACCEPT_INSTALL|DETAIL=requery
0000000000000000000000000000000000000000000000000000000000000000|0000000000000000000000000000000000000000000000000000000000000000|0|3|rt4_TMB-5_MAP_rq_0791.r24|2|1|RICH|570|0|2660|0000000000000000000000000000000000000000000000000000000000000000|RICH|1|570|DISP=ACCEPT_INSTALL|DETAIL=requery
0000000000000000000000000000000000000000000000000000000000000000|0000000000000000000000000000000000000000000000000000000000000000|0|3|rt4_TMB-5_MAP_rq_0792.r24|2|1|RICH|570|0|2670|0000000000000000000000000000000000000000000000000000000000000000|RICH|1|570|DISP=ACCEPT_INSTALL|DETAIL=requery
0000000000000000000000000000000000000000000000000000000000000000|0000000000000000000000000000000000000000000000000000000000000000|0|3|rt4_TMB-5_MAP_rq_0793.r24|2|1|RICH|570|0|2680|0000000000000000000000000000000000000000000000000000000000000000|RICH|1|570|DISP=ACCEPT_INSTALL|DETAIL=requery
0000000000000000000000000000000000000000000000000000000000000000|0000000000000000000000000000000000000000000000000000000000000000|0|3|rt4_TMB-5_MAP_rq_0794.r24|2|1|RICH|570|0|2690|0000000000000000000000000000000000000000000000000000000000000000|RICH|1|570|DISP=ACCEPT_INSTALL|DETAIL=requery
0000000000000000000000000000000000000000000000000000000000000000|0000000000000000000000000000000000000000000000000000000000000000|0|3|rt4_TMB-5_MAP_rq_0795.r24|2|1|RICH|570|0|2700|0000000000000000000000000000000000000000000000000000000000000000|RICH|1|570|DISP=ACCEPT_INSTALL|DETAIL=requery
0000000000000000000000000000000000000000000000000000000000000000|0000000000000000000000000000000000000000000000000000000000000000|0|3|rt4_TMB-5_MAP_rq_0796.r24|2|1|RICH|570|0|2710|0000000000000000000000000000000000000000000000000000000000000000|RICH|1|570|DISP=ACCEPT_INSTALL|DETAIL=requery
0000000000000000000000000000000000000000000000000000000000000000|0000000000000000000000000000000000000000000000000000000000000000|0|3|rt4_TMB-5_MAP_rq_0797.r24|2|1|RICH|570|0|2720|0000000000000000000000000000000000000000000000000000000000000000|RICH|1|570|DISP=ACCEPT_INSTALL|DETAIL=requery
0000000000000000000000000000000000000000000000000000000000000000|0000000000000000000000000000000000000000000000000000000000000000|0|3|rt4_TMB-5_MAP_rq_0798.r24|2|1|RICH|570|0|2730|0000000000000000000000000000000000000000000000000000000000000000|RICH|1|570|DISP=ACCEPT_INSTALL|DETAIL=requery
0000000000000000000000000000000000000000000000000000000000000000|0000000000000000000000000000000000000000000000000000000000000000|0|3|rt4_TMB-5_MAP_rq_0799.r24|2|1|RICH|570|0|2740|0000000000000000000000000000000000000000000000000000000000000000|RICH|1|570|DISP=ACCEPT_INSTALL|DETAIL=requery
0000000000000000000000000000000000000000000000000000000000000000|0000000000000000000000000000000000000000000000000000000000000000|0|3|rt4_TMB-5_MAP_rq_0800.r24|2|1|RICH|570|0|2750|0000000000000000000000000000000000000000000000000000000000000000|RICH|1|570|DISP=ACCEPT_INSTALL|DETAIL=requery
0000000000000000000000000000000000000000000000000000000000000000|0000000000000000000000000000000000000000000000000000000000000000|0|3|rt4_TMB-5_MAP_rq_0801.r24|2|1|RICH|570|0|2760|0000000000000000000000000000000000000000000000000000000000000000|RICH|1|570|DISP=ACCEPT_INSTALL|DETAIL=requery
0000000000000000000000000000000000000000000000000000000000000000|0000000000000000000000000000000000000000000000000000000000000000|0|3|rt4_TMB-5_MAP_rq_0802.r24|2|1|RICH|570|0|2770|0000000000000000000000000000000000000000000000000000000000000000|RICH|1|570|DISP=ACCEPT_INSTALL|DETAIL=requery
0000000000000000000000000000000000000000000000000000000000000000|0000000000000000000000000000000000000000000000000000000000000000|0|3|rt4_TMB-5_MAP_rq_0803.r24|2|1|RICH|570|0|2780|0000000000000000000000000000000000000000000000000000000000000000|RICH|1|570|DISP=ACCEPT_INSTALL|DETAIL=requery
0000000000000000000000000000000000000000000000000000000000000000|0000000000000000000000000000000000000000000000000000000000000000|0|3|rt4_TMB-5_MAP_rq_0804.r24|2|1|RICH|570|0|2790|0000000000000000000000000000000000000000000000000000000000000000|RICH|1|570|DISP=ACCEPT_INSTALL|DETAIL=requery
0000000000000000000000000000000000000000000000000000000000000000|0000000000000000000000000000000000000000000000000000000000000000|0|3|rt4_TMB-5_MAP_rq_0805.r24|2|1|RICH|570|0|2800|0000000000000000000000000000000000000000000000000000000000000000|RICH|1|570|DISP=ACCEPT_INSTALL|DETAIL=requery
0000000000000000000000000000000000000000000000000000000000000000|0000000000000000000000000000000000000000000000000000000000000000|0|3|rt4_TMB-5_MAP_rq_0806.r24|2|1|RICH|570|0|2810|0000000000000000000000000000000000000000000000000000000000000000|RICH|1|570|DISP=ACCEPT_INSTALL|DETAIL=requery
0000000000000000000000000000000000000000000000000000000000000000|0000000000000000000000000000000000000000000000000000000000000000|0|3|rt4_TMB-5_MAP_rq_0807.r24|2|1|RICH|570|0|2820|0000000000000000000000000000000000000000000000000000000000000000|RICH|1|570|DISP=ACCEPT_INSTALL|DETAIL=requery
0000000000000000000000000000000000000000000000000000000000000000|0000000000000000000000000000000000000000000000000000000000000000|0|3|rt4_TMB-5_MAP_rq_0808.r24|2|1|RICH|570|0|2830|0000000000000000000000000000000000000000000000000000000000000000|RICH|1|570|DISP=ACCEPT_INSTALL|DETAIL=requery
0000000000000000000000000000000000000000000000000000000000000000|0000000000000000000000000000000000000000000000000000000000000000|0|3|rt4_TMB-5_MAP_rq_0809.r24|2|1|RICH|570|0|2840|0000000000000000000000000000000000000000000000000000000000000000|RICH|1|570|DISP=ACCEPT_INSTALL|DETAIL=requery
0000000000000000000000000000000000000000000000000000000000000000|0000000000000000000000000000000000000000000000000000000000000000|0|3|rt4_TMB-5_MAP_rq_0810.r24|2|1|RICH|570|0|2850|0000000000000000000000000000000000000000000000000000000000000000|RICH|1|570|DISP=ACCEPT_INSTALL|DETAIL=requery
0000000000000000000000000000000000000000000000000000000000000000|0000000000000000000000000000000000000000000000000000000000000000|0|3|rt4_TMB-5_MAP_rq_0811.r24|2|1|RICH|570|0|2860|0000000000000000000000000000000000000000000000000000000000000000|RICH|1|570|DISP=ACCEPT_INSTALL|DETAIL=requery
0000000000000000000000000000000000000000000000000000000000000000|0000000000000000000000000000000000000000000000000000000000000000|0|3|rt4_TMB-5_MAP_rq_0812.r24|2|1|RICH|570|0|2870|0000000000000000000000000000000000000000000000000000000000000000|RICH|1|570|DISP=ACCEPT_INSTALL|DETAIL=requery
0000000000000000000000000000000000000000000000000000000000000000|0000000000000000000000000000000000000000000000000000000000000000|0|3|rt4_TMB-5_MAP_rq_0813.r24|2|1|RICH|570|0|2880|0000000000000000000000000000000000000000000000000000000000000000|RICH|1|570|DISP=ACCEPT_INSTALL|DETAIL=requery
0000000000000000000000000000000000000000000000000000000000000000|0000000000000000000000000000000000000000000000000000000000000000|0|3|rt4_TMB-5_MAP_rq_0814.r24|2|1|RICH|570|0|2890|0000000000000000000000000000000000000000000000000000000000000000|RICH|1|570|DISP=ACCEPT_INSTALL|DETAIL=requery
0000000000000000000000000000000000000000000000000000000000000000|0000000000000000000000000000000000000000000000000000000000000000|0|3|rt4_TMB-5_MAP_rq_0815.r24|2|1|RICH|570|0|2900|0000000000000000000000000000000000000000000000000000000000000000|RICH|1|570|DISP=ACCEPT_INSTALL|DETAIL=requery
0000000000000000000000000000000000000000000000000000000000000000|0000000000000000000000000000000000000000000000000000000000000000|0|3|rt4_TMB-5_MAP_rq_0816.r24|2|1|RICH|572|0|2400|0000000000000000000000000000000000000000000000000000000000000000|RICH|1|572|DISP=ACCEPT_INSTALL|DETAIL=requery
0000000000000000000000000000000000000000000000000000000000000000|0000000000000000000000000000000000000000000000000000000000000000|0|3|rt4_TMB-5_MAP_rq_0817.r24|2|1|RICH|572|0|2410|0000000000000000000000000000000000000000000000000000000000000000|RICH|1|572|DISP=ACCEPT_INSTALL|DETAIL=requery
0000000000000000000000000000000000000000000000000000000000000000|0000000000000000000000000000000000000000000000000000000000000000|0|3|rt4_TMB-5_MAP_rq_0818.r24|2|1|RICH|572|0|2420|0000000000000000000000000000000000000000000000000000000000000000|RICH|1|572|DISP=ACCEPT_INSTALL|DETAIL=requery
0000000000000000000000000000000000000000000000000000000000000000|0000000000000000000000000000000000000000000000000000000000000000|0|3|rt4_TMB-5_MAP_rq_0819.r24|2|1|RICH|572|0|2430|0000000000000000000000000000000000000000000000000000000000000000|RICH|1|572|DISP=ACCEPT_INSTALL|DETAIL=requery
0000000000000000000000000000000000000000000000000000000000000000|0000000000000000000000000000000000000000000000000000000000000000|0|3|rt4_TMB-5_MAP_rq_0820.r24|2|1|RICH|572|0|2440|0000000000000000000000000000000000000000000000000000000000000000|RICH|1|572|DISP=ACCEPT_INSTALL|DETAIL=requery
0000000000000000000000000000000000000000000000000000000000000000|0000000000000000000000000000000000000000000000000000000000000000|0|3|rt4_TMB-5_MAP_rq_0821.r24|2|1|RICH|572|0|2450|0000000000000000000000000000000000000000000000000000000000000000|RICH|1|572|DISP=ACCEPT_INSTALL|DETAIL=requery
0000000000000000000000000000000000000000000000000000000000000000|0000000000000000000000000000000000000000000000000000000000000000|0|3|rt4_TMB-5_MAP_rq_0822.r24|2|1|RICH|572|0|2460|0000000000000000000000000000000000000000000000000000000000000000|RICH|1|572|DISP=ACCEPT_INSTALL|DETAIL=requery
0000000000000000000000000000000000000000000000000000000000000000|0000000000000000000000000000000000000000000000000000000000000000|0|3|rt4_TMB-5_MAP_rq_0823.r24|2|1|RICH|572|0|2470|0000000000000000000000000000000000000000000000000000000000000000|RICH|1|572|DISP=ACCEPT_INSTALL|DETAIL=requery
0000000000000000000000000000000000000000000000000000000000000000|0000000000000000000000000000000000000000000000000000000000000000|0|3|rt4_TMB-5_MAP_rq_0824.r24|2|1|RICH|572|0|2480|0000000000000000000000000000000000000000000000000000000000000000|RICH|1|572|DISP=ACCEPT_INSTALL|DETAIL=requery
0000000000000000000000000000000000000000000000000000000000000000|0000000000000000000000000000000000000000000000000000000000000000|0|3|rt4_TMB-5_MAP_rq_0825.r24|2|1|RICH|572|0|2490|0000000000000000000000000000000000000000000000000000000000000000|RICH|1|572|DISP=ACCEPT_INSTALL|DETAIL=requery
0000000000000000000000000000000000000000000000000000000000000000|0000000000000000000000000000000000000000000000000000000000000000|0|3|rt4_TMB-5_MAP_rq_0826.r24|2|1|RICH|572|0|2500|0000000000000000000000000000000000000000000000000000000000000000|RICH|1|572|DISP=ACCEPT_INSTALL|DETAIL=requery
0000000000000000000000000000000000000000000000000000000000000000|0000000000000000000000000000000000000000000000000000000000000000|0|3|rt4_TMB-5_MAP_rq_0827.r24|2|1|RICH|572|0|2510|0000000000000000000000000000000000000000000000000000000000000000|RICH|1|572|DISP=ACCEPT_INSTALL|DETAIL=requery
0000000000000000000000000000000000000000000000000000000000000000|0000000000000000000000000000000000000000000000000000000000000000|0|3|rt4_TMB-5_MAP_rq_0828.r24|2|1|RICH|572|0|2520|0000000000000000000000000000000000000000000000000000000000000000|RICH|1|572|DISP=ACCEPT_INSTALL|DETAIL=requery
0000000000000000000000000000000000000000000000000000000000000000|0000000000000000000000000000000000000000000000000000000000000000|0|3|rt4_TMB-5_MAP_rq_0829.r24|2|1|RICH|572|0|2530|0000000000000000000000000000000000000000000000000000000000000000|RICH|1|572|DISP=ACCEPT_INSTALL|DETAIL=requery
0000000000000000000000000000000000000000000000000000000000000000|0000000000000000000000000000000000000000000000000000000000000000|0|3|rt4_TMB-5_MAP_rq_0830.r24|2|1|RICH|572|0|2540|0000000000000000000000000000000000000000000000000000000000000000|RICH|1|572|DISP=ACCEPT_INSTALL|DETAIL=requery
0000000000000000000000000000000000000000000000000000000000000000|0000000000000000000000000000000000000000000000000000000000000000|0|3|rt4_TMB-5_MAP_rq_0831.r24|2|1|RICH|572|0|2550|0000000000000000000000000000000000000000000000000000000000000000|RICH|1|572|DISP=ACCEPT_INSTALL|DETAIL=requery
0000000000000000000000000000000000000000000000000000000000000000|0000000000000000000000000000000000000000000000000000000000000000|0|3|rt4_TMB-5_MAP_rq_0832.r24|2|1|RICH|572|0|2560|0000000000000000000000000000000000000000000000000000000000000000|RICH|1|572|DISP=ACCEPT_INSTALL|DETAIL=requery
0000000000000000000000000000000000000000000000000000000000000000|0000000000000000000000000000000000000000000000000000000000000000|0|3|rt4_TMB-5_MAP_rq_0833.r24|2|1|RICH|572|0|2570|0000000000000000000000000000000000000000000000000000000000000000|RICH|1|572|DISP=ACCEPT_INSTALL|DETAIL=requery
0000000000000000000000000000000000000000000000000000000000000000|0000000000000000000000000000000000000000000000000000000000000000|0|3|rt4_TMB-5_MAP_rq_0834.r24|2|1|RICH|572|0|2580|0000000000000000000000000000000000000000000000000000000000000000|RICH|1|572|DISP=ACCEPT_INSTALL|DETAIL=requery
0000000000000000000000000000000000000000000000000000000000000000|0000000000000000000000000000000000000000000000000000000000000000|0|3|rt4_TMB-5_MAP_rq_0835.r24|2|1|RICH|572|0|2590|0000000000000000000000000000000000000000000000000000000000000000|RICH|1|572|DISP=ACCEPT_INSTALL|DETAIL=requery
0000000000000000000000000000000000000000000000000000000000000000|0000000000000000000000000000000000000000000000000000000000000000|0|3|rt4_TMB-5_MAP_rq_0836.r24|2|1|RICH|572|0|2600|0000000000000000000000000000000000000000000000000000000000000000|RICH|1|572|DISP=ACCEPT_INSTALL|DETAIL=requery
0000000000000000000000000000000000000000000000000000000000000000|0000000000000000000000000000000000000000000000000000000000000000|0|3|rt4_TMB-5_MAP_rq_0837.r24|2|1|RICH|572|0|2610|0000000000000000000000000000000000000000000000000000000000000000|RICH|1|572|DISP=ACCEPT_INSTALL|DETAIL=requery
0000000000000000000000000000000000000000000000000000000000000000|0000000000000000000000000000000000000000000000000000000000000000|0|3|rt4_TMB-5_MAP_rq_0838.r24|2|1|RICH|572|0|2620|0000000000000000000000000000000000000000000000000000000000000000|RICH|1|572|DISP=ACCEPT_INSTALL|DETAIL=requery
0000000000000000000000000000000000000000000000000000000000000000|0000000000000000000000000000000000000000000000000000000000000000|0|3|rt4_TMB-5_MAP_rq_0839.r24|2|1|RICH|572|0|2630|0000000000000000000000000000000000000000000000000000000000000000|RICH|1|572|DISP=ACCEPT_INSTALL|DETAIL=requery
0000000000000000000000000000000000000000000000000000000000000000|0000000000000000000000000000000000000000000000000000000000000000|0|3|rt4_TMB-5_MAP_rq_0840.r24|2|1|RICH|572|0|2640|0000000000000000000000000000000000000000000000000000000000000000|RICH|1|572|DISP=ACCEPT_INSTALL|DETAIL=requery
0000000000000000000000000000000000000000000000000000000000000000|0000000000000000000000000000000000000000000000000000000000000000|0|3|rt4_TMB-5_MAP_rq_0841.r24|2|1|RICH|572|0|2650|0000000000000000000000000000000000000000000000000000000000000000|RICH|1|572|DISP=ACCEPT_INSTALL|DETAIL=requery
0000000000000000000000000000000000000000000000000000000000000000|0000000000000000000000000000000000000000000000000000000000000000|0|3|rt4_TMB-5_MAP_rq_0842.r24|2|1|RICH|572|0|2660|0000000000000000000000000000000000000000000000000000000000000000|RICH|1|572|DISP=ACCEPT_INSTALL|DETAIL=requery
0000000000000000000000000000000000000000000000000000000000000000|0000000000000000000000000000000000000000000000000000000000000000|0|3|rt4_TMB-5_MAP_rq_0843.r24|2|1|RICH|572|0|2670|0000000000000000000000000000000000000000000000000000000000000000|RICH|1|572|DISP=ACCEPT_INSTALL|DETAIL=requery
0000000000000000000000000000000000000000000000000000000000000000|0000000000000000000000000000000000000000000000000000000000000000|0|3|rt4_TMB-5_MAP_rq_0844.r24|2|1|RICH|572|0|2680|0000000000000000000000000000000000000000000000000000000000000000|RICH|1|572|DISP=ACCEPT_INSTALL|DETAIL=requery
0000000000000000000000000000000000000000000000000000000000000000|0000000000000000000000000000000000000000000000000000000000000000|0|3|rt4_TMB-5_MAP_rq_0845.r24|2|1|RICH|572|0|2690|0000000000000000000000000000000000000000000000000000000000000000|RICH|1|572|DISP=ACCEPT_INSTALL|DETAIL=requery
0000000000000000000000000000000000000000000000000000000000000000|0000000000000000000000000000000000000000000000000000000000000000|0|3|rt4_TMB-5_MAP_rq_0846.r24|2|1|RICH|572|0|2700|0000000000000000000000000000000000000000000000000000000000000000|RICH|1|572|DISP=ACCEPT_INSTALL|DETAIL=requery
0000000000000000000000000000000000000000000000000000000000000000|0000000000000000000000000000000000000000000000000000000000000000|0|3|rt4_TMB-5_MAP_rq_0847.r24|2|1|RICH|572|0|2710|0000000000000000000000000000000000000000000000000000000000000000|RICH|1|572|DISP=ACCEPT_INSTALL|DETAIL=requery
0000000000000000000000000000000000000000000000000000000000000000|0000000000000000000000000000000000000000000000000000000000000000|0|3|rt4_TMB-5_MAP_rq_0848.r24|2|1|RICH|572|0|2720|0000000000000000000000000000000000000000000000000000000000000000|RICH|1|572|DISP=ACCEPT_INSTALL|DETAIL=requery
0000000000000000000000000000000000000000000000000000000000000000|0000000000000000000000000000000000000000000000000000000000000000|0|3|rt4_TMB-5_MAP_rq_0849.r24|2|1|RICH|572|0|2730|0000000000000000000000000000000000000000000000000000000000000000|RICH|1|572|DISP=ACCEPT_INSTALL|DETAIL=requery
0000000000000000000000000000000000000000000000000000000000000000|0000000000000000000000000000000000000000000000000000000000000000|0|3|rt4_TMB-5_MAP_rq_0850.r24|2|1|RICH|572|0|2740|0000000000000000000000000000000000000000000000000000000000000000|RICH|1|572|DISP=ACCEPT_INSTALL|DETAIL=requery
0000000000000000000000000000000000000000000000000000000000000000|0000000000000000000000000000000000000000000000000000000000000000|0|3|rt4_TMB-5_MAP_rq_0851.r24|2|1|RICH|572|0|2750|0000000000000000000000000000000000000000000000000000000000000000|RICH|1|572|DISP=ACCEPT_INSTALL|DETAIL=requery
0000000000000000000000000000000000000000000000000000000000000000|0000000000000000000000000000000000000000000000000000000000000000|0|3|rt4_TMB-5_MAP_rq_0852.r24|2|1|RICH|572|0|2760|0000000000000000000000000000000000000000000000000000000000000000|RICH|1|572|DISP=ACCEPT_INSTALL|DETAIL=requery
0000000000000000000000000000000000000000000000000000000000000000|0000000000000000000000000000000000000000000000000000000000000000|0|3|rt4_TMB-5_MAP_rq_0853.r24|2|1|RICH|572|0|2770|0000000000000000000000000000000000000000000000000000000000000000|RICH|1|572|DISP=ACCEPT_INSTALL|DETAIL=requery
0000000000000000000000000000000000000000000000000000000000000000|0000000000000000000000000000000000000000000000000000000000000000|0|3|rt4_TMB-5_MAP_rq_0854.r24|2|1|RICH|572|0|2780|0000000000000000000000000000000000000000000000000000000000000000|RICH|1|572|DISP=ACCEPT_INSTALL|DETAIL=requery
0000000000000000000000000000000000000000000000000000000000000000|0000000000000000000000000000000000000000000000000000000000000000|0|3|rt4_TMB-5_MAP_rq_0855.r24|2|1|RICH|572|0|2790|0000000000000000000000000000000000000000000000000000000000000000|RICH|1|572|DISP=ACCEPT_INSTALL|DETAIL=requery
0000000000000000000000000000000000000000000000000000000000000000|0000000000000000000000000000000000000000000000000000000000000000|0|3|rt4_TMB-5_MAP_rq_0856.r24|2|1|RICH|572|0|2800|0000000000000000000000000000000000000000000000000000000000000000|RICH|1|572|DISP=ACCEPT_INSTALL|DETAIL=requery
0000000000000000000000000000000000000000000000000000000000000000|0000000000000000000000000000000000000000000000000000000000000000|0|3|rt4_TMB-5_MAP_rq_0857.r24|2|1|RICH|572|0|2810|0000000000000000000000000000000000000000000000000000000000000000|RICH|1|572|DISP=ACCEPT_INSTALL|DETAIL=requery
0000000000000000000000000000000000000000000000000000000000000000|0000000000000000000000000000000000000000000000000000000000000000|0|3|rt4_TMB-5_MAP_rq_0858.r24|2|1|RICH|572|0|2820|0000000000000000000000000000000000000000000000000000000000000000|RICH|1|572|DISP=ACCEPT_INSTALL|DETAIL=requery
0000000000000000000000000000000000000000000000000000000000000000|0000000000000000000000000000000000000000000000000000000000000000|0|3|rt4_TMB-5_MAP_rq_0859.r24|2|1|RICH|572|0|2830|0000000000000000000000000000000000000000000000000000000000000000|RICH|1|572|DISP=ACCEPT_INSTALL|DETAIL=requery
0000000000000000000000000000000000000000000000000000000000000000|0000000000000000000000000000000000000000000000000000000000000000|0|3|rt4_TMB-5_MAP_rq_0860.r24|2|1|RICH|572|0|2840|0000000000000000000000000000000000000000000000000000000000000000|RICH|1|572|DISP=ACCEPT_INSTALL|DETAIL=requery
0000000000000000000000000000000000000000000000000000000000000000|0000000000000000000000000000000000000000000000000000000000000000|0|3|rt4_TMB-5_MAP_rq_0861.r24|2|1|RICH|572|0|2850|0000000000000000000000000000000000000000000000000000000000000000|RICH|1|572|DISP=ACCEPT_INSTALL|DETAIL=requery
0000000000000000000000000000000000000000000000000000000000000000|0000000000000000000000000000000000000000000000000000000000000000|0|3|rt4_TMB-5_MAP_rq_0862.r24|2|1|RICH|572|0|2860|0000000000000000000000000000000000000000000000000000000000000000|RICH|1|572|DISP=ACCEPT_INSTALL|DETAIL=requery
0000000000000000000000000000000000000000000000000000000000000000|0000000000000000000000000000000000000000000000000000000000000000|0|3|rt4_TMB-5_MAP_rq_0863.r24|2|1|RICH|572|0|2870|0000000000000000000000000000000000000000000000000000000000000000|RICH|1|572|DISP=ACCEPT_INSTALL|DETAIL=requery
0000000000000000000000000000000000000000000000000000000000000000|0000000000000000000000000000000000000000000000000000000000000000|0|3|rt4_TMB-5_MAP_rq_0864.r24|2|1|RICH|572|0|2880|0000000000000000000000000000000000000000000000000000000000000000|RICH|1|572|DISP=ACCEPT_INSTALL|DETAIL=requery
0000000000000000000000000000000000000000000000000000000000000000|0000000000000000000000000000000000000000000000000000000000000000|0|3|rt4_TMB-5_MAP_rq_0865.r24|2|1|RICH|572|0|2890|0000000000000000000000000000000000000000000000000000000000000000|RICH|1|572|DISP=ACCEPT_INSTALL|DETAIL=requery
0000000000000000000000000000000000000000000000000000000000000000|0000000000000000000000000000000000000000000000000000000000000000|0|3|rt4_TMB-5_MAP_rq_0866.r24|2|1|RICH|572|0|2900|0000000000000000000000000000000000000000000000000000000000000000|RICH|1|572|DISP=ACCEPT_INSTALL|DETAIL=requery
0000000000000000000000000000000000000000000000000000000000000000|0000000000000000000000000000000000000000000000000000000000000000|0|3|rt4_TMB-5_MAP_rq_0867.r24|2|1|RICH|574|0|2400|0000000000000000000000000000000000000000000000000000000000000000|RICH|1|574|DISP=ACCEPT_INSTALL|DETAIL=requery
0000000000000000000000000000000000000000000000000000000000000000|0000000000000000000000000000000000000000000000000000000000000000|0|3|rt4_TMB-5_MAP_rq_0868.r24|2|1|RICH|574|0|2410|0000000000000000000000000000000000000000000000000000000000000000|RICH|1|574|DISP=ACCEPT_INSTALL|DETAIL=requery
0000000000000000000000000000000000000000000000000000000000000000|0000000000000000000000000000000000000000000000000000000000000000|0|3|rt4_TMB-5_MAP_rq_0869.r24|2|1|RICH|574|0|2420|0000000000000000000000000000000000000000000000000000000000000000|RICH|1|574|DISP=ACCEPT_INSTALL|DETAIL=requery
0000000000000000000000000000000000000000000000000000000000000000|0000000000000000000000000000000000000000000000000000000000000000|0|3|rt4_TMB-5_MAP_rq_0870.r24|2|1|RICH|574|0|2430|0000000000000000000000000000000000000000000000000000000000000000|RICH|1|574|DISP=ACCEPT_INSTALL|DETAIL=requery
0000000000000000000000000000000000000000000000000000000000000000|0000000000000000000000000000000000000000000000000000000000000000|0|3|rt4_TMB-5_MAP_rq_0871.r24|2|1|RICH|574|0|2440|0000000000000000000000000000000000000000000000000000000000000000|RICH|1|574|DISP=ACCEPT_INSTALL|DETAIL=requery
0000000000000000000000000000000000000000000000000000000000000000|0000000000000000000000000000000000000000000000000000000000000000|0|3|rt4_TMB-5_MAP_rq_0872.r24|2|1|RICH|574|0|2450|0000000000000000000000000000000000000000000000000000000000000000|RICH|1|574|DISP=ACCEPT_INSTALL|DETAIL=requery
0000000000000000000000000000000000000000000000000000000000000000|0000000000000000000000000000000000000000000000000000000000000000|0|3|rt4_TMB-5_MAP_rq_0873.r24|2|1|RICH|574|0|2460|0000000000000000000000000000000000000000000000000000000000000000|RICH|1|574|DISP=ACCEPT_INSTALL|DETAIL=requery
0000000000000000000000000000000000000000000000000000000000000000|0000000000000000000000000000000000000000000000000000000000000000|0|3|rt4_TMB-5_MAP_rq_0874.r24|2|1|RICH|574|0|2470|0000000000000000000000000000000000000000000000000000000000000000|RICH|1|574|DISP=ACCEPT_INSTALL|DETAIL=requery
0000000000000000000000000000000000000000000000000000000000000000|0000000000000000000000000000000000000000000000000000000000000000|0|3|rt4_TMB-5_MAP_rq_0875.r24|2|1|RICH|574|0|2480|0000000000000000000000000000000000000000000000000000000000000000|RICH|1|574|DISP=ACCEPT_INSTALL|DETAIL=requery
0000000000000000000000000000000000000000000000000000000000000000|0000000000000000000000000000000000000000000000000000000000000000|0|3|rt4_TMB-5_MAP_rq_0876.r24|2|1|RICH|574|0|2490|0000000000000000000000000000000000000000000000000000000000000000|RICH|1|574|DISP=ACCEPT_INSTALL|DETAIL=requery
0000000000000000000000000000000000000000000000000000000000000000|0000000000000000000000000000000000000000000000000000000000000000|0|3|rt4_TMB-5_MAP_rq_0877.r24|2|1|RICH|574|0|2500|0000000000000000000000000000000000000000000000000000000000000000|RICH|1|574|DISP=ACCEPT_INSTALL|DETAIL=requery
0000000000000000000000000000000000000000000000000000000000000000|0000000000000000000000000000000000000000000000000000000000000000|0|3|rt4_TMB-5_MAP_rq_0878.r24|2|1|RICH|574|0|2510|0000000000000000000000000000000000000000000000000000000000000000|RICH|1|574|DISP=ACCEPT_INSTALL|DETAIL=requery
0000000000000000000000000000000000000000000000000000000000000000|0000000000000000000000000000000000000000000000000000000000000000|0|3|rt4_TMB-5_MAP_rq_0879.r24|2|1|RICH|574|0|2520|0000000000000000000000000000000000000000000000000000000000000000|RICH|1|574|DISP=ACCEPT_INSTALL|DETAIL=requery
0000000000000000000000000000000000000000000000000000000000000000|0000000000000000000000000000000000000000000000000000000000000000|0|3|rt4_TMB-5_MAP_rq_0880.r24|2|1|RICH|574|0|2530|0000000000000000000000000000000000000000000000000000000000000000|RICH|1|574|DISP=ACCEPT_INSTALL|DETAIL=requery
0000000000000000000000000000000000000000000000000000000000000000|0000000000000000000000000000000000000000000000000000000000000000|0|3|rt4_TMB-5_MAP_rq_0881.r24|2|1|RICH|574|0|2540|0000000000000000000000000000000000000000000000000000000000000000|RICH|1|574|DISP=ACCEPT_INSTALL|DETAIL=requery
0000000000000000000000000000000000000000000000000000000000000000|0000000000000000000000000000000000000000000000000000000000000000|0|3|rt4_TMB-5_MAP_rq_0882.r24|2|1|RICH|574|0|2550|0000000000000000000000000000000000000000000000000000000000000000|RICH|1|574|DISP=ACCEPT_INSTALL|DETAIL=requery
0000000000000000000000000000000000000000000000000000000000000000|0000000000000000000000000000000000000000000000000000000000000000|0|3|rt4_TMB-5_MAP_rq_0883.r24|2|1|RICH|574|0|2560|0000000000000000000000000000000000000000000000000000000000000000|RICH|1|574|DISP=ACCEPT_INSTALL|DETAIL=requery
0000000000000000000000000000000000000000000000000000000000000000|0000000000000000000000000000000000000000000000000000000000000000|0|3|rt4_TMB-5_MAP_rq_0884.r24|2|1|RICH|574|0|2570|0000000000000000000000000000000000000000000000000000000000000000|RICH|1|574|DISP=ACCEPT_INSTALL|DETAIL=requery
0000000000000000000000000000000000000000000000000000000000000000|0000000000000000000000000000000000000000000000000000000000000000|0|3|rt4_TMB-5_MAP_rq_0885.r24|2|1|RICH|574|0|2580|0000000000000000000000000000000000000000000000000000000000000000|RICH|1|574|DISP=ACCEPT_INSTALL|DETAIL=requery
0000000000000000000000000000000000000000000000000000000000000000|0000000000000000000000000000000000000000000000000000000000000000|0|3|rt4_TMB-5_MAP_rq_0886.r24|2|1|RICH|574|0|2590|0000000000000000000000000000000000000000000000000000000000000000|RICH|1|574|DISP=ACCEPT_INSTALL|DETAIL=requery
0000000000000000000000000000000000000000000000000000000000000000|0000000000000000000000000000000000000000000000000000000000000000|0|3|rt4_TMB-5_MAP_rq_0887.r24|2|1|RICH|574|0|2600|0000000000000000000000000000000000000000000000000000000000000000|RICH|1|574|DISP=ACCEPT_INSTALL|DETAIL=requery
0000000000000000000000000000000000000000000000000000000000000000|0000000000000000000000000000000000000000000000000000000000000000|0|3|rt4_TMB-5_MAP_rq_0888.r24|2|1|RICH|574|0|2610|0000000000000000000000000000000000000000000000000000000000000000|RICH|1|574|DISP=ACCEPT_INSTALL|DETAIL=requery
0000000000000000000000000000000000000000000000000000000000000000|0000000000000000000000000000000000000000000000000000000000000000|0|3|rt4_TMB-5_MAP_rq_0889.r24|2|1|RICH|574|0|2620|0000000000000000000000000000000000000000000000000000000000000000|RICH|1|574|DISP=ACCEPT_INSTALL|DETAIL=requery
0000000000000000000000000000000000000000000000000000000000000000|0000000000000000000000000000000000000000000000000000000000000000|0|3|rt4_TMB-5_MAP_rq_0890.r24|2|1|RICH|574|0|2630|0000000000000000000000000000000000000000000000000000000000000000|RICH|1|574|DISP=ACCEPT_INSTALL|DETAIL=requery
0000000000000000000000000000000000000000000000000000000000000000|0000000000000000000000000000000000000000000000000000000000000000|0|3|rt4_TMB-5_MAP_rq_0891.r24|2|1|RICH|574|0|2640|0000000000000000000000000000000000000000000000000000000000000000|RICH|1|574|DISP=ACCEPT_INSTALL|DETAIL=requery
0000000000000000000000000000000000000000000000000000000000000000|0000000000000000000000000000000000000000000000000000000000000000|0|3|rt4_TMB-5_MAP_rq_0892.r24|2|1|RICH|574|0|2650|0000000000000000000000000000000000000000000000000000000000000000|RICH|1|574|DISP=ACCEPT_INSTALL|DETAIL=requery
0000000000000000000000000000000000000000000000000000000000000000|0000000000000000000000000000000000000000000000000000000000000000|0|3|rt4_TMB-5_MAP_rq_0893.r24|2|1|RICH|574|0|2660|0000000000000000000000000000000000000000000000000000000000000000|RICH|1|574|DISP=ACCEPT_INSTALL|DETAIL=requery
0000000000000000000000000000000000000000000000000000000000000000|0000000000000000000000000000000000000000000000000000000000000000|0|3|rt4_TMB-5_MAP_rq_0894.r24|2|1|RICH|574|0|2670|0000000000000000000000000000000000000000000000000000000000000000|RICH|1|574|DISP=ACCEPT_INSTALL|DETAIL=requery
0000000000000000000000000000000000000000000000000000000000000000|0000000000000000000000000000000000000000000000000000000000000000|0|3|rt4_TMB-5_MAP_rq_0895.r24|2|1|RICH|574|0|2680|0000000000000000000000000000000000000000000000000000000000000000|RICH|1|574|DISP=ACCEPT_INSTALL|DETAIL=requery
0000000000000000000000000000000000000000000000000000000000000000|0000000000000000000000000000000000000000000000000000000000000000|0|3|rt4_TMB-5_MAP_rq_0896.r24|2|1|RICH|574|0|2690|0000000000000000000000000000000000000000000000000000000000000000|RICH|1|574|DISP=ACCEPT_INSTALL|DETAIL=requery
0000000000000000000000000000000000000000000000000000000000000000|0000000000000000000000000000000000000000000000000000000000000000|0|3|rt4_TMB-5_MAP_rq_0897.r24|2|1|RICH|574|0|2700|0000000000000000000000000000000000000000000000000000000000000000|RICH|1|574|DISP=ACCEPT_INSTALL|DETAIL=requery
0000000000000000000000000000000000000000000000000000000000000000|0000000000000000000000000000000000000000000000000000000000000000|0|3|rt4_TMB-5_MAP_rq_0898.r24|2|1|RICH|574|0|2710|0000000000000000000000000000000000000000000000000000000000000000|RICH|1|574|DISP=ACCEPT_INSTALL|DETAIL=requery
0000000000000000000000000000000000000000000000000000000000000000|0000000000000000000000000000000000000000000000000000000000000000|0|3|rt4_TMB-5_MAP_rq_0899.r24|2|1|RICH|574|0|2720|0000000000000000000000000000000000000000000000000000000000000000|RICH|1|574|DISP=ACCEPT_INSTALL|DETAIL=requery
0000000000000000000000000000000000000000000000000000000000000000|0000000000000000000000000000000000000000000000000000000000000000|0|3|rt4_TMB-5_MAP_rq_0900.r24|2|1|RICH|574|0|2730|0000000000000000000000000000000000000000000000000000000000000000|RICH|1|574|DISP=ACCEPT_INSTALL|DETAIL=requery
0000000000000000000000000000000000000000000000000000000000000000|0000000000000000000000000000000000000000000000000000000000000000|0|3|rt4_TMB-5_MAP_rq_0901.r24|2|1|RICH|574|0|2740|0000000000000000000000000000000000000000000000000000000000000000|RICH|1|574|DISP=ACCEPT_INSTALL|DETAIL=requery
0000000000000000000000000000000000000000000000000000000000000000|0000000000000000000000000000000000000000000000000000000000000000|0|3|rt4_TMB-5_MAP_rq_0902.r24|2|1|RICH|574|0|2750|0000000000000000000000000000000000000000000000000000000000000000|RICH|1|574|DISP=ACCEPT_INSTALL|DETAIL=requery
0000000000000000000000000000000000000000000000000000000000000000|0000000000000000000000000000000000000000000000000000000000000000|0|3|rt4_TMB-5_MAP_rq_0903.r24|2|1|RICH|574|0|2760|0000000000000000000000000000000000000000000000000000000000000000|RICH|1|574|DISP=ACCEPT_INSTALL|DETAIL=requery
0000000000000000000000000000000000000000000000000000000000000000|0000000000000000000000000000000000000000000000000000000000000000|0|3|rt4_TMB-5_MAP_rq_0904.r24|2|1|RICH|574|0|2770|0000000000000000000000000000000000000000000000000000000000000000|RICH|1|574|DISP=ACCEPT_INSTALL|DETAIL=requery
0000000000000000000000000000000000000000000000000000000000000000|0000000000000000000000000000000000000000000000000000000000000000|0|3|rt4_TMB-5_MAP_rq_0905.r24|2|1|RICH|574|0|2780|0000000000000000000000000000000000000000000000000000000000000000|RICH|1|574|DISP=ACCEPT_INSTALL|DETAIL=requery
0000000000000000000000000000000000000000000000000000000000000000|0000000000000000000000000000000000000000000000000000000000000000|0|3|rt4_TMB-5_MAP_rq_0906.r24|2|1|RICH|574|0|2790|0000000000000000000000000000000000000000000000000000000000000000|RICH|1|574|DISP=ACCEPT_INSTALL|DETAIL=requery
0000000000000000000000000000000000000000000000000000000000000000|0000000000000000000000000000000000000000000000000000000000000000|0|3|rt4_TMB-5_MAP_rq_0907.r24|2|1|RICH|574|0|2800|0000000000000000000000000000000000000000000000000000000000000000|RICH|1|574|DISP=ACCEPT_INSTALL|DETAIL=requery
0000000000000000000000000000000000000000000000000000000000000000|0000000000000000000000000000000000000000000000000000000000000000|0|3|rt4_TMB-5_MAP_rq_0908.r24|2|1|RICH|574|0|2810|0000000000000000000000000000000000000000000000000000000000000000|RICH|1|574|DISP=ACCEPT_INSTALL|DETAIL=requery
0000000000000000000000000000000000000000000000000000000000000000|0000000000000000000000000000000000000000000000000000000000000000|0|3|rt4_TMB-5_MAP_rq_0909.r24|2|1|RICH|574|0|2820|0000000000000000000000000000000000000000000000000000000000000000|RICH|1|574|DISP=ACCEPT_INSTALL|DETAIL=requery
0000000000000000000000000000000000000000000000000000000000000000|0000000000000000000000000000000000000000000000000000000000000000|0|3|rt4_TMB-5_MAP_rq_0910.r24|2|1|RICH|574|0|2830|0000000000000000000000000000000000000000000000000000000000000000|RICH|1|574|DISP=ACCEPT_INSTALL|DETAIL=requery
0000000000000000000000000000000000000000000000000000000000000000|0000000000000000000000000000000000000000000000000000000000000000|0|3|rt4_TMB-5_MAP_rq_0911.r24|2|1|RICH|574|0|2840|0000000000000000000000000000000000000000000000000000000000000000|RICH|1|574|DISP=ACCEPT_INSTALL|DETAIL=requery
0000000000000000000000000000000000000000000000000000000000000000|0000000000000000000000000000000000000000000000000000000000000000|0|3|rt4_TMB-5_MAP_rq_0912.r24|2|1|RICH|574|0|2850|0000000000000000000000000000000000000000000000000000000000000000|RICH|1|574|DISP=ACCEPT_INSTALL|DETAIL=requery
0000000000000000000000000000000000000000000000000000000000000000|0000000000000000000000000000000000000000000000000000000000000000|0|3|rt4_TMB-5_MAP_rq_0913.r24|2|1|RICH|574|0|2860|0000000000000000000000000000000000000000000000000000000000000000|RICH|1|574|DISP=ACCEPT_INSTALL|DETAIL=requery
0000000000000000000000000000000000000000000000000000000000000000|0000000000000000000000000000000000000000000000000000000000000000|0|3|rt4_TMB-5_MAP_rq_0914.r24|2|1|RICH|574|0|2870|0000000000000000000000000000000000000000000000000000000000000000|RICH|1|574|DISP=ACCEPT_INSTALL|DETAIL=requery
0000000000000000000000000000000000000000000000000000000000000000|0000000000000000000000000000000000000000000000000000000000000000|0|3|rt4_TMB-5_MAP_rq_0915.r24|2|1|RICH|574|0|2880|0000000000000000000000000000000000000000000000000000000000000000|RICH|1|574|DISP=ACCEPT_INSTALL|DETAIL=requery
0000000000000000000000000000000000000000000000000000000000000000|0000000000000000000000000000000000000000000000000000000000000000|0|3|rt4_TMB-5_MAP_rq_0916.r24|2|1|RICH|574|0|2890|0000000000000000000000000000000000000000000000000000000000000000|RICH|1|574|DISP=ACCEPT_INSTALL|DETAIL=requery
0000000000000000000000000000000000000000000000000000000000000000|0000000000000000000000000000000000000000000000000000000000000000|0|3|rt4_TMB-5_MAP_rq_0917.r24|2|1|RICH|574|0|2900|0000000000000000000000000000000000000000000000000000000000000000|RICH|1|574|DISP=ACCEPT_INSTALL|DETAIL=requery
0000000000000000000000000000000000000000000000000000000000000000|0000000000000000000000000000000000000000000000000000000000000000|0|3|rt4_TMB-5_MAP_rq_0918.r24|2|1|RICH|576|0|2400|0000000000000000000000000000000000000000000000000000000000000000|RICH|1|576|DISP=ACCEPT_INSTALL|DETAIL=requery
0000000000000000000000000000000000000000000000000000000000000000|0000000000000000000000000000000000000000000000000000000000000000|0|3|rt4_TMB-5_MAP_rq_0919.r24|2|1|RICH|576|0|2410|0000000000000000000000000000000000000000000000000000000000000000|RICH|1|576|DISP=ACCEPT_INSTALL|DETAIL=requery
0000000000000000000000000000000000000000000000000000000000000000|0000000000000000000000000000000000000000000000000000000000000000|0|3|rt4_TMB-5_MAP_rq_0920.r24|2|1|RICH|576|0|2420|0000000000000000000000000000000000000000000000000000000000000000|RICH|1|576|DISP=ACCEPT_INSTALL|DETAIL=requery
0000000000000000000000000000000000000000000000000000000000000000|0000000000000000000000000000000000000000000000000000000000000000|0|3|rt4_TMB-5_MAP_rq_0921.r24|2|1|RICH|576|0|2430|0000000000000000000000000000000000000000000000000000000000000000|RICH|1|576|DISP=ACCEPT_INSTALL|DETAIL=requery
0000000000000000000000000000000000000000000000000000000000000000|0000000000000000000000000000000000000000000000000000000000000000|0|3|rt4_TMB-5_MAP_rq_0922.r24|2|1|RICH|576|0|2440|0000000000000000000000000000000000000000000000000000000000000000|RICH|1|576|DISP=ACCEPT_INSTALL|DETAIL=requery
0000000000000000000000000000000000000000000000000000000000000000|0000000000000000000000000000000000000000000000000000000000000000|0|3|rt4_TMB-5_MAP_rq_0923.r24|2|1|RICH|576|0|2450|0000000000000000000000000000000000000000000000000000000000000000|RICH|1|576|DISP=ACCEPT_INSTALL|DETAIL=requery
0000000000000000000000000000000000000000000000000000000000000000|0000000000000000000000000000000000000000000000000000000000000000|0|3|rt4_TMB-5_MAP_rq_0924.r24|2|1|RICH|576|0|2460|0000000000000000000000000000000000000000000000000000000000000000|RICH|1|576|DISP=ACCEPT_INSTALL|DETAIL=requery
0000000000000000000000000000000000000000000000000000000000000000|0000000000000000000000000000000000000000000000000000000000000000|0|3|rt4_TMB-5_MAP_rq_0925.r24|2|1|RICH|576|0|2470|0000000000000000000000000000000000000000000000000000000000000000|RICH|1|576|DISP=ACCEPT_INSTALL|DETAIL=requery
0000000000000000000000000000000000000000000000000000000000000000|0000000000000000000000000000000000000000000000000000000000000000|0|3|rt4_TMB-5_MAP_rq_0926.r24|2|1|RICH|576|0|2480|0000000000000000000000000000000000000000000000000000000000000000|RICH|1|576|DISP=ACCEPT_INSTALL|DETAIL=requery
0000000000000000000000000000000000000000000000000000000000000000|0000000000000000000000000000000000000000000000000000000000000000|0|3|rt4_TMB-5_MAP_rq_0927.r24|2|1|RICH|576|0|2490|0000000000000000000000000000000000000000000000000000000000000000|RICH|1|576|DISP=ACCEPT_INSTALL|DETAIL=requery
0000000000000000000000000000000000000000000000000000000000000000|0000000000000000000000000000000000000000000000000000000000000000|0|3|rt4_TMB-5_MAP_rq_0928.r24|2|1|RICH|576|0|2500|0000000000000000000000000000000000000000000000000000000000000000|RICH|1|576|DISP=ACCEPT_INSTALL|DETAIL=requery
0000000000000000000000000000000000000000000000000000000000000000|0000000000000000000000000000000000000000000000000000000000000000|0|3|rt4_TMB-5_MAP_rq_0929.r24|2|1|RICH|576|0|2510|0000000000000000000000000000000000000000000000000000000000000000|RICH|1|576|DISP=ACCEPT_INSTALL|DETAIL=requery
0000000000000000000000000000000000000000000000000000000000000000|0000000000000000000000000000000000000000000000000000000000000000|0|3|rt4_TMB-5_MAP_rq_0930.r24|2|1|RICH|576|0|2520|0000000000000000000000000000000000000000000000000000000000000000|RICH|1|576|DISP=ACCEPT_INSTALL|DETAIL=requery
0000000000000000000000000000000000000000000000000000000000000000|0000000000000000000000000000000000000000000000000000000000000000|0|3|rt4_TMB-5_MAP_rq_0931.r24|2|1|RICH|576|0|2530|0000000000000000000000000000000000000000000000000000000000000000|RICH|1|576|DISP=ACCEPT_INSTALL|DETAIL=requery
0000000000000000000000000000000000000000000000000000000000000000|0000000000000000000000000000000000000000000000000000000000000000|0|3|rt4_TMB-5_MAP_rq_0932.r24|2|1|RICH|576|0|2540|0000000000000000000000000000000000000000000000000000000000000000|RICH|1|576|DISP=ACCEPT_INSTALL|DETAIL=requery
0000000000000000000000000000000000000000000000000000000000000000|0000000000000000000000000000000000000000000000000000000000000000|0|3|rt4_TMB-5_MAP_rq_0933.r24|2|1|RICH|576|0|2550|0000000000000000000000000000000000000000000000000000000000000000|RICH|1|576|DISP=ACCEPT_INSTALL|DETAIL=requery
0000000000000000000000000000000000000000000000000000000000000000|0000000000000000000000000000000000000000000000000000000000000000|0|3|rt4_TMB-5_MAP_rq_0934.r24|2|1|RICH|576|0|2560|0000000000000000000000000000000000000000000000000000000000000000|RICH|1|576|DISP=ACCEPT_INSTALL|DETAIL=requery
0000000000000000000000000000000000000000000000000000000000000000|0000000000000000000000000000000000000000000000000000000000000000|0|3|rt4_TMB-5_MAP_rq_0935.r24|2|1|RICH|576|0|2570|0000000000000000000000000000000000000000000000000000000000000000|RICH|1|576|DISP=ACCEPT_INSTALL|DETAIL=requery
0000000000000000000000000000000000000000000000000000000000000000|0000000000000000000000000000000000000000000000000000000000000000|0|3|rt4_TMB-5_MAP_rq_0936.r24|2|1|RICH|576|0|2580|0000000000000000000000000000000000000000000000000000000000000000|RICH|1|576|DISP=ACCEPT_INSTALL|DETAIL=requery
0000000000000000000000000000000000000000000000000000000000000000|0000000000000000000000000000000000000000000000000000000000000000|0|3|rt4_TMB-5_MAP_rq_0937.r24|2|1|RICH|576|0|2590|0000000000000000000000000000000000000000000000000000000000000000|RICH|1|576|DISP=ACCEPT_INSTALL|DETAIL=requery
0000000000000000000000000000000000000000000000000000000000000000|0000000000000000000000000000000000000000000000000000000000000000|0|3|rt4_TMB-5_MAP_rq_0938.r24|2|1|RICH|576|0|2600|0000000000000000000000000000000000000000000000000000000000000000|RICH|1|576|DISP=ACCEPT_INSTALL|DETAIL=requery
0000000000000000000000000000000000000000000000000000000000000000|0000000000000000000000000000000000000000000000000000000000000000|0|3|rt4_TMB-5_MAP_rq_0939.r24|2|1|RICH|576|0|2610|0000000000000000000000000000000000000000000000000000000000000000|RICH|1|576|DISP=ACCEPT_INSTALL|DETAIL=requery
0000000000000000000000000000000000000000000000000000000000000000|0000000000000000000000000000000000000000000000000000000000000000|0|3|rt4_TMB-5_MAP_rq_0940.r24|2|1|RICH|576|0|2620|0000000000000000000000000000000000000000000000000000000000000000|RICH|1|576|DISP=ACCEPT_INSTALL|DETAIL=requery
0000000000000000000000000000000000000000000000000000000000000000|0000000000000000000000000000000000000000000000000000000000000000|0|3|rt4_TMB-5_MAP_rq_0941.r24|2|1|RICH|576|0|2630|0000000000000000000000000000000000000000000000000000000000000000|RICH|1|576|DISP=ACCEPT_INSTALL|DETAIL=requery
0000000000000000000000000000000000000000000000000000000000000000|0000000000000000000000000000000000000000000000000000000000000000|0|3|rt4_TMB-5_MAP_rq_0942.r24|2|1|RICH|576|0|2640|0000000000000000000000000000000000000000000000000000000000000000|RICH|1|576|DISP=ACCEPT_INSTALL|DETAIL=requery
0000000000000000000000000000000000000000000000000000000000000000|0000000000000000000000000000000000000000000000000000000000000000|0|3|rt4_TMB-5_MAP_rq_0943.r24|2|1|RICH|576|0|2650|0000000000000000000000000000000000000000000000000000000000000000|RICH|1|576|DISP=ACCEPT_INSTALL|DETAIL=requery
0000000000000000000000000000000000000000000000000000000000000000|0000000000000000000000000000000000000000000000000000000000000000|0|3|rt4_TMB-5_MAP_rq_0944.r24|2|1|RICH|576|0|2660|0000000000000000000000000000000000000000000000000000000000000000|RICH|1|576|DISP=ACCEPT_INSTALL|DETAIL=requery
0000000000000000000000000000000000000000000000000000000000000000|0000000000000000000000000000000000000000000000000000000000000000|0|3|rt4_TMB-5_MAP_rq_0945.r24|2|1|RICH|576|0|2670|0000000000000000000000000000000000000000000000000000000000000000|RICH|1|576|DISP=ACCEPT_INSTALL|DETAIL=requery
0000000000000000000000000000000000000000000000000000000000000000|0000000000000000000000000000000000000000000000000000000000000000|0|3|rt4_TMB-5_MAP_rq_0946.r24|2|1|RICH|576|0|2680|0000000000000000000000000000000000000000000000000000000000000000|RICH|1|576|DISP=ACCEPT_INSTALL|DETAIL=requery
0000000000000000000000000000000000000000000000000000000000000000|0000000000000000000000000000000000000000000000000000000000000000|0|3|rt4_TMB-5_MAP_rq_0947.r24|2|1|RICH|576|0|2690|0000000000000000000000000000000000000000000000000000000000000000|RICH|1|576|DISP=ACCEPT_INSTALL|DETAIL=requery
0000000000000000000000000000000000000000000000000000000000000000|0000000000000000000000000000000000000000000000000000000000000000|0|3|rt4_TMB-5_MAP_rq_0948.r24|2|1|RICH|576|0|2700|0000000000000000000000000000000000000000000000000000000000000000|RICH|1|576|DISP=ACCEPT_INSTALL|DETAIL=requery
0000000000000000000000000000000000000000000000000000000000000000|0000000000000000000000000000000000000000000000000000000000000000|0|3|rt4_TMB-5_MAP_rq_0949.r24|2|1|RICH|576|0|2710|0000000000000000000000000000000000000000000000000000000000000000|RICH|1|576|DISP=ACCEPT_INSTALL|DETAIL=requery
0000000000000000000000000000000000000000000000000000000000000000|0000000000000000000000000000000000000000000000000000000000000000|0|3|rt4_TMB-5_MAP_rq_0950.r24|2|1|RICH|576|0|2720|0000000000000000000000000000000000000000000000000000000000000000|RICH|1|576|DISP=ACCEPT_INSTALL|DETAIL=requery
0000000000000000000000000000000000000000000000000000000000000000|0000000000000000000000000000000000000000000000000000000000000000|0|3|rt4_TMB-5_MAP_rq_0951.r24|2|1|RICH|576|0|2730|0000000000000000000000000000000000000000000000000000000000000000|RICH|1|576|DISP=ACCEPT_INSTALL|DETAIL=requery
0000000000000000000000000000000000000000000000000000000000000000|0000000000000000000000000000000000000000000000000000000000000000|0|3|rt4_TMB-5_MAP_rq_0952.r24|2|1|RICH|576|0|2740|0000000000000000000000000000000000000000000000000000000000000000|RICH|1|576|DISP=ACCEPT_INSTALL|DETAIL=requery
0000000000000000000000000000000000000000000000000000000000000000|0000000000000000000000000000000000000000000000000000000000000000|0|3|rt4_TMB-5_MAP_rq_0953.r24|2|1|RICH|576|0|2750|0000000000000000000000000000000000000000000000000000000000000000|RICH|1|576|DISP=ACCEPT_INSTALL|DETAIL=requery
0000000000000000000000000000000000000000000000000000000000000000|0000000000000000000000000000000000000000000000000000000000000000|0|3|rt4_TMB-5_MAP_rq_0954.r24|2|1|RICH|576|0|2760|0000000000000000000000000000000000000000000000000000000000000000|RICH|1|576|DISP=ACCEPT_INSTALL|DETAIL=requery
0000000000000000000000000000000000000000000000000000000000000000|0000000000000000000000000000000000000000000000000000000000000000|0|3|rt4_TMB-5_MAP_rq_0955.r24|2|1|RICH|576|0|2770|0000000000000000000000000000000000000000000000000000000000000000|RICH|1|576|DISP=ACCEPT_INSTALL|DETAIL=requery
0000000000000000000000000000000000000000000000000000000000000000|0000000000000000000000000000000000000000000000000000000000000000|0|3|rt4_TMB-5_MAP_rq_0956.r24|2|1|RICH|576|0|2780|0000000000000000000000000000000000000000000000000000000000000000|RICH|1|576|DISP=ACCEPT_INSTALL|DETAIL=requery
0000000000000000000000000000000000000000000000000000000000000000|0000000000000000000000000000000000000000000000000000000000000000|0|3|rt4_TMB-5_MAP_rq_0957.r24|2|1|RICH|576|0|2790|0000000000000000000000000000000000000000000000000000000000000000|RICH|1|576|DISP=ACCEPT_INSTALL|DETAIL=requery
0000000000000000000000000000000000000000000000000000000000000000|0000000000000000000000000000000000000000000000000000000000000000|0|3|rt4_TMB-5_MAP_rq_0958.r24|2|1|RICH|576|0|2800|0000000000000000000000000000000000000000000000000000000000000000|RICH|1|576|DISP=ACCEPT_INSTALL|DETAIL=requery
0000000000000000000000000000000000000000000000000000000000000000|0000000000000000000000000000000000000000000000000000000000000000|0|3|rt4_TMB-5_MAP_rq_0959.r24|2|1|RICH|576|0|2810|0000000000000000000000000000000000000000000000000000000000000000|RICH|1|576|DISP=ACCEPT_INSTALL|DETAIL=requery
0000000000000000000000000000000000000000000000000000000000000000|0000000000000000000000000000000000000000000000000000000000000000|0|3|rt4_TMB-5_MAP_rq_0960.r24|2|1|RICH|576|0|2820|0000000000000000000000000000000000000000000000000000000000000000|RICH|1|576|DISP=ACCEPT_INSTALL|DETAIL=requery
0000000000000000000000000000000000000000000000000000000000000000|0000000000000000000000000000000000000000000000000000000000000000|0|3|rt4_TMB-5_MAP_rq_0961.r24|2|1|RICH|576|0|2830|0000000000000000000000000000000000000000000000000000000000000000|RICH|1|576|DISP=ACCEPT_INSTALL|DETAIL=requery
0000000000000000000000000000000000000000000000000000000000000000|0000000000000000000000000000000000000000000000000000000000000000|0|3|rt4_TMB-5_MAP_rq_0962.r24|2|1|RICH|576|0|2840|0000000000000000000000000000000000000000000000000000000000000000|RICH|1|576|DISP=ACCEPT_INSTALL|DETAIL=requery
0000000000000000000000000000000000000000000000000000000000000000|0000000000000000000000000000000000000000000000000000000000000000|0|3|rt4_TMB-5_MAP_rq_0963.r24|2|1|RICH|576|0|2850|0000000000000000000000000000000000000000000000000000000000000000|RICH|1|576|DISP=ACCEPT_INSTALL|DETAIL=requery
0000000000000000000000000000000000000000000000000000000000000000|0000000000000000000000000000000000000000000000000000000000000000|0|3|rt4_TMB-5_MAP_rq_0964.r24|2|1|RICH|576|0|2860|0000000000000000000000000000000000000000000000000000000000000000|RICH|1|576|DISP=ACCEPT_INSTALL|DETAIL=requery
0000000000000000000000000000000000000000000000000000000000000000|0000000000000000000000000000000000000000000000000000000000000000|0|3|rt4_TMB-5_MAP_rq_0965.r24|2|1|RICH|576|0|2870|0000000000000000000000000000000000000000000000000000000000000000|RICH|1|576|DISP=ACCEPT_INSTALL|DETAIL=requery
0000000000000000000000000000000000000000000000000000000000000000|0000000000000000000000000000000000000000000000000000000000000000|0|3|rt4_TMB-5_MAP_rq_0966.r24|2|1|RICH|576|0|2880|0000000000000000000000000000000000000000000000000000000000000000|RICH|1|576|DISP=ACCEPT_INSTALL|DETAIL=requery
0000000000000000000000000000000000000000000000000000000000000000|0000000000000000000000000000000000000000000000000000000000000000|0|3|rt4_TMB-5_MAP_rq_0967.r24|2|1|RICH|576|0|2890|0000000000000000000000000000000000000000000000000000000000000000|RICH|1|576|DISP=ACCEPT_INSTALL|DETAIL=requery
0000000000000000000000000000000000000000000000000000000000000000|0000000000000000000000000000000000000000000000000000000000000000|0|3|rt4_TMB-5_MAP_rq_0968.r24|2|1|RICH|576|0|2900|0000000000000000000000000000000000000000000000000000000000000000|RICH|1|576|DISP=ACCEPT_INSTALL|DETAIL=requery
0000000000000000000000000000000000000000000000000000000000000000|0000000000000000000000000000000000000000000000000000000000000000|0|3|rt4_TMB-5_MAP_rq_0969.r24|2|1|RICH|578|0|2400|0000000000000000000000000000000000000000000000000000000000000000|RICH|1|578|DISP=ACCEPT_INSTALL|DETAIL=requery
0000000000000000000000000000000000000000000000000000000000000000|0000000000000000000000000000000000000000000000000000000000000000|0|3|rt4_TMB-5_MAP_rq_0970.r24|2|1|RICH|578|0|2410|0000000000000000000000000000000000000000000000000000000000000000|RICH|1|578|DISP=ACCEPT_INSTALL|DETAIL=requery
0000000000000000000000000000000000000000000000000000000000000000|0000000000000000000000000000000000000000000000000000000000000000|0|3|rt4_TMB-5_MAP_rq_0971.r24|2|1|RICH|578|0|2420|0000000000000000000000000000000000000000000000000000000000000000|RICH|1|578|DISP=ACCEPT_INSTALL|DETAIL=requery
0000000000000000000000000000000000000000000000000000000000000000|0000000000000000000000000000000000000000000000000000000000000000|0|3|rt4_TMB-5_MAP_rq_0972.r24|2|1|RICH|578|0|2430|0000000000000000000000000000000000000000000000000000000000000000|RICH|1|578|DISP=ACCEPT_INSTALL|DETAIL=requery
0000000000000000000000000000000000000000000000000000000000000000|0000000000000000000000000000000000000000000000000000000000000000|0|3|rt4_TMB-5_MAP_rq_0973.r24|2|1|RICH|578|0|2440|0000000000000000000000000000000000000000000000000000000000000000|RICH|1|578|DISP=ACCEPT_INSTALL|DETAIL=requery
0000000000000000000000000000000000000000000000000000000000000000|0000000000000000000000000000000000000000000000000000000000000000|0|3|rt4_TMB-5_MAP_rq_0974.r24|2|1|RICH|578|0|2450|0000000000000000000000000000000000000000000000000000000000000000|RICH|1|578|DISP=ACCEPT_INSTALL|DETAIL=requery
0000000000000000000000000000000000000000000000000000000000000000|0000000000000000000000000000000000000000000000000000000000000000|0|3|rt4_TMB-5_MAP_rq_0975.r24|2|1|RICH|578|0|2460|0000000000000000000000000000000000000000000000000000000000000000|RICH|1|578|DISP=ACCEPT_INSTALL|DETAIL=requery
0000000000000000000000000000000000000000000000000000000000000000|0000000000000000000000000000000000000000000000000000000000000000|0|3|rt4_TMB-5_MAP_rq_0976.r24|2|1|RICH|578|0|2470|0000000000000000000000000000000000000000000000000000000000000000|RICH|1|578|DISP=ACCEPT_INSTALL|DETAIL=requery
0000000000000000000000000000000000000000000000000000000000000000|0000000000000000000000000000000000000000000000000000000000000000|0|3|rt4_TMB-5_MAP_rq_0977.r24|2|1|RICH|578|0|2480|0000000000000000000000000000000000000000000000000000000000000000|RICH|1|578|DISP=ACCEPT_INSTALL|DETAIL=requery
0000000000000000000000000000000000000000000000000000000000000000|0000000000000000000000000000000000000000000000000000000000000000|0|3|rt4_TMB-5_MAP_rq_0978.r24|2|1|RICH|578|0|2490|0000000000000000000000000000000000000000000000000000000000000000|RICH|1|578|DISP=ACCEPT_INSTALL|DETAIL=requery
0000000000000000000000000000000000000000000000000000000000000000|0000000000000000000000000000000000000000000000000000000000000000|0|3|rt4_TMB-5_MAP_rq_0979.r24|2|1|RICH|578|0|2500|0000000000000000000000000000000000000000000000000000000000000000|RICH|1|578|DISP=ACCEPT_INSTALL|DETAIL=requery
0000000000000000000000000000000000000000000000000000000000000000|0000000000000000000000000000000000000000000000000000000000000000|0|3|rt4_TMB-5_MAP_rq_0980.r24|2|1|RICH|578|0|2510|0000000000000000000000000000000000000000000000000000000000000000|RICH|1|578|DISP=ACCEPT_INSTALL|DETAIL=requery
0000000000000000000000000000000000000000000000000000000000000000|0000000000000000000000000000000000000000000000000000000000000000|0|3|rt4_TMB-5_MAP_rq_0981.r24|2|1|RICH|578|0|2520|0000000000000000000000000000000000000000000000000000000000000000|RICH|1|578|DISP=ACCEPT_INSTALL|DETAIL=requery
0000000000000000000000000000000000000000000000000000000000000000|0000000000000000000000000000000000000000000000000000000000000000|0|3|rt4_TMB-5_MAP_rq_0982.r24|2|1|RICH|578|0|2530|0000000000000000000000000000000000000000000000000000000000000000|RICH|1|578|DISP=ACCEPT_INSTALL|DETAIL=requery
0000000000000000000000000000000000000000000000000000000000000000|0000000000000000000000000000000000000000000000000000000000000000|0|3|rt4_TMB-5_MAP_rq_0983.r24|2|1|RICH|578|0|2540|0000000000000000000000000000000000000000000000000000000000000000|RICH|1|578|DISP=ACCEPT_INSTALL|DETAIL=requery
0000000000000000000000000000000000000000000000000000000000000000|0000000000000000000000000000000000000000000000000000000000000000|0|3|rt4_TMB-5_MAP_rq_0984.r24|2|1|RICH|578|0|2550|0000000000000000000000000000000000000000000000000000000000000000|RICH|1|578|DISP=ACCEPT_INSTALL|DETAIL=requery
0000000000000000000000000000000000000000000000000000000000000000|0000000000000000000000000000000000000000000000000000000000000000|0|3|rt4_TMB-5_MAP_rq_0985.r24|2|1|RICH|578|0|2560|0000000000000000000000000000000000000000000000000000000000000000|RICH|1|578|DISP=ACCEPT_INSTALL|DETAIL=requery
0000000000000000000000000000000000000000000000000000000000000000|0000000000000000000000000000000000000000000000000000000000000000|0|3|rt4_TMB-5_MAP_rq_0986.r24|2|1|RICH|578|0|2570|0000000000000000000000000000000000000000000000000000000000000000|RICH|1|578|DISP=ACCEPT_INSTALL|DETAIL=requery
0000000000000000000000000000000000000000000000000000000000000000|0000000000000000000000000000000000000000000000000000000000000000|0|3|rt4_TMB-5_MAP_rq_0987.r24|2|1|RICH|578|0|2580|0000000000000000000000000000000000000000000000000000000000000000|RICH|1|578|DISP=ACCEPT_INSTALL|DETAIL=requery
0000000000000000000000000000000000000000000000000000000000000000|0000000000000000000000000000000000000000000000000000000000000000|0|3|rt4_TMB-5_MAP_rq_0988.r24|2|1|RICH|578|0|2590|0000000000000000000000000000000000000000000000000000000000000000|RICH|1|578|DISP=ACCEPT_INSTALL|DETAIL=requery
0000000000000000000000000000000000000000000000000000000000000000|0000000000000000000000000000000000000000000000000000000000000000|0|3|rt4_TMB-5_MAP_rq_0989.r24|2|1|RICH|578|0|2600|0000000000000000000000000000000000000000000000000000000000000000|RICH|1|578|DISP=ACCEPT_INSTALL|DETAIL=requery
0000000000000000000000000000000000000000000000000000000000000000|0000000000000000000000000000000000000000000000000000000000000000|0|3|rt4_TMB-5_MAP_rq_0990.r24|2|1|RICH|578|0|2610|0000000000000000000000000000000000000000000000000000000000000000|RICH|1|578|DISP=ACCEPT_INSTALL|DETAIL=requery
0000000000000000000000000000000000000000000000000000000000000000|0000000000000000000000000000000000000000000000000000000000000000|0|3|rt4_TMB-5_MAP_rq_0991.r24|2|1|RICH|578|0|2620|0000000000000000000000000000000000000000000000000000000000000000|RICH|1|578|DISP=ACCEPT_INSTALL|DETAIL=requery
0000000000000000000000000000000000000000000000000000000000000000|0000000000000000000000000000000000000000000000000000000000000000|0|3|rt4_TMB-5_MAP_rq_0992.r24|2|1|RICH|578|0|2630|0000000000000000000000000000000000000000000000000000000000000000|RICH|1|578|DISP=ACCEPT_INSTALL|DETAIL=requery
0000000000000000000000000000000000000000000000000000000000000000|0000000000000000000000000000000000000000000000000000000000000000|0|3|rt4_TMB-5_MAP_rq_0993.r24|2|1|RICH|578|0|2640|0000000000000000000000000000000000000000000000000000000000000000|RICH|1|578|DISP=ACCEPT_INSTALL|DETAIL=requery
0000000000000000000000000000000000000000000000000000000000000000|0000000000000000000000000000000000000000000000000000000000000000|0|3|rt4_TMB-5_MAP_rq_0994.r24|2|1|RICH|578|0|2650|0000000000000000000000000000000000000000000000000000000000000000|RICH|1|578|DISP=ACCEPT_INSTALL|DETAIL=requery
0000000000000000000000000000000000000000000000000000000000000000|0000000000000000000000000000000000000000000000000000000000000000|0|3|rt4_TMB-5_MAP_rq_0995.r24|2|1|RICH|578|0|2660|0000000000000000000000000000000000000000000000000000000000000000|RICH|1|578|DISP=ACCEPT_INSTALL|DETAIL=requery
0000000000000000000000000000000000000000000000000000000000000000|0000000000000000000000000000000000000000000000000000000000000000|0|3|rt4_TMB-5_MAP_rq_0996.r24|2|1|RICH|578|0|2670|0000000000000000000000000000000000000000000000000000000000000000|RICH|1|578|DISP=ACCEPT_INSTALL|DETAIL=requery
0000000000000000000000000000000000000000000000000000000000000000|0000000000000000000000000000000000000000000000000000000000000000|0|3|rt4_TMB-5_MAP_rq_0997.r24|2|1|RICH|578|0|2680|0000000000000000000000000000000000000000000000000000000000000000|RICH|1|578|DISP=ACCEPT_INSTALL|DETAIL=requery
0000000000000000000000000000000000000000000000000000000000000000|0000000000000000000000000000000000000000000000000000000000000000|0|3|rt4_TMB-5_MAP_rq_0998.r24|2|1|RICH|578|0|2690|0000000000000000000000000000000000000000000000000000000000000000|RICH|1|578|DISP=ACCEPT_INSTALL|DETAIL=requery
0000000000000000000000000000000000000000000000000000000000000000|0000000000000000000000000000000000000000000000000000000000000000|0|3|rt4_TMB-5_MAP_rq_0999.r24|2|1|RICH|578|0|2700|0000000000000000000000000000000000000000000000000000000000000000|RICH|1|578|DISP=ACCEPT_INSTALL|DETAIL=requery
